[{
  "http://a.ml/vocabularies/apiContract#binding": "query",
  "http://a.ml/vocabularies/apiContract#paramName": "autoStart",
  "http://a.ml/vocabularies/apiContract#required": "false",
  "http://a.ml/vocabularies/core#description": "The flag indicates if the resource should be automatically started on creation.",
  "http://a.ml/vocabularies/core#name": "StreamingResourceAutoStart",
  "http://a.ml/vocabularies/document#customDomainProperties": [{
    "http://a.ml/vocabularies/core#extensionName": "ms-parameter-location",
    "http://a.ml/vocabularies/document#definedBy": {
      "http://a.ml/vocabularies/core#name": null,
      "id": "file:///Users/abettati/sandbox/azure-rest-api-specs/specification/mediaservices/resource-manager/Microsoft.Media/stable/2018-07-01/streamingservice.json#/declarations/parameters/parameter/StreamingResourceAutoStart/ms-parameter-location"
    },
    "http://a.ml/vocabularies/document#extension": {
      "http://a.ml/vocabularies/core#name": null,
      "http://a.ml/vocabularies/data#value": null,
      "http://www.w3.org/ns/shacl#datatype": null,
      "id": "file:///Users/abettati/sandbox/azure-rest-api-specs/specification/mediaservices/resource-manager/Microsoft.Media/stable/2018-07-01/streamingservice.json#/declarations/parameters/parameter/StreamingResourceAutoStart/ms-parameter-location/scalar_1"
    },
    "id": "file:///Users/abettati/sandbox/azure-rest-api-specs/specification/mediaservices/resource-manager/Microsoft.Media/stable/2018-07-01/streamingservice.json#/declarations/parameters/parameter/StreamingResourceAutoStart/extension/ms-parameter-location"
  }],
  "http://a.ml/vocabularies/shapes#schema": {
    "http://a.ml/vocabularies/core#description": "The flag indicates if the resource should be automatically started on creation.",
    "http://a.ml/vocabularies/document#customDomainProperties": [{
      "http://a.ml/vocabularies/core#extensionName": null,
      "http://a.ml/vocabularies/document#definedBy": null,
      "http://a.ml/vocabularies/document#extension": null,
      "id": "file:///Users/abettati/sandbox/azure-rest-api-specs/specification/mediaservices/resource-manager/Microsoft.Media/stable/2018-07-01/streamingservice.json#/declarations/parameters/parameter/StreamingResourceAutoStart/scalar/schema/extension/ms-parameter-location"
    }],
    "http://www.w3.org/ns/shacl#datatype": "http://www.w3.org/2001/XMLSchema#boolean",
    "http://www.w3.org/ns/shacl#name": "schema",
    "id": "file:///Users/abettati/sandbox/azure-rest-api-specs/specification/mediaservices/resource-manager/Microsoft.Media/stable/2018-07-01/streamingservice.json#/declarations/parameters/parameter/StreamingResourceAutoStart/scalar/schema"
  },
  "id": "file:///Users/abettati/sandbox/azure-rest-api-specs/specification/mediaservices/resource-manager/Microsoft.Media/stable/2018-07-01/streamingservice.json#/declarations/parameters/parameter/StreamingResourceAutoStart"
}, {
  "http://a.ml/vocabularies/apiContract#binding": "path",
  "http://a.ml/vocabularies/apiContract#paramName": "resourceGroupName",
  "http://a.ml/vocabularies/apiContract#required": "true",
  "http://a.ml/vocabularies/core#description": "The name of the resource group within the Azure subscription.",
  "http://a.ml/vocabularies/core#name": "ResourceGroupName",
  "http://a.ml/vocabularies/document#customDomainProperties": [{
    "http://a.ml/vocabularies/core#extensionName": "ms-parameter-location",
    "http://a.ml/vocabularies/document#definedBy": {
      "http://a.ml/vocabularies/core#name": null,
      "id": "file:///Users/abettati/sandbox/azure-rest-api-specs/specification/mediaservices/resource-manager/Microsoft.Media/stable/2018-07-01/streamingservice.json#/declarations/parameters/parameter/ResourceGroupName/ms-parameter-location"
    },
    "http://a.ml/vocabularies/document#extension": {
      "http://a.ml/vocabularies/core#name": null,
      "http://a.ml/vocabularies/data#value": null,
      "http://www.w3.org/ns/shacl#datatype": null,
      "id": "file:///Users/abettati/sandbox/azure-rest-api-specs/specification/mediaservices/resource-manager/Microsoft.Media/stable/2018-07-01/streamingservice.json#/declarations/parameters/parameter/ResourceGroupName/ms-parameter-location/scalar_1"
    },
    "id": "file:///Users/abettati/sandbox/azure-rest-api-specs/specification/mediaservices/resource-manager/Microsoft.Media/stable/2018-07-01/streamingservice.json#/declarations/parameters/parameter/ResourceGroupName/extension/ms-parameter-location"
  }],
  "http://a.ml/vocabularies/shapes#schema": {
    "http://a.ml/vocabularies/core#description": "The name of the resource group within the Azure subscription.",
    "http://a.ml/vocabularies/document#customDomainProperties": [{
      "http://a.ml/vocabularies/core#extensionName": null,
      "http://a.ml/vocabularies/document#definedBy": null,
      "http://a.ml/vocabularies/document#extension": null,
      "id": "file:///Users/abettati/sandbox/azure-rest-api-specs/specification/mediaservices/resource-manager/Microsoft.Media/stable/2018-07-01/streamingservice.json#/declarations/parameters/parameter/ResourceGroupName/scalar/schema/extension/ms-parameter-location"
    }],
    "http://www.w3.org/ns/shacl#datatype": "http://www.w3.org/2001/XMLSchema#string",
    "http://www.w3.org/ns/shacl#name": "schema",
    "id": "file:///Users/abettati/sandbox/azure-rest-api-specs/specification/mediaservices/resource-manager/Microsoft.Media/stable/2018-07-01/streamingservice.json#/declarations/parameters/parameter/ResourceGroupName/scalar/schema"
  },
  "id": "file:///Users/abettati/sandbox/azure-rest-api-specs/specification/mediaservices/resource-manager/Microsoft.Media/stable/2018-07-01/streamingservice.json#/declarations/parameters/parameter/ResourceGroupName"
}, {
  "http://a.ml/vocabularies/apiContract#binding": "path",
  "http://a.ml/vocabularies/apiContract#paramName": "streamingEndpointName",
  "http://a.ml/vocabularies/apiContract#required": "true",
  "http://a.ml/vocabularies/core#description": "The name of the StreamingEndpoint.",
  "http://a.ml/vocabularies/core#name": "StreamingEndpointName",
  "http://a.ml/vocabularies/document#customDomainProperties": [{
    "http://a.ml/vocabularies/core#extensionName": "ms-parameter-location",
    "http://a.ml/vocabularies/document#definedBy": {
      "http://a.ml/vocabularies/core#name": null,
      "id": "file:///Users/abettati/sandbox/azure-rest-api-specs/specification/mediaservices/resource-manager/Microsoft.Media/stable/2018-07-01/streamingservice.json#/declarations/parameters/parameter/StreamingEndpointName/ms-parameter-location"
    },
    "http://a.ml/vocabularies/document#extension": {
      "http://a.ml/vocabularies/core#name": null,
      "http://a.ml/vocabularies/data#value": null,
      "http://www.w3.org/ns/shacl#datatype": null,
      "id": "file:///Users/abettati/sandbox/azure-rest-api-specs/specification/mediaservices/resource-manager/Microsoft.Media/stable/2018-07-01/streamingservice.json#/declarations/parameters/parameter/StreamingEndpointName/ms-parameter-location/scalar_1"
    },
    "id": "file:///Users/abettati/sandbox/azure-rest-api-specs/specification/mediaservices/resource-manager/Microsoft.Media/stable/2018-07-01/streamingservice.json#/declarations/parameters/parameter/StreamingEndpointName/extension/ms-parameter-location"
  }],
  "http://a.ml/vocabularies/shapes#schema": {
    "http://a.ml/vocabularies/core#description": "The name of the StreamingEndpoint.",
    "http://a.ml/vocabularies/document#customDomainProperties": [{
      "http://a.ml/vocabularies/core#extensionName": null,
      "http://a.ml/vocabularies/document#definedBy": null,
      "http://a.ml/vocabularies/document#extension": null,
      "id": "file:///Users/abettati/sandbox/azure-rest-api-specs/specification/mediaservices/resource-manager/Microsoft.Media/stable/2018-07-01/streamingservice.json#/declarations/parameters/parameter/StreamingEndpointName/scalar/schema/extension/ms-parameter-location"
    }],
    "http://www.w3.org/ns/shacl#datatype": "http://www.w3.org/2001/XMLSchema#string",
    "http://www.w3.org/ns/shacl#maxLength": "24",
    "http://www.w3.org/ns/shacl#minLength": "1",
    "http://www.w3.org/ns/shacl#name": "schema",
    "http://www.w3.org/ns/shacl#pattern": "^[a-zA-Z0-9]+(-*[a-zA-Z0-9])*$",
    "id": "file:///Users/abettati/sandbox/azure-rest-api-specs/specification/mediaservices/resource-manager/Microsoft.Media/stable/2018-07-01/streamingservice.json#/declarations/parameters/parameter/StreamingEndpointName/scalar/schema"
  },
  "id": "file:///Users/abettati/sandbox/azure-rest-api-specs/specification/mediaservices/resource-manager/Microsoft.Media/stable/2018-07-01/streamingservice.json#/declarations/parameters/parameter/StreamingEndpointName"
}, {
  "http://a.ml/vocabularies/apiContract#binding": "path",
  "http://a.ml/vocabularies/apiContract#paramName": "accountName",
  "http://a.ml/vocabularies/apiContract#required": "true",
  "http://a.ml/vocabularies/core#description": "The Media Services account name.",
  "http://a.ml/vocabularies/core#name": "MediaServicesAccountName",
  "http://a.ml/vocabularies/document#customDomainProperties": [{
    "http://a.ml/vocabularies/core#extensionName": "ms-parameter-location",
    "http://a.ml/vocabularies/document#definedBy": {
      "http://a.ml/vocabularies/core#name": null,
      "id": "file:///Users/abettati/sandbox/azure-rest-api-specs/specification/mediaservices/resource-manager/Microsoft.Media/stable/2018-07-01/streamingservice.json#/declarations/parameters/parameter/MediaServicesAccountName/ms-parameter-location"
    },
    "http://a.ml/vocabularies/document#extension": {
      "http://a.ml/vocabularies/core#name": null,
      "http://a.ml/vocabularies/data#value": null,
      "http://www.w3.org/ns/shacl#datatype": null,
      "id": "file:///Users/abettati/sandbox/azure-rest-api-specs/specification/mediaservices/resource-manager/Microsoft.Media/stable/2018-07-01/streamingservice.json#/declarations/parameters/parameter/MediaServicesAccountName/ms-parameter-location/scalar_1"
    },
    "id": "file:///Users/abettati/sandbox/azure-rest-api-specs/specification/mediaservices/resource-manager/Microsoft.Media/stable/2018-07-01/streamingservice.json#/declarations/parameters/parameter/MediaServicesAccountName/extension/ms-parameter-location"
  }],
  "http://a.ml/vocabularies/shapes#schema": {
    "http://a.ml/vocabularies/core#description": "The Media Services account name.",
    "http://a.ml/vocabularies/document#customDomainProperties": [{
      "http://a.ml/vocabularies/core#extensionName": null,
      "http://a.ml/vocabularies/document#definedBy": null,
      "http://a.ml/vocabularies/document#extension": null,
      "id": "file:///Users/abettati/sandbox/azure-rest-api-specs/specification/mediaservices/resource-manager/Microsoft.Media/stable/2018-07-01/streamingservice.json#/declarations/parameters/parameter/MediaServicesAccountName/scalar/schema/extension/ms-parameter-location"
    }],
    "http://www.w3.org/ns/shacl#datatype": "http://www.w3.org/2001/XMLSchema#string",
    "http://www.w3.org/ns/shacl#name": "schema",
    "id": "file:///Users/abettati/sandbox/azure-rest-api-specs/specification/mediaservices/resource-manager/Microsoft.Media/stable/2018-07-01/streamingservice.json#/declarations/parameters/parameter/MediaServicesAccountName/scalar/schema"
  },
  "id": "file:///Users/abettati/sandbox/azure-rest-api-specs/specification/mediaservices/resource-manager/Microsoft.Media/stable/2018-07-01/streamingservice.json#/declarations/parameters/parameter/MediaServicesAccountName"
}, {
  "http://a.ml/vocabularies/apiContract#binding": "path",
  "http://a.ml/vocabularies/apiContract#paramName": "subscriptionId",
  "http://a.ml/vocabularies/apiContract#required": "true",
  "http://a.ml/vocabularies/core#description": "The unique identifier for a Microsoft Azure subscription.",
  "http://a.ml/vocabularies/core#name": "SubscriptionId",
  "http://a.ml/vocabularies/shapes#schema": {
    "http://a.ml/vocabularies/core#description": "The unique identifier for a Microsoft Azure subscription.",
    "http://www.w3.org/ns/shacl#datatype": "http://www.w3.org/2001/XMLSchema#string",
    "http://www.w3.org/ns/shacl#name": "schema",
    "id": "file:///Users/abettati/sandbox/azure-rest-api-specs/specification/mediaservices/resource-manager/Microsoft.Media/stable/2018-07-01/streamingservice.json#/declarations/parameters/parameter/SubscriptionId/scalar/schema"
  },
  "id": "file:///Users/abettati/sandbox/azure-rest-api-specs/specification/mediaservices/resource-manager/Microsoft.Media/stable/2018-07-01/streamingservice.json#/declarations/parameters/parameter/SubscriptionId"
}, {
  "http://a.ml/vocabularies/apiContract#binding": "path",
  "http://a.ml/vocabularies/apiContract#paramName": "liveEventName",
  "http://a.ml/vocabularies/apiContract#required": "true",
  "http://a.ml/vocabularies/core#description": "The name of the Live Event.",
  "http://a.ml/vocabularies/core#name": "LiveEventName",
  "http://a.ml/vocabularies/document#customDomainProperties": [{
    "http://a.ml/vocabularies/core#extensionName": "ms-parameter-location",
    "http://a.ml/vocabularies/document#definedBy": {
      "http://a.ml/vocabularies/core#name": null,
      "id": "file:///Users/abettati/sandbox/azure-rest-api-specs/specification/mediaservices/resource-manager/Microsoft.Media/stable/2018-07-01/streamingservice.json#/declarations/parameters/parameter/LiveEventName/ms-parameter-location"
    },
    "http://a.ml/vocabularies/document#extension": {
      "http://a.ml/vocabularies/core#name": null,
      "http://a.ml/vocabularies/data#value": null,
      "http://www.w3.org/ns/shacl#datatype": null,
      "id": "file:///Users/abettati/sandbox/azure-rest-api-specs/specification/mediaservices/resource-manager/Microsoft.Media/stable/2018-07-01/streamingservice.json#/declarations/parameters/parameter/LiveEventName/ms-parameter-location/scalar_1"
    },
    "id": "file:///Users/abettati/sandbox/azure-rest-api-specs/specification/mediaservices/resource-manager/Microsoft.Media/stable/2018-07-01/streamingservice.json#/declarations/parameters/parameter/LiveEventName/extension/ms-parameter-location"
  }],
  "http://a.ml/vocabularies/shapes#schema": {
    "http://a.ml/vocabularies/core#description": "The name of the Live Event.",
    "http://a.ml/vocabularies/document#customDomainProperties": [{
      "http://a.ml/vocabularies/core#extensionName": null,
      "http://a.ml/vocabularies/document#definedBy": null,
      "http://a.ml/vocabularies/document#extension": null,
      "id": "file:///Users/abettati/sandbox/azure-rest-api-specs/specification/mediaservices/resource-manager/Microsoft.Media/stable/2018-07-01/streamingservice.json#/declarations/parameters/parameter/LiveEventName/scalar/schema/extension/ms-parameter-location"
    }],
    "http://www.w3.org/ns/shacl#datatype": "http://www.w3.org/2001/XMLSchema#string",
    "http://www.w3.org/ns/shacl#maxLength": "32",
    "http://www.w3.org/ns/shacl#minLength": "1",
    "http://www.w3.org/ns/shacl#name": "schema",
    "http://www.w3.org/ns/shacl#pattern": "^[a-zA-Z0-9]+(-*[a-zA-Z0-9])*$",
    "id": "file:///Users/abettati/sandbox/azure-rest-api-specs/specification/mediaservices/resource-manager/Microsoft.Media/stable/2018-07-01/streamingservice.json#/declarations/parameters/parameter/LiveEventName/scalar/schema"
  },
  "id": "file:///Users/abettati/sandbox/azure-rest-api-specs/specification/mediaservices/resource-manager/Microsoft.Media/stable/2018-07-01/streamingservice.json#/declarations/parameters/parameter/LiveEventName"
}, {
  "http://a.ml/vocabularies/apiContract#binding": "path",
  "http://a.ml/vocabularies/apiContract#paramName": "liveOutputName",
  "http://a.ml/vocabularies/apiContract#required": "true",
  "http://a.ml/vocabularies/core#description": "The name of the Live Output.",
  "http://a.ml/vocabularies/core#name": "LiveOutputName",
  "http://a.ml/vocabularies/document#customDomainProperties": [{
    "http://a.ml/vocabularies/core#extensionName": "ms-parameter-location",
    "http://a.ml/vocabularies/document#definedBy": {
      "http://a.ml/vocabularies/core#name": null,
      "id": "file:///Users/abettati/sandbox/azure-rest-api-specs/specification/mediaservices/resource-manager/Microsoft.Media/stable/2018-07-01/streamingservice.json#/declarations/parameters/parameter/LiveOutputName/ms-parameter-location"
    },
    "http://a.ml/vocabularies/document#extension": {
      "http://a.ml/vocabularies/core#name": null,
      "http://a.ml/vocabularies/data#value": null,
      "http://www.w3.org/ns/shacl#datatype": null,
      "id": "file:///Users/abettati/sandbox/azure-rest-api-specs/specification/mediaservices/resource-manager/Microsoft.Media/stable/2018-07-01/streamingservice.json#/declarations/parameters/parameter/LiveOutputName/ms-parameter-location/scalar_1"
    },
    "id": "file:///Users/abettati/sandbox/azure-rest-api-specs/specification/mediaservices/resource-manager/Microsoft.Media/stable/2018-07-01/streamingservice.json#/declarations/parameters/parameter/LiveOutputName/extension/ms-parameter-location"
  }],
  "http://a.ml/vocabularies/shapes#schema": {
    "http://a.ml/vocabularies/core#description": "The name of the Live Output.",
    "http://a.ml/vocabularies/document#customDomainProperties": [{
      "http://a.ml/vocabularies/core#extensionName": null,
      "http://a.ml/vocabularies/document#definedBy": null,
      "http://a.ml/vocabularies/document#extension": null,
      "id": "file:///Users/abettati/sandbox/azure-rest-api-specs/specification/mediaservices/resource-manager/Microsoft.Media/stable/2018-07-01/streamingservice.json#/declarations/parameters/parameter/LiveOutputName/scalar/schema/extension/ms-parameter-location"
    }],
    "http://www.w3.org/ns/shacl#datatype": "http://www.w3.org/2001/XMLSchema#string",
    "http://www.w3.org/ns/shacl#maxLength": "256",
    "http://www.w3.org/ns/shacl#minLength": "1",
    "http://www.w3.org/ns/shacl#name": "schema",
    "http://www.w3.org/ns/shacl#pattern": "^([a-zA-Z0-9])+(-*[a-zA-Z0-9])*$",
    "id": "file:///Users/abettati/sandbox/azure-rest-api-specs/specification/mediaservices/resource-manager/Microsoft.Media/stable/2018-07-01/streamingservice.json#/declarations/parameters/parameter/LiveOutputName/scalar/schema"
  },
  "id": "file:///Users/abettati/sandbox/azure-rest-api-specs/specification/mediaservices/resource-manager/Microsoft.Media/stable/2018-07-01/streamingservice.json#/declarations/parameters/parameter/LiveOutputName"
}, {
  "http://a.ml/vocabularies/apiContract#binding": "query",
  "http://a.ml/vocabularies/apiContract#paramName": "api-version",
  "http://a.ml/vocabularies/apiContract#required": "true",
  "http://a.ml/vocabularies/core#description": "The Version of the API to be used with the client request.",
  "http://a.ml/vocabularies/core#name": "ApiVersion",
  "http://a.ml/vocabularies/shapes#schema": {
    "http://a.ml/vocabularies/core#description": "The Version of the API to be used with the client request.",
    "http://www.w3.org/ns/shacl#datatype": "http://www.w3.org/2001/XMLSchema#string",
    "http://www.w3.org/ns/shacl#name": "schema",
    "id": "file:///Users/abettati/sandbox/azure-rest-api-specs/specification/mediaservices/resource-manager/Microsoft.Media/stable/2018-07-01/streamingservice.json#/declarations/parameters/parameter/ApiVersion/scalar/schema"
  },
  "id": "file:///Users/abettati/sandbox/azure-rest-api-specs/specification/mediaservices/resource-manager/Microsoft.Media/stable/2018-07-01/streamingservice.json#/declarations/parameters/parameter/ApiVersion"
}]