[{
  "http://a.ml/vocabularies/apiContract#binding": "path",
  "http://a.ml/vocabularies/apiContract#paramName": "searchServiceName",
  "http://a.ml/vocabularies/apiContract#required": "true",
  "http://a.ml/vocabularies/core#description": "The name of the search service.",
  "http://a.ml/vocabularies/core#name": "SearchServiceNameParameter",
  "http://a.ml/vocabularies/document#customDomainProperties": [{
    "http://a.ml/vocabularies/core#extensionName": "ms-skip-url-encoding",
    "http://a.ml/vocabularies/document#definedBy": {
      "http://a.ml/vocabularies/core#name": null,
      "id": "file:///Users/abettati/sandbox/azure-rest-api-specs/specification/search/data-plane/Microsoft.Azure.Search.Service/preview/2019-05-06-preview/searchservice.json#/declarations/parameters/parameter/SearchServiceNameParameter/ms-skip-url-encoding"
    },
    "http://a.ml/vocabularies/document#extension": {
      "http://a.ml/vocabularies/core#name": null,
      "http://a.ml/vocabularies/data#value": null,
      "http://www.w3.org/ns/shacl#datatype": null,
      "id": "file:///Users/abettati/sandbox/azure-rest-api-specs/specification/search/data-plane/Microsoft.Azure.Search.Service/preview/2019-05-06-preview/searchservice.json#/declarations/parameters/parameter/SearchServiceNameParameter/ms-skip-url-encoding/scalar_1"
    },
    "id": "file:///Users/abettati/sandbox/azure-rest-api-specs/specification/search/data-plane/Microsoft.Azure.Search.Service/preview/2019-05-06-preview/searchservice.json#/declarations/parameters/parameter/SearchServiceNameParameter/extension/ms-skip-url-encoding"
  }, {
    "http://a.ml/vocabularies/core#extensionName": "ms-parameter-location",
    "http://a.ml/vocabularies/document#definedBy": {
      "http://a.ml/vocabularies/core#name": null,
      "id": "file:///Users/abettati/sandbox/azure-rest-api-specs/specification/search/data-plane/Microsoft.Azure.Search.Service/preview/2019-05-06-preview/searchservice.json#/declarations/parameters/parameter/SearchServiceNameParameter/ms-parameter-location"
    },
    "http://a.ml/vocabularies/document#extension": {
      "http://a.ml/vocabularies/core#name": null,
      "http://a.ml/vocabularies/data#value": null,
      "http://www.w3.org/ns/shacl#datatype": null,
      "id": "file:///Users/abettati/sandbox/azure-rest-api-specs/specification/search/data-plane/Microsoft.Azure.Search.Service/preview/2019-05-06-preview/searchservice.json#/declarations/parameters/parameter/SearchServiceNameParameter/ms-parameter-location/scalar_1"
    },
    "id": "file:///Users/abettati/sandbox/azure-rest-api-specs/specification/search/data-plane/Microsoft.Azure.Search.Service/preview/2019-05-06-preview/searchservice.json#/declarations/parameters/parameter/SearchServiceNameParameter/extension/ms-parameter-location"
  }],
  "http://a.ml/vocabularies/shapes#schema": {
    "http://a.ml/vocabularies/core#description": "The name of the search service.",
    "http://a.ml/vocabularies/document#customDomainProperties": [{
      "http://a.ml/vocabularies/core#extensionName": null,
      "http://a.ml/vocabularies/document#definedBy": null,
      "http://a.ml/vocabularies/document#extension": null,
      "id": "file:///Users/abettati/sandbox/azure-rest-api-specs/specification/search/data-plane/Microsoft.Azure.Search.Service/preview/2019-05-06-preview/searchservice.json#/declarations/parameters/parameter/SearchServiceNameParameter/scalar/schema/extension/ms-skip-url-encoding"
    }, {
      "http://a.ml/vocabularies/core#extensionName": null,
      "http://a.ml/vocabularies/document#definedBy": null,
      "http://a.ml/vocabularies/document#extension": null,
      "id": "file:///Users/abettati/sandbox/azure-rest-api-specs/specification/search/data-plane/Microsoft.Azure.Search.Service/preview/2019-05-06-preview/searchservice.json#/declarations/parameters/parameter/SearchServiceNameParameter/scalar/schema/extension/ms-parameter-location"
    }],
    "http://www.w3.org/ns/shacl#datatype": "http://www.w3.org/2001/XMLSchema#string",
    "http://www.w3.org/ns/shacl#name": "schema",
    "id": "file:///Users/abettati/sandbox/azure-rest-api-specs/specification/search/data-plane/Microsoft.Azure.Search.Service/preview/2019-05-06-preview/searchservice.json#/declarations/parameters/parameter/SearchServiceNameParameter/scalar/schema"
  },
  "id": "file:///Users/abettati/sandbox/azure-rest-api-specs/specification/search/data-plane/Microsoft.Azure.Search.Service/preview/2019-05-06-preview/searchservice.json#/declarations/parameters/parameter/SearchServiceNameParameter"
}, {
  "http://a.ml/vocabularies/apiContract#binding": "header",
  "http://a.ml/vocabularies/apiContract#paramName": "Prefer",
  "http://a.ml/vocabularies/apiContract#required": "true",
  "http://a.ml/vocabularies/core#description": "For HTTP PUT requests, instructs the service to return the created/updated resource on success.",
  "http://a.ml/vocabularies/core#name": "PreferHeaderParameter",
  "http://a.ml/vocabularies/document#customDomainProperties": [{
    "http://a.ml/vocabularies/core#extensionName": "ms-parameter-location",
    "http://a.ml/vocabularies/document#definedBy": {
      "http://a.ml/vocabularies/core#name": null,
      "id": "file:///Users/abettati/sandbox/azure-rest-api-specs/specification/search/data-plane/Microsoft.Azure.Search.Service/preview/2019-05-06-preview/searchservice.json#/declarations/parameters/parameter/PreferHeaderParameter/ms-parameter-location"
    },
    "http://a.ml/vocabularies/document#extension": {
      "http://a.ml/vocabularies/core#name": null,
      "http://a.ml/vocabularies/data#value": null,
      "http://www.w3.org/ns/shacl#datatype": null,
      "id": "file:///Users/abettati/sandbox/azure-rest-api-specs/specification/search/data-plane/Microsoft.Azure.Search.Service/preview/2019-05-06-preview/searchservice.json#/declarations/parameters/parameter/PreferHeaderParameter/ms-parameter-location/scalar_1"
    },
    "id": "file:///Users/abettati/sandbox/azure-rest-api-specs/specification/search/data-plane/Microsoft.Azure.Search.Service/preview/2019-05-06-preview/searchservice.json#/declarations/parameters/parameter/PreferHeaderParameter/extension/ms-parameter-location"
  }],
  "http://a.ml/vocabularies/shapes#schema": {
    "http://a.ml/vocabularies/core#description": "For HTTP PUT requests, instructs the service to return the created/updated resource on success.",
    "http://a.ml/vocabularies/document#customDomainProperties": [{
      "http://a.ml/vocabularies/core#extensionName": null,
      "http://a.ml/vocabularies/document#definedBy": null,
      "http://a.ml/vocabularies/document#extension": null,
      "id": "file:///Users/abettati/sandbox/azure-rest-api-specs/specification/search/data-plane/Microsoft.Azure.Search.Service/preview/2019-05-06-preview/searchservice.json#/declarations/parameters/parameter/PreferHeaderParameter/scalar/schema/extension/ms-parameter-location"
    }],
    "http://www.w3.org/ns/shacl#datatype": "http://www.w3.org/2001/XMLSchema#string",
    "http://www.w3.org/ns/shacl#in": [{
      "http://a.ml/vocabularies/core#name": null,
      "http://a.ml/vocabularies/data#value": null,
      "http://www.w3.org/ns/shacl#datatype": null,
      "id": "file:///Users/abettati/sandbox/azure-rest-api-specs/specification/search/data-plane/Microsoft.Azure.Search.Service/preview/2019-05-06-preview/searchservice.json#/declarations/parameters/parameter/PreferHeaderParameter/scalar/schema/enum/scalar_1"
    }],
    "http://www.w3.org/ns/shacl#name": "schema",
    "id": "file:///Users/abettati/sandbox/azure-rest-api-specs/specification/search/data-plane/Microsoft.Azure.Search.Service/preview/2019-05-06-preview/searchservice.json#/declarations/parameters/parameter/PreferHeaderParameter/scalar/schema"
  },
  "id": "file:///Users/abettati/sandbox/azure-rest-api-specs/specification/search/data-plane/Microsoft.Azure.Search.Service/preview/2019-05-06-preview/searchservice.json#/declarations/parameters/parameter/PreferHeaderParameter"
}, {
  "http://a.ml/vocabularies/apiContract#binding": "header",
  "http://a.ml/vocabularies/apiContract#paramName": "client-request-id",
  "http://a.ml/vocabularies/apiContract#required": "false",
  "http://a.ml/vocabularies/core#description": "The tracking ID sent with the request to help with debugging.",
  "http://a.ml/vocabularies/core#name": "ClientRequestIdParameter",
  "http://a.ml/vocabularies/document#customDomainProperties": [{
    "http://a.ml/vocabularies/core#extensionName": "ms-client-request-id",
    "http://a.ml/vocabularies/document#definedBy": {
      "http://a.ml/vocabularies/core#name": null,
      "id": "file:///Users/abettati/sandbox/azure-rest-api-specs/specification/search/data-plane/Microsoft.Azure.Search.Service/preview/2019-05-06-preview/searchservice.json#/declarations/parameters/parameter/ClientRequestIdParameter/ms-client-request-id"
    },
    "http://a.ml/vocabularies/document#extension": {
      "http://a.ml/vocabularies/core#name": null,
      "http://a.ml/vocabularies/data#value": null,
      "http://www.w3.org/ns/shacl#datatype": null,
      "id": "file:///Users/abettati/sandbox/azure-rest-api-specs/specification/search/data-plane/Microsoft.Azure.Search.Service/preview/2019-05-06-preview/searchservice.json#/declarations/parameters/parameter/ClientRequestIdParameter/ms-client-request-id/scalar_1"
    },
    "id": "file:///Users/abettati/sandbox/azure-rest-api-specs/specification/search/data-plane/Microsoft.Azure.Search.Service/preview/2019-05-06-preview/searchservice.json#/declarations/parameters/parameter/ClientRequestIdParameter/extension/ms-client-request-id"
  }, {
    "http://a.ml/vocabularies/core#extensionName": "ms-parameter-grouping",
    "http://a.ml/vocabularies/document#definedBy": {
      "http://a.ml/vocabularies/core#name": null,
      "id": "file:///Users/abettati/sandbox/azure-rest-api-specs/specification/search/data-plane/Microsoft.Azure.Search.Service/preview/2019-05-06-preview/searchservice.json#/declarations/parameters/parameter/ClientRequestIdParameter/ms-parameter-grouping"
    },
    "http://a.ml/vocabularies/document#extension": {
      "http://a.ml/vocabularies/core#name": null,
      "http://a.ml/vocabularies/data#name": null,
      "id": "file:///Users/abettati/sandbox/azure-rest-api-specs/specification/search/data-plane/Microsoft.Azure.Search.Service/preview/2019-05-06-preview/searchservice.json#/declarations/parameters/parameter/ClientRequestIdParameter/ms-parameter-grouping/object_1"
    },
    "id": "file:///Users/abettati/sandbox/azure-rest-api-specs/specification/search/data-plane/Microsoft.Azure.Search.Service/preview/2019-05-06-preview/searchservice.json#/declarations/parameters/parameter/ClientRequestIdParameter/extension/ms-parameter-grouping"
  }, {
    "http://a.ml/vocabularies/core#extensionName": "ms-parameter-location",
    "http://a.ml/vocabularies/document#definedBy": {
      "http://a.ml/vocabularies/core#name": null,
      "id": "file:///Users/abettati/sandbox/azure-rest-api-specs/specification/search/data-plane/Microsoft.Azure.Search.Service/preview/2019-05-06-preview/searchservice.json#/declarations/parameters/parameter/ClientRequestIdParameter/ms-parameter-location"
    },
    "http://a.ml/vocabularies/document#extension": {
      "http://a.ml/vocabularies/core#name": null,
      "http://a.ml/vocabularies/data#value": null,
      "http://www.w3.org/ns/shacl#datatype": null,
      "id": "file:///Users/abettati/sandbox/azure-rest-api-specs/specification/search/data-plane/Microsoft.Azure.Search.Service/preview/2019-05-06-preview/searchservice.json#/declarations/parameters/parameter/ClientRequestIdParameter/ms-parameter-location/scalar_1"
    },
    "id": "file:///Users/abettati/sandbox/azure-rest-api-specs/specification/search/data-plane/Microsoft.Azure.Search.Service/preview/2019-05-06-preview/searchservice.json#/declarations/parameters/parameter/ClientRequestIdParameter/extension/ms-parameter-location"
  }],
  "http://a.ml/vocabularies/shapes#schema": {
    "http://a.ml/vocabularies/core#description": "The tracking ID sent with the request to help with debugging.",
    "http://a.ml/vocabularies/document#customDomainProperties": [{
      "http://a.ml/vocabularies/core#extensionName": null,
      "http://a.ml/vocabularies/document#definedBy": null,
      "http://a.ml/vocabularies/document#extension": null,
      "id": "file:///Users/abettati/sandbox/azure-rest-api-specs/specification/search/data-plane/Microsoft.Azure.Search.Service/preview/2019-05-06-preview/searchservice.json#/declarations/parameters/parameter/ClientRequestIdParameter/scalar/schema/extension/ms-client-request-id"
    }, {
      "http://a.ml/vocabularies/core#extensionName": null,
      "http://a.ml/vocabularies/document#definedBy": null,
      "http://a.ml/vocabularies/document#extension": null,
      "id": "file:///Users/abettati/sandbox/azure-rest-api-specs/specification/search/data-plane/Microsoft.Azure.Search.Service/preview/2019-05-06-preview/searchservice.json#/declarations/parameters/parameter/ClientRequestIdParameter/scalar/schema/extension/ms-parameter-grouping"
    }, {
      "http://a.ml/vocabularies/core#extensionName": null,
      "http://a.ml/vocabularies/document#definedBy": null,
      "http://a.ml/vocabularies/document#extension": null,
      "id": "file:///Users/abettati/sandbox/azure-rest-api-specs/specification/search/data-plane/Microsoft.Azure.Search.Service/preview/2019-05-06-preview/searchservice.json#/declarations/parameters/parameter/ClientRequestIdParameter/scalar/schema/extension/ms-parameter-location"
    }],
    "http://a.ml/vocabularies/shapes#format": "uuid",
    "http://www.w3.org/ns/shacl#datatype": "http://www.w3.org/2001/XMLSchema#string",
    "http://www.w3.org/ns/shacl#name": "schema",
    "id": "file:///Users/abettati/sandbox/azure-rest-api-specs/specification/search/data-plane/Microsoft.Azure.Search.Service/preview/2019-05-06-preview/searchservice.json#/declarations/parameters/parameter/ClientRequestIdParameter/scalar/schema"
  },
  "id": "file:///Users/abettati/sandbox/azure-rest-api-specs/specification/search/data-plane/Microsoft.Azure.Search.Service/preview/2019-05-06-preview/searchservice.json#/declarations/parameters/parameter/ClientRequestIdParameter"
}, {
  "http://a.ml/vocabularies/apiContract#binding": "query",
  "http://a.ml/vocabularies/apiContract#paramName": "api-version",
  "http://a.ml/vocabularies/apiContract#required": "true",
  "http://a.ml/vocabularies/core#description": "Client Api Version.",
  "http://a.ml/vocabularies/core#name": "ApiVersionParameter",
  "http://a.ml/vocabularies/shapes#schema": {
    "http://a.ml/vocabularies/core#description": "Client Api Version.",
    "http://www.w3.org/ns/shacl#datatype": "http://www.w3.org/2001/XMLSchema#string",
    "http://www.w3.org/ns/shacl#name": "schema",
    "id": "file:///Users/abettati/sandbox/azure-rest-api-specs/specification/search/data-plane/Microsoft.Azure.Search.Service/preview/2019-05-06-preview/searchservice.json#/declarations/parameters/parameter/ApiVersionParameter/scalar/schema"
  },
  "id": "file:///Users/abettati/sandbox/azure-rest-api-specs/specification/search/data-plane/Microsoft.Azure.Search.Service/preview/2019-05-06-preview/searchservice.json#/declarations/parameters/parameter/ApiVersionParameter"
}, {
  "http://a.ml/vocabularies/apiContract#binding": "path",
  "http://a.ml/vocabularies/apiContract#paramName": "searchDnsSuffix",
  "http://a.ml/vocabularies/apiContract#required": "true",
  "http://a.ml/vocabularies/core#description": "The DNS suffix of the search service. The default is search.windows.net.",
  "http://a.ml/vocabularies/core#name": "SearchDnsSuffixParameter",
  "http://a.ml/vocabularies/document#customDomainProperties": [{
    "http://a.ml/vocabularies/core#extensionName": "ms-skip-url-encoding",
    "http://a.ml/vocabularies/document#definedBy": {
      "http://a.ml/vocabularies/core#name": null,
      "id": "file:///Users/abettati/sandbox/azure-rest-api-specs/specification/search/data-plane/Microsoft.Azure.Search.Service/preview/2019-05-06-preview/searchservice.json#/declarations/parameters/parameter/SearchDnsSuffixParameter/ms-skip-url-encoding"
    },
    "http://a.ml/vocabularies/document#extension": {
      "http://a.ml/vocabularies/core#name": null,
      "http://a.ml/vocabularies/data#value": null,
      "http://www.w3.org/ns/shacl#datatype": null,
      "id": "file:///Users/abettati/sandbox/azure-rest-api-specs/specification/search/data-plane/Microsoft.Azure.Search.Service/preview/2019-05-06-preview/searchservice.json#/declarations/parameters/parameter/SearchDnsSuffixParameter/ms-skip-url-encoding/scalar_1"
    },
    "id": "file:///Users/abettati/sandbox/azure-rest-api-specs/specification/search/data-plane/Microsoft.Azure.Search.Service/preview/2019-05-06-preview/searchservice.json#/declarations/parameters/parameter/SearchDnsSuffixParameter/extension/ms-skip-url-encoding"
  }, {
    "http://a.ml/vocabularies/core#extensionName": "ms-parameter-location",
    "http://a.ml/vocabularies/document#definedBy": {
      "http://a.ml/vocabularies/core#name": null,
      "id": "file:///Users/abettati/sandbox/azure-rest-api-specs/specification/search/data-plane/Microsoft.Azure.Search.Service/preview/2019-05-06-preview/searchservice.json#/declarations/parameters/parameter/SearchDnsSuffixParameter/ms-parameter-location"
    },
    "http://a.ml/vocabularies/document#extension": {
      "http://a.ml/vocabularies/core#name": null,
      "http://a.ml/vocabularies/data#value": null,
      "http://www.w3.org/ns/shacl#datatype": null,
      "id": "file:///Users/abettati/sandbox/azure-rest-api-specs/specification/search/data-plane/Microsoft.Azure.Search.Service/preview/2019-05-06-preview/searchservice.json#/declarations/parameters/parameter/SearchDnsSuffixParameter/ms-parameter-location/scalar_1"
    },
    "id": "file:///Users/abettati/sandbox/azure-rest-api-specs/specification/search/data-plane/Microsoft.Azure.Search.Service/preview/2019-05-06-preview/searchservice.json#/declarations/parameters/parameter/SearchDnsSuffixParameter/extension/ms-parameter-location"
  }],
  "http://a.ml/vocabularies/shapes#schema": {
    "http://a.ml/vocabularies/core#description": "The DNS suffix of the search service. The default is search.windows.net.",
    "http://a.ml/vocabularies/document#customDomainProperties": [{
      "http://a.ml/vocabularies/core#extensionName": null,
      "http://a.ml/vocabularies/document#definedBy": null,
      "http://a.ml/vocabularies/document#extension": null,
      "id": "file:///Users/abettati/sandbox/azure-rest-api-specs/specification/search/data-plane/Microsoft.Azure.Search.Service/preview/2019-05-06-preview/searchservice.json#/declarations/parameters/parameter/SearchDnsSuffixParameter/scalar/schema/extension/ms-skip-url-encoding"
    }, {
      "http://a.ml/vocabularies/core#extensionName": null,
      "http://a.ml/vocabularies/document#definedBy": null,
      "http://a.ml/vocabularies/document#extension": null,
      "id": "file:///Users/abettati/sandbox/azure-rest-api-specs/specification/search/data-plane/Microsoft.Azure.Search.Service/preview/2019-05-06-preview/searchservice.json#/declarations/parameters/parameter/SearchDnsSuffixParameter/scalar/schema/extension/ms-parameter-location"
    }],
    "http://www.w3.org/ns/shacl#datatype": "http://www.w3.org/2001/XMLSchema#string",
    "http://www.w3.org/ns/shacl#defaultValue": {
      "http://a.ml/vocabularies/core#name": "scalar_1",
      "http://a.ml/vocabularies/data#value": "search.windows.net",
      "http://www.w3.org/ns/shacl#datatype": "http://www.w3.org/2001/XMLSchema#string",
      "id": "file:///Users/abettati/sandbox/azure-rest-api-specs/specification/search/data-plane/Microsoft.Azure.Search.Service/preview/2019-05-06-preview/searchservice.json#/declarations/parameters/parameter/SearchDnsSuffixParameter/scalar/schema/scalar_1"
    },
    "http://www.w3.org/ns/shacl#defaultValueStr": "search.windows.net",
    "http://www.w3.org/ns/shacl#name": "schema",
    "id": "file:///Users/abettati/sandbox/azure-rest-api-specs/specification/search/data-plane/Microsoft.Azure.Search.Service/preview/2019-05-06-preview/searchservice.json#/declarations/parameters/parameter/SearchDnsSuffixParameter/scalar/schema"
  },
  "id": "file:///Users/abettati/sandbox/azure-rest-api-specs/specification/search/data-plane/Microsoft.Azure.Search.Service/preview/2019-05-06-preview/searchservice.json#/declarations/parameters/parameter/SearchDnsSuffixParameter"
}, {
  "http://a.ml/vocabularies/apiContract#binding": "header",
  "http://a.ml/vocabularies/apiContract#paramName": "If-Match",
  "http://a.ml/vocabularies/apiContract#required": "false",
  "http://a.ml/vocabularies/core#description": "Defines the If-Match condition. The operation will be performed only if the ETag on the server matches this value.",
  "http://a.ml/vocabularies/core#name": "IfMatchParameter",
  "http://a.ml/vocabularies/document#customDomainProperties": [{
    "http://a.ml/vocabularies/core#extensionName": "ms-parameter-grouping",
    "http://a.ml/vocabularies/document#definedBy": {
      "http://a.ml/vocabularies/core#name": null,
      "id": "file:///Users/abettati/sandbox/azure-rest-api-specs/specification/search/data-plane/Microsoft.Azure.Search.Service/preview/2019-05-06-preview/searchservice.json#/declarations/parameters/parameter/IfMatchParameter/ms-parameter-grouping"
    },
    "http://a.ml/vocabularies/document#extension": {
      "http://a.ml/vocabularies/core#name": null,
      "http://a.ml/vocabularies/data#name": null,
      "id": "file:///Users/abettati/sandbox/azure-rest-api-specs/specification/search/data-plane/Microsoft.Azure.Search.Service/preview/2019-05-06-preview/searchservice.json#/declarations/parameters/parameter/IfMatchParameter/ms-parameter-grouping/object_1"
    },
    "id": "file:///Users/abettati/sandbox/azure-rest-api-specs/specification/search/data-plane/Microsoft.Azure.Search.Service/preview/2019-05-06-preview/searchservice.json#/declarations/parameters/parameter/IfMatchParameter/extension/ms-parameter-grouping"
  }, {
    "http://a.ml/vocabularies/core#extensionName": "ms-parameter-location",
    "http://a.ml/vocabularies/document#definedBy": {
      "http://a.ml/vocabularies/core#name": null,
      "id": "file:///Users/abettati/sandbox/azure-rest-api-specs/specification/search/data-plane/Microsoft.Azure.Search.Service/preview/2019-05-06-preview/searchservice.json#/declarations/parameters/parameter/IfMatchParameter/ms-parameter-location"
    },
    "http://a.ml/vocabularies/document#extension": {
      "http://a.ml/vocabularies/core#name": null,
      "http://a.ml/vocabularies/data#value": null,
      "http://www.w3.org/ns/shacl#datatype": null,
      "id": "file:///Users/abettati/sandbox/azure-rest-api-specs/specification/search/data-plane/Microsoft.Azure.Search.Service/preview/2019-05-06-preview/searchservice.json#/declarations/parameters/parameter/IfMatchParameter/ms-parameter-location/scalar_1"
    },
    "id": "file:///Users/abettati/sandbox/azure-rest-api-specs/specification/search/data-plane/Microsoft.Azure.Search.Service/preview/2019-05-06-preview/searchservice.json#/declarations/parameters/parameter/IfMatchParameter/extension/ms-parameter-location"
  }],
  "http://a.ml/vocabularies/shapes#schema": {
    "http://a.ml/vocabularies/core#description": "Defines the If-Match condition. The operation will be performed only if the ETag on the server matches this value.",
    "http://a.ml/vocabularies/document#customDomainProperties": [{
      "http://a.ml/vocabularies/core#extensionName": null,
      "http://a.ml/vocabularies/document#definedBy": null,
      "http://a.ml/vocabularies/document#extension": null,
      "id": "file:///Users/abettati/sandbox/azure-rest-api-specs/specification/search/data-plane/Microsoft.Azure.Search.Service/preview/2019-05-06-preview/searchservice.json#/declarations/parameters/parameter/IfMatchParameter/scalar/schema/extension/ms-parameter-grouping"
    }, {
      "http://a.ml/vocabularies/core#extensionName": null,
      "http://a.ml/vocabularies/document#definedBy": null,
      "http://a.ml/vocabularies/document#extension": null,
      "id": "file:///Users/abettati/sandbox/azure-rest-api-specs/specification/search/data-plane/Microsoft.Azure.Search.Service/preview/2019-05-06-preview/searchservice.json#/declarations/parameters/parameter/IfMatchParameter/scalar/schema/extension/ms-parameter-location"
    }],
    "http://www.w3.org/ns/shacl#datatype": "http://www.w3.org/2001/XMLSchema#string",
    "http://www.w3.org/ns/shacl#name": "schema",
    "id": "file:///Users/abettati/sandbox/azure-rest-api-specs/specification/search/data-plane/Microsoft.Azure.Search.Service/preview/2019-05-06-preview/searchservice.json#/declarations/parameters/parameter/IfMatchParameter/scalar/schema"
  },
  "id": "file:///Users/abettati/sandbox/azure-rest-api-specs/specification/search/data-plane/Microsoft.Azure.Search.Service/preview/2019-05-06-preview/searchservice.json#/declarations/parameters/parameter/IfMatchParameter"
}, {
  "http://a.ml/vocabularies/apiContract#binding": "header",
  "http://a.ml/vocabularies/apiContract#paramName": "If-None-Match",
  "http://a.ml/vocabularies/apiContract#required": "false",
  "http://a.ml/vocabularies/core#description": "Defines the If-None-Match condition. The operation will be performed only if the ETag on the server does not match this value.",
  "http://a.ml/vocabularies/core#name": "IfNoneMatchParameter",
  "http://a.ml/vocabularies/document#customDomainProperties": [{
    "http://a.ml/vocabularies/core#extensionName": "ms-parameter-grouping",
    "http://a.ml/vocabularies/document#definedBy": {
      "http://a.ml/vocabularies/core#name": null,
      "id": "file:///Users/abettati/sandbox/azure-rest-api-specs/specification/search/data-plane/Microsoft.Azure.Search.Service/preview/2019-05-06-preview/searchservice.json#/declarations/parameters/parameter/IfNoneMatchParameter/ms-parameter-grouping"
    },
    "http://a.ml/vocabularies/document#extension": {
      "http://a.ml/vocabularies/core#name": null,
      "http://a.ml/vocabularies/data#name": null,
      "id": "file:///Users/abettati/sandbox/azure-rest-api-specs/specification/search/data-plane/Microsoft.Azure.Search.Service/preview/2019-05-06-preview/searchservice.json#/declarations/parameters/parameter/IfNoneMatchParameter/ms-parameter-grouping/object_1"
    },
    "id": "file:///Users/abettati/sandbox/azure-rest-api-specs/specification/search/data-plane/Microsoft.Azure.Search.Service/preview/2019-05-06-preview/searchservice.json#/declarations/parameters/parameter/IfNoneMatchParameter/extension/ms-parameter-grouping"
  }, {
    "http://a.ml/vocabularies/core#extensionName": "ms-parameter-location",
    "http://a.ml/vocabularies/document#definedBy": {
      "http://a.ml/vocabularies/core#name": null,
      "id": "file:///Users/abettati/sandbox/azure-rest-api-specs/specification/search/data-plane/Microsoft.Azure.Search.Service/preview/2019-05-06-preview/searchservice.json#/declarations/parameters/parameter/IfNoneMatchParameter/ms-parameter-location"
    },
    "http://a.ml/vocabularies/document#extension": {
      "http://a.ml/vocabularies/core#name": null,
      "http://a.ml/vocabularies/data#value": null,
      "http://www.w3.org/ns/shacl#datatype": null,
      "id": "file:///Users/abettati/sandbox/azure-rest-api-specs/specification/search/data-plane/Microsoft.Azure.Search.Service/preview/2019-05-06-preview/searchservice.json#/declarations/parameters/parameter/IfNoneMatchParameter/ms-parameter-location/scalar_1"
    },
    "id": "file:///Users/abettati/sandbox/azure-rest-api-specs/specification/search/data-plane/Microsoft.Azure.Search.Service/preview/2019-05-06-preview/searchservice.json#/declarations/parameters/parameter/IfNoneMatchParameter/extension/ms-parameter-location"
  }],
  "http://a.ml/vocabularies/shapes#schema": {
    "http://a.ml/vocabularies/core#description": "Defines the If-None-Match condition. The operation will be performed only if the ETag on the server does not match this value.",
    "http://a.ml/vocabularies/document#customDomainProperties": [{
      "http://a.ml/vocabularies/core#extensionName": null,
      "http://a.ml/vocabularies/document#definedBy": null,
      "http://a.ml/vocabularies/document#extension": null,
      "id": "file:///Users/abettati/sandbox/azure-rest-api-specs/specification/search/data-plane/Microsoft.Azure.Search.Service/preview/2019-05-06-preview/searchservice.json#/declarations/parameters/parameter/IfNoneMatchParameter/scalar/schema/extension/ms-parameter-grouping"
    }, {
      "http://a.ml/vocabularies/core#extensionName": null,
      "http://a.ml/vocabularies/document#definedBy": null,
      "http://a.ml/vocabularies/document#extension": null,
      "id": "file:///Users/abettati/sandbox/azure-rest-api-specs/specification/search/data-plane/Microsoft.Azure.Search.Service/preview/2019-05-06-preview/searchservice.json#/declarations/parameters/parameter/IfNoneMatchParameter/scalar/schema/extension/ms-parameter-location"
    }],
    "http://www.w3.org/ns/shacl#datatype": "http://www.w3.org/2001/XMLSchema#string",
    "http://www.w3.org/ns/shacl#name": "schema",
    "id": "file:///Users/abettati/sandbox/azure-rest-api-specs/specification/search/data-plane/Microsoft.Azure.Search.Service/preview/2019-05-06-preview/searchservice.json#/declarations/parameters/parameter/IfNoneMatchParameter/scalar/schema"
  },
  "id": "file:///Users/abettati/sandbox/azure-rest-api-specs/specification/search/data-plane/Microsoft.Azure.Search.Service/preview/2019-05-06-preview/searchservice.json#/declarations/parameters/parameter/IfNoneMatchParameter"
}, {
  "http://a.ml/vocabularies/apiContract#binding": "path",
  "http://a.ml/vocabularies/apiContract#paramName": "dataSourceName",
  "http://a.ml/vocabularies/apiContract#required": "true",
  "http://a.ml/vocabularies/core#description": "The name of the datasource to create or update.",
  "http://a.ml/vocabularies/core#name": "dataSourceName",
  "http://a.ml/vocabularies/shapes#schema": {
    "http://a.ml/vocabularies/core#description": "The name of the datasource to create or update.",
    "http://www.w3.org/ns/shacl#datatype": "http://www.w3.org/2001/XMLSchema#string",
    "http://www.w3.org/ns/shacl#name": "schema",
    "id": "file:///Users/abettati/sandbox/azure-rest-api-specs/specification/search/data-plane/Microsoft.Azure.Search.Service/preview/2019-05-06-preview/searchservice.json#/web-api/end-points/%2Fdatasources('%7BdataSourceName%7D')/put/request/parameter/dataSourceName/scalar/schema"
  },
  "id": "file:///Users/abettati/sandbox/azure-rest-api-specs/specification/search/data-plane/Microsoft.Azure.Search.Service/preview/2019-05-06-preview/searchservice.json#/web-api/end-points/%2Fdatasources('%7BdataSourceName%7D')/put/request/parameter/dataSourceName"
}, {
  "http://a.ml/vocabularies/apiContract#binding": "path",
  "http://a.ml/vocabularies/apiContract#paramName": "dataSourceName",
  "http://a.ml/vocabularies/apiContract#required": "true",
  "http://a.ml/vocabularies/core#description": "The name of the datasource to delete.",
  "http://a.ml/vocabularies/core#name": "dataSourceName",
  "http://a.ml/vocabularies/shapes#schema": {
    "http://a.ml/vocabularies/core#description": "The name of the datasource to delete.",
    "http://www.w3.org/ns/shacl#datatype": "http://www.w3.org/2001/XMLSchema#string",
    "http://www.w3.org/ns/shacl#name": "schema",
    "id": "file:///Users/abettati/sandbox/azure-rest-api-specs/specification/search/data-plane/Microsoft.Azure.Search.Service/preview/2019-05-06-preview/searchservice.json#/web-api/end-points/%2Fdatasources('%7BdataSourceName%7D')/delete/request/parameter/dataSourceName/scalar/schema"
  },
  "id": "file:///Users/abettati/sandbox/azure-rest-api-specs/specification/search/data-plane/Microsoft.Azure.Search.Service/preview/2019-05-06-preview/searchservice.json#/web-api/end-points/%2Fdatasources('%7BdataSourceName%7D')/delete/request/parameter/dataSourceName"
}, {
  "http://a.ml/vocabularies/apiContract#binding": "path",
  "http://a.ml/vocabularies/apiContract#paramName": "dataSourceName",
  "http://a.ml/vocabularies/apiContract#required": "true",
  "http://a.ml/vocabularies/core#description": "The name of the datasource to retrieve.",
  "http://a.ml/vocabularies/core#name": "dataSourceName",
  "http://a.ml/vocabularies/shapes#schema": {
    "http://a.ml/vocabularies/core#description": "The name of the datasource to retrieve.",
    "http://www.w3.org/ns/shacl#datatype": "http://www.w3.org/2001/XMLSchema#string",
    "http://www.w3.org/ns/shacl#name": "schema",
    "id": "file:///Users/abettati/sandbox/azure-rest-api-specs/specification/search/data-plane/Microsoft.Azure.Search.Service/preview/2019-05-06-preview/searchservice.json#/web-api/end-points/%2Fdatasources('%7BdataSourceName%7D')/get/request/parameter/dataSourceName/scalar/schema"
  },
  "id": "file:///Users/abettati/sandbox/azure-rest-api-specs/specification/search/data-plane/Microsoft.Azure.Search.Service/preview/2019-05-06-preview/searchservice.json#/web-api/end-points/%2Fdatasources('%7BdataSourceName%7D')/get/request/parameter/dataSourceName"
}, {
  "http://a.ml/vocabularies/apiContract#binding": "query",
  "http://a.ml/vocabularies/apiContract#paramName": "$select",
  "http://a.ml/vocabularies/apiContract#required": "false",
  "http://a.ml/vocabularies/core#description": "Selects which top-level properties of the data sources to retrieve. Specified as a comma-separated list of JSON property names, or '*' for all properties. The default is all properties.",
  "http://a.ml/vocabularies/core#name": "$select",
  "http://a.ml/vocabularies/shapes#schema": {
    "http://a.ml/vocabularies/core#description": "Selects which top-level properties of the data sources to retrieve. Specified as a comma-separated list of JSON property names, or '*' for all properties. The default is all properties.",
    "http://www.w3.org/ns/shacl#datatype": "http://www.w3.org/2001/XMLSchema#string",
    "http://www.w3.org/ns/shacl#name": "schema",
    "id": "file:///Users/abettati/sandbox/azure-rest-api-specs/specification/search/data-plane/Microsoft.Azure.Search.Service/preview/2019-05-06-preview/searchservice.json#/web-api/end-points/%2Fdatasources/get/request/parameter/%24select/scalar/schema"
  },
  "id": "file:///Users/abettati/sandbox/azure-rest-api-specs/specification/search/data-plane/Microsoft.Azure.Search.Service/preview/2019-05-06-preview/searchservice.json#/web-api/end-points/%2Fdatasources/get/request/parameter/%24select"
}, {
  "http://a.ml/vocabularies/apiContract#binding": "path",
  "http://a.ml/vocabularies/apiContract#paramName": "indexerName",
  "http://a.ml/vocabularies/apiContract#required": "true",
  "http://a.ml/vocabularies/core#description": "The name of the indexer to reset.",
  "http://a.ml/vocabularies/core#name": "indexerName",
  "http://a.ml/vocabularies/shapes#schema": {
    "http://a.ml/vocabularies/core#description": "The name of the indexer to reset.",
    "http://www.w3.org/ns/shacl#datatype": "http://www.w3.org/2001/XMLSchema#string",
    "http://www.w3.org/ns/shacl#name": "schema",
    "id": "file:///Users/abettati/sandbox/azure-rest-api-specs/specification/search/data-plane/Microsoft.Azure.Search.Service/preview/2019-05-06-preview/searchservice.json#/web-api/end-points/%2Findexers('%7BindexerName%7D')%2Fsearch.reset/post/request/parameter/indexerName/scalar/schema"
  },
  "id": "file:///Users/abettati/sandbox/azure-rest-api-specs/specification/search/data-plane/Microsoft.Azure.Search.Service/preview/2019-05-06-preview/searchservice.json#/web-api/end-points/%2Findexers('%7BindexerName%7D')%2Fsearch.reset/post/request/parameter/indexerName"
}, {
  "http://a.ml/vocabularies/apiContract#binding": "path",
  "http://a.ml/vocabularies/apiContract#paramName": "indexerName",
  "http://a.ml/vocabularies/apiContract#required": "true",
  "http://a.ml/vocabularies/core#description": "The name of the indexer to run.",
  "http://a.ml/vocabularies/core#name": "indexerName",
  "http://a.ml/vocabularies/shapes#schema": {
    "http://a.ml/vocabularies/core#description": "The name of the indexer to run.",
    "http://www.w3.org/ns/shacl#datatype": "http://www.w3.org/2001/XMLSchema#string",
    "http://www.w3.org/ns/shacl#name": "schema",
    "id": "file:///Users/abettati/sandbox/azure-rest-api-specs/specification/search/data-plane/Microsoft.Azure.Search.Service/preview/2019-05-06-preview/searchservice.json#/web-api/end-points/%2Findexers('%7BindexerName%7D')%2Fsearch.run/post/request/parameter/indexerName/scalar/schema"
  },
  "id": "file:///Users/abettati/sandbox/azure-rest-api-specs/specification/search/data-plane/Microsoft.Azure.Search.Service/preview/2019-05-06-preview/searchservice.json#/web-api/end-points/%2Findexers('%7BindexerName%7D')%2Fsearch.run/post/request/parameter/indexerName"
}, {
  "http://a.ml/vocabularies/apiContract#binding": "path",
  "http://a.ml/vocabularies/apiContract#paramName": "indexerName",
  "http://a.ml/vocabularies/apiContract#required": "true",
  "http://a.ml/vocabularies/core#description": "The name of the indexer to create or update.",
  "http://a.ml/vocabularies/core#name": "indexerName",
  "http://a.ml/vocabularies/shapes#schema": {
    "http://a.ml/vocabularies/core#description": "The name of the indexer to create or update.",
    "http://www.w3.org/ns/shacl#datatype": "http://www.w3.org/2001/XMLSchema#string",
    "http://www.w3.org/ns/shacl#name": "schema",
    "id": "file:///Users/abettati/sandbox/azure-rest-api-specs/specification/search/data-plane/Microsoft.Azure.Search.Service/preview/2019-05-06-preview/searchservice.json#/web-api/end-points/%2Findexers('%7BindexerName%7D')/put/request/parameter/indexerName/scalar/schema"
  },
  "id": "file:///Users/abettati/sandbox/azure-rest-api-specs/specification/search/data-plane/Microsoft.Azure.Search.Service/preview/2019-05-06-preview/searchservice.json#/web-api/end-points/%2Findexers('%7BindexerName%7D')/put/request/parameter/indexerName"
}, {
  "http://a.ml/vocabularies/apiContract#binding": "path",
  "http://a.ml/vocabularies/apiContract#paramName": "indexerName",
  "http://a.ml/vocabularies/apiContract#required": "true",
  "http://a.ml/vocabularies/core#description": "The name of the indexer to delete.",
  "http://a.ml/vocabularies/core#name": "indexerName",
  "http://a.ml/vocabularies/shapes#schema": {
    "http://a.ml/vocabularies/core#description": "The name of the indexer to delete.",
    "http://www.w3.org/ns/shacl#datatype": "http://www.w3.org/2001/XMLSchema#string",
    "http://www.w3.org/ns/shacl#name": "schema",
    "id": "file:///Users/abettati/sandbox/azure-rest-api-specs/specification/search/data-plane/Microsoft.Azure.Search.Service/preview/2019-05-06-preview/searchservice.json#/web-api/end-points/%2Findexers('%7BindexerName%7D')/delete/request/parameter/indexerName/scalar/schema"
  },
  "id": "file:///Users/abettati/sandbox/azure-rest-api-specs/specification/search/data-plane/Microsoft.Azure.Search.Service/preview/2019-05-06-preview/searchservice.json#/web-api/end-points/%2Findexers('%7BindexerName%7D')/delete/request/parameter/indexerName"
}, {
  "http://a.ml/vocabularies/apiContract#binding": "path",
  "http://a.ml/vocabularies/apiContract#paramName": "indexerName",
  "http://a.ml/vocabularies/apiContract#required": "true",
  "http://a.ml/vocabularies/core#description": "The name of the indexer to retrieve.",
  "http://a.ml/vocabularies/core#name": "indexerName",
  "http://a.ml/vocabularies/shapes#schema": {
    "http://a.ml/vocabularies/core#description": "The name of the indexer to retrieve.",
    "http://www.w3.org/ns/shacl#datatype": "http://www.w3.org/2001/XMLSchema#string",
    "http://www.w3.org/ns/shacl#name": "schema",
    "id": "file:///Users/abettati/sandbox/azure-rest-api-specs/specification/search/data-plane/Microsoft.Azure.Search.Service/preview/2019-05-06-preview/searchservice.json#/web-api/end-points/%2Findexers('%7BindexerName%7D')/get/request/parameter/indexerName/scalar/schema"
  },
  "id": "file:///Users/abettati/sandbox/azure-rest-api-specs/specification/search/data-plane/Microsoft.Azure.Search.Service/preview/2019-05-06-preview/searchservice.json#/web-api/end-points/%2Findexers('%7BindexerName%7D')/get/request/parameter/indexerName"
}, {
  "http://a.ml/vocabularies/apiContract#binding": "query",
  "http://a.ml/vocabularies/apiContract#paramName": "$select",
  "http://a.ml/vocabularies/apiContract#required": "false",
  "http://a.ml/vocabularies/core#description": "Selects which top-level properties of the indexers to retrieve. Specified as a comma-separated list of JSON property names, or '*' for all properties. The default is all properties.",
  "http://a.ml/vocabularies/core#name": "$select",
  "http://a.ml/vocabularies/shapes#schema": {
    "http://a.ml/vocabularies/core#description": "Selects which top-level properties of the indexers to retrieve. Specified as a comma-separated list of JSON property names, or '*' for all properties. The default is all properties.",
    "http://www.w3.org/ns/shacl#datatype": "http://www.w3.org/2001/XMLSchema#string",
    "http://www.w3.org/ns/shacl#name": "schema",
    "id": "file:///Users/abettati/sandbox/azure-rest-api-specs/specification/search/data-plane/Microsoft.Azure.Search.Service/preview/2019-05-06-preview/searchservice.json#/web-api/end-points/%2Findexers/get/request/parameter/%24select/scalar/schema"
  },
  "id": "file:///Users/abettati/sandbox/azure-rest-api-specs/specification/search/data-plane/Microsoft.Azure.Search.Service/preview/2019-05-06-preview/searchservice.json#/web-api/end-points/%2Findexers/get/request/parameter/%24select"
}, {
  "http://a.ml/vocabularies/apiContract#binding": "path",
  "http://a.ml/vocabularies/apiContract#paramName": "indexerName",
  "http://a.ml/vocabularies/apiContract#required": "true",
  "http://a.ml/vocabularies/core#description": "The name of the indexer for which to retrieve status.",
  "http://a.ml/vocabularies/core#name": "indexerName",
  "http://a.ml/vocabularies/shapes#schema": {
    "http://a.ml/vocabularies/core#description": "The name of the indexer for which to retrieve status.",
    "http://www.w3.org/ns/shacl#datatype": "http://www.w3.org/2001/XMLSchema#string",
    "http://www.w3.org/ns/shacl#name": "schema",
    "id": "file:///Users/abettati/sandbox/azure-rest-api-specs/specification/search/data-plane/Microsoft.Azure.Search.Service/preview/2019-05-06-preview/searchservice.json#/web-api/end-points/%2Findexers('%7BindexerName%7D')%2Fsearch.status/get/request/parameter/indexerName/scalar/schema"
  },
  "id": "file:///Users/abettati/sandbox/azure-rest-api-specs/specification/search/data-plane/Microsoft.Azure.Search.Service/preview/2019-05-06-preview/searchservice.json#/web-api/end-points/%2Findexers('%7BindexerName%7D')%2Fsearch.status/get/request/parameter/indexerName"
}, {
  "http://a.ml/vocabularies/apiContract#binding": "path",
  "http://a.ml/vocabularies/apiContract#paramName": "skillsetName",
  "http://a.ml/vocabularies/apiContract#required": "true",
  "http://a.ml/vocabularies/core#description": "The name of the skillset to create or update.",
  "http://a.ml/vocabularies/core#name": "skillsetName",
  "http://a.ml/vocabularies/shapes#schema": {
    "http://a.ml/vocabularies/core#description": "The name of the skillset to create or update.",
    "http://www.w3.org/ns/shacl#datatype": "http://www.w3.org/2001/XMLSchema#string",
    "http://www.w3.org/ns/shacl#name": "schema",
    "id": "file:///Users/abettati/sandbox/azure-rest-api-specs/specification/search/data-plane/Microsoft.Azure.Search.Service/preview/2019-05-06-preview/searchservice.json#/web-api/end-points/%2Fskillsets('%7BskillsetName%7D')/put/request/parameter/skillsetName/scalar/schema"
  },
  "id": "file:///Users/abettati/sandbox/azure-rest-api-specs/specification/search/data-plane/Microsoft.Azure.Search.Service/preview/2019-05-06-preview/searchservice.json#/web-api/end-points/%2Fskillsets('%7BskillsetName%7D')/put/request/parameter/skillsetName"
}, {
  "http://a.ml/vocabularies/apiContract#binding": "path",
  "http://a.ml/vocabularies/apiContract#paramName": "skillsetName",
  "http://a.ml/vocabularies/apiContract#required": "true",
  "http://a.ml/vocabularies/core#description": "The name of the skillset to delete.",
  "http://a.ml/vocabularies/core#name": "skillsetName",
  "http://a.ml/vocabularies/shapes#schema": {
    "http://a.ml/vocabularies/core#description": "The name of the skillset to delete.",
    "http://www.w3.org/ns/shacl#datatype": "http://www.w3.org/2001/XMLSchema#string",
    "http://www.w3.org/ns/shacl#name": "schema",
    "id": "file:///Users/abettati/sandbox/azure-rest-api-specs/specification/search/data-plane/Microsoft.Azure.Search.Service/preview/2019-05-06-preview/searchservice.json#/web-api/end-points/%2Fskillsets('%7BskillsetName%7D')/delete/request/parameter/skillsetName/scalar/schema"
  },
  "id": "file:///Users/abettati/sandbox/azure-rest-api-specs/specification/search/data-plane/Microsoft.Azure.Search.Service/preview/2019-05-06-preview/searchservice.json#/web-api/end-points/%2Fskillsets('%7BskillsetName%7D')/delete/request/parameter/skillsetName"
}, {
  "http://a.ml/vocabularies/apiContract#binding": "path",
  "http://a.ml/vocabularies/apiContract#paramName": "skillsetName",
  "http://a.ml/vocabularies/apiContract#required": "true",
  "http://a.ml/vocabularies/core#description": "The name of the skillset to retrieve.",
  "http://a.ml/vocabularies/core#name": "skillsetName",
  "http://a.ml/vocabularies/shapes#schema": {
    "http://a.ml/vocabularies/core#description": "The name of the skillset to retrieve.",
    "http://www.w3.org/ns/shacl#datatype": "http://www.w3.org/2001/XMLSchema#string",
    "http://www.w3.org/ns/shacl#name": "schema",
    "id": "file:///Users/abettati/sandbox/azure-rest-api-specs/specification/search/data-plane/Microsoft.Azure.Search.Service/preview/2019-05-06-preview/searchservice.json#/web-api/end-points/%2Fskillsets('%7BskillsetName%7D')/get/request/parameter/skillsetName/scalar/schema"
  },
  "id": "file:///Users/abettati/sandbox/azure-rest-api-specs/specification/search/data-plane/Microsoft.Azure.Search.Service/preview/2019-05-06-preview/searchservice.json#/web-api/end-points/%2Fskillsets('%7BskillsetName%7D')/get/request/parameter/skillsetName"
}, {
  "http://a.ml/vocabularies/apiContract#binding": "query",
  "http://a.ml/vocabularies/apiContract#paramName": "$select",
  "http://a.ml/vocabularies/apiContract#required": "false",
  "http://a.ml/vocabularies/core#description": "Selects which top-level properties of the skillsets to retrieve. Specified as a comma-separated list of JSON property names, or '*' for all properties. The default is all properties.",
  "http://a.ml/vocabularies/core#name": "$select",
  "http://a.ml/vocabularies/shapes#schema": {
    "http://a.ml/vocabularies/core#description": "Selects which top-level properties of the skillsets to retrieve. Specified as a comma-separated list of JSON property names, or '*' for all properties. The default is all properties.",
    "http://www.w3.org/ns/shacl#datatype": "http://www.w3.org/2001/XMLSchema#string",
    "http://www.w3.org/ns/shacl#name": "schema",
    "id": "file:///Users/abettati/sandbox/azure-rest-api-specs/specification/search/data-plane/Microsoft.Azure.Search.Service/preview/2019-05-06-preview/searchservice.json#/web-api/end-points/%2Fskillsets/get/request/parameter/%24select/scalar/schema"
  },
  "id": "file:///Users/abettati/sandbox/azure-rest-api-specs/specification/search/data-plane/Microsoft.Azure.Search.Service/preview/2019-05-06-preview/searchservice.json#/web-api/end-points/%2Fskillsets/get/request/parameter/%24select"
}, {
  "http://a.ml/vocabularies/apiContract#binding": "path",
  "http://a.ml/vocabularies/apiContract#paramName": "synonymMapName",
  "http://a.ml/vocabularies/apiContract#required": "true",
  "http://a.ml/vocabularies/core#description": "The name of the synonym map to create or update.",
  "http://a.ml/vocabularies/core#name": "synonymMapName",
  "http://a.ml/vocabularies/shapes#schema": {
    "http://a.ml/vocabularies/core#description": "The name of the synonym map to create or update.",
    "http://www.w3.org/ns/shacl#datatype": "http://www.w3.org/2001/XMLSchema#string",
    "http://www.w3.org/ns/shacl#name": "schema",
    "id": "file:///Users/abettati/sandbox/azure-rest-api-specs/specification/search/data-plane/Microsoft.Azure.Search.Service/preview/2019-05-06-preview/searchservice.json#/web-api/end-points/%2Fsynonymmaps('%7BsynonymMapName%7D')/put/request/parameter/synonymMapName/scalar/schema"
  },
  "id": "file:///Users/abettati/sandbox/azure-rest-api-specs/specification/search/data-plane/Microsoft.Azure.Search.Service/preview/2019-05-06-preview/searchservice.json#/web-api/end-points/%2Fsynonymmaps('%7BsynonymMapName%7D')/put/request/parameter/synonymMapName"
}, {
  "http://a.ml/vocabularies/apiContract#binding": "path",
  "http://a.ml/vocabularies/apiContract#paramName": "synonymMapName",
  "http://a.ml/vocabularies/apiContract#required": "true",
  "http://a.ml/vocabularies/core#description": "The name of the synonym map to delete.",
  "http://a.ml/vocabularies/core#name": "synonymMapName",
  "http://a.ml/vocabularies/shapes#schema": {
    "http://a.ml/vocabularies/core#description": "The name of the synonym map to delete.",
    "http://www.w3.org/ns/shacl#datatype": "http://www.w3.org/2001/XMLSchema#string",
    "http://www.w3.org/ns/shacl#name": "schema",
    "id": "file:///Users/abettati/sandbox/azure-rest-api-specs/specification/search/data-plane/Microsoft.Azure.Search.Service/preview/2019-05-06-preview/searchservice.json#/web-api/end-points/%2Fsynonymmaps('%7BsynonymMapName%7D')/delete/request/parameter/synonymMapName/scalar/schema"
  },
  "id": "file:///Users/abettati/sandbox/azure-rest-api-specs/specification/search/data-plane/Microsoft.Azure.Search.Service/preview/2019-05-06-preview/searchservice.json#/web-api/end-points/%2Fsynonymmaps('%7BsynonymMapName%7D')/delete/request/parameter/synonymMapName"
}, {
  "http://a.ml/vocabularies/apiContract#binding": "path",
  "http://a.ml/vocabularies/apiContract#paramName": "synonymMapName",
  "http://a.ml/vocabularies/apiContract#required": "true",
  "http://a.ml/vocabularies/core#description": "The name of the synonym map to retrieve.",
  "http://a.ml/vocabularies/core#name": "synonymMapName",
  "http://a.ml/vocabularies/shapes#schema": {
    "http://a.ml/vocabularies/core#description": "The name of the synonym map to retrieve.",
    "http://www.w3.org/ns/shacl#datatype": "http://www.w3.org/2001/XMLSchema#string",
    "http://www.w3.org/ns/shacl#name": "schema",
    "id": "file:///Users/abettati/sandbox/azure-rest-api-specs/specification/search/data-plane/Microsoft.Azure.Search.Service/preview/2019-05-06-preview/searchservice.json#/web-api/end-points/%2Fsynonymmaps('%7BsynonymMapName%7D')/get/request/parameter/synonymMapName/scalar/schema"
  },
  "id": "file:///Users/abettati/sandbox/azure-rest-api-specs/specification/search/data-plane/Microsoft.Azure.Search.Service/preview/2019-05-06-preview/searchservice.json#/web-api/end-points/%2Fsynonymmaps('%7BsynonymMapName%7D')/get/request/parameter/synonymMapName"
}, {
  "http://a.ml/vocabularies/apiContract#binding": "query",
  "http://a.ml/vocabularies/apiContract#paramName": "$select",
  "http://a.ml/vocabularies/apiContract#required": "false",
  "http://a.ml/vocabularies/core#description": "Selects which top-level properties of the synonym maps to retrieve. Specified as a comma-separated list of JSON property names, or '*' for all properties. The default is all properties.",
  "http://a.ml/vocabularies/core#name": "$select",
  "http://a.ml/vocabularies/shapes#schema": {
    "http://a.ml/vocabularies/core#description": "Selects which top-level properties of the synonym maps to retrieve. Specified as a comma-separated list of JSON property names, or '*' for all properties. The default is all properties.",
    "http://www.w3.org/ns/shacl#datatype": "http://www.w3.org/2001/XMLSchema#string",
    "http://www.w3.org/ns/shacl#name": "schema",
    "id": "file:///Users/abettati/sandbox/azure-rest-api-specs/specification/search/data-plane/Microsoft.Azure.Search.Service/preview/2019-05-06-preview/searchservice.json#/web-api/end-points/%2Fsynonymmaps/get/request/parameter/%24select/scalar/schema"
  },
  "id": "file:///Users/abettati/sandbox/azure-rest-api-specs/specification/search/data-plane/Microsoft.Azure.Search.Service/preview/2019-05-06-preview/searchservice.json#/web-api/end-points/%2Fsynonymmaps/get/request/parameter/%24select"
}, {
  "http://a.ml/vocabularies/apiContract#binding": "query",
  "http://a.ml/vocabularies/apiContract#paramName": "$select",
  "http://a.ml/vocabularies/apiContract#required": "false",
  "http://a.ml/vocabularies/core#description": "Selects which top-level properties of the index definitions to retrieve. Specified as a comma-separated list of JSON property names, or '*' for all properties. The default is all properties.",
  "http://a.ml/vocabularies/core#name": "$select",
  "http://a.ml/vocabularies/shapes#schema": {
    "http://a.ml/vocabularies/core#description": "Selects which top-level properties of the index definitions to retrieve. Specified as a comma-separated list of JSON property names, or '*' for all properties. The default is all properties.",
    "http://www.w3.org/ns/shacl#datatype": "http://www.w3.org/2001/XMLSchema#string",
    "http://www.w3.org/ns/shacl#name": "schema",
    "id": "file:///Users/abettati/sandbox/azure-rest-api-specs/specification/search/data-plane/Microsoft.Azure.Search.Service/preview/2019-05-06-preview/searchservice.json#/web-api/end-points/%2Findexes/get/request/parameter/%24select/scalar/schema"
  },
  "id": "file:///Users/abettati/sandbox/azure-rest-api-specs/specification/search/data-plane/Microsoft.Azure.Search.Service/preview/2019-05-06-preview/searchservice.json#/web-api/end-points/%2Findexes/get/request/parameter/%24select"
}, {
  "http://a.ml/vocabularies/apiContract#binding": "query",
  "http://a.ml/vocabularies/apiContract#paramName": "allowIndexDowntime",
  "http://a.ml/vocabularies/apiContract#required": "false",
  "http://a.ml/vocabularies/core#description": "Allows new analyzers, tokenizers, token filters, or char filters to be added to an index by taking the index offline for at least a few seconds. This temporarily causes indexing and query requests to fail. Performance and write availability of the index can be impaired for several minutes after the index is updated, or longer for very large indexes.",
  "http://a.ml/vocabularies/core#name": "allowIndexDowntime",
  "http://a.ml/vocabularies/shapes#schema": {
    "http://a.ml/vocabularies/core#description": "Allows new analyzers, tokenizers, token filters, or char filters to be added to an index by taking the index offline for at least a few seconds. This temporarily causes indexing and query requests to fail. Performance and write availability of the index can be impaired for several minutes after the index is updated, or longer for very large indexes.",
    "http://www.w3.org/ns/shacl#datatype": "http://www.w3.org/2001/XMLSchema#boolean",
    "http://www.w3.org/ns/shacl#name": "schema",
    "id": "file:///Users/abettati/sandbox/azure-rest-api-specs/specification/search/data-plane/Microsoft.Azure.Search.Service/preview/2019-05-06-preview/searchservice.json#/web-api/end-points/%2Findexes('%7BindexName%7D')/put/request/parameter/allowIndexDowntime/scalar/schema"
  },
  "id": "file:///Users/abettati/sandbox/azure-rest-api-specs/specification/search/data-plane/Microsoft.Azure.Search.Service/preview/2019-05-06-preview/searchservice.json#/web-api/end-points/%2Findexes('%7BindexName%7D')/put/request/parameter/allowIndexDowntime"
}, {
  "http://a.ml/vocabularies/apiContract#binding": "path",
  "http://a.ml/vocabularies/apiContract#paramName": "indexName",
  "http://a.ml/vocabularies/apiContract#required": "true",
  "http://a.ml/vocabularies/core#description": "The definition of the index to create or update.",
  "http://a.ml/vocabularies/core#name": "indexName",
  "http://a.ml/vocabularies/shapes#schema": {
    "http://a.ml/vocabularies/core#description": "The definition of the index to create or update.",
    "http://www.w3.org/ns/shacl#datatype": "http://www.w3.org/2001/XMLSchema#string",
    "http://www.w3.org/ns/shacl#name": "schema",
    "id": "file:///Users/abettati/sandbox/azure-rest-api-specs/specification/search/data-plane/Microsoft.Azure.Search.Service/preview/2019-05-06-preview/searchservice.json#/web-api/end-points/%2Findexes('%7BindexName%7D')/put/request/parameter/indexName/scalar/schema"
  },
  "id": "file:///Users/abettati/sandbox/azure-rest-api-specs/specification/search/data-plane/Microsoft.Azure.Search.Service/preview/2019-05-06-preview/searchservice.json#/web-api/end-points/%2Findexes('%7BindexName%7D')/put/request/parameter/indexName"
}, {
  "http://a.ml/vocabularies/apiContract#binding": "path",
  "http://a.ml/vocabularies/apiContract#paramName": "indexName",
  "http://a.ml/vocabularies/apiContract#required": "true",
  "http://a.ml/vocabularies/core#description": "The name of the index to delete.",
  "http://a.ml/vocabularies/core#name": "indexName",
  "http://a.ml/vocabularies/shapes#schema": {
    "http://a.ml/vocabularies/core#description": "The name of the index to delete.",
    "http://www.w3.org/ns/shacl#datatype": "http://www.w3.org/2001/XMLSchema#string",
    "http://www.w3.org/ns/shacl#name": "schema",
    "id": "file:///Users/abettati/sandbox/azure-rest-api-specs/specification/search/data-plane/Microsoft.Azure.Search.Service/preview/2019-05-06-preview/searchservice.json#/web-api/end-points/%2Findexes('%7BindexName%7D')/delete/request/parameter/indexName/scalar/schema"
  },
  "id": "file:///Users/abettati/sandbox/azure-rest-api-specs/specification/search/data-plane/Microsoft.Azure.Search.Service/preview/2019-05-06-preview/searchservice.json#/web-api/end-points/%2Findexes('%7BindexName%7D')/delete/request/parameter/indexName"
}, {
  "http://a.ml/vocabularies/apiContract#binding": "path",
  "http://a.ml/vocabularies/apiContract#paramName": "indexName",
  "http://a.ml/vocabularies/apiContract#required": "true",
  "http://a.ml/vocabularies/core#description": "The name of the index to retrieve.",
  "http://a.ml/vocabularies/core#name": "indexName",
  "http://a.ml/vocabularies/shapes#schema": {
    "http://a.ml/vocabularies/core#description": "The name of the index to retrieve.",
    "http://www.w3.org/ns/shacl#datatype": "http://www.w3.org/2001/XMLSchema#string",
    "http://www.w3.org/ns/shacl#name": "schema",
    "id": "file:///Users/abettati/sandbox/azure-rest-api-specs/specification/search/data-plane/Microsoft.Azure.Search.Service/preview/2019-05-06-preview/searchservice.json#/web-api/end-points/%2Findexes('%7BindexName%7D')/get/request/parameter/indexName/scalar/schema"
  },
  "id": "file:///Users/abettati/sandbox/azure-rest-api-specs/specification/search/data-plane/Microsoft.Azure.Search.Service/preview/2019-05-06-preview/searchservice.json#/web-api/end-points/%2Findexes('%7BindexName%7D')/get/request/parameter/indexName"
}, {
  "http://a.ml/vocabularies/apiContract#binding": "path",
  "http://a.ml/vocabularies/apiContract#paramName": "indexName",
  "http://a.ml/vocabularies/apiContract#required": "true",
  "http://a.ml/vocabularies/core#description": "The name of the index for which to retrieve statistics.",
  "http://a.ml/vocabularies/core#name": "indexName",
  "http://a.ml/vocabularies/shapes#schema": {
    "http://a.ml/vocabularies/core#description": "The name of the index for which to retrieve statistics.",
    "http://www.w3.org/ns/shacl#datatype": "http://www.w3.org/2001/XMLSchema#string",
    "http://www.w3.org/ns/shacl#name": "schema",
    "id": "file:///Users/abettati/sandbox/azure-rest-api-specs/specification/search/data-plane/Microsoft.Azure.Search.Service/preview/2019-05-06-preview/searchservice.json#/web-api/end-points/%2Findexes('%7BindexName%7D')%2Fsearch.stats/get/request/parameter/indexName/scalar/schema"
  },
  "id": "file:///Users/abettati/sandbox/azure-rest-api-specs/specification/search/data-plane/Microsoft.Azure.Search.Service/preview/2019-05-06-preview/searchservice.json#/web-api/end-points/%2Findexes('%7BindexName%7D')%2Fsearch.stats/get/request/parameter/indexName"
}, {
  "http://a.ml/vocabularies/apiContract#binding": "path",
  "http://a.ml/vocabularies/apiContract#paramName": "indexName",
  "http://a.ml/vocabularies/apiContract#required": "true",
  "http://a.ml/vocabularies/core#description": "The name of the index for which to test an analyzer.",
  "http://a.ml/vocabularies/core#name": "indexName",
  "http://a.ml/vocabularies/shapes#schema": {
    "http://a.ml/vocabularies/core#description": "The name of the index for which to test an analyzer.",
    "http://www.w3.org/ns/shacl#datatype": "http://www.w3.org/2001/XMLSchema#string",
    "http://www.w3.org/ns/shacl#name": "schema",
    "id": "file:///Users/abettati/sandbox/azure-rest-api-specs/specification/search/data-plane/Microsoft.Azure.Search.Service/preview/2019-05-06-preview/searchservice.json#/web-api/end-points/%2Findexes('%7BindexName%7D')%2Fsearch.analyze/post/request/parameter/indexName/scalar/schema"
  },
  "id": "file:///Users/abettati/sandbox/azure-rest-api-specs/specification/search/data-plane/Microsoft.Azure.Search.Service/preview/2019-05-06-preview/searchservice.json#/web-api/end-points/%2Findexes('%7BindexName%7D')%2Fsearch.analyze/post/request/parameter/indexName"
}]