[{
  "http://a.ml/vocabularies/apiContract#binding": "path",
  "http://a.ml/vocabularies/apiContract#paramName": "versionName",
  "http://a.ml/vocabularies/apiContract#required": "true",
  "http://a.ml/vocabularies/core#description": "The version of the application.",
  "http://a.ml/vocabularies/core#name": "VersionNameParameter",
  "http://a.ml/vocabularies/document#customDomainProperties": [{
    "http://a.ml/vocabularies/core#extensionName": "ms-parameter-location",
    "http://a.ml/vocabularies/document#definedBy": {
      "http://a.ml/vocabularies/core#name": null,
      "id": "file:///Users/abettati/sandbox/azure-rest-api-specs/specification/batch/resource-manager/Microsoft.Batch/stable/2020-05-01/BatchManagement.json#/declarations/parameters/parameter/VersionNameParameter/ms-parameter-location"
    },
    "http://a.ml/vocabularies/document#extension": {
      "http://a.ml/vocabularies/core#name": null,
      "http://a.ml/vocabularies/data#value": null,
      "http://www.w3.org/ns/shacl#datatype": null,
      "id": "file:///Users/abettati/sandbox/azure-rest-api-specs/specification/batch/resource-manager/Microsoft.Batch/stable/2020-05-01/BatchManagement.json#/declarations/parameters/parameter/VersionNameParameter/ms-parameter-location/scalar_1"
    },
    "id": "file:///Users/abettati/sandbox/azure-rest-api-specs/specification/batch/resource-manager/Microsoft.Batch/stable/2020-05-01/BatchManagement.json#/declarations/parameters/parameter/VersionNameParameter/extension/ms-parameter-location"
  }],
  "http://a.ml/vocabularies/shapes#schema": {
    "http://a.ml/vocabularies/core#description": "The version of the application.",
    "http://a.ml/vocabularies/document#customDomainProperties": [{
      "http://a.ml/vocabularies/core#extensionName": null,
      "http://a.ml/vocabularies/document#definedBy": null,
      "http://a.ml/vocabularies/document#extension": null,
      "id": "file:///Users/abettati/sandbox/azure-rest-api-specs/specification/batch/resource-manager/Microsoft.Batch/stable/2020-05-01/BatchManagement.json#/declarations/parameters/parameter/VersionNameParameter/scalar/schema/extension/ms-parameter-location"
    }],
    "http://www.w3.org/ns/shacl#datatype": "http://www.w3.org/2001/XMLSchema#string",
    "http://www.w3.org/ns/shacl#maxLength": "64",
    "http://www.w3.org/ns/shacl#minLength": "1",
    "http://www.w3.org/ns/shacl#name": "schema",
    "http://www.w3.org/ns/shacl#pattern": "^[a-zA-Z0-9_-][a-zA-Z0-9_.-]*$",
    "id": "file:///Users/abettati/sandbox/azure-rest-api-specs/specification/batch/resource-manager/Microsoft.Batch/stable/2020-05-01/BatchManagement.json#/declarations/parameters/parameter/VersionNameParameter/scalar/schema"
  },
  "id": "file:///Users/abettati/sandbox/azure-rest-api-specs/specification/batch/resource-manager/Microsoft.Batch/stable/2020-05-01/BatchManagement.json#/declarations/parameters/parameter/VersionNameParameter"
}, {
  "http://a.ml/vocabularies/apiContract#binding": "query",
  "http://a.ml/vocabularies/apiContract#paramName": "api-version",
  "http://a.ml/vocabularies/apiContract#required": "true",
  "http://a.ml/vocabularies/core#description": "The API version to be used with the HTTP request.",
  "http://a.ml/vocabularies/core#name": "ApiVersionParameter",
  "http://a.ml/vocabularies/shapes#schema": {
    "http://a.ml/vocabularies/core#description": "The API version to be used with the HTTP request.",
    "http://www.w3.org/ns/shacl#datatype": "http://www.w3.org/2001/XMLSchema#string",
    "http://www.w3.org/ns/shacl#name": "schema",
    "id": "file:///Users/abettati/sandbox/azure-rest-api-specs/specification/batch/resource-manager/Microsoft.Batch/stable/2020-05-01/BatchManagement.json#/declarations/parameters/parameter/ApiVersionParameter/scalar/schema"
  },
  "id": "file:///Users/abettati/sandbox/azure-rest-api-specs/specification/batch/resource-manager/Microsoft.Batch/stable/2020-05-01/BatchManagement.json#/declarations/parameters/parameter/ApiVersionParameter"
}, {
  "http://a.ml/vocabularies/apiContract#binding": "path",
  "http://a.ml/vocabularies/apiContract#paramName": "applicationName",
  "http://a.ml/vocabularies/apiContract#required": "true",
  "http://a.ml/vocabularies/core#description": "The name of the application. This must be unique within the account.",
  "http://a.ml/vocabularies/core#name": "ApplicationNameParameter",
  "http://a.ml/vocabularies/document#customDomainProperties": [{
    "http://a.ml/vocabularies/core#extensionName": "ms-parameter-location",
    "http://a.ml/vocabularies/document#definedBy": {
      "http://a.ml/vocabularies/core#name": null,
      "id": "file:///Users/abettati/sandbox/azure-rest-api-specs/specification/batch/resource-manager/Microsoft.Batch/stable/2020-05-01/BatchManagement.json#/declarations/parameters/parameter/ApplicationNameParameter/ms-parameter-location"
    },
    "http://a.ml/vocabularies/document#extension": {
      "http://a.ml/vocabularies/core#name": null,
      "http://a.ml/vocabularies/data#value": null,
      "http://www.w3.org/ns/shacl#datatype": null,
      "id": "file:///Users/abettati/sandbox/azure-rest-api-specs/specification/batch/resource-manager/Microsoft.Batch/stable/2020-05-01/BatchManagement.json#/declarations/parameters/parameter/ApplicationNameParameter/ms-parameter-location/scalar_1"
    },
    "id": "file:///Users/abettati/sandbox/azure-rest-api-specs/specification/batch/resource-manager/Microsoft.Batch/stable/2020-05-01/BatchManagement.json#/declarations/parameters/parameter/ApplicationNameParameter/extension/ms-parameter-location"
  }],
  "http://a.ml/vocabularies/shapes#schema": {
    "http://a.ml/vocabularies/core#description": "The name of the application. This must be unique within the account.",
    "http://a.ml/vocabularies/document#customDomainProperties": [{
      "http://a.ml/vocabularies/core#extensionName": null,
      "http://a.ml/vocabularies/document#definedBy": null,
      "http://a.ml/vocabularies/document#extension": null,
      "id": "file:///Users/abettati/sandbox/azure-rest-api-specs/specification/batch/resource-manager/Microsoft.Batch/stable/2020-05-01/BatchManagement.json#/declarations/parameters/parameter/ApplicationNameParameter/scalar/schema/extension/ms-parameter-location"
    }],
    "http://www.w3.org/ns/shacl#datatype": "http://www.w3.org/2001/XMLSchema#string",
    "http://www.w3.org/ns/shacl#maxLength": "64",
    "http://www.w3.org/ns/shacl#minLength": "1",
    "http://www.w3.org/ns/shacl#name": "schema",
    "http://www.w3.org/ns/shacl#pattern": "^[a-zA-Z0-9_-]+$",
    "id": "file:///Users/abettati/sandbox/azure-rest-api-specs/specification/batch/resource-manager/Microsoft.Batch/stable/2020-05-01/BatchManagement.json#/declarations/parameters/parameter/ApplicationNameParameter/scalar/schema"
  },
  "id": "file:///Users/abettati/sandbox/azure-rest-api-specs/specification/batch/resource-manager/Microsoft.Batch/stable/2020-05-01/BatchManagement.json#/declarations/parameters/parameter/ApplicationNameParameter"
}, {
  "http://a.ml/vocabularies/apiContract#binding": "path",
  "http://a.ml/vocabularies/apiContract#paramName": "privateLinkResourceName",
  "http://a.ml/vocabularies/apiContract#required": "true",
  "http://a.ml/vocabularies/core#description": "The private link resource name. This must be unique within the account.",
  "http://a.ml/vocabularies/core#name": "PrivateLinkResourceNameParameter",
  "http://a.ml/vocabularies/document#customDomainProperties": [{
    "http://a.ml/vocabularies/core#extensionName": "ms-parameter-location",
    "http://a.ml/vocabularies/document#definedBy": {
      "http://a.ml/vocabularies/core#name": null,
      "id": "file:///Users/abettati/sandbox/azure-rest-api-specs/specification/batch/resource-manager/Microsoft.Batch/stable/2020-05-01/BatchManagement.json#/declarations/parameters/parameter/PrivateLinkResourceNameParameter/ms-parameter-location"
    },
    "http://a.ml/vocabularies/document#extension": {
      "http://a.ml/vocabularies/core#name": null,
      "http://a.ml/vocabularies/data#value": null,
      "http://www.w3.org/ns/shacl#datatype": null,
      "id": "file:///Users/abettati/sandbox/azure-rest-api-specs/specification/batch/resource-manager/Microsoft.Batch/stable/2020-05-01/BatchManagement.json#/declarations/parameters/parameter/PrivateLinkResourceNameParameter/ms-parameter-location/scalar_1"
    },
    "id": "file:///Users/abettati/sandbox/azure-rest-api-specs/specification/batch/resource-manager/Microsoft.Batch/stable/2020-05-01/BatchManagement.json#/declarations/parameters/parameter/PrivateLinkResourceNameParameter/extension/ms-parameter-location"
  }],
  "http://a.ml/vocabularies/shapes#schema": {
    "http://a.ml/vocabularies/core#description": "The private link resource name. This must be unique within the account.",
    "http://a.ml/vocabularies/document#customDomainProperties": [{
      "http://a.ml/vocabularies/core#extensionName": null,
      "http://a.ml/vocabularies/document#definedBy": null,
      "http://a.ml/vocabularies/document#extension": null,
      "id": "file:///Users/abettati/sandbox/azure-rest-api-specs/specification/batch/resource-manager/Microsoft.Batch/stable/2020-05-01/BatchManagement.json#/declarations/parameters/parameter/PrivateLinkResourceNameParameter/scalar/schema/extension/ms-parameter-location"
    }],
    "http://www.w3.org/ns/shacl#datatype": "http://www.w3.org/2001/XMLSchema#string",
    "http://www.w3.org/ns/shacl#maxLength": "101",
    "http://www.w3.org/ns/shacl#minLength": "1",
    "http://www.w3.org/ns/shacl#name": "schema",
    "http://www.w3.org/ns/shacl#pattern": "^[a-zA-Z0-9_-]+\\.?[a-fA-F0-9-]*$",
    "id": "file:///Users/abettati/sandbox/azure-rest-api-specs/specification/batch/resource-manager/Microsoft.Batch/stable/2020-05-01/BatchManagement.json#/declarations/parameters/parameter/PrivateLinkResourceNameParameter/scalar/schema"
  },
  "id": "file:///Users/abettati/sandbox/azure-rest-api-specs/specification/batch/resource-manager/Microsoft.Batch/stable/2020-05-01/BatchManagement.json#/declarations/parameters/parameter/PrivateLinkResourceNameParameter"
}, {
  "http://a.ml/vocabularies/apiContract#binding": "path",
  "http://a.ml/vocabularies/apiContract#paramName": "subscriptionId",
  "http://a.ml/vocabularies/apiContract#required": "true",
  "http://a.ml/vocabularies/core#description": "The Azure subscription ID. This is a GUID-formatted string (e.g. 00000000-0000-0000-0000-000000000000)",
  "http://a.ml/vocabularies/core#name": "SubscriptionIdParameter",
  "http://a.ml/vocabularies/shapes#schema": {
    "http://a.ml/vocabularies/core#description": "The Azure subscription ID. This is a GUID-formatted string (e.g. 00000000-0000-0000-0000-000000000000)",
    "http://www.w3.org/ns/shacl#datatype": "http://www.w3.org/2001/XMLSchema#string",
    "http://www.w3.org/ns/shacl#name": "schema",
    "id": "file:///Users/abettati/sandbox/azure-rest-api-specs/specification/batch/resource-manager/Microsoft.Batch/stable/2020-05-01/BatchManagement.json#/declarations/parameters/parameter/SubscriptionIdParameter/scalar/schema"
  },
  "id": "file:///Users/abettati/sandbox/azure-rest-api-specs/specification/batch/resource-manager/Microsoft.Batch/stable/2020-05-01/BatchManagement.json#/declarations/parameters/parameter/SubscriptionIdParameter"
}, {
  "http://a.ml/vocabularies/apiContract#binding": "path",
  "http://a.ml/vocabularies/apiContract#paramName": "privateEndpointConnectionName",
  "http://a.ml/vocabularies/apiContract#required": "true",
  "http://a.ml/vocabularies/core#description": "The private endpoint connection name. This must be unique within the account.",
  "http://a.ml/vocabularies/core#name": "PrivateEndpointConnectionNameParameter",
  "http://a.ml/vocabularies/document#customDomainProperties": [{
    "http://a.ml/vocabularies/core#extensionName": "ms-parameter-location",
    "http://a.ml/vocabularies/document#definedBy": {
      "http://a.ml/vocabularies/core#name": null,
      "id": "file:///Users/abettati/sandbox/azure-rest-api-specs/specification/batch/resource-manager/Microsoft.Batch/stable/2020-05-01/BatchManagement.json#/declarations/parameters/parameter/PrivateEndpointConnectionNameParameter/ms-parameter-location"
    },
    "http://a.ml/vocabularies/document#extension": {
      "http://a.ml/vocabularies/core#name": null,
      "http://a.ml/vocabularies/data#value": null,
      "http://www.w3.org/ns/shacl#datatype": null,
      "id": "file:///Users/abettati/sandbox/azure-rest-api-specs/specification/batch/resource-manager/Microsoft.Batch/stable/2020-05-01/BatchManagement.json#/declarations/parameters/parameter/PrivateEndpointConnectionNameParameter/ms-parameter-location/scalar_1"
    },
    "id": "file:///Users/abettati/sandbox/azure-rest-api-specs/specification/batch/resource-manager/Microsoft.Batch/stable/2020-05-01/BatchManagement.json#/declarations/parameters/parameter/PrivateEndpointConnectionNameParameter/extension/ms-parameter-location"
  }],
  "http://a.ml/vocabularies/shapes#schema": {
    "http://a.ml/vocabularies/core#description": "The private endpoint connection name. This must be unique within the account.",
    "http://a.ml/vocabularies/document#customDomainProperties": [{
      "http://a.ml/vocabularies/core#extensionName": null,
      "http://a.ml/vocabularies/document#definedBy": null,
      "http://a.ml/vocabularies/document#extension": null,
      "id": "file:///Users/abettati/sandbox/azure-rest-api-specs/specification/batch/resource-manager/Microsoft.Batch/stable/2020-05-01/BatchManagement.json#/declarations/parameters/parameter/PrivateEndpointConnectionNameParameter/scalar/schema/extension/ms-parameter-location"
    }],
    "http://www.w3.org/ns/shacl#datatype": "http://www.w3.org/2001/XMLSchema#string",
    "http://www.w3.org/ns/shacl#maxLength": "101",
    "http://www.w3.org/ns/shacl#minLength": "1",
    "http://www.w3.org/ns/shacl#name": "schema",
    "http://www.w3.org/ns/shacl#pattern": "^[a-zA-Z0-9_-]+\\.?[a-fA-F0-9-]*$",
    "id": "file:///Users/abettati/sandbox/azure-rest-api-specs/specification/batch/resource-manager/Microsoft.Batch/stable/2020-05-01/BatchManagement.json#/declarations/parameters/parameter/PrivateEndpointConnectionNameParameter/scalar/schema"
  },
  "id": "file:///Users/abettati/sandbox/azure-rest-api-specs/specification/batch/resource-manager/Microsoft.Batch/stable/2020-05-01/BatchManagement.json#/declarations/parameters/parameter/PrivateEndpointConnectionNameParameter"
}, {
  "http://a.ml/vocabularies/apiContract#binding": "path",
  "http://a.ml/vocabularies/apiContract#paramName": "poolName",
  "http://a.ml/vocabularies/apiContract#required": "true",
  "http://a.ml/vocabularies/core#description": "The pool name. This must be unique within the account.",
  "http://a.ml/vocabularies/core#name": "PoolNameParameter",
  "http://a.ml/vocabularies/document#customDomainProperties": [{
    "http://a.ml/vocabularies/core#extensionName": "ms-parameter-location",
    "http://a.ml/vocabularies/document#definedBy": {
      "http://a.ml/vocabularies/core#name": null,
      "id": "file:///Users/abettati/sandbox/azure-rest-api-specs/specification/batch/resource-manager/Microsoft.Batch/stable/2020-05-01/BatchManagement.json#/declarations/parameters/parameter/PoolNameParameter/ms-parameter-location"
    },
    "http://a.ml/vocabularies/document#extension": {
      "http://a.ml/vocabularies/core#name": null,
      "http://a.ml/vocabularies/data#value": null,
      "http://www.w3.org/ns/shacl#datatype": null,
      "id": "file:///Users/abettati/sandbox/azure-rest-api-specs/specification/batch/resource-manager/Microsoft.Batch/stable/2020-05-01/BatchManagement.json#/declarations/parameters/parameter/PoolNameParameter/ms-parameter-location/scalar_1"
    },
    "id": "file:///Users/abettati/sandbox/azure-rest-api-specs/specification/batch/resource-manager/Microsoft.Batch/stable/2020-05-01/BatchManagement.json#/declarations/parameters/parameter/PoolNameParameter/extension/ms-parameter-location"
  }],
  "http://a.ml/vocabularies/shapes#schema": {
    "http://a.ml/vocabularies/core#description": "The pool name. This must be unique within the account.",
    "http://a.ml/vocabularies/document#customDomainProperties": [{
      "http://a.ml/vocabularies/core#extensionName": null,
      "http://a.ml/vocabularies/document#definedBy": null,
      "http://a.ml/vocabularies/document#extension": null,
      "id": "file:///Users/abettati/sandbox/azure-rest-api-specs/specification/batch/resource-manager/Microsoft.Batch/stable/2020-05-01/BatchManagement.json#/declarations/parameters/parameter/PoolNameParameter/scalar/schema/extension/ms-parameter-location"
    }],
    "http://www.w3.org/ns/shacl#datatype": "http://www.w3.org/2001/XMLSchema#string",
    "http://www.w3.org/ns/shacl#maxLength": "64",
    "http://www.w3.org/ns/shacl#minLength": "1",
    "http://www.w3.org/ns/shacl#name": "schema",
    "http://www.w3.org/ns/shacl#pattern": "^[a-zA-Z0-9_-]+$",
    "id": "file:///Users/abettati/sandbox/azure-rest-api-specs/specification/batch/resource-manager/Microsoft.Batch/stable/2020-05-01/BatchManagement.json#/declarations/parameters/parameter/PoolNameParameter/scalar/schema"
  },
  "id": "file:///Users/abettati/sandbox/azure-rest-api-specs/specification/batch/resource-manager/Microsoft.Batch/stable/2020-05-01/BatchManagement.json#/declarations/parameters/parameter/PoolNameParameter"
}, {
  "http://a.ml/vocabularies/apiContract#binding": "path",
  "http://a.ml/vocabularies/apiContract#paramName": "certificateName",
  "http://a.ml/vocabularies/apiContract#required": "true",
  "http://a.ml/vocabularies/core#description": "The identifier for the certificate. This must be made up of algorithm and thumbprint separated by a dash, and must match the certificate data in the request. For example SHA1-a3d1c5.",
  "http://a.ml/vocabularies/core#name": "CertificateNameParameter",
  "http://a.ml/vocabularies/document#customDomainProperties": [{
    "http://a.ml/vocabularies/core#extensionName": "ms-parameter-location",
    "http://a.ml/vocabularies/document#definedBy": {
      "http://a.ml/vocabularies/core#name": null,
      "id": "file:///Users/abettati/sandbox/azure-rest-api-specs/specification/batch/resource-manager/Microsoft.Batch/stable/2020-05-01/BatchManagement.json#/declarations/parameters/parameter/CertificateNameParameter/ms-parameter-location"
    },
    "http://a.ml/vocabularies/document#extension": {
      "http://a.ml/vocabularies/core#name": null,
      "http://a.ml/vocabularies/data#value": null,
      "http://www.w3.org/ns/shacl#datatype": null,
      "id": "file:///Users/abettati/sandbox/azure-rest-api-specs/specification/batch/resource-manager/Microsoft.Batch/stable/2020-05-01/BatchManagement.json#/declarations/parameters/parameter/CertificateNameParameter/ms-parameter-location/scalar_1"
    },
    "id": "file:///Users/abettati/sandbox/azure-rest-api-specs/specification/batch/resource-manager/Microsoft.Batch/stable/2020-05-01/BatchManagement.json#/declarations/parameters/parameter/CertificateNameParameter/extension/ms-parameter-location"
  }],
  "http://a.ml/vocabularies/shapes#schema": {
    "http://a.ml/vocabularies/core#description": "The identifier for the certificate. This must be made up of algorithm and thumbprint separated by a dash, and must match the certificate data in the request. For example SHA1-a3d1c5.",
    "http://a.ml/vocabularies/document#customDomainProperties": [{
      "http://a.ml/vocabularies/core#extensionName": null,
      "http://a.ml/vocabularies/document#definedBy": null,
      "http://a.ml/vocabularies/document#extension": null,
      "id": "file:///Users/abettati/sandbox/azure-rest-api-specs/specification/batch/resource-manager/Microsoft.Batch/stable/2020-05-01/BatchManagement.json#/declarations/parameters/parameter/CertificateNameParameter/scalar/schema/extension/ms-parameter-location"
    }],
    "http://www.w3.org/ns/shacl#datatype": "http://www.w3.org/2001/XMLSchema#string",
    "http://www.w3.org/ns/shacl#maxLength": "45",
    "http://www.w3.org/ns/shacl#minLength": "5",
    "http://www.w3.org/ns/shacl#name": "schema",
    "http://www.w3.org/ns/shacl#pattern": "^[\\w]+-[\\w]+$",
    "id": "file:///Users/abettati/sandbox/azure-rest-api-specs/specification/batch/resource-manager/Microsoft.Batch/stable/2020-05-01/BatchManagement.json#/declarations/parameters/parameter/CertificateNameParameter/scalar/schema"
  },
  "id": "file:///Users/abettati/sandbox/azure-rest-api-specs/specification/batch/resource-manager/Microsoft.Batch/stable/2020-05-01/BatchManagement.json#/declarations/parameters/parameter/CertificateNameParameter"
}, {
  "http://a.ml/vocabularies/apiContract#binding": "path",
  "http://a.ml/vocabularies/apiContract#paramName": "resourceGroupName",
  "http://a.ml/vocabularies/apiContract#required": "true",
  "http://a.ml/vocabularies/core#description": "The name of the resource group that contains the Batch account.",
  "http://a.ml/vocabularies/core#name": "ResourceGroupNameParameter",
  "http://a.ml/vocabularies/document#customDomainProperties": [{
    "http://a.ml/vocabularies/core#extensionName": "ms-parameter-location",
    "http://a.ml/vocabularies/document#definedBy": {
      "http://a.ml/vocabularies/core#name": null,
      "id": "file:///Users/abettati/sandbox/azure-rest-api-specs/specification/batch/resource-manager/Microsoft.Batch/stable/2020-05-01/BatchManagement.json#/declarations/parameters/parameter/ResourceGroupNameParameter/ms-parameter-location"
    },
    "http://a.ml/vocabularies/document#extension": {
      "http://a.ml/vocabularies/core#name": null,
      "http://a.ml/vocabularies/data#value": null,
      "http://www.w3.org/ns/shacl#datatype": null,
      "id": "file:///Users/abettati/sandbox/azure-rest-api-specs/specification/batch/resource-manager/Microsoft.Batch/stable/2020-05-01/BatchManagement.json#/declarations/parameters/parameter/ResourceGroupNameParameter/ms-parameter-location/scalar_1"
    },
    "id": "file:///Users/abettati/sandbox/azure-rest-api-specs/specification/batch/resource-manager/Microsoft.Batch/stable/2020-05-01/BatchManagement.json#/declarations/parameters/parameter/ResourceGroupNameParameter/extension/ms-parameter-location"
  }],
  "http://a.ml/vocabularies/shapes#schema": {
    "http://a.ml/vocabularies/core#description": "The name of the resource group that contains the Batch account.",
    "http://a.ml/vocabularies/document#customDomainProperties": [{
      "http://a.ml/vocabularies/core#extensionName": null,
      "http://a.ml/vocabularies/document#definedBy": null,
      "http://a.ml/vocabularies/document#extension": null,
      "id": "file:///Users/abettati/sandbox/azure-rest-api-specs/specification/batch/resource-manager/Microsoft.Batch/stable/2020-05-01/BatchManagement.json#/declarations/parameters/parameter/ResourceGroupNameParameter/scalar/schema/extension/ms-parameter-location"
    }],
    "http://www.w3.org/ns/shacl#datatype": "http://www.w3.org/2001/XMLSchema#string",
    "http://www.w3.org/ns/shacl#name": "schema",
    "id": "file:///Users/abettati/sandbox/azure-rest-api-specs/specification/batch/resource-manager/Microsoft.Batch/stable/2020-05-01/BatchManagement.json#/declarations/parameters/parameter/ResourceGroupNameParameter/scalar/schema"
  },
  "id": "file:///Users/abettati/sandbox/azure-rest-api-specs/specification/batch/resource-manager/Microsoft.Batch/stable/2020-05-01/BatchManagement.json#/declarations/parameters/parameter/ResourceGroupNameParameter"
}, {
  "http://a.ml/vocabularies/apiContract#binding": "path",
  "http://a.ml/vocabularies/apiContract#paramName": "accountName",
  "http://a.ml/vocabularies/apiContract#required": "true",
  "http://a.ml/vocabularies/core#description": "The name of the Batch account.",
  "http://a.ml/vocabularies/core#name": "AccountNameParameter",
  "http://a.ml/vocabularies/document#customDomainProperties": [{
    "http://a.ml/vocabularies/core#extensionName": "ms-parameter-location",
    "http://a.ml/vocabularies/document#definedBy": {
      "http://a.ml/vocabularies/core#name": null,
      "id": "file:///Users/abettati/sandbox/azure-rest-api-specs/specification/batch/resource-manager/Microsoft.Batch/stable/2020-05-01/BatchManagement.json#/declarations/parameters/parameter/AccountNameParameter/ms-parameter-location"
    },
    "http://a.ml/vocabularies/document#extension": {
      "http://a.ml/vocabularies/core#name": null,
      "http://a.ml/vocabularies/data#value": null,
      "http://www.w3.org/ns/shacl#datatype": null,
      "id": "file:///Users/abettati/sandbox/azure-rest-api-specs/specification/batch/resource-manager/Microsoft.Batch/stable/2020-05-01/BatchManagement.json#/declarations/parameters/parameter/AccountNameParameter/ms-parameter-location/scalar_1"
    },
    "id": "file:///Users/abettati/sandbox/azure-rest-api-specs/specification/batch/resource-manager/Microsoft.Batch/stable/2020-05-01/BatchManagement.json#/declarations/parameters/parameter/AccountNameParameter/extension/ms-parameter-location"
  }],
  "http://a.ml/vocabularies/shapes#schema": {
    "http://a.ml/vocabularies/core#description": "The name of the Batch account.",
    "http://a.ml/vocabularies/document#customDomainProperties": [{
      "http://a.ml/vocabularies/core#extensionName": null,
      "http://a.ml/vocabularies/document#definedBy": null,
      "http://a.ml/vocabularies/document#extension": null,
      "id": "file:///Users/abettati/sandbox/azure-rest-api-specs/specification/batch/resource-manager/Microsoft.Batch/stable/2020-05-01/BatchManagement.json#/declarations/parameters/parameter/AccountNameParameter/scalar/schema/extension/ms-parameter-location"
    }],
    "http://www.w3.org/ns/shacl#datatype": "http://www.w3.org/2001/XMLSchema#string",
    "http://www.w3.org/ns/shacl#maxLength": "24",
    "http://www.w3.org/ns/shacl#minLength": "3",
    "http://www.w3.org/ns/shacl#name": "schema",
    "http://www.w3.org/ns/shacl#pattern": "^[a-zA-Z0-9]+$",
    "id": "file:///Users/abettati/sandbox/azure-rest-api-specs/specification/batch/resource-manager/Microsoft.Batch/stable/2020-05-01/BatchManagement.json#/declarations/parameters/parameter/AccountNameParameter/scalar/schema"
  },
  "id": "file:///Users/abettati/sandbox/azure-rest-api-specs/specification/batch/resource-manager/Microsoft.Batch/stable/2020-05-01/BatchManagement.json#/declarations/parameters/parameter/AccountNameParameter"
}, {
  "http://a.ml/vocabularies/apiContract#binding": "header",
  "http://a.ml/vocabularies/apiContract#required": "true",
  "http://a.ml/vocabularies/core#description": "The URL of the resource used to check the status of the asynchronous operation.",
  "http://a.ml/vocabularies/core#name": "Location",
  "http://a.ml/vocabularies/shapes#schema": {
    "http://a.ml/vocabularies/core#description": "The URL of the resource used to check the status of the asynchronous operation.",
    "http://www.w3.org/ns/shacl#datatype": "http://www.w3.org/2001/XMLSchema#string",
    "http://www.w3.org/ns/shacl#name": "schema",
    "id": "file:///Users/abettati/sandbox/azure-rest-api-specs/specification/batch/resource-manager/Microsoft.Batch/stable/2020-05-01/BatchManagement.json#/web-api/end-points/%2Fsubscriptions%2F%7BsubscriptionId%7D%2FresourceGroups%2F%7BresourceGroupName%7D%2Fproviders%2FMicrosoft.Batch%2FbatchAccounts%2F%7BaccountName%7D/put/202/parameter/Location/scalar/schema"
  },
  "id": "file:///Users/abettati/sandbox/azure-rest-api-specs/specification/batch/resource-manager/Microsoft.Batch/stable/2020-05-01/BatchManagement.json#/web-api/end-points/%2Fsubscriptions%2F%7BsubscriptionId%7D%2FresourceGroups%2F%7BresourceGroupName%7D%2Fproviders%2FMicrosoft.Batch%2FbatchAccounts%2F%7BaccountName%7D/put/202/parameter/Location"
}, {
  "http://a.ml/vocabularies/apiContract#binding": "header",
  "http://a.ml/vocabularies/apiContract#required": "true",
  "http://a.ml/vocabularies/core#description": "Suggested delay to check the status of the asynchronous operation. The value is an integer that specifies the delay in seconds.",
  "http://a.ml/vocabularies/core#name": "Retry-After",
  "http://a.ml/vocabularies/shapes#schema": {
    "http://a.ml/vocabularies/core#description": "Suggested delay to check the status of the asynchronous operation. The value is an integer that specifies the delay in seconds.",
    "http://a.ml/vocabularies/shapes#format": "int32",
    "http://www.w3.org/ns/shacl#datatype": "http://www.w3.org/2001/XMLSchema#integer",
    "http://www.w3.org/ns/shacl#name": "schema",
    "id": "file:///Users/abettati/sandbox/azure-rest-api-specs/specification/batch/resource-manager/Microsoft.Batch/stable/2020-05-01/BatchManagement.json#/web-api/end-points/%2Fsubscriptions%2F%7BsubscriptionId%7D%2FresourceGroups%2F%7BresourceGroupName%7D%2Fproviders%2FMicrosoft.Batch%2FbatchAccounts%2F%7BaccountName%7D/put/202/parameter/Retry-After/scalar/schema"
  },
  "id": "file:///Users/abettati/sandbox/azure-rest-api-specs/specification/batch/resource-manager/Microsoft.Batch/stable/2020-05-01/BatchManagement.json#/web-api/end-points/%2Fsubscriptions%2F%7BsubscriptionId%7D%2FresourceGroups%2F%7BresourceGroupName%7D%2Fproviders%2FMicrosoft.Batch%2FbatchAccounts%2F%7BaccountName%7D/put/202/parameter/Retry-After"
}, {
  "http://a.ml/vocabularies/apiContract#binding": "path",
  "http://a.ml/vocabularies/apiContract#paramName": "accountName",
  "http://a.ml/vocabularies/apiContract#required": "true",
  "http://a.ml/vocabularies/core#description": "A name for the Batch account which must be unique within the region. Batch account names must be between 3 and 24 characters in length and must use only numbers and lowercase letters. This name is used as part of the DNS name that is used to access the Batch service in the region in which the account is created. For example: http://accountname.region.batch.azure.com/.",
  "http://a.ml/vocabularies/core#name": "accountName",
  "http://a.ml/vocabularies/shapes#schema": {
    "http://a.ml/vocabularies/core#description": "A name for the Batch account which must be unique within the region. Batch account names must be between 3 and 24 characters in length and must use only numbers and lowercase letters. This name is used as part of the DNS name that is used to access the Batch service in the region in which the account is created. For example: http://accountname.region.batch.azure.com/.",
    "http://www.w3.org/ns/shacl#datatype": "http://www.w3.org/2001/XMLSchema#string",
    "http://www.w3.org/ns/shacl#maxLength": "24",
    "http://www.w3.org/ns/shacl#minLength": "3",
    "http://www.w3.org/ns/shacl#name": "schema",
    "http://www.w3.org/ns/shacl#pattern": "^[a-z0-9]+$",
    "id": "file:///Users/abettati/sandbox/azure-rest-api-specs/specification/batch/resource-manager/Microsoft.Batch/stable/2020-05-01/BatchManagement.json#/web-api/end-points/%2Fsubscriptions%2F%7BsubscriptionId%7D%2FresourceGroups%2F%7BresourceGroupName%7D%2Fproviders%2FMicrosoft.Batch%2FbatchAccounts%2F%7BaccountName%7D/put/request/parameter/accountName/scalar/schema"
  },
  "id": "file:///Users/abettati/sandbox/azure-rest-api-specs/specification/batch/resource-manager/Microsoft.Batch/stable/2020-05-01/BatchManagement.json#/web-api/end-points/%2Fsubscriptions%2F%7BsubscriptionId%7D%2FresourceGroups%2F%7BresourceGroupName%7D%2Fproviders%2FMicrosoft.Batch%2FbatchAccounts%2F%7BaccountName%7D/put/request/parameter/accountName"
}, {
  "http://a.ml/vocabularies/apiContract#binding": "header",
  "http://a.ml/vocabularies/apiContract#required": "true",
  "http://a.ml/vocabularies/core#description": "The URL of the resource used to check the status of the asynchronous operation.",
  "http://a.ml/vocabularies/core#name": "Location",
  "http://a.ml/vocabularies/shapes#schema": {
    "http://a.ml/vocabularies/core#description": "The URL of the resource used to check the status of the asynchronous operation.",
    "http://www.w3.org/ns/shacl#datatype": "http://www.w3.org/2001/XMLSchema#string",
    "http://www.w3.org/ns/shacl#name": "schema",
    "id": "file:///Users/abettati/sandbox/azure-rest-api-specs/specification/batch/resource-manager/Microsoft.Batch/stable/2020-05-01/BatchManagement.json#/web-api/end-points/%2Fsubscriptions%2F%7BsubscriptionId%7D%2FresourceGroups%2F%7BresourceGroupName%7D%2Fproviders%2FMicrosoft.Batch%2FbatchAccounts%2F%7BaccountName%7D/delete/202/parameter/Location/scalar/schema"
  },
  "id": "file:///Users/abettati/sandbox/azure-rest-api-specs/specification/batch/resource-manager/Microsoft.Batch/stable/2020-05-01/BatchManagement.json#/web-api/end-points/%2Fsubscriptions%2F%7BsubscriptionId%7D%2FresourceGroups%2F%7BresourceGroupName%7D%2Fproviders%2FMicrosoft.Batch%2FbatchAccounts%2F%7BaccountName%7D/delete/202/parameter/Location"
}, {
  "http://a.ml/vocabularies/apiContract#binding": "header",
  "http://a.ml/vocabularies/apiContract#required": "true",
  "http://a.ml/vocabularies/core#description": "Suggested delay to check the status of the asynchronous operation. The value is an integer that specifies the delay in seconds.",
  "http://a.ml/vocabularies/core#name": "Retry-After",
  "http://a.ml/vocabularies/shapes#schema": {
    "http://a.ml/vocabularies/core#description": "Suggested delay to check the status of the asynchronous operation. The value is an integer that specifies the delay in seconds.",
    "http://a.ml/vocabularies/shapes#format": "int32",
    "http://www.w3.org/ns/shacl#datatype": "http://www.w3.org/2001/XMLSchema#integer",
    "http://www.w3.org/ns/shacl#name": "schema",
    "id": "file:///Users/abettati/sandbox/azure-rest-api-specs/specification/batch/resource-manager/Microsoft.Batch/stable/2020-05-01/BatchManagement.json#/web-api/end-points/%2Fsubscriptions%2F%7BsubscriptionId%7D%2FresourceGroups%2F%7BresourceGroupName%7D%2Fproviders%2FMicrosoft.Batch%2FbatchAccounts%2F%7BaccountName%7D/delete/202/parameter/Retry-After/scalar/schema"
  },
  "id": "file:///Users/abettati/sandbox/azure-rest-api-specs/specification/batch/resource-manager/Microsoft.Batch/stable/2020-05-01/BatchManagement.json#/web-api/end-points/%2Fsubscriptions%2F%7BsubscriptionId%7D%2FresourceGroups%2F%7BresourceGroupName%7D%2Fproviders%2FMicrosoft.Batch%2FbatchAccounts%2F%7BaccountName%7D/delete/202/parameter/Retry-After"
}, {
  "http://a.ml/vocabularies/apiContract#binding": "query",
  "http://a.ml/vocabularies/apiContract#paramName": "maxresults",
  "http://a.ml/vocabularies/apiContract#required": "false",
  "http://a.ml/vocabularies/core#description": "The maximum number of items to return in the response.",
  "http://a.ml/vocabularies/core#name": "maxresults",
  "http://a.ml/vocabularies/shapes#schema": {
    "http://a.ml/vocabularies/core#description": "The maximum number of items to return in the response.",
    "http://a.ml/vocabularies/shapes#format": "int32",
    "http://www.w3.org/ns/shacl#datatype": "http://www.w3.org/2001/XMLSchema#integer",
    "http://www.w3.org/ns/shacl#name": "schema",
    "id": "file:///Users/abettati/sandbox/azure-rest-api-specs/specification/batch/resource-manager/Microsoft.Batch/stable/2020-05-01/BatchManagement.json#/web-api/end-points/%2Fsubscriptions%2F%7BsubscriptionId%7D%2FresourceGroups%2F%7BresourceGroupName%7D%2Fproviders%2FMicrosoft.Batch%2FbatchAccounts%2F%7BaccountName%7D%2Fapplications/get/request/parameter/maxresults/scalar/schema"
  },
  "id": "file:///Users/abettati/sandbox/azure-rest-api-specs/specification/batch/resource-manager/Microsoft.Batch/stable/2020-05-01/BatchManagement.json#/web-api/end-points/%2Fsubscriptions%2F%7BsubscriptionId%7D%2FresourceGroups%2F%7BresourceGroupName%7D%2Fproviders%2FMicrosoft.Batch%2FbatchAccounts%2F%7BaccountName%7D%2Fapplications/get/request/parameter/maxresults"
}, {
  "http://a.ml/vocabularies/apiContract#binding": "query",
  "http://a.ml/vocabularies/apiContract#paramName": "maxresults",
  "http://a.ml/vocabularies/apiContract#required": "false",
  "http://a.ml/vocabularies/core#description": "The maximum number of items to return in the response.",
  "http://a.ml/vocabularies/core#name": "maxresults",
  "http://a.ml/vocabularies/shapes#schema": {
    "http://a.ml/vocabularies/core#description": "The maximum number of items to return in the response.",
    "http://a.ml/vocabularies/shapes#format": "int32",
    "http://www.w3.org/ns/shacl#datatype": "http://www.w3.org/2001/XMLSchema#integer",
    "http://www.w3.org/ns/shacl#name": "schema",
    "id": "file:///Users/abettati/sandbox/azure-rest-api-specs/specification/batch/resource-manager/Microsoft.Batch/stable/2020-05-01/BatchManagement.json#/web-api/end-points/%2Fsubscriptions%2F%7BsubscriptionId%7D%2FresourceGroups%2F%7BresourceGroupName%7D%2Fproviders%2FMicrosoft.Batch%2FbatchAccounts%2F%7BaccountName%7D%2Fapplications%2F%7BapplicationName%7D%2Fversions/get/request/parameter/maxresults/scalar/schema"
  },
  "id": "file:///Users/abettati/sandbox/azure-rest-api-specs/specification/batch/resource-manager/Microsoft.Batch/stable/2020-05-01/BatchManagement.json#/web-api/end-points/%2Fsubscriptions%2F%7BsubscriptionId%7D%2FresourceGroups%2F%7BresourceGroupName%7D%2Fproviders%2FMicrosoft.Batch%2FbatchAccounts%2F%7BaccountName%7D%2Fapplications%2F%7BapplicationName%7D%2Fversions/get/request/parameter/maxresults"
}, {
  "http://a.ml/vocabularies/apiContract#binding": "path",
  "http://a.ml/vocabularies/apiContract#paramName": "locationName",
  "http://a.ml/vocabularies/apiContract#required": "true",
  "http://a.ml/vocabularies/core#description": "The region for which to retrieve Batch service quotas.",
  "http://a.ml/vocabularies/core#name": "locationName",
  "http://a.ml/vocabularies/shapes#schema": {
    "http://a.ml/vocabularies/core#description": "The region for which to retrieve Batch service quotas.",
    "http://www.w3.org/ns/shacl#datatype": "http://www.w3.org/2001/XMLSchema#string",
    "http://www.w3.org/ns/shacl#name": "schema",
    "id": "file:///Users/abettati/sandbox/azure-rest-api-specs/specification/batch/resource-manager/Microsoft.Batch/stable/2020-05-01/BatchManagement.json#/web-api/end-points/%2Fsubscriptions%2F%7BsubscriptionId%7D%2Fproviders%2FMicrosoft.Batch%2Flocations%2F%7BlocationName%7D%2Fquotas/get/request/parameter/locationName/scalar/schema"
  },
  "id": "file:///Users/abettati/sandbox/azure-rest-api-specs/specification/batch/resource-manager/Microsoft.Batch/stable/2020-05-01/BatchManagement.json#/web-api/end-points/%2Fsubscriptions%2F%7BsubscriptionId%7D%2Fproviders%2FMicrosoft.Batch%2Flocations%2F%7BlocationName%7D%2Fquotas/get/request/parameter/locationName"
}, {
  "http://a.ml/vocabularies/apiContract#binding": "path",
  "http://a.ml/vocabularies/apiContract#paramName": "locationName",
  "http://a.ml/vocabularies/apiContract#required": "true",
  "http://a.ml/vocabularies/core#description": "The desired region for the name check.",
  "http://a.ml/vocabularies/core#name": "locationName",
  "http://a.ml/vocabularies/shapes#schema": {
    "http://a.ml/vocabularies/core#description": "The desired region for the name check.",
    "http://www.w3.org/ns/shacl#datatype": "http://www.w3.org/2001/XMLSchema#string",
    "http://www.w3.org/ns/shacl#name": "schema",
    "id": "file:///Users/abettati/sandbox/azure-rest-api-specs/specification/batch/resource-manager/Microsoft.Batch/stable/2020-05-01/BatchManagement.json#/web-api/end-points/%2Fsubscriptions%2F%7BsubscriptionId%7D%2Fproviders%2FMicrosoft.Batch%2Flocations%2F%7BlocationName%7D%2FcheckNameAvailability/post/request/parameter/locationName/scalar/schema"
  },
  "id": "file:///Users/abettati/sandbox/azure-rest-api-specs/specification/batch/resource-manager/Microsoft.Batch/stable/2020-05-01/BatchManagement.json#/web-api/end-points/%2Fsubscriptions%2F%7BsubscriptionId%7D%2Fproviders%2FMicrosoft.Batch%2Flocations%2F%7BlocationName%7D%2FcheckNameAvailability/post/request/parameter/locationName"
}, {
  "http://a.ml/vocabularies/apiContract#binding": "query",
  "http://a.ml/vocabularies/apiContract#paramName": "maxresults",
  "http://a.ml/vocabularies/apiContract#required": "false",
  "http://a.ml/vocabularies/core#description": "The maximum number of items to return in the response.",
  "http://a.ml/vocabularies/core#name": "maxresults",
  "http://a.ml/vocabularies/shapes#schema": {
    "http://a.ml/vocabularies/core#description": "The maximum number of items to return in the response.",
    "http://a.ml/vocabularies/shapes#format": "int32",
    "http://www.w3.org/ns/shacl#datatype": "http://www.w3.org/2001/XMLSchema#integer",
    "http://www.w3.org/ns/shacl#name": "schema",
    "id": "file:///Users/abettati/sandbox/azure-rest-api-specs/specification/batch/resource-manager/Microsoft.Batch/stable/2020-05-01/BatchManagement.json#/web-api/end-points/%2Fsubscriptions%2F%7BsubscriptionId%7D%2FresourceGroups%2F%7BresourceGroupName%7D%2Fproviders%2FMicrosoft.Batch%2FbatchAccounts%2F%7BaccountName%7D%2Fcertificates/get/request/parameter/maxresults/scalar/schema"
  },
  "id": "file:///Users/abettati/sandbox/azure-rest-api-specs/specification/batch/resource-manager/Microsoft.Batch/stable/2020-05-01/BatchManagement.json#/web-api/end-points/%2Fsubscriptions%2F%7BsubscriptionId%7D%2FresourceGroups%2F%7BresourceGroupName%7D%2Fproviders%2FMicrosoft.Batch%2FbatchAccounts%2F%7BaccountName%7D%2Fcertificates/get/request/parameter/maxresults"
}, {
  "http://a.ml/vocabularies/apiContract#binding": "query",
  "http://a.ml/vocabularies/apiContract#paramName": "$select",
  "http://a.ml/vocabularies/apiContract#required": "false",
  "http://a.ml/vocabularies/core#description": "Comma separated list of properties that should be returned. e.g. \"properties/provisioningState\". Only top level properties under properties/ are valid for selection.",
  "http://a.ml/vocabularies/core#name": "$select",
  "http://a.ml/vocabularies/shapes#schema": {
    "http://a.ml/vocabularies/core#description": "Comma separated list of properties that should be returned. e.g. \"properties/provisioningState\". Only top level properties under properties/ are valid for selection.",
    "http://www.w3.org/ns/shacl#datatype": "http://www.w3.org/2001/XMLSchema#string",
    "http://www.w3.org/ns/shacl#name": "schema",
    "id": "file:///Users/abettati/sandbox/azure-rest-api-specs/specification/batch/resource-manager/Microsoft.Batch/stable/2020-05-01/BatchManagement.json#/web-api/end-points/%2Fsubscriptions%2F%7BsubscriptionId%7D%2FresourceGroups%2F%7BresourceGroupName%7D%2Fproviders%2FMicrosoft.Batch%2FbatchAccounts%2F%7BaccountName%7D%2Fcertificates/get/request/parameter/%24select/scalar/schema"
  },
  "id": "file:///Users/abettati/sandbox/azure-rest-api-specs/specification/batch/resource-manager/Microsoft.Batch/stable/2020-05-01/BatchManagement.json#/web-api/end-points/%2Fsubscriptions%2F%7BsubscriptionId%7D%2FresourceGroups%2F%7BresourceGroupName%7D%2Fproviders%2FMicrosoft.Batch%2FbatchAccounts%2F%7BaccountName%7D%2Fcertificates/get/request/parameter/%24select"
}, {
  "http://a.ml/vocabularies/apiContract#binding": "query",
  "http://a.ml/vocabularies/apiContract#paramName": "$filter",
  "http://a.ml/vocabularies/apiContract#required": "false",
  "http://a.ml/vocabularies/core#description": "OData filter expression. Valid properties for filtering are \"properties/provisioningState\", \"properties/provisioningStateTransitionTime\", \"name\".",
  "http://a.ml/vocabularies/core#name": "$filter",
  "http://a.ml/vocabularies/shapes#schema": {
    "http://a.ml/vocabularies/core#description": "OData filter expression. Valid properties for filtering are \"properties/provisioningState\", \"properties/provisioningStateTransitionTime\", \"name\".",
    "http://www.w3.org/ns/shacl#datatype": "http://www.w3.org/2001/XMLSchema#string",
    "http://www.w3.org/ns/shacl#name": "schema",
    "id": "file:///Users/abettati/sandbox/azure-rest-api-specs/specification/batch/resource-manager/Microsoft.Batch/stable/2020-05-01/BatchManagement.json#/web-api/end-points/%2Fsubscriptions%2F%7BsubscriptionId%7D%2FresourceGroups%2F%7BresourceGroupName%7D%2Fproviders%2FMicrosoft.Batch%2FbatchAccounts%2F%7BaccountName%7D%2Fcertificates/get/request/parameter/%24filter/scalar/schema"
  },
  "id": "file:///Users/abettati/sandbox/azure-rest-api-specs/specification/batch/resource-manager/Microsoft.Batch/stable/2020-05-01/BatchManagement.json#/web-api/end-points/%2Fsubscriptions%2F%7BsubscriptionId%7D%2FresourceGroups%2F%7BresourceGroupName%7D%2Fproviders%2FMicrosoft.Batch%2FbatchAccounts%2F%7BaccountName%7D%2Fcertificates/get/request/parameter/%24filter"
}, {
  "http://a.ml/vocabularies/apiContract#binding": "header",
  "http://a.ml/vocabularies/apiContract#required": "true",
  "http://a.ml/vocabularies/core#description": "The ETag HTTP response header. This is an opaque string. You can use it to detect whether the resource has changed between requests. In particular, you can pass the ETag to one of the If-Match or If-None-Match headers.",
  "http://a.ml/vocabularies/core#name": "ETag",
  "http://a.ml/vocabularies/shapes#schema": {
    "http://a.ml/vocabularies/core#description": "The ETag HTTP response header. This is an opaque string. You can use it to detect whether the resource has changed between requests. In particular, you can pass the ETag to one of the If-Match or If-None-Match headers.",
    "http://www.w3.org/ns/shacl#datatype": "http://www.w3.org/2001/XMLSchema#string",
    "http://www.w3.org/ns/shacl#name": "schema",
    "id": "file:///Users/abettati/sandbox/azure-rest-api-specs/specification/batch/resource-manager/Microsoft.Batch/stable/2020-05-01/BatchManagement.json#/web-api/end-points/%2Fsubscriptions%2F%7BsubscriptionId%7D%2FresourceGroups%2F%7BresourceGroupName%7D%2Fproviders%2FMicrosoft.Batch%2FbatchAccounts%2F%7BaccountName%7D%2Fcertificates%2F%7BcertificateName%7D/put/200/parameter/ETag/scalar/schema"
  },
  "id": "file:///Users/abettati/sandbox/azure-rest-api-specs/specification/batch/resource-manager/Microsoft.Batch/stable/2020-05-01/BatchManagement.json#/web-api/end-points/%2Fsubscriptions%2F%7BsubscriptionId%7D%2FresourceGroups%2F%7BresourceGroupName%7D%2Fproviders%2FMicrosoft.Batch%2FbatchAccounts%2F%7BaccountName%7D%2Fcertificates%2F%7BcertificateName%7D/put/200/parameter/ETag"
}, {
  "http://a.ml/vocabularies/apiContract#binding": "header",
  "http://a.ml/vocabularies/apiContract#paramName": "If-Match",
  "http://a.ml/vocabularies/apiContract#required": "false",
  "http://a.ml/vocabularies/core#description": "The entity state (ETag) version of the certificate to update. A value of \"*\" can be used to apply the operation only if the certificate already exists. If omitted, this operation will always be applied.",
  "http://a.ml/vocabularies/core#name": "If-Match",
  "http://a.ml/vocabularies/shapes#schema": {
    "http://a.ml/vocabularies/core#description": "The entity state (ETag) version of the certificate to update. A value of \"*\" can be used to apply the operation only if the certificate already exists. If omitted, this operation will always be applied.",
    "http://www.w3.org/ns/shacl#datatype": "http://www.w3.org/2001/XMLSchema#string",
    "http://www.w3.org/ns/shacl#name": "schema",
    "id": "file:///Users/abettati/sandbox/azure-rest-api-specs/specification/batch/resource-manager/Microsoft.Batch/stable/2020-05-01/BatchManagement.json#/web-api/end-points/%2Fsubscriptions%2F%7BsubscriptionId%7D%2FresourceGroups%2F%7BresourceGroupName%7D%2Fproviders%2FMicrosoft.Batch%2FbatchAccounts%2F%7BaccountName%7D%2Fcertificates%2F%7BcertificateName%7D/put/request/parameter/If-Match/scalar/schema"
  },
  "id": "file:///Users/abettati/sandbox/azure-rest-api-specs/specification/batch/resource-manager/Microsoft.Batch/stable/2020-05-01/BatchManagement.json#/web-api/end-points/%2Fsubscriptions%2F%7BsubscriptionId%7D%2FresourceGroups%2F%7BresourceGroupName%7D%2Fproviders%2FMicrosoft.Batch%2FbatchAccounts%2F%7BaccountName%7D%2Fcertificates%2F%7BcertificateName%7D/put/request/parameter/If-Match"
}, {
  "http://a.ml/vocabularies/apiContract#binding": "header",
  "http://a.ml/vocabularies/apiContract#paramName": "If-None-Match",
  "http://a.ml/vocabularies/apiContract#required": "false",
  "http://a.ml/vocabularies/core#description": "Set to '*' to allow a new certificate to be created, but to prevent updating an existing certificate. Other values will be ignored.",
  "http://a.ml/vocabularies/core#name": "If-None-Match",
  "http://a.ml/vocabularies/shapes#schema": {
    "http://a.ml/vocabularies/core#description": "Set to '*' to allow a new certificate to be created, but to prevent updating an existing certificate. Other values will be ignored.",
    "http://www.w3.org/ns/shacl#datatype": "http://www.w3.org/2001/XMLSchema#string",
    "http://www.w3.org/ns/shacl#name": "schema",
    "id": "file:///Users/abettati/sandbox/azure-rest-api-specs/specification/batch/resource-manager/Microsoft.Batch/stable/2020-05-01/BatchManagement.json#/web-api/end-points/%2Fsubscriptions%2F%7BsubscriptionId%7D%2FresourceGroups%2F%7BresourceGroupName%7D%2Fproviders%2FMicrosoft.Batch%2FbatchAccounts%2F%7BaccountName%7D%2Fcertificates%2F%7BcertificateName%7D/put/request/parameter/If-None-Match/scalar/schema"
  },
  "id": "file:///Users/abettati/sandbox/azure-rest-api-specs/specification/batch/resource-manager/Microsoft.Batch/stable/2020-05-01/BatchManagement.json#/web-api/end-points/%2Fsubscriptions%2F%7BsubscriptionId%7D%2FresourceGroups%2F%7BresourceGroupName%7D%2Fproviders%2FMicrosoft.Batch%2FbatchAccounts%2F%7BaccountName%7D%2Fcertificates%2F%7BcertificateName%7D/put/request/parameter/If-None-Match"
}, {
  "http://a.ml/vocabularies/apiContract#binding": "header",
  "http://a.ml/vocabularies/apiContract#required": "true",
  "http://a.ml/vocabularies/core#description": "The ETag HTTP response header. This is an opaque string. You can use it to detect whether the resource has changed between requests. In particular, you can pass the ETag to one of the If-Match or If-None-Match headers.",
  "http://a.ml/vocabularies/core#name": "ETag",
  "http://a.ml/vocabularies/shapes#schema": {
    "http://a.ml/vocabularies/core#description": "The ETag HTTP response header. This is an opaque string. You can use it to detect whether the resource has changed between requests. In particular, you can pass the ETag to one of the If-Match or If-None-Match headers.",
    "http://www.w3.org/ns/shacl#datatype": "http://www.w3.org/2001/XMLSchema#string",
    "http://www.w3.org/ns/shacl#name": "schema",
    "id": "file:///Users/abettati/sandbox/azure-rest-api-specs/specification/batch/resource-manager/Microsoft.Batch/stable/2020-05-01/BatchManagement.json#/web-api/end-points/%2Fsubscriptions%2F%7BsubscriptionId%7D%2FresourceGroups%2F%7BresourceGroupName%7D%2Fproviders%2FMicrosoft.Batch%2FbatchAccounts%2F%7BaccountName%7D%2Fcertificates%2F%7BcertificateName%7D/patch/200/parameter/ETag/scalar/schema"
  },
  "id": "file:///Users/abettati/sandbox/azure-rest-api-specs/specification/batch/resource-manager/Microsoft.Batch/stable/2020-05-01/BatchManagement.json#/web-api/end-points/%2Fsubscriptions%2F%7BsubscriptionId%7D%2FresourceGroups%2F%7BresourceGroupName%7D%2Fproviders%2FMicrosoft.Batch%2FbatchAccounts%2F%7BaccountName%7D%2Fcertificates%2F%7BcertificateName%7D/patch/200/parameter/ETag"
}, {
  "http://a.ml/vocabularies/apiContract#binding": "header",
  "http://a.ml/vocabularies/apiContract#paramName": "If-Match",
  "http://a.ml/vocabularies/apiContract#required": "false",
  "http://a.ml/vocabularies/core#description": "The entity state (ETag) version of the certificate to update. This value can be omitted or set to \"*\" to apply the operation unconditionally.",
  "http://a.ml/vocabularies/core#name": "If-Match",
  "http://a.ml/vocabularies/shapes#schema": {
    "http://a.ml/vocabularies/core#description": "The entity state (ETag) version of the certificate to update. This value can be omitted or set to \"*\" to apply the operation unconditionally.",
    "http://www.w3.org/ns/shacl#datatype": "http://www.w3.org/2001/XMLSchema#string",
    "http://www.w3.org/ns/shacl#name": "schema",
    "id": "file:///Users/abettati/sandbox/azure-rest-api-specs/specification/batch/resource-manager/Microsoft.Batch/stable/2020-05-01/BatchManagement.json#/web-api/end-points/%2Fsubscriptions%2F%7BsubscriptionId%7D%2FresourceGroups%2F%7BresourceGroupName%7D%2Fproviders%2FMicrosoft.Batch%2FbatchAccounts%2F%7BaccountName%7D%2Fcertificates%2F%7BcertificateName%7D/patch/request/parameter/If-Match/scalar/schema"
  },
  "id": "file:///Users/abettati/sandbox/azure-rest-api-specs/specification/batch/resource-manager/Microsoft.Batch/stable/2020-05-01/BatchManagement.json#/web-api/end-points/%2Fsubscriptions%2F%7BsubscriptionId%7D%2FresourceGroups%2F%7BresourceGroupName%7D%2Fproviders%2FMicrosoft.Batch%2FbatchAccounts%2F%7BaccountName%7D%2Fcertificates%2F%7BcertificateName%7D/patch/request/parameter/If-Match"
}, {
  "http://a.ml/vocabularies/apiContract#binding": "header",
  "http://a.ml/vocabularies/apiContract#required": "true",
  "http://a.ml/vocabularies/core#description": "The URL of the resource used to check the status of the asynchronous operation.",
  "http://a.ml/vocabularies/core#name": "Location",
  "http://a.ml/vocabularies/shapes#schema": {
    "http://a.ml/vocabularies/core#description": "The URL of the resource used to check the status of the asynchronous operation.",
    "http://www.w3.org/ns/shacl#datatype": "http://www.w3.org/2001/XMLSchema#string",
    "http://www.w3.org/ns/shacl#name": "schema",
    "id": "file:///Users/abettati/sandbox/azure-rest-api-specs/specification/batch/resource-manager/Microsoft.Batch/stable/2020-05-01/BatchManagement.json#/web-api/end-points/%2Fsubscriptions%2F%7BsubscriptionId%7D%2FresourceGroups%2F%7BresourceGroupName%7D%2Fproviders%2FMicrosoft.Batch%2FbatchAccounts%2F%7BaccountName%7D%2Fcertificates%2F%7BcertificateName%7D/delete/202/parameter/Location/scalar/schema"
  },
  "id": "file:///Users/abettati/sandbox/azure-rest-api-specs/specification/batch/resource-manager/Microsoft.Batch/stable/2020-05-01/BatchManagement.json#/web-api/end-points/%2Fsubscriptions%2F%7BsubscriptionId%7D%2FresourceGroups%2F%7BresourceGroupName%7D%2Fproviders%2FMicrosoft.Batch%2FbatchAccounts%2F%7BaccountName%7D%2Fcertificates%2F%7BcertificateName%7D/delete/202/parameter/Location"
}, {
  "http://a.ml/vocabularies/apiContract#binding": "header",
  "http://a.ml/vocabularies/apiContract#required": "true",
  "http://a.ml/vocabularies/core#description": "Suggested delay to check the status of the asynchronous operation. The value is an integer that represents the seconds.",
  "http://a.ml/vocabularies/core#name": "Retry-After",
  "http://a.ml/vocabularies/shapes#schema": {
    "http://a.ml/vocabularies/core#description": "Suggested delay to check the status of the asynchronous operation. The value is an integer that represents the seconds.",
    "http://a.ml/vocabularies/shapes#format": "int32",
    "http://www.w3.org/ns/shacl#datatype": "http://www.w3.org/2001/XMLSchema#integer",
    "http://www.w3.org/ns/shacl#name": "schema",
    "id": "file:///Users/abettati/sandbox/azure-rest-api-specs/specification/batch/resource-manager/Microsoft.Batch/stable/2020-05-01/BatchManagement.json#/web-api/end-points/%2Fsubscriptions%2F%7BsubscriptionId%7D%2FresourceGroups%2F%7BresourceGroupName%7D%2Fproviders%2FMicrosoft.Batch%2FbatchAccounts%2F%7BaccountName%7D%2Fcertificates%2F%7BcertificateName%7D/delete/202/parameter/Retry-After/scalar/schema"
  },
  "id": "file:///Users/abettati/sandbox/azure-rest-api-specs/specification/batch/resource-manager/Microsoft.Batch/stable/2020-05-01/BatchManagement.json#/web-api/end-points/%2Fsubscriptions%2F%7BsubscriptionId%7D%2FresourceGroups%2F%7BresourceGroupName%7D%2Fproviders%2FMicrosoft.Batch%2FbatchAccounts%2F%7BaccountName%7D%2Fcertificates%2F%7BcertificateName%7D/delete/202/parameter/Retry-After"
}, {
  "http://a.ml/vocabularies/apiContract#binding": "header",
  "http://a.ml/vocabularies/apiContract#required": "true",
  "http://a.ml/vocabularies/core#description": "The ETag HTTP response header. This is an opaque string. You can use it to detect whether the resource has changed between requests. In particular, you can pass the ETag to one of the If-Match or If-None-Match headers.",
  "http://a.ml/vocabularies/core#name": "ETag",
  "http://a.ml/vocabularies/shapes#schema": {
    "http://a.ml/vocabularies/core#description": "The ETag HTTP response header. This is an opaque string. You can use it to detect whether the resource has changed between requests. In particular, you can pass the ETag to one of the If-Match or If-None-Match headers.",
    "http://www.w3.org/ns/shacl#datatype": "http://www.w3.org/2001/XMLSchema#string",
    "http://www.w3.org/ns/shacl#name": "schema",
    "id": "file:///Users/abettati/sandbox/azure-rest-api-specs/specification/batch/resource-manager/Microsoft.Batch/stable/2020-05-01/BatchManagement.json#/web-api/end-points/%2Fsubscriptions%2F%7BsubscriptionId%7D%2FresourceGroups%2F%7BresourceGroupName%7D%2Fproviders%2FMicrosoft.Batch%2FbatchAccounts%2F%7BaccountName%7D%2Fcertificates%2F%7BcertificateName%7D/get/200/parameter/ETag/scalar/schema"
  },
  "id": "file:///Users/abettati/sandbox/azure-rest-api-specs/specification/batch/resource-manager/Microsoft.Batch/stable/2020-05-01/BatchManagement.json#/web-api/end-points/%2Fsubscriptions%2F%7BsubscriptionId%7D%2FresourceGroups%2F%7BresourceGroupName%7D%2Fproviders%2FMicrosoft.Batch%2FbatchAccounts%2F%7BaccountName%7D%2Fcertificates%2F%7BcertificateName%7D/get/200/parameter/ETag"
}, {
  "http://a.ml/vocabularies/apiContract#binding": "header",
  "http://a.ml/vocabularies/apiContract#required": "true",
  "http://a.ml/vocabularies/core#description": "The ETag HTTP response header. This is an opaque string. You can use it to detect whether the resource has changed between requests. In particular, you can pass the ETag to one of the If-Match or If-None-Match headers.",
  "http://a.ml/vocabularies/core#name": "ETag",
  "http://a.ml/vocabularies/shapes#schema": {
    "http://a.ml/vocabularies/core#description": "The ETag HTTP response header. This is an opaque string. You can use it to detect whether the resource has changed between requests. In particular, you can pass the ETag to one of the If-Match or If-None-Match headers.",
    "http://www.w3.org/ns/shacl#datatype": "http://www.w3.org/2001/XMLSchema#string",
    "http://www.w3.org/ns/shacl#name": "schema",
    "id": "file:///Users/abettati/sandbox/azure-rest-api-specs/specification/batch/resource-manager/Microsoft.Batch/stable/2020-05-01/BatchManagement.json#/web-api/end-points/%2Fsubscriptions%2F%7BsubscriptionId%7D%2FresourceGroups%2F%7BresourceGroupName%7D%2Fproviders%2FMicrosoft.Batch%2FbatchAccounts%2F%7BaccountName%7D%2Fcertificates%2F%7BcertificateName%7D%2FcancelDelete/post/200/parameter/ETag/scalar/schema"
  },
  "id": "file:///Users/abettati/sandbox/azure-rest-api-specs/specification/batch/resource-manager/Microsoft.Batch/stable/2020-05-01/BatchManagement.json#/web-api/end-points/%2Fsubscriptions%2F%7BsubscriptionId%7D%2FresourceGroups%2F%7BresourceGroupName%7D%2Fproviders%2FMicrosoft.Batch%2FbatchAccounts%2F%7BaccountName%7D%2Fcertificates%2F%7BcertificateName%7D%2FcancelDelete/post/200/parameter/ETag"
}, {
  "http://a.ml/vocabularies/apiContract#binding": "query",
  "http://a.ml/vocabularies/apiContract#paramName": "maxresults",
  "http://a.ml/vocabularies/apiContract#required": "false",
  "http://a.ml/vocabularies/core#description": "The maximum number of items to return in the response.",
  "http://a.ml/vocabularies/core#name": "maxresults",
  "http://a.ml/vocabularies/shapes#schema": {
    "http://a.ml/vocabularies/core#description": "The maximum number of items to return in the response.",
    "http://a.ml/vocabularies/shapes#format": "int32",
    "http://www.w3.org/ns/shacl#datatype": "http://www.w3.org/2001/XMLSchema#integer",
    "http://www.w3.org/ns/shacl#name": "schema",
    "id": "file:///Users/abettati/sandbox/azure-rest-api-specs/specification/batch/resource-manager/Microsoft.Batch/stable/2020-05-01/BatchManagement.json#/web-api/end-points/%2Fsubscriptions%2F%7BsubscriptionId%7D%2FresourceGroups%2F%7BresourceGroupName%7D%2Fproviders%2FMicrosoft.Batch%2FbatchAccounts%2F%7BaccountName%7D%2FprivateLinkResources/get/request/parameter/maxresults/scalar/schema"
  },
  "id": "file:///Users/abettati/sandbox/azure-rest-api-specs/specification/batch/resource-manager/Microsoft.Batch/stable/2020-05-01/BatchManagement.json#/web-api/end-points/%2Fsubscriptions%2F%7BsubscriptionId%7D%2FresourceGroups%2F%7BresourceGroupName%7D%2Fproviders%2FMicrosoft.Batch%2FbatchAccounts%2F%7BaccountName%7D%2FprivateLinkResources/get/request/parameter/maxresults"
}, {
  "http://a.ml/vocabularies/apiContract#binding": "query",
  "http://a.ml/vocabularies/apiContract#paramName": "maxresults",
  "http://a.ml/vocabularies/apiContract#required": "false",
  "http://a.ml/vocabularies/core#description": "The maximum number of items to return in the response.",
  "http://a.ml/vocabularies/core#name": "maxresults",
  "http://a.ml/vocabularies/shapes#schema": {
    "http://a.ml/vocabularies/core#description": "The maximum number of items to return in the response.",
    "http://a.ml/vocabularies/shapes#format": "int32",
    "http://www.w3.org/ns/shacl#datatype": "http://www.w3.org/2001/XMLSchema#integer",
    "http://www.w3.org/ns/shacl#name": "schema",
    "id": "file:///Users/abettati/sandbox/azure-rest-api-specs/specification/batch/resource-manager/Microsoft.Batch/stable/2020-05-01/BatchManagement.json#/web-api/end-points/%2Fsubscriptions%2F%7BsubscriptionId%7D%2FresourceGroups%2F%7BresourceGroupName%7D%2Fproviders%2FMicrosoft.Batch%2FbatchAccounts%2F%7BaccountName%7D%2FprivateEndpointConnections/get/request/parameter/maxresults/scalar/schema"
  },
  "id": "file:///Users/abettati/sandbox/azure-rest-api-specs/specification/batch/resource-manager/Microsoft.Batch/stable/2020-05-01/BatchManagement.json#/web-api/end-points/%2Fsubscriptions%2F%7BsubscriptionId%7D%2FresourceGroups%2F%7BresourceGroupName%7D%2Fproviders%2FMicrosoft.Batch%2FbatchAccounts%2F%7BaccountName%7D%2FprivateEndpointConnections/get/request/parameter/maxresults"
}, {
  "http://a.ml/vocabularies/apiContract#binding": "header",
  "http://a.ml/vocabularies/apiContract#required": "true",
  "http://a.ml/vocabularies/core#description": "The URL of the resource used to check the status of the asynchronous operation.",
  "http://a.ml/vocabularies/core#name": "Location",
  "http://a.ml/vocabularies/shapes#schema": {
    "http://a.ml/vocabularies/core#description": "The URL of the resource used to check the status of the asynchronous operation.",
    "http://www.w3.org/ns/shacl#datatype": "http://www.w3.org/2001/XMLSchema#string",
    "http://www.w3.org/ns/shacl#name": "schema",
    "id": "file:///Users/abettati/sandbox/azure-rest-api-specs/specification/batch/resource-manager/Microsoft.Batch/stable/2020-05-01/BatchManagement.json#/web-api/end-points/%2Fsubscriptions%2F%7BsubscriptionId%7D%2FresourceGroups%2F%7BresourceGroupName%7D%2Fproviders%2FMicrosoft.Batch%2FbatchAccounts%2F%7BaccountName%7D%2FprivateEndpointConnections%2F%7BprivateEndpointConnectionName%7D/patch/202/parameter/Location/scalar/schema"
  },
  "id": "file:///Users/abettati/sandbox/azure-rest-api-specs/specification/batch/resource-manager/Microsoft.Batch/stable/2020-05-01/BatchManagement.json#/web-api/end-points/%2Fsubscriptions%2F%7BsubscriptionId%7D%2FresourceGroups%2F%7BresourceGroupName%7D%2Fproviders%2FMicrosoft.Batch%2FbatchAccounts%2F%7BaccountName%7D%2FprivateEndpointConnections%2F%7BprivateEndpointConnectionName%7D/patch/202/parameter/Location"
}, {
  "http://a.ml/vocabularies/apiContract#binding": "header",
  "http://a.ml/vocabularies/apiContract#required": "true",
  "http://a.ml/vocabularies/core#description": "Suggested delay to check the status of the asynchronous operation. The value is an integer that represents the seconds.",
  "http://a.ml/vocabularies/core#name": "Retry-After",
  "http://a.ml/vocabularies/shapes#schema": {
    "http://a.ml/vocabularies/core#description": "Suggested delay to check the status of the asynchronous operation. The value is an integer that represents the seconds.",
    "http://a.ml/vocabularies/shapes#format": "int32",
    "http://www.w3.org/ns/shacl#datatype": "http://www.w3.org/2001/XMLSchema#integer",
    "http://www.w3.org/ns/shacl#name": "schema",
    "id": "file:///Users/abettati/sandbox/azure-rest-api-specs/specification/batch/resource-manager/Microsoft.Batch/stable/2020-05-01/BatchManagement.json#/web-api/end-points/%2Fsubscriptions%2F%7BsubscriptionId%7D%2FresourceGroups%2F%7BresourceGroupName%7D%2Fproviders%2FMicrosoft.Batch%2FbatchAccounts%2F%7BaccountName%7D%2FprivateEndpointConnections%2F%7BprivateEndpointConnectionName%7D/patch/202/parameter/Retry-After/scalar/schema"
  },
  "id": "file:///Users/abettati/sandbox/azure-rest-api-specs/specification/batch/resource-manager/Microsoft.Batch/stable/2020-05-01/BatchManagement.json#/web-api/end-points/%2Fsubscriptions%2F%7BsubscriptionId%7D%2FresourceGroups%2F%7BresourceGroupName%7D%2Fproviders%2FMicrosoft.Batch%2FbatchAccounts%2F%7BaccountName%7D%2FprivateEndpointConnections%2F%7BprivateEndpointConnectionName%7D/patch/202/parameter/Retry-After"
}, {
  "http://a.ml/vocabularies/apiContract#binding": "header",
  "http://a.ml/vocabularies/apiContract#paramName": "If-Match",
  "http://a.ml/vocabularies/apiContract#required": "false",
  "http://a.ml/vocabularies/core#description": "The state (ETag) version of the private endpoint connection to update. This value can be omitted or set to \"*\" to apply the operation unconditionally.",
  "http://a.ml/vocabularies/core#name": "If-Match",
  "http://a.ml/vocabularies/shapes#schema": {
    "http://a.ml/vocabularies/core#description": "The state (ETag) version of the private endpoint connection to update. This value can be omitted or set to \"*\" to apply the operation unconditionally.",
    "http://www.w3.org/ns/shacl#datatype": "http://www.w3.org/2001/XMLSchema#string",
    "http://www.w3.org/ns/shacl#name": "schema",
    "id": "file:///Users/abettati/sandbox/azure-rest-api-specs/specification/batch/resource-manager/Microsoft.Batch/stable/2020-05-01/BatchManagement.json#/web-api/end-points/%2Fsubscriptions%2F%7BsubscriptionId%7D%2FresourceGroups%2F%7BresourceGroupName%7D%2Fproviders%2FMicrosoft.Batch%2FbatchAccounts%2F%7BaccountName%7D%2FprivateEndpointConnections%2F%7BprivateEndpointConnectionName%7D/patch/request/parameter/If-Match/scalar/schema"
  },
  "id": "file:///Users/abettati/sandbox/azure-rest-api-specs/specification/batch/resource-manager/Microsoft.Batch/stable/2020-05-01/BatchManagement.json#/web-api/end-points/%2Fsubscriptions%2F%7BsubscriptionId%7D%2FresourceGroups%2F%7BresourceGroupName%7D%2Fproviders%2FMicrosoft.Batch%2FbatchAccounts%2F%7BaccountName%7D%2FprivateEndpointConnections%2F%7BprivateEndpointConnectionName%7D/patch/request/parameter/If-Match"
}, {
  "http://a.ml/vocabularies/apiContract#binding": "query",
  "http://a.ml/vocabularies/apiContract#paramName": "maxresults",
  "http://a.ml/vocabularies/apiContract#required": "false",
  "http://a.ml/vocabularies/core#description": "The maximum number of items to return in the response.",
  "http://a.ml/vocabularies/core#name": "maxresults",
  "http://a.ml/vocabularies/shapes#schema": {
    "http://a.ml/vocabularies/core#description": "The maximum number of items to return in the response.",
    "http://a.ml/vocabularies/shapes#format": "int32",
    "http://www.w3.org/ns/shacl#datatype": "http://www.w3.org/2001/XMLSchema#integer",
    "http://www.w3.org/ns/shacl#name": "schema",
    "id": "file:///Users/abettati/sandbox/azure-rest-api-specs/specification/batch/resource-manager/Microsoft.Batch/stable/2020-05-01/BatchManagement.json#/web-api/end-points/%2Fsubscriptions%2F%7BsubscriptionId%7D%2FresourceGroups%2F%7BresourceGroupName%7D%2Fproviders%2FMicrosoft.Batch%2FbatchAccounts%2F%7BaccountName%7D%2Fpools/get/request/parameter/maxresults/scalar/schema"
  },
  "id": "file:///Users/abettati/sandbox/azure-rest-api-specs/specification/batch/resource-manager/Microsoft.Batch/stable/2020-05-01/BatchManagement.json#/web-api/end-points/%2Fsubscriptions%2F%7BsubscriptionId%7D%2FresourceGroups%2F%7BresourceGroupName%7D%2Fproviders%2FMicrosoft.Batch%2FbatchAccounts%2F%7BaccountName%7D%2Fpools/get/request/parameter/maxresults"
}, {
  "http://a.ml/vocabularies/apiContract#binding": "query",
  "http://a.ml/vocabularies/apiContract#paramName": "$select",
  "http://a.ml/vocabularies/apiContract#required": "false",
  "http://a.ml/vocabularies/core#description": "Comma separated list of properties that should be returned. e.g. \"properties/provisioningState\". Only top level properties under properties/ are valid for selection.",
  "http://a.ml/vocabularies/core#name": "$select",
  "http://a.ml/vocabularies/shapes#schema": {
    "http://a.ml/vocabularies/core#description": "Comma separated list of properties that should be returned. e.g. \"properties/provisioningState\". Only top level properties under properties/ are valid for selection.",
    "http://www.w3.org/ns/shacl#datatype": "http://www.w3.org/2001/XMLSchema#string",
    "http://www.w3.org/ns/shacl#name": "schema",
    "id": "file:///Users/abettati/sandbox/azure-rest-api-specs/specification/batch/resource-manager/Microsoft.Batch/stable/2020-05-01/BatchManagement.json#/web-api/end-points/%2Fsubscriptions%2F%7BsubscriptionId%7D%2FresourceGroups%2F%7BresourceGroupName%7D%2Fproviders%2FMicrosoft.Batch%2FbatchAccounts%2F%7BaccountName%7D%2Fpools/get/request/parameter/%24select/scalar/schema"
  },
  "id": "file:///Users/abettati/sandbox/azure-rest-api-specs/specification/batch/resource-manager/Microsoft.Batch/stable/2020-05-01/BatchManagement.json#/web-api/end-points/%2Fsubscriptions%2F%7BsubscriptionId%7D%2FresourceGroups%2F%7BresourceGroupName%7D%2Fproviders%2FMicrosoft.Batch%2FbatchAccounts%2F%7BaccountName%7D%2Fpools/get/request/parameter/%24select"
}, {
  "http://a.ml/vocabularies/apiContract#binding": "query",
  "http://a.ml/vocabularies/apiContract#paramName": "$filter",
  "http://a.ml/vocabularies/apiContract#required": "false",
  "http://a.ml/vocabularies/core#description": "OData filter expression. Valid properties for filtering are:\n\n name\n properties/allocationState\n properties/allocationStateTransitionTime\n properties/creationTime\n properties/provisioningState\n properties/provisioningStateTransitionTime\n properties/lastModified\n properties/vmSize\n properties/interNodeCommunication\n properties/scaleSettings/autoScale\n properties/scaleSettings/fixedScale",
  "http://a.ml/vocabularies/core#name": "$filter",
  "http://a.ml/vocabularies/shapes#schema": {
    "http://a.ml/vocabularies/core#description": "OData filter expression. Valid properties for filtering are:\n\n name\n properties/allocationState\n properties/allocationStateTransitionTime\n properties/creationTime\n properties/provisioningState\n properties/provisioningStateTransitionTime\n properties/lastModified\n properties/vmSize\n properties/interNodeCommunication\n properties/scaleSettings/autoScale\n properties/scaleSettings/fixedScale",
    "http://www.w3.org/ns/shacl#datatype": "http://www.w3.org/2001/XMLSchema#string",
    "http://www.w3.org/ns/shacl#name": "schema",
    "id": "file:///Users/abettati/sandbox/azure-rest-api-specs/specification/batch/resource-manager/Microsoft.Batch/stable/2020-05-01/BatchManagement.json#/web-api/end-points/%2Fsubscriptions%2F%7BsubscriptionId%7D%2FresourceGroups%2F%7BresourceGroupName%7D%2Fproviders%2FMicrosoft.Batch%2FbatchAccounts%2F%7BaccountName%7D%2Fpools/get/request/parameter/%24filter/scalar/schema"
  },
  "id": "file:///Users/abettati/sandbox/azure-rest-api-specs/specification/batch/resource-manager/Microsoft.Batch/stable/2020-05-01/BatchManagement.json#/web-api/end-points/%2Fsubscriptions%2F%7BsubscriptionId%7D%2FresourceGroups%2F%7BresourceGroupName%7D%2Fproviders%2FMicrosoft.Batch%2FbatchAccounts%2F%7BaccountName%7D%2Fpools/get/request/parameter/%24filter"
}, {
  "http://a.ml/vocabularies/apiContract#binding": "header",
  "http://a.ml/vocabularies/apiContract#required": "true",
  "http://a.ml/vocabularies/core#description": "The ETag HTTP response header. This is an opaque string. You can use it to detect whether the resource has changed between requests. In particular, you can pass the ETag to one of the If-Match or If-None-Match headers.",
  "http://a.ml/vocabularies/core#name": "ETag",
  "http://a.ml/vocabularies/shapes#schema": {
    "http://a.ml/vocabularies/core#description": "The ETag HTTP response header. This is an opaque string. You can use it to detect whether the resource has changed between requests. In particular, you can pass the ETag to one of the If-Match or If-None-Match headers.",
    "http://www.w3.org/ns/shacl#datatype": "http://www.w3.org/2001/XMLSchema#string",
    "http://www.w3.org/ns/shacl#name": "schema",
    "id": "file:///Users/abettati/sandbox/azure-rest-api-specs/specification/batch/resource-manager/Microsoft.Batch/stable/2020-05-01/BatchManagement.json#/web-api/end-points/%2Fsubscriptions%2F%7BsubscriptionId%7D%2FresourceGroups%2F%7BresourceGroupName%7D%2Fproviders%2FMicrosoft.Batch%2FbatchAccounts%2F%7BaccountName%7D%2Fpools%2F%7BpoolName%7D/put/200/parameter/ETag/scalar/schema"
  },
  "id": "file:///Users/abettati/sandbox/azure-rest-api-specs/specification/batch/resource-manager/Microsoft.Batch/stable/2020-05-01/BatchManagement.json#/web-api/end-points/%2Fsubscriptions%2F%7BsubscriptionId%7D%2FresourceGroups%2F%7BresourceGroupName%7D%2Fproviders%2FMicrosoft.Batch%2FbatchAccounts%2F%7BaccountName%7D%2Fpools%2F%7BpoolName%7D/put/200/parameter/ETag"
}, {
  "http://a.ml/vocabularies/apiContract#binding": "header",
  "http://a.ml/vocabularies/apiContract#paramName": "If-Match",
  "http://a.ml/vocabularies/apiContract#required": "false",
  "http://a.ml/vocabularies/core#description": "The entity state (ETag) version of the pool to update. A value of \"*\" can be used to apply the operation only if the pool already exists. If omitted, this operation will always be applied.",
  "http://a.ml/vocabularies/core#name": "If-Match",
  "http://a.ml/vocabularies/shapes#schema": {
    "http://a.ml/vocabularies/core#description": "The entity state (ETag) version of the pool to update. A value of \"*\" can be used to apply the operation only if the pool already exists. If omitted, this operation will always be applied.",
    "http://www.w3.org/ns/shacl#datatype": "http://www.w3.org/2001/XMLSchema#string",
    "http://www.w3.org/ns/shacl#name": "schema",
    "id": "file:///Users/abettati/sandbox/azure-rest-api-specs/specification/batch/resource-manager/Microsoft.Batch/stable/2020-05-01/BatchManagement.json#/web-api/end-points/%2Fsubscriptions%2F%7BsubscriptionId%7D%2FresourceGroups%2F%7BresourceGroupName%7D%2Fproviders%2FMicrosoft.Batch%2FbatchAccounts%2F%7BaccountName%7D%2Fpools%2F%7BpoolName%7D/put/request/parameter/If-Match/scalar/schema"
  },
  "id": "file:///Users/abettati/sandbox/azure-rest-api-specs/specification/batch/resource-manager/Microsoft.Batch/stable/2020-05-01/BatchManagement.json#/web-api/end-points/%2Fsubscriptions%2F%7BsubscriptionId%7D%2FresourceGroups%2F%7BresourceGroupName%7D%2Fproviders%2FMicrosoft.Batch%2FbatchAccounts%2F%7BaccountName%7D%2Fpools%2F%7BpoolName%7D/put/request/parameter/If-Match"
}, {
  "http://a.ml/vocabularies/apiContract#binding": "header",
  "http://a.ml/vocabularies/apiContract#paramName": "If-None-Match",
  "http://a.ml/vocabularies/apiContract#required": "false",
  "http://a.ml/vocabularies/core#description": "Set to '*' to allow a new pool to be created, but to prevent updating an existing pool. Other values will be ignored.",
  "http://a.ml/vocabularies/core#name": "If-None-Match",
  "http://a.ml/vocabularies/shapes#schema": {
    "http://a.ml/vocabularies/core#description": "Set to '*' to allow a new pool to be created, but to prevent updating an existing pool. Other values will be ignored.",
    "http://www.w3.org/ns/shacl#datatype": "http://www.w3.org/2001/XMLSchema#string",
    "http://www.w3.org/ns/shacl#name": "schema",
    "id": "file:///Users/abettati/sandbox/azure-rest-api-specs/specification/batch/resource-manager/Microsoft.Batch/stable/2020-05-01/BatchManagement.json#/web-api/end-points/%2Fsubscriptions%2F%7BsubscriptionId%7D%2FresourceGroups%2F%7BresourceGroupName%7D%2Fproviders%2FMicrosoft.Batch%2FbatchAccounts%2F%7BaccountName%7D%2Fpools%2F%7BpoolName%7D/put/request/parameter/If-None-Match/scalar/schema"
  },
  "id": "file:///Users/abettati/sandbox/azure-rest-api-specs/specification/batch/resource-manager/Microsoft.Batch/stable/2020-05-01/BatchManagement.json#/web-api/end-points/%2Fsubscriptions%2F%7BsubscriptionId%7D%2FresourceGroups%2F%7BresourceGroupName%7D%2Fproviders%2FMicrosoft.Batch%2FbatchAccounts%2F%7BaccountName%7D%2Fpools%2F%7BpoolName%7D/put/request/parameter/If-None-Match"
}, {
  "http://a.ml/vocabularies/apiContract#binding": "header",
  "http://a.ml/vocabularies/apiContract#required": "true",
  "http://a.ml/vocabularies/core#description": "The ETag HTTP response header. This is an opaque string. You can use it to detect whether the resource has changed between requests. In particular, you can pass the ETag to one of the If-Match or If-None-Match headers.",
  "http://a.ml/vocabularies/core#name": "ETag",
  "http://a.ml/vocabularies/shapes#schema": {
    "http://a.ml/vocabularies/core#description": "The ETag HTTP response header. This is an opaque string. You can use it to detect whether the resource has changed between requests. In particular, you can pass the ETag to one of the If-Match or If-None-Match headers.",
    "http://www.w3.org/ns/shacl#datatype": "http://www.w3.org/2001/XMLSchema#string",
    "http://www.w3.org/ns/shacl#name": "schema",
    "id": "file:///Users/abettati/sandbox/azure-rest-api-specs/specification/batch/resource-manager/Microsoft.Batch/stable/2020-05-01/BatchManagement.json#/web-api/end-points/%2Fsubscriptions%2F%7BsubscriptionId%7D%2FresourceGroups%2F%7BresourceGroupName%7D%2Fproviders%2FMicrosoft.Batch%2FbatchAccounts%2F%7BaccountName%7D%2Fpools%2F%7BpoolName%7D/patch/200/parameter/ETag/scalar/schema"
  },
  "id": "file:///Users/abettati/sandbox/azure-rest-api-specs/specification/batch/resource-manager/Microsoft.Batch/stable/2020-05-01/BatchManagement.json#/web-api/end-points/%2Fsubscriptions%2F%7BsubscriptionId%7D%2FresourceGroups%2F%7BresourceGroupName%7D%2Fproviders%2FMicrosoft.Batch%2FbatchAccounts%2F%7BaccountName%7D%2Fpools%2F%7BpoolName%7D/patch/200/parameter/ETag"
}, {
  "http://a.ml/vocabularies/apiContract#binding": "header",
  "http://a.ml/vocabularies/apiContract#paramName": "If-Match",
  "http://a.ml/vocabularies/apiContract#required": "false",
  "http://a.ml/vocabularies/core#description": "The entity state (ETag) version of the pool to update. This value can be omitted or set to \"*\" to apply the operation unconditionally.",
  "http://a.ml/vocabularies/core#name": "If-Match",
  "http://a.ml/vocabularies/shapes#schema": {
    "http://a.ml/vocabularies/core#description": "The entity state (ETag) version of the pool to update. This value can be omitted or set to \"*\" to apply the operation unconditionally.",
    "http://www.w3.org/ns/shacl#datatype": "http://www.w3.org/2001/XMLSchema#string",
    "http://www.w3.org/ns/shacl#name": "schema",
    "id": "file:///Users/abettati/sandbox/azure-rest-api-specs/specification/batch/resource-manager/Microsoft.Batch/stable/2020-05-01/BatchManagement.json#/web-api/end-points/%2Fsubscriptions%2F%7BsubscriptionId%7D%2FresourceGroups%2F%7BresourceGroupName%7D%2Fproviders%2FMicrosoft.Batch%2FbatchAccounts%2F%7BaccountName%7D%2Fpools%2F%7BpoolName%7D/patch/request/parameter/If-Match/scalar/schema"
  },
  "id": "file:///Users/abettati/sandbox/azure-rest-api-specs/specification/batch/resource-manager/Microsoft.Batch/stable/2020-05-01/BatchManagement.json#/web-api/end-points/%2Fsubscriptions%2F%7BsubscriptionId%7D%2FresourceGroups%2F%7BresourceGroupName%7D%2Fproviders%2FMicrosoft.Batch%2FbatchAccounts%2F%7BaccountName%7D%2Fpools%2F%7BpoolName%7D/patch/request/parameter/If-Match"
}, {
  "http://a.ml/vocabularies/apiContract#binding": "header",
  "http://a.ml/vocabularies/apiContract#required": "true",
  "http://a.ml/vocabularies/core#description": "The URL of the resource used to check the status of the asynchronous operation.",
  "http://a.ml/vocabularies/core#name": "Location",
  "http://a.ml/vocabularies/shapes#schema": {
    "http://a.ml/vocabularies/core#description": "The URL of the resource used to check the status of the asynchronous operation.",
    "http://www.w3.org/ns/shacl#datatype": "http://www.w3.org/2001/XMLSchema#string",
    "http://www.w3.org/ns/shacl#name": "schema",
    "id": "file:///Users/abettati/sandbox/azure-rest-api-specs/specification/batch/resource-manager/Microsoft.Batch/stable/2020-05-01/BatchManagement.json#/web-api/end-points/%2Fsubscriptions%2F%7BsubscriptionId%7D%2FresourceGroups%2F%7BresourceGroupName%7D%2Fproviders%2FMicrosoft.Batch%2FbatchAccounts%2F%7BaccountName%7D%2Fpools%2F%7BpoolName%7D/delete/202/parameter/Location/scalar/schema"
  },
  "id": "file:///Users/abettati/sandbox/azure-rest-api-specs/specification/batch/resource-manager/Microsoft.Batch/stable/2020-05-01/BatchManagement.json#/web-api/end-points/%2Fsubscriptions%2F%7BsubscriptionId%7D%2FresourceGroups%2F%7BresourceGroupName%7D%2Fproviders%2FMicrosoft.Batch%2FbatchAccounts%2F%7BaccountName%7D%2Fpools%2F%7BpoolName%7D/delete/202/parameter/Location"
}, {
  "http://a.ml/vocabularies/apiContract#binding": "header",
  "http://a.ml/vocabularies/apiContract#required": "true",
  "http://a.ml/vocabularies/core#description": "Suggested delay to check the status of the asynchronous operation. The value is an integer that represents the seconds.",
  "http://a.ml/vocabularies/core#name": "Retry-After",
  "http://a.ml/vocabularies/shapes#schema": {
    "http://a.ml/vocabularies/core#description": "Suggested delay to check the status of the asynchronous operation. The value is an integer that represents the seconds.",
    "http://a.ml/vocabularies/shapes#format": "int32",
    "http://www.w3.org/ns/shacl#datatype": "http://www.w3.org/2001/XMLSchema#integer",
    "http://www.w3.org/ns/shacl#name": "schema",
    "id": "file:///Users/abettati/sandbox/azure-rest-api-specs/specification/batch/resource-manager/Microsoft.Batch/stable/2020-05-01/BatchManagement.json#/web-api/end-points/%2Fsubscriptions%2F%7BsubscriptionId%7D%2FresourceGroups%2F%7BresourceGroupName%7D%2Fproviders%2FMicrosoft.Batch%2FbatchAccounts%2F%7BaccountName%7D%2Fpools%2F%7BpoolName%7D/delete/202/parameter/Retry-After/scalar/schema"
  },
  "id": "file:///Users/abettati/sandbox/azure-rest-api-specs/specification/batch/resource-manager/Microsoft.Batch/stable/2020-05-01/BatchManagement.json#/web-api/end-points/%2Fsubscriptions%2F%7BsubscriptionId%7D%2FresourceGroups%2F%7BresourceGroupName%7D%2Fproviders%2FMicrosoft.Batch%2FbatchAccounts%2F%7BaccountName%7D%2Fpools%2F%7BpoolName%7D/delete/202/parameter/Retry-After"
}, {
  "http://a.ml/vocabularies/apiContract#binding": "header",
  "http://a.ml/vocabularies/apiContract#required": "true",
  "http://a.ml/vocabularies/core#description": "The ETag HTTP response header. This is an opaque string. You can use it to detect whether the resource has changed between requests. In particular, you can pass the ETag to one of the If-Match or If-None-Match headers.",
  "http://a.ml/vocabularies/core#name": "ETag",
  "http://a.ml/vocabularies/shapes#schema": {
    "http://a.ml/vocabularies/core#description": "The ETag HTTP response header. This is an opaque string. You can use it to detect whether the resource has changed between requests. In particular, you can pass the ETag to one of the If-Match or If-None-Match headers.",
    "http://www.w3.org/ns/shacl#datatype": "http://www.w3.org/2001/XMLSchema#string",
    "http://www.w3.org/ns/shacl#name": "schema",
    "id": "file:///Users/abettati/sandbox/azure-rest-api-specs/specification/batch/resource-manager/Microsoft.Batch/stable/2020-05-01/BatchManagement.json#/web-api/end-points/%2Fsubscriptions%2F%7BsubscriptionId%7D%2FresourceGroups%2F%7BresourceGroupName%7D%2Fproviders%2FMicrosoft.Batch%2FbatchAccounts%2F%7BaccountName%7D%2Fpools%2F%7BpoolName%7D/get/200/parameter/ETag/scalar/schema"
  },
  "id": "file:///Users/abettati/sandbox/azure-rest-api-specs/specification/batch/resource-manager/Microsoft.Batch/stable/2020-05-01/BatchManagement.json#/web-api/end-points/%2Fsubscriptions%2F%7BsubscriptionId%7D%2FresourceGroups%2F%7BresourceGroupName%7D%2Fproviders%2FMicrosoft.Batch%2FbatchAccounts%2F%7BaccountName%7D%2Fpools%2F%7BpoolName%7D/get/200/parameter/ETag"
}, {
  "http://a.ml/vocabularies/apiContract#binding": "header",
  "http://a.ml/vocabularies/apiContract#required": "true",
  "http://a.ml/vocabularies/core#description": "The ETag HTTP response header. This is an opaque string. You can use it to detect whether the resource has changed between requests. In particular, you can pass the ETag to one of the If-Match or If-None-Match headers.",
  "http://a.ml/vocabularies/core#name": "ETag",
  "http://a.ml/vocabularies/shapes#schema": {
    "http://a.ml/vocabularies/core#description": "The ETag HTTP response header. This is an opaque string. You can use it to detect whether the resource has changed between requests. In particular, you can pass the ETag to one of the If-Match or If-None-Match headers.",
    "http://www.w3.org/ns/shacl#datatype": "http://www.w3.org/2001/XMLSchema#string",
    "http://www.w3.org/ns/shacl#name": "schema",
    "id": "file:///Users/abettati/sandbox/azure-rest-api-specs/specification/batch/resource-manager/Microsoft.Batch/stable/2020-05-01/BatchManagement.json#/web-api/end-points/%2Fsubscriptions%2F%7BsubscriptionId%7D%2FresourceGroups%2F%7BresourceGroupName%7D%2Fproviders%2FMicrosoft.Batch%2FbatchAccounts%2F%7BaccountName%7D%2Fpools%2F%7BpoolName%7D%2FdisableAutoScale/post/200/parameter/ETag/scalar/schema"
  },
  "id": "file:///Users/abettati/sandbox/azure-rest-api-specs/specification/batch/resource-manager/Microsoft.Batch/stable/2020-05-01/BatchManagement.json#/web-api/end-points/%2Fsubscriptions%2F%7BsubscriptionId%7D%2FresourceGroups%2F%7BresourceGroupName%7D%2Fproviders%2FMicrosoft.Batch%2FbatchAccounts%2F%7BaccountName%7D%2Fpools%2F%7BpoolName%7D%2FdisableAutoScale/post/200/parameter/ETag"
}, {
  "http://a.ml/vocabularies/apiContract#binding": "header",
  "http://a.ml/vocabularies/apiContract#required": "true",
  "http://a.ml/vocabularies/core#description": "The ETag HTTP response header. This is an opaque string. You can use it to detect whether the resource has changed between requests. In particular, you can pass the ETag to one of the If-Match or If-None-Match headers.",
  "http://a.ml/vocabularies/core#name": "ETag",
  "http://a.ml/vocabularies/shapes#schema": {
    "http://a.ml/vocabularies/core#description": "The ETag HTTP response header. This is an opaque string. You can use it to detect whether the resource has changed between requests. In particular, you can pass the ETag to one of the If-Match or If-None-Match headers.",
    "http://www.w3.org/ns/shacl#datatype": "http://www.w3.org/2001/XMLSchema#string",
    "http://www.w3.org/ns/shacl#name": "schema",
    "id": "file:///Users/abettati/sandbox/azure-rest-api-specs/specification/batch/resource-manager/Microsoft.Batch/stable/2020-05-01/BatchManagement.json#/web-api/end-points/%2Fsubscriptions%2F%7BsubscriptionId%7D%2FresourceGroups%2F%7BresourceGroupName%7D%2Fproviders%2FMicrosoft.Batch%2FbatchAccounts%2F%7BaccountName%7D%2Fpools%2F%7BpoolName%7D%2FstopResize/post/200/parameter/ETag/scalar/schema"
  },
  "id": "file:///Users/abettati/sandbox/azure-rest-api-specs/specification/batch/resource-manager/Microsoft.Batch/stable/2020-05-01/BatchManagement.json#/web-api/end-points/%2Fsubscriptions%2F%7BsubscriptionId%7D%2FresourceGroups%2F%7BresourceGroupName%7D%2Fproviders%2FMicrosoft.Batch%2FbatchAccounts%2F%7BaccountName%7D%2Fpools%2F%7BpoolName%7D%2FstopResize/post/200/parameter/ETag"
}]