[{
  "http://a.ml/vocabularies/apiContract#binding": "path",
  "http://a.ml/vocabularies/apiContract#paramName": "jobName",
  "http://a.ml/vocabularies/apiContract#required": "true",
  "http://a.ml/vocabularies/core#description": "The name of the job within the specified resource group. Job names can only contain a combination of alphanumeric characters along with dash (-) and underscore (_). The name must be from 1 through 64 characters long.",
  "http://a.ml/vocabularies/core#name": "JobNameParameter",
  "http://a.ml/vocabularies/document#customDomainProperties": [{
    "http://a.ml/vocabularies/core#extensionName": "ms-parameter-location",
    "http://a.ml/vocabularies/document#definedBy": {
      "http://a.ml/vocabularies/core#name": null,
      "id": "file:///Users/abettati/sandbox/azure-rest-api-specs/specification/batchai/resource-manager/Microsoft.BatchAI/preview/2017-09-01-preview/BatchAI.json#/declarations/parameters/parameter/JobNameParameter/ms-parameter-location"
    },
    "http://a.ml/vocabularies/document#extension": {
      "http://a.ml/vocabularies/core#name": null,
      "http://a.ml/vocabularies/data#value": null,
      "http://www.w3.org/ns/shacl#datatype": null,
      "id": "file:///Users/abettati/sandbox/azure-rest-api-specs/specification/batchai/resource-manager/Microsoft.BatchAI/preview/2017-09-01-preview/BatchAI.json#/declarations/parameters/parameter/JobNameParameter/ms-parameter-location/scalar_1"
    },
    "id": "file:///Users/abettati/sandbox/azure-rest-api-specs/specification/batchai/resource-manager/Microsoft.BatchAI/preview/2017-09-01-preview/BatchAI.json#/declarations/parameters/parameter/JobNameParameter/extension/ms-parameter-location"
  }],
  "http://a.ml/vocabularies/shapes#schema": {
    "http://a.ml/vocabularies/core#description": "The name of the job within the specified resource group. Job names can only contain a combination of alphanumeric characters along with dash (-) and underscore (_). The name must be from 1 through 64 characters long.",
    "http://a.ml/vocabularies/document#customDomainProperties": [{
      "http://a.ml/vocabularies/core#extensionName": null,
      "http://a.ml/vocabularies/document#definedBy": null,
      "http://a.ml/vocabularies/document#extension": null,
      "id": "file:///Users/abettati/sandbox/azure-rest-api-specs/specification/batchai/resource-manager/Microsoft.BatchAI/preview/2017-09-01-preview/BatchAI.json#/declarations/parameters/parameter/JobNameParameter/scalar/schema/extension/ms-parameter-location"
    }],
    "http://www.w3.org/ns/shacl#datatype": "http://www.w3.org/2001/XMLSchema#string",
    "http://www.w3.org/ns/shacl#maxLength": "64",
    "http://www.w3.org/ns/shacl#minLength": "1",
    "http://www.w3.org/ns/shacl#name": "schema",
    "http://www.w3.org/ns/shacl#pattern": "^[-\\w\\._]+$",
    "id": "file:///Users/abettati/sandbox/azure-rest-api-specs/specification/batchai/resource-manager/Microsoft.BatchAI/preview/2017-09-01-preview/BatchAI.json#/declarations/parameters/parameter/JobNameParameter/scalar/schema"
  },
  "id": "file:///Users/abettati/sandbox/azure-rest-api-specs/specification/batchai/resource-manager/Microsoft.BatchAI/preview/2017-09-01-preview/BatchAI.json#/declarations/parameters/parameter/JobNameParameter"
}, {
  "http://a.ml/vocabularies/apiContract#binding": "query",
  "http://a.ml/vocabularies/apiContract#paramName": "linkexpiryinminutes",
  "http://a.ml/vocabularies/apiContract#required": "false",
  "http://a.ml/vocabularies/core#description": "The number of minutes after which the download link will expire.",
  "http://a.ml/vocabularies/core#name": "DownloadLinkExpiryParameter",
  "http://a.ml/vocabularies/document#customDomainProperties": [{
    "http://a.ml/vocabularies/core#extensionName": "ms-parameter-location",
    "http://a.ml/vocabularies/document#definedBy": {
      "http://a.ml/vocabularies/core#name": null,
      "id": "file:///Users/abettati/sandbox/azure-rest-api-specs/specification/batchai/resource-manager/Microsoft.BatchAI/preview/2017-09-01-preview/BatchAI.json#/declarations/parameters/parameter/DownloadLinkExpiryParameter/ms-parameter-location"
    },
    "http://a.ml/vocabularies/document#extension": {
      "http://a.ml/vocabularies/core#name": null,
      "http://a.ml/vocabularies/data#value": null,
      "http://www.w3.org/ns/shacl#datatype": null,
      "id": "file:///Users/abettati/sandbox/azure-rest-api-specs/specification/batchai/resource-manager/Microsoft.BatchAI/preview/2017-09-01-preview/BatchAI.json#/declarations/parameters/parameter/DownloadLinkExpiryParameter/ms-parameter-location/scalar_1"
    },
    "id": "file:///Users/abettati/sandbox/azure-rest-api-specs/specification/batchai/resource-manager/Microsoft.BatchAI/preview/2017-09-01-preview/BatchAI.json#/declarations/parameters/parameter/DownloadLinkExpiryParameter/extension/ms-parameter-location"
  }, {
    "http://a.ml/vocabularies/core#extensionName": "ms-parameter-grouping",
    "http://a.ml/vocabularies/document#definedBy": {
      "http://a.ml/vocabularies/core#name": null,
      "id": "file:///Users/abettati/sandbox/azure-rest-api-specs/specification/batchai/resource-manager/Microsoft.BatchAI/preview/2017-09-01-preview/BatchAI.json#/declarations/parameters/parameter/DownloadLinkExpiryParameter/ms-parameter-grouping"
    },
    "http://a.ml/vocabularies/document#extension": {
      "http://a.ml/vocabularies/core#name": null,
      "http://a.ml/vocabularies/data#postfix": null,
      "id": "file:///Users/abettati/sandbox/azure-rest-api-specs/specification/batchai/resource-manager/Microsoft.BatchAI/preview/2017-09-01-preview/BatchAI.json#/declarations/parameters/parameter/DownloadLinkExpiryParameter/ms-parameter-grouping/object_1"
    },
    "id": "file:///Users/abettati/sandbox/azure-rest-api-specs/specification/batchai/resource-manager/Microsoft.BatchAI/preview/2017-09-01-preview/BatchAI.json#/declarations/parameters/parameter/DownloadLinkExpiryParameter/extension/ms-parameter-grouping"
  }],
  "http://a.ml/vocabularies/shapes#schema": {
    "http://a.ml/vocabularies/core#description": "The number of minutes after which the download link will expire.",
    "http://a.ml/vocabularies/document#customDomainProperties": [{
      "http://a.ml/vocabularies/core#extensionName": null,
      "http://a.ml/vocabularies/document#definedBy": null,
      "http://a.ml/vocabularies/document#extension": null,
      "id": "file:///Users/abettati/sandbox/azure-rest-api-specs/specification/batchai/resource-manager/Microsoft.BatchAI/preview/2017-09-01-preview/BatchAI.json#/declarations/parameters/parameter/DownloadLinkExpiryParameter/scalar/schema/extension/ms-parameter-location"
    }, {
      "http://a.ml/vocabularies/core#extensionName": null,
      "http://a.ml/vocabularies/document#definedBy": null,
      "http://a.ml/vocabularies/document#extension": null,
      "id": "file:///Users/abettati/sandbox/azure-rest-api-specs/specification/batchai/resource-manager/Microsoft.BatchAI/preview/2017-09-01-preview/BatchAI.json#/declarations/parameters/parameter/DownloadLinkExpiryParameter/scalar/schema/extension/ms-parameter-grouping"
    }],
    "http://a.ml/vocabularies/shapes#format": "int32",
    "http://www.w3.org/ns/shacl#datatype": "http://www.w3.org/2001/XMLSchema#integer",
    "http://www.w3.org/ns/shacl#defaultValue": {
      "http://a.ml/vocabularies/core#name": "scalar_1",
      "http://a.ml/vocabularies/data#value": "60",
      "http://www.w3.org/ns/shacl#datatype": "http://www.w3.org/2001/XMLSchema#integer",
      "id": "file:///Users/abettati/sandbox/azure-rest-api-specs/specification/batchai/resource-manager/Microsoft.BatchAI/preview/2017-09-01-preview/BatchAI.json#/declarations/parameters/parameter/DownloadLinkExpiryParameter/scalar/schema/scalar_1"
    },
    "http://www.w3.org/ns/shacl#defaultValueStr": "60",
    "http://www.w3.org/ns/shacl#maxInclusive": "600",
    "http://www.w3.org/ns/shacl#minInclusive": "5",
    "http://www.w3.org/ns/shacl#name": "schema",
    "id": "file:///Users/abettati/sandbox/azure-rest-api-specs/specification/batchai/resource-manager/Microsoft.BatchAI/preview/2017-09-01-preview/BatchAI.json#/declarations/parameters/parameter/DownloadLinkExpiryParameter/scalar/schema"
  },
  "id": "file:///Users/abettati/sandbox/azure-rest-api-specs/specification/batchai/resource-manager/Microsoft.BatchAI/preview/2017-09-01-preview/BatchAI.json#/declarations/parameters/parameter/DownloadLinkExpiryParameter"
}, {
  "http://a.ml/vocabularies/apiContract#binding": "query",
  "http://a.ml/vocabularies/apiContract#paramName": "api-version",
  "http://a.ml/vocabularies/apiContract#required": "true",
  "http://a.ml/vocabularies/core#description": "Specifies the version of API used for this request.",
  "http://a.ml/vocabularies/core#name": "ApiVersionParameter",
  "http://a.ml/vocabularies/shapes#schema": {
    "http://a.ml/vocabularies/core#description": "Specifies the version of API used for this request.",
    "http://www.w3.org/ns/shacl#datatype": "http://www.w3.org/2001/XMLSchema#string",
    "http://www.w3.org/ns/shacl#name": "schema",
    "id": "file:///Users/abettati/sandbox/azure-rest-api-specs/specification/batchai/resource-manager/Microsoft.BatchAI/preview/2017-09-01-preview/BatchAI.json#/declarations/parameters/parameter/ApiVersionParameter/scalar/schema"
  },
  "id": "file:///Users/abettati/sandbox/azure-rest-api-specs/specification/batchai/resource-manager/Microsoft.BatchAI/preview/2017-09-01-preview/BatchAI.json#/declarations/parameters/parameter/ApiVersionParameter"
}, {
  "http://a.ml/vocabularies/apiContract#binding": "query",
  "http://a.ml/vocabularies/apiContract#paramName": "$select",
  "http://a.ml/vocabularies/apiContract#required": "false",
  "http://a.ml/vocabularies/core#description": "An OData $select clause. Used to select the properties to be returned in the GET response.",
  "http://a.ml/vocabularies/core#name": "SelectParameter",
  "http://a.ml/vocabularies/document#customDomainProperties": [{
    "http://a.ml/vocabularies/core#extensionName": "ms-parameter-location",
    "http://a.ml/vocabularies/document#definedBy": {
      "http://a.ml/vocabularies/core#name": null,
      "id": "file:///Users/abettati/sandbox/azure-rest-api-specs/specification/batchai/resource-manager/Microsoft.BatchAI/preview/2017-09-01-preview/BatchAI.json#/declarations/parameters/parameter/SelectParameter/ms-parameter-location"
    },
    "http://a.ml/vocabularies/document#extension": {
      "http://a.ml/vocabularies/core#name": null,
      "http://a.ml/vocabularies/data#value": null,
      "http://www.w3.org/ns/shacl#datatype": null,
      "id": "file:///Users/abettati/sandbox/azure-rest-api-specs/specification/batchai/resource-manager/Microsoft.BatchAI/preview/2017-09-01-preview/BatchAI.json#/declarations/parameters/parameter/SelectParameter/ms-parameter-location/scalar_1"
    },
    "id": "file:///Users/abettati/sandbox/azure-rest-api-specs/specification/batchai/resource-manager/Microsoft.BatchAI/preview/2017-09-01-preview/BatchAI.json#/declarations/parameters/parameter/SelectParameter/extension/ms-parameter-location"
  }, {
    "http://a.ml/vocabularies/core#extensionName": "ms-parameter-grouping",
    "http://a.ml/vocabularies/document#definedBy": {
      "http://a.ml/vocabularies/core#name": null,
      "id": "file:///Users/abettati/sandbox/azure-rest-api-specs/specification/batchai/resource-manager/Microsoft.BatchAI/preview/2017-09-01-preview/BatchAI.json#/declarations/parameters/parameter/SelectParameter/ms-parameter-grouping"
    },
    "http://a.ml/vocabularies/document#extension": {
      "http://a.ml/vocabularies/core#name": null,
      "http://a.ml/vocabularies/data#postfix": null,
      "id": "file:///Users/abettati/sandbox/azure-rest-api-specs/specification/batchai/resource-manager/Microsoft.BatchAI/preview/2017-09-01-preview/BatchAI.json#/declarations/parameters/parameter/SelectParameter/ms-parameter-grouping/object_1"
    },
    "id": "file:///Users/abettati/sandbox/azure-rest-api-specs/specification/batchai/resource-manager/Microsoft.BatchAI/preview/2017-09-01-preview/BatchAI.json#/declarations/parameters/parameter/SelectParameter/extension/ms-parameter-grouping"
  }],
  "http://a.ml/vocabularies/shapes#schema": {
    "http://a.ml/vocabularies/core#description": "An OData $select clause. Used to select the properties to be returned in the GET response.",
    "http://a.ml/vocabularies/document#customDomainProperties": [{
      "http://a.ml/vocabularies/core#extensionName": null,
      "http://a.ml/vocabularies/document#definedBy": null,
      "http://a.ml/vocabularies/document#extension": null,
      "id": "file:///Users/abettati/sandbox/azure-rest-api-specs/specification/batchai/resource-manager/Microsoft.BatchAI/preview/2017-09-01-preview/BatchAI.json#/declarations/parameters/parameter/SelectParameter/scalar/schema/extension/ms-parameter-location"
    }, {
      "http://a.ml/vocabularies/core#extensionName": null,
      "http://a.ml/vocabularies/document#definedBy": null,
      "http://a.ml/vocabularies/document#extension": null,
      "id": "file:///Users/abettati/sandbox/azure-rest-api-specs/specification/batchai/resource-manager/Microsoft.BatchAI/preview/2017-09-01-preview/BatchAI.json#/declarations/parameters/parameter/SelectParameter/scalar/schema/extension/ms-parameter-grouping"
    }],
    "http://www.w3.org/ns/shacl#datatype": "http://www.w3.org/2001/XMLSchema#string",
    "http://www.w3.org/ns/shacl#name": "schema",
    "id": "file:///Users/abettati/sandbox/azure-rest-api-specs/specification/batchai/resource-manager/Microsoft.BatchAI/preview/2017-09-01-preview/BatchAI.json#/declarations/parameters/parameter/SelectParameter/scalar/schema"
  },
  "id": "file:///Users/abettati/sandbox/azure-rest-api-specs/specification/batchai/resource-manager/Microsoft.BatchAI/preview/2017-09-01-preview/BatchAI.json#/declarations/parameters/parameter/SelectParameter"
}, {
  "http://a.ml/vocabularies/apiContract#binding": "path",
  "http://a.ml/vocabularies/apiContract#paramName": "subscriptionId",
  "http://a.ml/vocabularies/apiContract#required": "true",
  "http://a.ml/vocabularies/core#description": "The subscriptionID for the Azure user.",
  "http://a.ml/vocabularies/core#name": "SubscriptionIdParameter",
  "http://a.ml/vocabularies/shapes#schema": {
    "http://a.ml/vocabularies/core#description": "The subscriptionID for the Azure user.",
    "http://www.w3.org/ns/shacl#datatype": "http://www.w3.org/2001/XMLSchema#string",
    "http://www.w3.org/ns/shacl#name": "schema",
    "id": "file:///Users/abettati/sandbox/azure-rest-api-specs/specification/batchai/resource-manager/Microsoft.BatchAI/preview/2017-09-01-preview/BatchAI.json#/declarations/parameters/parameter/SubscriptionIdParameter/scalar/schema"
  },
  "id": "file:///Users/abettati/sandbox/azure-rest-api-specs/specification/batchai/resource-manager/Microsoft.BatchAI/preview/2017-09-01-preview/BatchAI.json#/declarations/parameters/parameter/SubscriptionIdParameter"
}, {
  "http://a.ml/vocabularies/apiContract#binding": "query",
  "http://a.ml/vocabularies/apiContract#paramName": "$filter",
  "http://a.ml/vocabularies/apiContract#required": "false",
  "http://a.ml/vocabularies/core#description": "An OData $filter clause. Used to filter results that are returned in the GET response.",
  "http://a.ml/vocabularies/core#name": "FilterParameter",
  "http://a.ml/vocabularies/document#customDomainProperties": [{
    "http://a.ml/vocabularies/core#extensionName": "ms-parameter-location",
    "http://a.ml/vocabularies/document#definedBy": {
      "http://a.ml/vocabularies/core#name": null,
      "id": "file:///Users/abettati/sandbox/azure-rest-api-specs/specification/batchai/resource-manager/Microsoft.BatchAI/preview/2017-09-01-preview/BatchAI.json#/declarations/parameters/parameter/FilterParameter/ms-parameter-location"
    },
    "http://a.ml/vocabularies/document#extension": {
      "http://a.ml/vocabularies/core#name": null,
      "http://a.ml/vocabularies/data#value": null,
      "http://www.w3.org/ns/shacl#datatype": null,
      "id": "file:///Users/abettati/sandbox/azure-rest-api-specs/specification/batchai/resource-manager/Microsoft.BatchAI/preview/2017-09-01-preview/BatchAI.json#/declarations/parameters/parameter/FilterParameter/ms-parameter-location/scalar_1"
    },
    "id": "file:///Users/abettati/sandbox/azure-rest-api-specs/specification/batchai/resource-manager/Microsoft.BatchAI/preview/2017-09-01-preview/BatchAI.json#/declarations/parameters/parameter/FilterParameter/extension/ms-parameter-location"
  }, {
    "http://a.ml/vocabularies/core#extensionName": "ms-parameter-grouping",
    "http://a.ml/vocabularies/document#definedBy": {
      "http://a.ml/vocabularies/core#name": null,
      "id": "file:///Users/abettati/sandbox/azure-rest-api-specs/specification/batchai/resource-manager/Microsoft.BatchAI/preview/2017-09-01-preview/BatchAI.json#/declarations/parameters/parameter/FilterParameter/ms-parameter-grouping"
    },
    "http://a.ml/vocabularies/document#extension": {
      "http://a.ml/vocabularies/core#name": null,
      "http://a.ml/vocabularies/data#postfix": null,
      "id": "file:///Users/abettati/sandbox/azure-rest-api-specs/specification/batchai/resource-manager/Microsoft.BatchAI/preview/2017-09-01-preview/BatchAI.json#/declarations/parameters/parameter/FilterParameter/ms-parameter-grouping/object_1"
    },
    "id": "file:///Users/abettati/sandbox/azure-rest-api-specs/specification/batchai/resource-manager/Microsoft.BatchAI/preview/2017-09-01-preview/BatchAI.json#/declarations/parameters/parameter/FilterParameter/extension/ms-parameter-grouping"
  }],
  "http://a.ml/vocabularies/shapes#schema": {
    "http://a.ml/vocabularies/core#description": "An OData $filter clause. Used to filter results that are returned in the GET response.",
    "http://a.ml/vocabularies/document#customDomainProperties": [{
      "http://a.ml/vocabularies/core#extensionName": null,
      "http://a.ml/vocabularies/document#definedBy": null,
      "http://a.ml/vocabularies/document#extension": null,
      "id": "file:///Users/abettati/sandbox/azure-rest-api-specs/specification/batchai/resource-manager/Microsoft.BatchAI/preview/2017-09-01-preview/BatchAI.json#/declarations/parameters/parameter/FilterParameter/scalar/schema/extension/ms-parameter-location"
    }, {
      "http://a.ml/vocabularies/core#extensionName": null,
      "http://a.ml/vocabularies/document#definedBy": null,
      "http://a.ml/vocabularies/document#extension": null,
      "id": "file:///Users/abettati/sandbox/azure-rest-api-specs/specification/batchai/resource-manager/Microsoft.BatchAI/preview/2017-09-01-preview/BatchAI.json#/declarations/parameters/parameter/FilterParameter/scalar/schema/extension/ms-parameter-grouping"
    }],
    "http://www.w3.org/ns/shacl#datatype": "http://www.w3.org/2001/XMLSchema#string",
    "http://www.w3.org/ns/shacl#name": "schema",
    "id": "file:///Users/abettati/sandbox/azure-rest-api-specs/specification/batchai/resource-manager/Microsoft.BatchAI/preview/2017-09-01-preview/BatchAI.json#/declarations/parameters/parameter/FilterParameter/scalar/schema"
  },
  "id": "file:///Users/abettati/sandbox/azure-rest-api-specs/specification/batchai/resource-manager/Microsoft.BatchAI/preview/2017-09-01-preview/BatchAI.json#/declarations/parameters/parameter/FilterParameter"
}, {
  "http://a.ml/vocabularies/apiContract#binding": "path",
  "http://a.ml/vocabularies/apiContract#paramName": "clusterName",
  "http://a.ml/vocabularies/apiContract#required": "true",
  "http://a.ml/vocabularies/core#description": "The name of the cluster within the specified resource group. Cluster names can only contain a combination of alphanumeric characters along with dash (-) and underscore (_). The name must be from 1 through 64 characters long.",
  "http://a.ml/vocabularies/core#name": "ClusterNameParameter",
  "http://a.ml/vocabularies/document#customDomainProperties": [{
    "http://a.ml/vocabularies/core#extensionName": "ms-parameter-location",
    "http://a.ml/vocabularies/document#definedBy": {
      "http://a.ml/vocabularies/core#name": null,
      "id": "file:///Users/abettati/sandbox/azure-rest-api-specs/specification/batchai/resource-manager/Microsoft.BatchAI/preview/2017-09-01-preview/BatchAI.json#/declarations/parameters/parameter/ClusterNameParameter/ms-parameter-location"
    },
    "http://a.ml/vocabularies/document#extension": {
      "http://a.ml/vocabularies/core#name": null,
      "http://a.ml/vocabularies/data#value": null,
      "http://www.w3.org/ns/shacl#datatype": null,
      "id": "file:///Users/abettati/sandbox/azure-rest-api-specs/specification/batchai/resource-manager/Microsoft.BatchAI/preview/2017-09-01-preview/BatchAI.json#/declarations/parameters/parameter/ClusterNameParameter/ms-parameter-location/scalar_1"
    },
    "id": "file:///Users/abettati/sandbox/azure-rest-api-specs/specification/batchai/resource-manager/Microsoft.BatchAI/preview/2017-09-01-preview/BatchAI.json#/declarations/parameters/parameter/ClusterNameParameter/extension/ms-parameter-location"
  }],
  "http://a.ml/vocabularies/shapes#schema": {
    "http://a.ml/vocabularies/core#description": "The name of the cluster within the specified resource group. Cluster names can only contain a combination of alphanumeric characters along with dash (-) and underscore (_). The name must be from 1 through 64 characters long.",
    "http://a.ml/vocabularies/document#customDomainProperties": [{
      "http://a.ml/vocabularies/core#extensionName": null,
      "http://a.ml/vocabularies/document#definedBy": null,
      "http://a.ml/vocabularies/document#extension": null,
      "id": "file:///Users/abettati/sandbox/azure-rest-api-specs/specification/batchai/resource-manager/Microsoft.BatchAI/preview/2017-09-01-preview/BatchAI.json#/declarations/parameters/parameter/ClusterNameParameter/scalar/schema/extension/ms-parameter-location"
    }],
    "http://www.w3.org/ns/shacl#datatype": "http://www.w3.org/2001/XMLSchema#string",
    "http://www.w3.org/ns/shacl#maxLength": "64",
    "http://www.w3.org/ns/shacl#minLength": "1",
    "http://www.w3.org/ns/shacl#name": "schema",
    "http://www.w3.org/ns/shacl#pattern": "^[-\\w\\._]+$",
    "id": "file:///Users/abettati/sandbox/azure-rest-api-specs/specification/batchai/resource-manager/Microsoft.BatchAI/preview/2017-09-01-preview/BatchAI.json#/declarations/parameters/parameter/ClusterNameParameter/scalar/schema"
  },
  "id": "file:///Users/abettati/sandbox/azure-rest-api-specs/specification/batchai/resource-manager/Microsoft.BatchAI/preview/2017-09-01-preview/BatchAI.json#/declarations/parameters/parameter/ClusterNameParameter"
}, {
  "http://a.ml/vocabularies/apiContract#binding": "query",
  "http://a.ml/vocabularies/apiContract#paramName": "outputdirectoryid",
  "http://a.ml/vocabularies/apiContract#required": "true",
  "http://a.ml/vocabularies/core#description": "Id of the job output directory. This is the OutputDirectory-->id parameter that is given by the user during Create Job.",
  "http://a.ml/vocabularies/core#name": "OutputDirectoryIdParameter",
  "http://a.ml/vocabularies/document#customDomainProperties": [{
    "http://a.ml/vocabularies/core#extensionName": "ms-parameter-location",
    "http://a.ml/vocabularies/document#definedBy": {
      "http://a.ml/vocabularies/core#name": null,
      "id": "file:///Users/abettati/sandbox/azure-rest-api-specs/specification/batchai/resource-manager/Microsoft.BatchAI/preview/2017-09-01-preview/BatchAI.json#/declarations/parameters/parameter/OutputDirectoryIdParameter/ms-parameter-location"
    },
    "http://a.ml/vocabularies/document#extension": {
      "http://a.ml/vocabularies/core#name": null,
      "http://a.ml/vocabularies/data#value": null,
      "http://www.w3.org/ns/shacl#datatype": null,
      "id": "file:///Users/abettati/sandbox/azure-rest-api-specs/specification/batchai/resource-manager/Microsoft.BatchAI/preview/2017-09-01-preview/BatchAI.json#/declarations/parameters/parameter/OutputDirectoryIdParameter/ms-parameter-location/scalar_1"
    },
    "id": "file:///Users/abettati/sandbox/azure-rest-api-specs/specification/batchai/resource-manager/Microsoft.BatchAI/preview/2017-09-01-preview/BatchAI.json#/declarations/parameters/parameter/OutputDirectoryIdParameter/extension/ms-parameter-location"
  }, {
    "http://a.ml/vocabularies/core#extensionName": "ms-parameter-grouping",
    "http://a.ml/vocabularies/document#definedBy": {
      "http://a.ml/vocabularies/core#name": null,
      "id": "file:///Users/abettati/sandbox/azure-rest-api-specs/specification/batchai/resource-manager/Microsoft.BatchAI/preview/2017-09-01-preview/BatchAI.json#/declarations/parameters/parameter/OutputDirectoryIdParameter/ms-parameter-grouping"
    },
    "http://a.ml/vocabularies/document#extension": {
      "http://a.ml/vocabularies/core#name": null,
      "http://a.ml/vocabularies/data#postfix": null,
      "id": "file:///Users/abettati/sandbox/azure-rest-api-specs/specification/batchai/resource-manager/Microsoft.BatchAI/preview/2017-09-01-preview/BatchAI.json#/declarations/parameters/parameter/OutputDirectoryIdParameter/ms-parameter-grouping/object_1"
    },
    "id": "file:///Users/abettati/sandbox/azure-rest-api-specs/specification/batchai/resource-manager/Microsoft.BatchAI/preview/2017-09-01-preview/BatchAI.json#/declarations/parameters/parameter/OutputDirectoryIdParameter/extension/ms-parameter-grouping"
  }],
  "http://a.ml/vocabularies/shapes#schema": {
    "http://a.ml/vocabularies/core#description": "Id of the job output directory. This is the OutputDirectory-->id parameter that is given by the user during Create Job.",
    "http://a.ml/vocabularies/document#customDomainProperties": [{
      "http://a.ml/vocabularies/core#extensionName": null,
      "http://a.ml/vocabularies/document#definedBy": null,
      "http://a.ml/vocabularies/document#extension": null,
      "id": "file:///Users/abettati/sandbox/azure-rest-api-specs/specification/batchai/resource-manager/Microsoft.BatchAI/preview/2017-09-01-preview/BatchAI.json#/declarations/parameters/parameter/OutputDirectoryIdParameter/scalar/schema/extension/ms-parameter-location"
    }, {
      "http://a.ml/vocabularies/core#extensionName": null,
      "http://a.ml/vocabularies/document#definedBy": null,
      "http://a.ml/vocabularies/document#extension": null,
      "id": "file:///Users/abettati/sandbox/azure-rest-api-specs/specification/batchai/resource-manager/Microsoft.BatchAI/preview/2017-09-01-preview/BatchAI.json#/declarations/parameters/parameter/OutputDirectoryIdParameter/scalar/schema/extension/ms-parameter-grouping"
    }],
    "http://www.w3.org/ns/shacl#datatype": "http://www.w3.org/2001/XMLSchema#string",
    "http://www.w3.org/ns/shacl#name": "schema",
    "id": "file:///Users/abettati/sandbox/azure-rest-api-specs/specification/batchai/resource-manager/Microsoft.BatchAI/preview/2017-09-01-preview/BatchAI.json#/declarations/parameters/parameter/OutputDirectoryIdParameter/scalar/schema"
  },
  "id": "file:///Users/abettati/sandbox/azure-rest-api-specs/specification/batchai/resource-manager/Microsoft.BatchAI/preview/2017-09-01-preview/BatchAI.json#/declarations/parameters/parameter/OutputDirectoryIdParameter"
}, {
  "http://a.ml/vocabularies/apiContract#binding": "path",
  "http://a.ml/vocabularies/apiContract#paramName": "fileServerName",
  "http://a.ml/vocabularies/apiContract#required": "true",
  "http://a.ml/vocabularies/core#description": "The name of the file server within the specified resource group. File server names can only contain a combination of alphanumeric characters along with dash (-) and underscore (_). The name must be from 1 through 64 characters long.",
  "http://a.ml/vocabularies/core#name": "FileServerNameParameter",
  "http://a.ml/vocabularies/document#customDomainProperties": [{
    "http://a.ml/vocabularies/core#extensionName": "ms-parameter-location",
    "http://a.ml/vocabularies/document#definedBy": {
      "http://a.ml/vocabularies/core#name": null,
      "id": "file:///Users/abettati/sandbox/azure-rest-api-specs/specification/batchai/resource-manager/Microsoft.BatchAI/preview/2017-09-01-preview/BatchAI.json#/declarations/parameters/parameter/FileServerNameParameter/ms-parameter-location"
    },
    "http://a.ml/vocabularies/document#extension": {
      "http://a.ml/vocabularies/core#name": null,
      "http://a.ml/vocabularies/data#value": null,
      "http://www.w3.org/ns/shacl#datatype": null,
      "id": "file:///Users/abettati/sandbox/azure-rest-api-specs/specification/batchai/resource-manager/Microsoft.BatchAI/preview/2017-09-01-preview/BatchAI.json#/declarations/parameters/parameter/FileServerNameParameter/ms-parameter-location/scalar_1"
    },
    "id": "file:///Users/abettati/sandbox/azure-rest-api-specs/specification/batchai/resource-manager/Microsoft.BatchAI/preview/2017-09-01-preview/BatchAI.json#/declarations/parameters/parameter/FileServerNameParameter/extension/ms-parameter-location"
  }],
  "http://a.ml/vocabularies/shapes#schema": {
    "http://a.ml/vocabularies/core#description": "The name of the file server within the specified resource group. File server names can only contain a combination of alphanumeric characters along with dash (-) and underscore (_). The name must be from 1 through 64 characters long.",
    "http://a.ml/vocabularies/document#customDomainProperties": [{
      "http://a.ml/vocabularies/core#extensionName": null,
      "http://a.ml/vocabularies/document#definedBy": null,
      "http://a.ml/vocabularies/document#extension": null,
      "id": "file:///Users/abettati/sandbox/azure-rest-api-specs/specification/batchai/resource-manager/Microsoft.BatchAI/preview/2017-09-01-preview/BatchAI.json#/declarations/parameters/parameter/FileServerNameParameter/scalar/schema/extension/ms-parameter-location"
    }],
    "http://www.w3.org/ns/shacl#datatype": "http://www.w3.org/2001/XMLSchema#string",
    "http://www.w3.org/ns/shacl#maxLength": "64",
    "http://www.w3.org/ns/shacl#minLength": "1",
    "http://www.w3.org/ns/shacl#name": "schema",
    "http://www.w3.org/ns/shacl#pattern": "^[-\\w\\._]+$",
    "id": "file:///Users/abettati/sandbox/azure-rest-api-specs/specification/batchai/resource-manager/Microsoft.BatchAI/preview/2017-09-01-preview/BatchAI.json#/declarations/parameters/parameter/FileServerNameParameter/scalar/schema"
  },
  "id": "file:///Users/abettati/sandbox/azure-rest-api-specs/specification/batchai/resource-manager/Microsoft.BatchAI/preview/2017-09-01-preview/BatchAI.json#/declarations/parameters/parameter/FileServerNameParameter"
}, {
  "http://a.ml/vocabularies/apiContract#binding": "query",
  "http://a.ml/vocabularies/apiContract#paramName": "maxresults",
  "http://a.ml/vocabularies/apiContract#required": "false",
  "http://a.ml/vocabularies/core#description": "The maximum number of items to return in the response. A maximum of 1000 files can be returned.",
  "http://a.ml/vocabularies/core#name": "MaxResultsParameter",
  "http://a.ml/vocabularies/document#customDomainProperties": [{
    "http://a.ml/vocabularies/core#extensionName": "ms-client-name",
    "http://a.ml/vocabularies/document#definedBy": {
      "http://a.ml/vocabularies/core#name": null,
      "id": "file:///Users/abettati/sandbox/azure-rest-api-specs/specification/batchai/resource-manager/Microsoft.BatchAI/preview/2017-09-01-preview/BatchAI.json#/declarations/parameters/parameter/MaxResultsParameter/ms-client-name"
    },
    "http://a.ml/vocabularies/document#extension": {
      "http://a.ml/vocabularies/core#name": null,
      "http://a.ml/vocabularies/data#value": null,
      "http://www.w3.org/ns/shacl#datatype": null,
      "id": "file:///Users/abettati/sandbox/azure-rest-api-specs/specification/batchai/resource-manager/Microsoft.BatchAI/preview/2017-09-01-preview/BatchAI.json#/declarations/parameters/parameter/MaxResultsParameter/ms-client-name/scalar_1"
    },
    "id": "file:///Users/abettati/sandbox/azure-rest-api-specs/specification/batchai/resource-manager/Microsoft.BatchAI/preview/2017-09-01-preview/BatchAI.json#/declarations/parameters/parameter/MaxResultsParameter/extension/ms-client-name"
  }, {
    "http://a.ml/vocabularies/core#extensionName": "ms-parameter-location",
    "http://a.ml/vocabularies/document#definedBy": {
      "http://a.ml/vocabularies/core#name": null,
      "id": "file:///Users/abettati/sandbox/azure-rest-api-specs/specification/batchai/resource-manager/Microsoft.BatchAI/preview/2017-09-01-preview/BatchAI.json#/declarations/parameters/parameter/MaxResultsParameter/ms-parameter-location"
    },
    "http://a.ml/vocabularies/document#extension": {
      "http://a.ml/vocabularies/core#name": null,
      "http://a.ml/vocabularies/data#value": null,
      "http://www.w3.org/ns/shacl#datatype": null,
      "id": "file:///Users/abettati/sandbox/azure-rest-api-specs/specification/batchai/resource-manager/Microsoft.BatchAI/preview/2017-09-01-preview/BatchAI.json#/declarations/parameters/parameter/MaxResultsParameter/ms-parameter-location/scalar_1"
    },
    "id": "file:///Users/abettati/sandbox/azure-rest-api-specs/specification/batchai/resource-manager/Microsoft.BatchAI/preview/2017-09-01-preview/BatchAI.json#/declarations/parameters/parameter/MaxResultsParameter/extension/ms-parameter-location"
  }, {
    "http://a.ml/vocabularies/core#extensionName": "ms-parameter-grouping",
    "http://a.ml/vocabularies/document#definedBy": {
      "http://a.ml/vocabularies/core#name": null,
      "id": "file:///Users/abettati/sandbox/azure-rest-api-specs/specification/batchai/resource-manager/Microsoft.BatchAI/preview/2017-09-01-preview/BatchAI.json#/declarations/parameters/parameter/MaxResultsParameter/ms-parameter-grouping"
    },
    "http://a.ml/vocabularies/document#extension": {
      "http://a.ml/vocabularies/core#name": null,
      "http://a.ml/vocabularies/data#postfix": null,
      "id": "file:///Users/abettati/sandbox/azure-rest-api-specs/specification/batchai/resource-manager/Microsoft.BatchAI/preview/2017-09-01-preview/BatchAI.json#/declarations/parameters/parameter/MaxResultsParameter/ms-parameter-grouping/object_1"
    },
    "id": "file:///Users/abettati/sandbox/azure-rest-api-specs/specification/batchai/resource-manager/Microsoft.BatchAI/preview/2017-09-01-preview/BatchAI.json#/declarations/parameters/parameter/MaxResultsParameter/extension/ms-parameter-grouping"
  }],
  "http://a.ml/vocabularies/shapes#schema": {
    "http://a.ml/vocabularies/core#description": "The maximum number of items to return in the response. A maximum of 1000 files can be returned.",
    "http://a.ml/vocabularies/document#customDomainProperties": [{
      "http://a.ml/vocabularies/core#extensionName": null,
      "http://a.ml/vocabularies/document#definedBy": null,
      "http://a.ml/vocabularies/document#extension": null,
      "id": "file:///Users/abettati/sandbox/azure-rest-api-specs/specification/batchai/resource-manager/Microsoft.BatchAI/preview/2017-09-01-preview/BatchAI.json#/declarations/parameters/parameter/MaxResultsParameter/scalar/schema/extension/ms-client-name"
    }, {
      "http://a.ml/vocabularies/core#extensionName": null,
      "http://a.ml/vocabularies/document#definedBy": null,
      "http://a.ml/vocabularies/document#extension": null,
      "id": "file:///Users/abettati/sandbox/azure-rest-api-specs/specification/batchai/resource-manager/Microsoft.BatchAI/preview/2017-09-01-preview/BatchAI.json#/declarations/parameters/parameter/MaxResultsParameter/scalar/schema/extension/ms-parameter-location"
    }, {
      "http://a.ml/vocabularies/core#extensionName": null,
      "http://a.ml/vocabularies/document#definedBy": null,
      "http://a.ml/vocabularies/document#extension": null,
      "id": "file:///Users/abettati/sandbox/azure-rest-api-specs/specification/batchai/resource-manager/Microsoft.BatchAI/preview/2017-09-01-preview/BatchAI.json#/declarations/parameters/parameter/MaxResultsParameter/scalar/schema/extension/ms-parameter-grouping"
    }],
    "http://a.ml/vocabularies/shapes#format": "int32",
    "http://www.w3.org/ns/shacl#datatype": "http://www.w3.org/2001/XMLSchema#integer",
    "http://www.w3.org/ns/shacl#defaultValue": {
      "http://a.ml/vocabularies/core#name": "scalar_1",
      "http://a.ml/vocabularies/data#value": "1000",
      "http://www.w3.org/ns/shacl#datatype": "http://www.w3.org/2001/XMLSchema#integer",
      "id": "file:///Users/abettati/sandbox/azure-rest-api-specs/specification/batchai/resource-manager/Microsoft.BatchAI/preview/2017-09-01-preview/BatchAI.json#/declarations/parameters/parameter/MaxResultsParameter/scalar/schema/scalar_1"
    },
    "http://www.w3.org/ns/shacl#defaultValueStr": "1000",
    "http://www.w3.org/ns/shacl#maxInclusive": "1000",
    "http://www.w3.org/ns/shacl#minInclusive": "1",
    "http://www.w3.org/ns/shacl#name": "schema",
    "id": "file:///Users/abettati/sandbox/azure-rest-api-specs/specification/batchai/resource-manager/Microsoft.BatchAI/preview/2017-09-01-preview/BatchAI.json#/declarations/parameters/parameter/MaxResultsParameter/scalar/schema"
  },
  "id": "file:///Users/abettati/sandbox/azure-rest-api-specs/specification/batchai/resource-manager/Microsoft.BatchAI/preview/2017-09-01-preview/BatchAI.json#/declarations/parameters/parameter/MaxResultsParameter"
}, {
  "http://a.ml/vocabularies/apiContract#binding": "path",
  "http://a.ml/vocabularies/apiContract#paramName": "resourceGroupName",
  "http://a.ml/vocabularies/apiContract#required": "true",
  "http://a.ml/vocabularies/core#description": "Name of the resource group to which the resource belongs.",
  "http://a.ml/vocabularies/core#name": "ResourceGroupNameParameter",
  "http://a.ml/vocabularies/document#customDomainProperties": [{
    "http://a.ml/vocabularies/core#extensionName": "ms-parameter-location",
    "http://a.ml/vocabularies/document#definedBy": {
      "http://a.ml/vocabularies/core#name": null,
      "id": "file:///Users/abettati/sandbox/azure-rest-api-specs/specification/batchai/resource-manager/Microsoft.BatchAI/preview/2017-09-01-preview/BatchAI.json#/declarations/parameters/parameter/ResourceGroupNameParameter/ms-parameter-location"
    },
    "http://a.ml/vocabularies/document#extension": {
      "http://a.ml/vocabularies/core#name": null,
      "http://a.ml/vocabularies/data#value": null,
      "http://www.w3.org/ns/shacl#datatype": null,
      "id": "file:///Users/abettati/sandbox/azure-rest-api-specs/specification/batchai/resource-manager/Microsoft.BatchAI/preview/2017-09-01-preview/BatchAI.json#/declarations/parameters/parameter/ResourceGroupNameParameter/ms-parameter-location/scalar_1"
    },
    "id": "file:///Users/abettati/sandbox/azure-rest-api-specs/specification/batchai/resource-manager/Microsoft.BatchAI/preview/2017-09-01-preview/BatchAI.json#/declarations/parameters/parameter/ResourceGroupNameParameter/extension/ms-parameter-location"
  }],
  "http://a.ml/vocabularies/shapes#schema": {
    "http://a.ml/vocabularies/core#description": "Name of the resource group to which the resource belongs.",
    "http://a.ml/vocabularies/document#customDomainProperties": [{
      "http://a.ml/vocabularies/core#extensionName": null,
      "http://a.ml/vocabularies/document#definedBy": null,
      "http://a.ml/vocabularies/document#extension": null,
      "id": "file:///Users/abettati/sandbox/azure-rest-api-specs/specification/batchai/resource-manager/Microsoft.BatchAI/preview/2017-09-01-preview/BatchAI.json#/declarations/parameters/parameter/ResourceGroupNameParameter/scalar/schema/extension/ms-parameter-location"
    }],
    "http://www.w3.org/ns/shacl#datatype": "http://www.w3.org/2001/XMLSchema#string",
    "http://www.w3.org/ns/shacl#name": "schema",
    "http://www.w3.org/ns/shacl#pattern": "^[-\\w\\._]+$",
    "id": "file:///Users/abettati/sandbox/azure-rest-api-specs/specification/batchai/resource-manager/Microsoft.BatchAI/preview/2017-09-01-preview/BatchAI.json#/declarations/parameters/parameter/ResourceGroupNameParameter/scalar/schema"
  },
  "id": "file:///Users/abettati/sandbox/azure-rest-api-specs/specification/batchai/resource-manager/Microsoft.BatchAI/preview/2017-09-01-preview/BatchAI.json#/declarations/parameters/parameter/ResourceGroupNameParameter"
}]