[{
  "http://a.ml/vocabularies/apiContract#binding": "path",
  "http://a.ml/vocabularies/apiContract#paramName": "subscriptionId",
  "http://a.ml/vocabularies/apiContract#required": "true",
  "http://a.ml/vocabularies/core#description": "Azure Subscription ID.",
  "http://a.ml/vocabularies/core#name": "subscriptionIdParameter",
  "http://a.ml/vocabularies/shapes#schema": {
    "http://a.ml/vocabularies/core#description": "Azure Subscription ID.",
    "http://www.w3.org/ns/shacl#datatype": "http://www.w3.org/2001/XMLSchema#string",
    "http://www.w3.org/ns/shacl#name": "schema",
    "id": "file:///Users/abettati/sandbox/azure-rest-api-specs/specification/botservice/resource-manager/Microsoft.BotService/stable/2020-06-02/botservice.json#/declarations/parameters/parameter/subscriptionIdParameter/scalar/schema"
  },
  "id": "file:///Users/abettati/sandbox/azure-rest-api-specs/specification/botservice/resource-manager/Microsoft.BotService/stable/2020-06-02/botservice.json#/declarations/parameters/parameter/subscriptionIdParameter"
}, {
  "http://a.ml/vocabularies/apiContract#binding": "path",
  "http://a.ml/vocabularies/apiContract#paramName": "connectionName",
  "http://a.ml/vocabularies/apiContract#required": "true",
  "http://a.ml/vocabularies/core#description": "The name of the Bot Service Connection Setting resource.",
  "http://a.ml/vocabularies/core#name": "connectionNameParameter",
  "http://a.ml/vocabularies/document#customDomainProperties": [{
    "http://a.ml/vocabularies/core#extensionName": "ms-parameter-location",
    "http://a.ml/vocabularies/document#definedBy": {
      "http://a.ml/vocabularies/core#name": null,
      "id": "file:///Users/abettati/sandbox/azure-rest-api-specs/specification/botservice/resource-manager/Microsoft.BotService/stable/2020-06-02/botservice.json#/declarations/parameters/parameter/connectionNameParameter/ms-parameter-location"
    },
    "http://a.ml/vocabularies/document#extension": {
      "http://a.ml/vocabularies/core#name": null,
      "http://a.ml/vocabularies/data#value": null,
      "http://www.w3.org/ns/shacl#datatype": null,
      "id": "file:///Users/abettati/sandbox/azure-rest-api-specs/specification/botservice/resource-manager/Microsoft.BotService/stable/2020-06-02/botservice.json#/declarations/parameters/parameter/connectionNameParameter/ms-parameter-location/scalar_1"
    },
    "id": "file:///Users/abettati/sandbox/azure-rest-api-specs/specification/botservice/resource-manager/Microsoft.BotService/stable/2020-06-02/botservice.json#/declarations/parameters/parameter/connectionNameParameter/extension/ms-parameter-location"
  }],
  "http://a.ml/vocabularies/shapes#schema": {
    "http://a.ml/vocabularies/core#description": "The name of the Bot Service Connection Setting resource.",
    "http://a.ml/vocabularies/document#customDomainProperties": [{
      "http://a.ml/vocabularies/core#extensionName": null,
      "http://a.ml/vocabularies/document#definedBy": null,
      "http://a.ml/vocabularies/document#extension": null,
      "id": "file:///Users/abettati/sandbox/azure-rest-api-specs/specification/botservice/resource-manager/Microsoft.BotService/stable/2020-06-02/botservice.json#/declarations/parameters/parameter/connectionNameParameter/scalar/schema/extension/ms-parameter-location"
    }],
    "http://www.w3.org/ns/shacl#datatype": "http://www.w3.org/2001/XMLSchema#string",
    "http://www.w3.org/ns/shacl#maxLength": "64",
    "http://www.w3.org/ns/shacl#minLength": "2",
    "http://www.w3.org/ns/shacl#name": "schema",
    "http://www.w3.org/ns/shacl#pattern": "^[a-zA-Z0-9][\\sa-zA-Z0-9_.-]*$",
    "id": "file:///Users/abettati/sandbox/azure-rest-api-specs/specification/botservice/resource-manager/Microsoft.BotService/stable/2020-06-02/botservice.json#/declarations/parameters/parameter/connectionNameParameter/scalar/schema"
  },
  "id": "file:///Users/abettati/sandbox/azure-rest-api-specs/specification/botservice/resource-manager/Microsoft.BotService/stable/2020-06-02/botservice.json#/declarations/parameters/parameter/connectionNameParameter"
}, {
  "http://a.ml/vocabularies/apiContract#binding": "path",
  "http://a.ml/vocabularies/apiContract#paramName": "resourceName",
  "http://a.ml/vocabularies/apiContract#required": "true",
  "http://a.ml/vocabularies/core#description": "The name of the Bot resource.",
  "http://a.ml/vocabularies/core#name": "resourceNameParameter",
  "http://a.ml/vocabularies/document#customDomainProperties": [{
    "http://a.ml/vocabularies/core#extensionName": "ms-parameter-location",
    "http://a.ml/vocabularies/document#definedBy": {
      "http://a.ml/vocabularies/core#name": null,
      "id": "file:///Users/abettati/sandbox/azure-rest-api-specs/specification/botservice/resource-manager/Microsoft.BotService/stable/2020-06-02/botservice.json#/declarations/parameters/parameter/resourceNameParameter/ms-parameter-location"
    },
    "http://a.ml/vocabularies/document#extension": {
      "http://a.ml/vocabularies/core#name": null,
      "http://a.ml/vocabularies/data#value": null,
      "http://www.w3.org/ns/shacl#datatype": null,
      "id": "file:///Users/abettati/sandbox/azure-rest-api-specs/specification/botservice/resource-manager/Microsoft.BotService/stable/2020-06-02/botservice.json#/declarations/parameters/parameter/resourceNameParameter/ms-parameter-location/scalar_1"
    },
    "id": "file:///Users/abettati/sandbox/azure-rest-api-specs/specification/botservice/resource-manager/Microsoft.BotService/stable/2020-06-02/botservice.json#/declarations/parameters/parameter/resourceNameParameter/extension/ms-parameter-location"
  }],
  "http://a.ml/vocabularies/shapes#schema": {
    "http://a.ml/vocabularies/core#description": "The name of the Bot resource.",
    "http://a.ml/vocabularies/document#customDomainProperties": [{
      "http://a.ml/vocabularies/core#extensionName": null,
      "http://a.ml/vocabularies/document#definedBy": null,
      "http://a.ml/vocabularies/document#extension": null,
      "id": "file:///Users/abettati/sandbox/azure-rest-api-specs/specification/botservice/resource-manager/Microsoft.BotService/stable/2020-06-02/botservice.json#/declarations/parameters/parameter/resourceNameParameter/scalar/schema/extension/ms-parameter-location"
    }],
    "http://www.w3.org/ns/shacl#datatype": "http://www.w3.org/2001/XMLSchema#string",
    "http://www.w3.org/ns/shacl#maxLength": "64",
    "http://www.w3.org/ns/shacl#minLength": "2",
    "http://www.w3.org/ns/shacl#name": "schema",
    "http://www.w3.org/ns/shacl#pattern": "^[a-zA-Z0-9][a-zA-Z0-9_.-]*$",
    "id": "file:///Users/abettati/sandbox/azure-rest-api-specs/specification/botservice/resource-manager/Microsoft.BotService/stable/2020-06-02/botservice.json#/declarations/parameters/parameter/resourceNameParameter/scalar/schema"
  },
  "id": "file:///Users/abettati/sandbox/azure-rest-api-specs/specification/botservice/resource-manager/Microsoft.BotService/stable/2020-06-02/botservice.json#/declarations/parameters/parameter/resourceNameParameter"
}, {
  "http://a.ml/vocabularies/apiContract#binding": "path",
  "http://a.ml/vocabularies/apiContract#paramName": "channelName",
  "http://a.ml/vocabularies/apiContract#required": "true",
  "http://a.ml/vocabularies/core#description": "The name of the Channel resource.",
  "http://a.ml/vocabularies/core#name": "channelNameParameter",
  "http://a.ml/vocabularies/document#customDomainProperties": [{
    "http://a.ml/vocabularies/core#extensionName": "ms-parameter-location",
    "http://a.ml/vocabularies/document#definedBy": {
      "http://a.ml/vocabularies/core#name": null,
      "id": "file:///Users/abettati/sandbox/azure-rest-api-specs/specification/botservice/resource-manager/Microsoft.BotService/stable/2020-06-02/botservice.json#/declarations/parameters/parameter/channelNameParameter/ms-parameter-location"
    },
    "http://a.ml/vocabularies/document#extension": {
      "http://a.ml/vocabularies/core#name": null,
      "http://a.ml/vocabularies/data#value": null,
      "http://www.w3.org/ns/shacl#datatype": null,
      "id": "file:///Users/abettati/sandbox/azure-rest-api-specs/specification/botservice/resource-manager/Microsoft.BotService/stable/2020-06-02/botservice.json#/declarations/parameters/parameter/channelNameParameter/ms-parameter-location/scalar_1"
    },
    "id": "file:///Users/abettati/sandbox/azure-rest-api-specs/specification/botservice/resource-manager/Microsoft.BotService/stable/2020-06-02/botservice.json#/declarations/parameters/parameter/channelNameParameter/extension/ms-parameter-location"
  }, {
    "http://a.ml/vocabularies/core#extensionName": "ms-enum",
    "http://a.ml/vocabularies/document#definedBy": {
      "http://a.ml/vocabularies/core#name": null,
      "id": "file:///Users/abettati/sandbox/azure-rest-api-specs/specification/botservice/resource-manager/Microsoft.BotService/stable/2020-06-02/botservice.json#/declarations/parameters/parameter/channelNameParameter/ms-enum"
    },
    "http://a.ml/vocabularies/document#extension": {
      "http://a.ml/vocabularies/core#name": null,
      "http://a.ml/vocabularies/data#modelAsString": null,
      "http://a.ml/vocabularies/data#name": null,
      "http://a.ml/vocabularies/data#values": null,
      "id": "file:///Users/abettati/sandbox/azure-rest-api-specs/specification/botservice/resource-manager/Microsoft.BotService/stable/2020-06-02/botservice.json#/declarations/parameters/parameter/channelNameParameter/ms-enum/object_1"
    },
    "id": "file:///Users/abettati/sandbox/azure-rest-api-specs/specification/botservice/resource-manager/Microsoft.BotService/stable/2020-06-02/botservice.json#/declarations/parameters/parameter/channelNameParameter/extension/ms-enum"
  }],
  "http://a.ml/vocabularies/shapes#schema": {
    "http://a.ml/vocabularies/core#description": "The name of the Channel resource.",
    "http://a.ml/vocabularies/document#customDomainProperties": [{
      "http://a.ml/vocabularies/core#extensionName": null,
      "http://a.ml/vocabularies/document#definedBy": null,
      "http://a.ml/vocabularies/document#extension": null,
      "id": "file:///Users/abettati/sandbox/azure-rest-api-specs/specification/botservice/resource-manager/Microsoft.BotService/stable/2020-06-02/botservice.json#/declarations/parameters/parameter/channelNameParameter/scalar/schema/extension/ms-parameter-location"
    }, {
      "http://a.ml/vocabularies/core#extensionName": null,
      "http://a.ml/vocabularies/document#definedBy": null,
      "http://a.ml/vocabularies/document#extension": null,
      "id": "file:///Users/abettati/sandbox/azure-rest-api-specs/specification/botservice/resource-manager/Microsoft.BotService/stable/2020-06-02/botservice.json#/declarations/parameters/parameter/channelNameParameter/scalar/schema/extension/ms-enum"
    }],
    "http://www.w3.org/ns/shacl#datatype": "http://www.w3.org/2001/XMLSchema#string",
    "http://www.w3.org/ns/shacl#in": [{
      "http://a.ml/vocabularies/core#name": null,
      "http://a.ml/vocabularies/data#value": null,
      "http://www.w3.org/ns/shacl#datatype": null,
      "id": "file:///Users/abettati/sandbox/azure-rest-api-specs/specification/botservice/resource-manager/Microsoft.BotService/stable/2020-06-02/botservice.json#/declarations/parameters/parameter/channelNameParameter/scalar/schema/enum/scalar_1"
    }, {
      "http://a.ml/vocabularies/core#name": null,
      "http://a.ml/vocabularies/data#value": null,
      "http://www.w3.org/ns/shacl#datatype": null,
      "id": "file:///Users/abettati/sandbox/azure-rest-api-specs/specification/botservice/resource-manager/Microsoft.BotService/stable/2020-06-02/botservice.json#/declarations/parameters/parameter/channelNameParameter/scalar/schema/enum/scalar_2"
    }, {
      "http://a.ml/vocabularies/core#name": null,
      "http://a.ml/vocabularies/data#value": null,
      "http://www.w3.org/ns/shacl#datatype": null,
      "id": "file:///Users/abettati/sandbox/azure-rest-api-specs/specification/botservice/resource-manager/Microsoft.BotService/stable/2020-06-02/botservice.json#/declarations/parameters/parameter/channelNameParameter/scalar/schema/enum/scalar_3"
    }, {
      "http://a.ml/vocabularies/core#name": null,
      "http://a.ml/vocabularies/data#value": null,
      "http://www.w3.org/ns/shacl#datatype": null,
      "id": "file:///Users/abettati/sandbox/azure-rest-api-specs/specification/botservice/resource-manager/Microsoft.BotService/stable/2020-06-02/botservice.json#/declarations/parameters/parameter/channelNameParameter/scalar/schema/enum/scalar_4"
    }, {
      "http://a.ml/vocabularies/core#name": null,
      "http://a.ml/vocabularies/data#value": null,
      "http://www.w3.org/ns/shacl#datatype": null,
      "id": "file:///Users/abettati/sandbox/azure-rest-api-specs/specification/botservice/resource-manager/Microsoft.BotService/stable/2020-06-02/botservice.json#/declarations/parameters/parameter/channelNameParameter/scalar/schema/enum/scalar_5"
    }, {
      "http://a.ml/vocabularies/core#name": null,
      "http://a.ml/vocabularies/data#value": null,
      "http://www.w3.org/ns/shacl#datatype": null,
      "id": "file:///Users/abettati/sandbox/azure-rest-api-specs/specification/botservice/resource-manager/Microsoft.BotService/stable/2020-06-02/botservice.json#/declarations/parameters/parameter/channelNameParameter/scalar/schema/enum/scalar_6"
    }, {
      "http://a.ml/vocabularies/core#name": null,
      "http://a.ml/vocabularies/data#value": null,
      "http://www.w3.org/ns/shacl#datatype": null,
      "id": "file:///Users/abettati/sandbox/azure-rest-api-specs/specification/botservice/resource-manager/Microsoft.BotService/stable/2020-06-02/botservice.json#/declarations/parameters/parameter/channelNameParameter/scalar/schema/enum/scalar_7"
    }, {
      "http://a.ml/vocabularies/core#name": null,
      "http://a.ml/vocabularies/data#value": null,
      "http://www.w3.org/ns/shacl#datatype": null,
      "id": "file:///Users/abettati/sandbox/azure-rest-api-specs/specification/botservice/resource-manager/Microsoft.BotService/stable/2020-06-02/botservice.json#/declarations/parameters/parameter/channelNameParameter/scalar/schema/enum/scalar_8"
    }, {
      "http://a.ml/vocabularies/core#name": null,
      "http://a.ml/vocabularies/data#value": null,
      "http://www.w3.org/ns/shacl#datatype": null,
      "id": "file:///Users/abettati/sandbox/azure-rest-api-specs/specification/botservice/resource-manager/Microsoft.BotService/stable/2020-06-02/botservice.json#/declarations/parameters/parameter/channelNameParameter/scalar/schema/enum/scalar_9"
    }, {
      "http://a.ml/vocabularies/core#name": null,
      "http://a.ml/vocabularies/data#value": null,
      "http://www.w3.org/ns/shacl#datatype": null,
      "id": "file:///Users/abettati/sandbox/azure-rest-api-specs/specification/botservice/resource-manager/Microsoft.BotService/stable/2020-06-02/botservice.json#/declarations/parameters/parameter/channelNameParameter/scalar/schema/enum/scalar_10"
    }, {
      "http://a.ml/vocabularies/core#name": null,
      "http://a.ml/vocabularies/data#value": null,
      "http://www.w3.org/ns/shacl#datatype": null,
      "id": "file:///Users/abettati/sandbox/azure-rest-api-specs/specification/botservice/resource-manager/Microsoft.BotService/stable/2020-06-02/botservice.json#/declarations/parameters/parameter/channelNameParameter/scalar/schema/enum/scalar_11"
    }, {
      "http://a.ml/vocabularies/core#name": null,
      "http://a.ml/vocabularies/data#value": null,
      "http://www.w3.org/ns/shacl#datatype": null,
      "id": "file:///Users/abettati/sandbox/azure-rest-api-specs/specification/botservice/resource-manager/Microsoft.BotService/stable/2020-06-02/botservice.json#/declarations/parameters/parameter/channelNameParameter/scalar/schema/enum/scalar_12"
    }, {
      "http://a.ml/vocabularies/core#name": null,
      "http://a.ml/vocabularies/data#value": null,
      "http://www.w3.org/ns/shacl#datatype": null,
      "id": "file:///Users/abettati/sandbox/azure-rest-api-specs/specification/botservice/resource-manager/Microsoft.BotService/stable/2020-06-02/botservice.json#/declarations/parameters/parameter/channelNameParameter/scalar/schema/enum/scalar_13"
    }],
    "http://www.w3.org/ns/shacl#name": "schema",
    "id": "file:///Users/abettati/sandbox/azure-rest-api-specs/specification/botservice/resource-manager/Microsoft.BotService/stable/2020-06-02/botservice.json#/declarations/parameters/parameter/channelNameParameter/scalar/schema"
  },
  "id": "file:///Users/abettati/sandbox/azure-rest-api-specs/specification/botservice/resource-manager/Microsoft.BotService/stable/2020-06-02/botservice.json#/declarations/parameters/parameter/channelNameParameter"
}, {
  "http://a.ml/vocabularies/apiContract#binding": "query",
  "http://a.ml/vocabularies/apiContract#paramName": "api-version",
  "http://a.ml/vocabularies/apiContract#required": "true",
  "http://a.ml/vocabularies/core#description": "Version of the API to be used with the client request.",
  "http://a.ml/vocabularies/core#name": "apiVersionParameter",
  "http://a.ml/vocabularies/shapes#schema": {
    "http://a.ml/vocabularies/core#description": "Version of the API to be used with the client request.",
    "http://www.w3.org/ns/shacl#datatype": "http://www.w3.org/2001/XMLSchema#string",
    "http://www.w3.org/ns/shacl#name": "schema",
    "id": "file:///Users/abettati/sandbox/azure-rest-api-specs/specification/botservice/resource-manager/Microsoft.BotService/stable/2020-06-02/botservice.json#/declarations/parameters/parameter/apiVersionParameter/scalar/schema"
  },
  "id": "file:///Users/abettati/sandbox/azure-rest-api-specs/specification/botservice/resource-manager/Microsoft.BotService/stable/2020-06-02/botservice.json#/declarations/parameters/parameter/apiVersionParameter"
}, {
  "http://a.ml/vocabularies/apiContract#binding": "path",
  "http://a.ml/vocabularies/apiContract#paramName": "channelName",
  "http://a.ml/vocabularies/apiContract#required": "true",
  "http://a.ml/vocabularies/core#description": "The name of the Channel resource for which keys are to be regenerated.",
  "http://a.ml/vocabularies/core#name": "regenerateKeyschannelNameParameter",
  "http://a.ml/vocabularies/document#customDomainProperties": [{
    "http://a.ml/vocabularies/core#extensionName": "ms-parameter-location",
    "http://a.ml/vocabularies/document#definedBy": {
      "http://a.ml/vocabularies/core#name": null,
      "id": "file:///Users/abettati/sandbox/azure-rest-api-specs/specification/botservice/resource-manager/Microsoft.BotService/stable/2020-06-02/botservice.json#/declarations/parameters/parameter/regenerateKeyschannelNameParameter/ms-parameter-location"
    },
    "http://a.ml/vocabularies/document#extension": {
      "http://a.ml/vocabularies/core#name": null,
      "http://a.ml/vocabularies/data#value": null,
      "http://www.w3.org/ns/shacl#datatype": null,
      "id": "file:///Users/abettati/sandbox/azure-rest-api-specs/specification/botservice/resource-manager/Microsoft.BotService/stable/2020-06-02/botservice.json#/declarations/parameters/parameter/regenerateKeyschannelNameParameter/ms-parameter-location/scalar_1"
    },
    "id": "file:///Users/abettati/sandbox/azure-rest-api-specs/specification/botservice/resource-manager/Microsoft.BotService/stable/2020-06-02/botservice.json#/declarations/parameters/parameter/regenerateKeyschannelNameParameter/extension/ms-parameter-location"
  }, {
    "http://a.ml/vocabularies/core#extensionName": "ms-enum",
    "http://a.ml/vocabularies/document#definedBy": {
      "http://a.ml/vocabularies/core#name": null,
      "id": "file:///Users/abettati/sandbox/azure-rest-api-specs/specification/botservice/resource-manager/Microsoft.BotService/stable/2020-06-02/botservice.json#/declarations/parameters/parameter/regenerateKeyschannelNameParameter/ms-enum"
    },
    "http://a.ml/vocabularies/document#extension": {
      "http://a.ml/vocabularies/core#name": null,
      "http://a.ml/vocabularies/data#modelAsString": null,
      "http://a.ml/vocabularies/data#name": null,
      "http://a.ml/vocabularies/data#values": null,
      "id": "file:///Users/abettati/sandbox/azure-rest-api-specs/specification/botservice/resource-manager/Microsoft.BotService/stable/2020-06-02/botservice.json#/declarations/parameters/parameter/regenerateKeyschannelNameParameter/ms-enum/object_1"
    },
    "id": "file:///Users/abettati/sandbox/azure-rest-api-specs/specification/botservice/resource-manager/Microsoft.BotService/stable/2020-06-02/botservice.json#/declarations/parameters/parameter/regenerateKeyschannelNameParameter/extension/ms-enum"
  }],
  "http://a.ml/vocabularies/shapes#schema": {
    "http://a.ml/vocabularies/core#description": "The name of the Channel resource for which keys are to be regenerated.",
    "http://a.ml/vocabularies/document#customDomainProperties": [{
      "http://a.ml/vocabularies/core#extensionName": null,
      "http://a.ml/vocabularies/document#definedBy": null,
      "http://a.ml/vocabularies/document#extension": null,
      "id": "file:///Users/abettati/sandbox/azure-rest-api-specs/specification/botservice/resource-manager/Microsoft.BotService/stable/2020-06-02/botservice.json#/declarations/parameters/parameter/regenerateKeyschannelNameParameter/scalar/schema/extension/ms-parameter-location"
    }, {
      "http://a.ml/vocabularies/core#extensionName": null,
      "http://a.ml/vocabularies/document#definedBy": null,
      "http://a.ml/vocabularies/document#extension": null,
      "id": "file:///Users/abettati/sandbox/azure-rest-api-specs/specification/botservice/resource-manager/Microsoft.BotService/stable/2020-06-02/botservice.json#/declarations/parameters/parameter/regenerateKeyschannelNameParameter/scalar/schema/extension/ms-enum"
    }],
    "http://www.w3.org/ns/shacl#datatype": "http://www.w3.org/2001/XMLSchema#string",
    "http://www.w3.org/ns/shacl#in": [{
      "http://a.ml/vocabularies/core#name": null,
      "http://a.ml/vocabularies/data#value": null,
      "http://www.w3.org/ns/shacl#datatype": null,
      "id": "file:///Users/abettati/sandbox/azure-rest-api-specs/specification/botservice/resource-manager/Microsoft.BotService/stable/2020-06-02/botservice.json#/declarations/parameters/parameter/regenerateKeyschannelNameParameter/scalar/schema/enum/scalar_1"
    }, {
      "http://a.ml/vocabularies/core#name": null,
      "http://a.ml/vocabularies/data#value": null,
      "http://www.w3.org/ns/shacl#datatype": null,
      "id": "file:///Users/abettati/sandbox/azure-rest-api-specs/specification/botservice/resource-manager/Microsoft.BotService/stable/2020-06-02/botservice.json#/declarations/parameters/parameter/regenerateKeyschannelNameParameter/scalar/schema/enum/scalar_2"
    }],
    "http://www.w3.org/ns/shacl#name": "schema",
    "id": "file:///Users/abettati/sandbox/azure-rest-api-specs/specification/botservice/resource-manager/Microsoft.BotService/stable/2020-06-02/botservice.json#/declarations/parameters/parameter/regenerateKeyschannelNameParameter/scalar/schema"
  },
  "id": "file:///Users/abettati/sandbox/azure-rest-api-specs/specification/botservice/resource-manager/Microsoft.BotService/stable/2020-06-02/botservice.json#/declarations/parameters/parameter/regenerateKeyschannelNameParameter"
}, {
  "http://a.ml/vocabularies/apiContract#binding": "path",
  "http://a.ml/vocabularies/apiContract#paramName": "resourceGroupName",
  "http://a.ml/vocabularies/apiContract#required": "true",
  "http://a.ml/vocabularies/core#description": "The name of the Bot resource group in the user subscription.",
  "http://a.ml/vocabularies/core#name": "resourceGroupNameParameter",
  "http://a.ml/vocabularies/document#customDomainProperties": [{
    "http://a.ml/vocabularies/core#extensionName": "ms-parameter-location",
    "http://a.ml/vocabularies/document#definedBy": {
      "http://a.ml/vocabularies/core#name": null,
      "id": "file:///Users/abettati/sandbox/azure-rest-api-specs/specification/botservice/resource-manager/Microsoft.BotService/stable/2020-06-02/botservice.json#/declarations/parameters/parameter/resourceGroupNameParameter/ms-parameter-location"
    },
    "http://a.ml/vocabularies/document#extension": {
      "http://a.ml/vocabularies/core#name": null,
      "http://a.ml/vocabularies/data#value": null,
      "http://www.w3.org/ns/shacl#datatype": null,
      "id": "file:///Users/abettati/sandbox/azure-rest-api-specs/specification/botservice/resource-manager/Microsoft.BotService/stable/2020-06-02/botservice.json#/declarations/parameters/parameter/resourceGroupNameParameter/ms-parameter-location/scalar_1"
    },
    "id": "file:///Users/abettati/sandbox/azure-rest-api-specs/specification/botservice/resource-manager/Microsoft.BotService/stable/2020-06-02/botservice.json#/declarations/parameters/parameter/resourceGroupNameParameter/extension/ms-parameter-location"
  }],
  "http://a.ml/vocabularies/shapes#schema": {
    "http://a.ml/vocabularies/core#description": "The name of the Bot resource group in the user subscription.",
    "http://a.ml/vocabularies/document#customDomainProperties": [{
      "http://a.ml/vocabularies/core#extensionName": null,
      "http://a.ml/vocabularies/document#definedBy": null,
      "http://a.ml/vocabularies/document#extension": null,
      "id": "file:///Users/abettati/sandbox/azure-rest-api-specs/specification/botservice/resource-manager/Microsoft.BotService/stable/2020-06-02/botservice.json#/declarations/parameters/parameter/resourceGroupNameParameter/scalar/schema/extension/ms-parameter-location"
    }],
    "http://www.w3.org/ns/shacl#datatype": "http://www.w3.org/2001/XMLSchema#string",
    "http://www.w3.org/ns/shacl#maxLength": "64",
    "http://www.w3.org/ns/shacl#minLength": "2",
    "http://www.w3.org/ns/shacl#name": "schema",
    "http://www.w3.org/ns/shacl#pattern": "^[a-zA-Z0-9][a-zA-Z0-9_.-]*$",
    "id": "file:///Users/abettati/sandbox/azure-rest-api-specs/specification/botservice/resource-manager/Microsoft.BotService/stable/2020-06-02/botservice.json#/declarations/parameters/parameter/resourceGroupNameParameter/scalar/schema"
  },
  "id": "file:///Users/abettati/sandbox/azure-rest-api-specs/specification/botservice/resource-manager/Microsoft.BotService/stable/2020-06-02/botservice.json#/declarations/parameters/parameter/resourceGroupNameParameter"
}, {
  "http://a.ml/vocabularies/apiContract#binding": "path",
  "http://a.ml/vocabularies/apiContract#paramName": "channelName",
  "http://a.ml/vocabularies/apiContract#required": "true",
  "http://a.ml/vocabularies/core#description": "The name of the Bot resource.",
  "http://a.ml/vocabularies/core#name": "channelName",
  "http://a.ml/vocabularies/shapes#schema": {
    "http://a.ml/vocabularies/core#description": "The name of the Bot resource.",
    "http://www.w3.org/ns/shacl#datatype": "http://www.w3.org/2001/XMLSchema#string",
    "http://www.w3.org/ns/shacl#maxLength": "64",
    "http://www.w3.org/ns/shacl#minLength": "2",
    "http://www.w3.org/ns/shacl#name": "schema",
    "http://www.w3.org/ns/shacl#pattern": "^[a-zA-Z0-9][a-zA-Z0-9_.-]*$",
    "id": "file:///Users/abettati/sandbox/azure-rest-api-specs/specification/botservice/resource-manager/Microsoft.BotService/stable/2020-06-02/botservice.json#/web-api/end-points/%2Fsubscriptions%2F%7BsubscriptionId%7D%2FresourceGroups%2F%7BresourceGroupName%7D%2Fproviders%2FMicrosoft.BotService%2FbotServices%2F%7BresourceName%7D%2Fchannels%2F%7BchannelName%7D/delete/request/parameter/channelName/scalar/schema"
  },
  "id": "file:///Users/abettati/sandbox/azure-rest-api-specs/specification/botservice/resource-manager/Microsoft.BotService/stable/2020-06-02/botservice.json#/web-api/end-points/%2Fsubscriptions%2F%7BsubscriptionId%7D%2FresourceGroups%2F%7BresourceGroupName%7D%2Fproviders%2FMicrosoft.BotService%2FbotServices%2F%7BresourceName%7D%2Fchannels%2F%7BchannelName%7D/delete/request/parameter/channelName"
}, {
  "http://a.ml/vocabularies/apiContract#binding": "path",
  "http://a.ml/vocabularies/apiContract#paramName": "channelName",
  "http://a.ml/vocabularies/apiContract#required": "true",
  "http://a.ml/vocabularies/core#description": "The name of the Bot resource.",
  "http://a.ml/vocabularies/core#name": "channelName",
  "http://a.ml/vocabularies/shapes#schema": {
    "http://a.ml/vocabularies/core#description": "The name of the Bot resource.",
    "http://www.w3.org/ns/shacl#datatype": "http://www.w3.org/2001/XMLSchema#string",
    "http://www.w3.org/ns/shacl#maxLength": "64",
    "http://www.w3.org/ns/shacl#minLength": "2",
    "http://www.w3.org/ns/shacl#name": "schema",
    "http://www.w3.org/ns/shacl#pattern": "^[a-zA-Z0-9][a-zA-Z0-9_.-]*$",
    "id": "file:///Users/abettati/sandbox/azure-rest-api-specs/specification/botservice/resource-manager/Microsoft.BotService/stable/2020-06-02/botservice.json#/web-api/end-points/%2Fsubscriptions%2F%7BsubscriptionId%7D%2FresourceGroups%2F%7BresourceGroupName%7D%2Fproviders%2FMicrosoft.BotService%2FbotServices%2F%7BresourceName%7D%2Fchannels%2F%7BchannelName%7D/get/request/parameter/channelName/scalar/schema"
  },
  "id": "file:///Users/abettati/sandbox/azure-rest-api-specs/specification/botservice/resource-manager/Microsoft.BotService/stable/2020-06-02/botservice.json#/web-api/end-points/%2Fsubscriptions%2F%7BsubscriptionId%7D%2FresourceGroups%2F%7BresourceGroupName%7D%2Fproviders%2FMicrosoft.BotService%2FbotServices%2F%7BresourceName%7D%2Fchannels%2F%7BchannelName%7D/get/request/parameter/channelName"
}]