[{
  "http://a.ml/vocabularies/apiContract#binding": "path",
  "http://a.ml/vocabularies/apiContract#paramName": "providerId",
  "http://a.ml/vocabularies/apiContract#required": "true",
  "http://a.ml/vocabularies/core#description": "Azure resource provider ID.",
  "http://a.ml/vocabularies/core#name": "ProviderIdInParameters",
  "http://a.ml/vocabularies/document#customDomainProperties": [{
    "http://a.ml/vocabularies/core#extensionName": "ms-parameter-location",
    "http://a.ml/vocabularies/document#definedBy": {
      "http://a.ml/vocabularies/core#name": null,
      "id": "file:///Users/abettati/sandbox/azure-rest-api-specs/specification/reservations/resource-manager/Microsoft.Capacity/stable/2020-10-25/quota.json#/declarations/parameters/parameter/ProviderIdInParameters/ms-parameter-location"
    },
    "http://a.ml/vocabularies/document#extension": {
      "http://a.ml/vocabularies/core#name": null,
      "http://a.ml/vocabularies/data#value": null,
      "http://www.w3.org/ns/shacl#datatype": null,
      "id": "file:///Users/abettati/sandbox/azure-rest-api-specs/specification/reservations/resource-manager/Microsoft.Capacity/stable/2020-10-25/quota.json#/declarations/parameters/parameter/ProviderIdInParameters/ms-parameter-location/scalar_1"
    },
    "id": "file:///Users/abettati/sandbox/azure-rest-api-specs/specification/reservations/resource-manager/Microsoft.Capacity/stable/2020-10-25/quota.json#/declarations/parameters/parameter/ProviderIdInParameters/extension/ms-parameter-location"
  }],
  "http://a.ml/vocabularies/shapes#schema": {
    "http://a.ml/vocabularies/core#description": "Azure resource provider ID.",
    "http://a.ml/vocabularies/document#customDomainProperties": [{
      "http://a.ml/vocabularies/core#extensionName": null,
      "http://a.ml/vocabularies/document#definedBy": null,
      "http://a.ml/vocabularies/document#extension": null,
      "id": "file:///Users/abettati/sandbox/azure-rest-api-specs/specification/reservations/resource-manager/Microsoft.Capacity/stable/2020-10-25/quota.json#/declarations/parameters/parameter/ProviderIdInParameters/scalar/schema/extension/ms-parameter-location"
    }],
    "http://www.w3.org/ns/shacl#datatype": "http://www.w3.org/2001/XMLSchema#string",
    "http://www.w3.org/ns/shacl#name": "schema",
    "id": "file:///Users/abettati/sandbox/azure-rest-api-specs/specification/reservations/resource-manager/Microsoft.Capacity/stable/2020-10-25/quota.json#/declarations/parameters/parameter/ProviderIdInParameters/scalar/schema"
  },
  "id": "file:///Users/abettati/sandbox/azure-rest-api-specs/specification/reservations/resource-manager/Microsoft.Capacity/stable/2020-10-25/quota.json#/declarations/parameters/parameter/ProviderIdInParameters"
}, {
  "http://a.ml/vocabularies/apiContract#binding": "query",
  "http://a.ml/vocabularies/apiContract#paramName": "api-version",
  "http://a.ml/vocabularies/apiContract#required": "true",
  "http://a.ml/vocabularies/core#description": "API version.",
  "http://a.ml/vocabularies/core#name": "ApiVersionParameter",
  "http://a.ml/vocabularies/shapes#schema": {
    "http://a.ml/vocabularies/core#description": "API version.",
    "http://www.w3.org/ns/shacl#datatype": "http://www.w3.org/2001/XMLSchema#string",
    "http://www.w3.org/ns/shacl#name": "schema",
    "id": "file:///Users/abettati/sandbox/azure-rest-api-specs/specification/reservations/resource-manager/Microsoft.Capacity/stable/2020-10-25/quota.json#/declarations/parameters/parameter/ApiVersionParameter/scalar/schema"
  },
  "id": "file:///Users/abettati/sandbox/azure-rest-api-specs/specification/reservations/resource-manager/Microsoft.Capacity/stable/2020-10-25/quota.json#/declarations/parameters/parameter/ApiVersionParameter"
}, {
  "http://a.ml/vocabularies/apiContract#binding": "query",
  "http://a.ml/vocabularies/apiContract#paramName": "$top",
  "http://a.ml/vocabularies/apiContract#required": "false",
  "http://a.ml/vocabularies/core#description": "Number of records to return.",
  "http://a.ml/vocabularies/core#name": "TopQueryParameter",
  "http://a.ml/vocabularies/document#customDomainProperties": [{
    "http://a.ml/vocabularies/core#extensionName": "ms-parameter-location",
    "http://a.ml/vocabularies/document#definedBy": {
      "http://a.ml/vocabularies/core#name": null,
      "id": "file:///Users/abettati/sandbox/azure-rest-api-specs/specification/reservations/resource-manager/Microsoft.Capacity/stable/2020-10-25/quota.json#/declarations/parameters/parameter/TopQueryParameter/ms-parameter-location"
    },
    "http://a.ml/vocabularies/document#extension": {
      "http://a.ml/vocabularies/core#name": null,
      "http://a.ml/vocabularies/data#value": null,
      "http://www.w3.org/ns/shacl#datatype": null,
      "id": "file:///Users/abettati/sandbox/azure-rest-api-specs/specification/reservations/resource-manager/Microsoft.Capacity/stable/2020-10-25/quota.json#/declarations/parameters/parameter/TopQueryParameter/ms-parameter-location/scalar_1"
    },
    "id": "file:///Users/abettati/sandbox/azure-rest-api-specs/specification/reservations/resource-manager/Microsoft.Capacity/stable/2020-10-25/quota.json#/declarations/parameters/parameter/TopQueryParameter/extension/ms-parameter-location"
  }],
  "http://a.ml/vocabularies/shapes#schema": {
    "http://a.ml/vocabularies/core#description": "Number of records to return.",
    "http://a.ml/vocabularies/document#customDomainProperties": [{
      "http://a.ml/vocabularies/core#extensionName": null,
      "http://a.ml/vocabularies/document#definedBy": null,
      "http://a.ml/vocabularies/document#extension": null,
      "id": "file:///Users/abettati/sandbox/azure-rest-api-specs/specification/reservations/resource-manager/Microsoft.Capacity/stable/2020-10-25/quota.json#/declarations/parameters/parameter/TopQueryParameter/scalar/schema/extension/ms-parameter-location"
    }],
    "http://a.ml/vocabularies/shapes#format": "int32",
    "http://www.w3.org/ns/shacl#datatype": "http://www.w3.org/2001/XMLSchema#integer",
    "http://www.w3.org/ns/shacl#minInclusive": "1",
    "http://www.w3.org/ns/shacl#name": "schema",
    "id": "file:///Users/abettati/sandbox/azure-rest-api-specs/specification/reservations/resource-manager/Microsoft.Capacity/stable/2020-10-25/quota.json#/declarations/parameters/parameter/TopQueryParameter/scalar/schema"
  },
  "id": "file:///Users/abettati/sandbox/azure-rest-api-specs/specification/reservations/resource-manager/Microsoft.Capacity/stable/2020-10-25/quota.json#/declarations/parameters/parameter/TopQueryParameter"
}, {
  "http://a.ml/vocabularies/apiContract#binding": "path",
  "http://a.ml/vocabularies/apiContract#paramName": "resourceName",
  "http://a.ml/vocabularies/apiContract#required": "true",
  "http://a.ml/vocabularies/core#description": "The resource name for a resource provider, such as SKU name for Microsoft.Compute, Sku or TotalLowPriorityCores for Microsoft.MachineLearningServices",
  "http://a.ml/vocabularies/core#name": "ResourceNameInParameters",
  "http://a.ml/vocabularies/document#customDomainProperties": [{
    "http://a.ml/vocabularies/core#extensionName": "ms-parameter-location",
    "http://a.ml/vocabularies/document#definedBy": {
      "http://a.ml/vocabularies/core#name": null,
      "id": "file:///Users/abettati/sandbox/azure-rest-api-specs/specification/reservations/resource-manager/Microsoft.Capacity/stable/2020-10-25/quota.json#/declarations/parameters/parameter/ResourceNameInParameters/ms-parameter-location"
    },
    "http://a.ml/vocabularies/document#extension": {
      "http://a.ml/vocabularies/core#name": null,
      "http://a.ml/vocabularies/data#value": null,
      "http://www.w3.org/ns/shacl#datatype": null,
      "id": "file:///Users/abettati/sandbox/azure-rest-api-specs/specification/reservations/resource-manager/Microsoft.Capacity/stable/2020-10-25/quota.json#/declarations/parameters/parameter/ResourceNameInParameters/ms-parameter-location/scalar_1"
    },
    "id": "file:///Users/abettati/sandbox/azure-rest-api-specs/specification/reservations/resource-manager/Microsoft.Capacity/stable/2020-10-25/quota.json#/declarations/parameters/parameter/ResourceNameInParameters/extension/ms-parameter-location"
  }],
  "http://a.ml/vocabularies/shapes#schema": {
    "http://a.ml/vocabularies/core#description": "The resource name for a resource provider, such as SKU name for Microsoft.Compute, Sku or TotalLowPriorityCores for Microsoft.MachineLearningServices",
    "http://a.ml/vocabularies/document#customDomainProperties": [{
      "http://a.ml/vocabularies/core#extensionName": null,
      "http://a.ml/vocabularies/document#definedBy": null,
      "http://a.ml/vocabularies/document#extension": null,
      "id": "file:///Users/abettati/sandbox/azure-rest-api-specs/specification/reservations/resource-manager/Microsoft.Capacity/stable/2020-10-25/quota.json#/declarations/parameters/parameter/ResourceNameInParameters/scalar/schema/extension/ms-parameter-location"
    }],
    "http://www.w3.org/ns/shacl#datatype": "http://www.w3.org/2001/XMLSchema#string",
    "http://www.w3.org/ns/shacl#name": "schema",
    "id": "file:///Users/abettati/sandbox/azure-rest-api-specs/specification/reservations/resource-manager/Microsoft.Capacity/stable/2020-10-25/quota.json#/declarations/parameters/parameter/ResourceNameInParameters/scalar/schema"
  },
  "id": "file:///Users/abettati/sandbox/azure-rest-api-specs/specification/reservations/resource-manager/Microsoft.Capacity/stable/2020-10-25/quota.json#/declarations/parameters/parameter/ResourceNameInParameters"
}, {
  "http://a.ml/vocabularies/apiContract#binding": "path",
  "http://a.ml/vocabularies/apiContract#paramName": "id",
  "http://a.ml/vocabularies/apiContract#required": "true",
  "http://a.ml/vocabularies/core#description": "Quota Request ID.",
  "http://a.ml/vocabularies/core#name": "RequestIdInParameters",
  "http://a.ml/vocabularies/document#customDomainProperties": [{
    "http://a.ml/vocabularies/core#extensionName": "ms-parameter-location",
    "http://a.ml/vocabularies/document#definedBy": {
      "http://a.ml/vocabularies/core#name": null,
      "id": "file:///Users/abettati/sandbox/azure-rest-api-specs/specification/reservations/resource-manager/Microsoft.Capacity/stable/2020-10-25/quota.json#/declarations/parameters/parameter/RequestIdInParameters/ms-parameter-location"
    },
    "http://a.ml/vocabularies/document#extension": {
      "http://a.ml/vocabularies/core#name": null,
      "http://a.ml/vocabularies/data#value": null,
      "http://www.w3.org/ns/shacl#datatype": null,
      "id": "file:///Users/abettati/sandbox/azure-rest-api-specs/specification/reservations/resource-manager/Microsoft.Capacity/stable/2020-10-25/quota.json#/declarations/parameters/parameter/RequestIdInParameters/ms-parameter-location/scalar_1"
    },
    "id": "file:///Users/abettati/sandbox/azure-rest-api-specs/specification/reservations/resource-manager/Microsoft.Capacity/stable/2020-10-25/quota.json#/declarations/parameters/parameter/RequestIdInParameters/extension/ms-parameter-location"
  }],
  "http://a.ml/vocabularies/shapes#schema": {
    "http://a.ml/vocabularies/core#description": "Quota Request ID.",
    "http://a.ml/vocabularies/document#customDomainProperties": [{
      "http://a.ml/vocabularies/core#extensionName": null,
      "http://a.ml/vocabularies/document#definedBy": null,
      "http://a.ml/vocabularies/document#extension": null,
      "id": "file:///Users/abettati/sandbox/azure-rest-api-specs/specification/reservations/resource-manager/Microsoft.Capacity/stable/2020-10-25/quota.json#/declarations/parameters/parameter/RequestIdInParameters/scalar/schema/extension/ms-parameter-location"
    }],
    "http://www.w3.org/ns/shacl#datatype": "http://www.w3.org/2001/XMLSchema#string",
    "http://www.w3.org/ns/shacl#name": "schema",
    "id": "file:///Users/abettati/sandbox/azure-rest-api-specs/specification/reservations/resource-manager/Microsoft.Capacity/stable/2020-10-25/quota.json#/declarations/parameters/parameter/RequestIdInParameters/scalar/schema"
  },
  "id": "file:///Users/abettati/sandbox/azure-rest-api-specs/specification/reservations/resource-manager/Microsoft.Capacity/stable/2020-10-25/quota.json#/declarations/parameters/parameter/RequestIdInParameters"
}, {
  "http://a.ml/vocabularies/apiContract#binding": "path",
  "http://a.ml/vocabularies/apiContract#paramName": "subscriptionId",
  "http://a.ml/vocabularies/apiContract#required": "true",
  "http://a.ml/vocabularies/core#description": "Azure subscription ID.",
  "http://a.ml/vocabularies/core#name": "SubscriptionIdInParameters",
  "http://a.ml/vocabularies/document#customDomainProperties": [{
    "http://a.ml/vocabularies/core#extensionName": "ms-parameter-location",
    "http://a.ml/vocabularies/document#definedBy": {
      "http://a.ml/vocabularies/core#name": null,
      "id": "file:///Users/abettati/sandbox/azure-rest-api-specs/specification/reservations/resource-manager/Microsoft.Capacity/stable/2020-10-25/quota.json#/declarations/parameters/parameter/SubscriptionIdInParameters/ms-parameter-location"
    },
    "http://a.ml/vocabularies/document#extension": {
      "http://a.ml/vocabularies/core#name": null,
      "http://a.ml/vocabularies/data#value": null,
      "http://www.w3.org/ns/shacl#datatype": null,
      "id": "file:///Users/abettati/sandbox/azure-rest-api-specs/specification/reservations/resource-manager/Microsoft.Capacity/stable/2020-10-25/quota.json#/declarations/parameters/parameter/SubscriptionIdInParameters/ms-parameter-location/scalar_1"
    },
    "id": "file:///Users/abettati/sandbox/azure-rest-api-specs/specification/reservations/resource-manager/Microsoft.Capacity/stable/2020-10-25/quota.json#/declarations/parameters/parameter/SubscriptionIdInParameters/extension/ms-parameter-location"
  }],
  "http://a.ml/vocabularies/shapes#schema": {
    "http://a.ml/vocabularies/core#description": "Azure subscription ID.",
    "http://a.ml/vocabularies/document#customDomainProperties": [{
      "http://a.ml/vocabularies/core#extensionName": null,
      "http://a.ml/vocabularies/document#definedBy": null,
      "http://a.ml/vocabularies/document#extension": null,
      "id": "file:///Users/abettati/sandbox/azure-rest-api-specs/specification/reservations/resource-manager/Microsoft.Capacity/stable/2020-10-25/quota.json#/declarations/parameters/parameter/SubscriptionIdInParameters/scalar/schema/extension/ms-parameter-location"
    }],
    "http://www.w3.org/ns/shacl#datatype": "http://www.w3.org/2001/XMLSchema#string",
    "http://www.w3.org/ns/shacl#name": "schema",
    "id": "file:///Users/abettati/sandbox/azure-rest-api-specs/specification/reservations/resource-manager/Microsoft.Capacity/stable/2020-10-25/quota.json#/declarations/parameters/parameter/SubscriptionIdInParameters/scalar/schema"
  },
  "id": "file:///Users/abettati/sandbox/azure-rest-api-specs/specification/reservations/resource-manager/Microsoft.Capacity/stable/2020-10-25/quota.json#/declarations/parameters/parameter/SubscriptionIdInParameters"
}, {
  "http://a.ml/vocabularies/apiContract#binding": "path",
  "http://a.ml/vocabularies/apiContract#paramName": "location",
  "http://a.ml/vocabularies/apiContract#required": "true",
  "http://a.ml/vocabularies/core#description": "Azure region.",
  "http://a.ml/vocabularies/core#name": "LocationIdInParameters",
  "http://a.ml/vocabularies/document#customDomainProperties": [{
    "http://a.ml/vocabularies/core#extensionName": "ms-parameter-location",
    "http://a.ml/vocabularies/document#definedBy": {
      "http://a.ml/vocabularies/core#name": null,
      "id": "file:///Users/abettati/sandbox/azure-rest-api-specs/specification/reservations/resource-manager/Microsoft.Capacity/stable/2020-10-25/quota.json#/declarations/parameters/parameter/LocationIdInParameters/ms-parameter-location"
    },
    "http://a.ml/vocabularies/document#extension": {
      "http://a.ml/vocabularies/core#name": null,
      "http://a.ml/vocabularies/data#value": null,
      "http://www.w3.org/ns/shacl#datatype": null,
      "id": "file:///Users/abettati/sandbox/azure-rest-api-specs/specification/reservations/resource-manager/Microsoft.Capacity/stable/2020-10-25/quota.json#/declarations/parameters/parameter/LocationIdInParameters/ms-parameter-location/scalar_1"
    },
    "id": "file:///Users/abettati/sandbox/azure-rest-api-specs/specification/reservations/resource-manager/Microsoft.Capacity/stable/2020-10-25/quota.json#/declarations/parameters/parameter/LocationIdInParameters/extension/ms-parameter-location"
  }],
  "http://a.ml/vocabularies/shapes#schema": {
    "http://a.ml/vocabularies/core#description": "Azure region.",
    "http://a.ml/vocabularies/document#customDomainProperties": [{
      "http://a.ml/vocabularies/core#extensionName": null,
      "http://a.ml/vocabularies/document#definedBy": null,
      "http://a.ml/vocabularies/document#extension": null,
      "id": "file:///Users/abettati/sandbox/azure-rest-api-specs/specification/reservations/resource-manager/Microsoft.Capacity/stable/2020-10-25/quota.json#/declarations/parameters/parameter/LocationIdInParameters/scalar/schema/extension/ms-parameter-location"
    }],
    "http://www.w3.org/ns/shacl#datatype": "http://www.w3.org/2001/XMLSchema#string",
    "http://www.w3.org/ns/shacl#name": "schema",
    "id": "file:///Users/abettati/sandbox/azure-rest-api-specs/specification/reservations/resource-manager/Microsoft.Capacity/stable/2020-10-25/quota.json#/declarations/parameters/parameter/LocationIdInParameters/scalar/schema"
  },
  "id": "file:///Users/abettati/sandbox/azure-rest-api-specs/specification/reservations/resource-manager/Microsoft.Capacity/stable/2020-10-25/quota.json#/declarations/parameters/parameter/LocationIdInParameters"
}, {
  "http://a.ml/vocabularies/apiContract#binding": "query",
  "http://a.ml/vocabularies/apiContract#paramName": "$skiptoken",
  "http://a.ml/vocabularies/apiContract#required": "false",
  "http://a.ml/vocabularies/core#description": "Skiptoken is only used if a previous operation returned a partial result. If a previous response contains a nextLink element, the value of the nextLink element includes a skiptoken parameter that specifies a starting point to use for subsequent calls.",
  "http://a.ml/vocabularies/core#name": "SkipTokenParameter",
  "http://a.ml/vocabularies/document#customDomainProperties": [{
    "http://a.ml/vocabularies/core#extensionName": "ms-parameter-location",
    "http://a.ml/vocabularies/document#definedBy": {
      "http://a.ml/vocabularies/core#name": null,
      "id": "file:///Users/abettati/sandbox/azure-rest-api-specs/specification/reservations/resource-manager/Microsoft.Capacity/stable/2020-10-25/quota.json#/declarations/parameters/parameter/SkipTokenParameter/ms-parameter-location"
    },
    "http://a.ml/vocabularies/document#extension": {
      "http://a.ml/vocabularies/core#name": null,
      "http://a.ml/vocabularies/data#value": null,
      "http://www.w3.org/ns/shacl#datatype": null,
      "id": "file:///Users/abettati/sandbox/azure-rest-api-specs/specification/reservations/resource-manager/Microsoft.Capacity/stable/2020-10-25/quota.json#/declarations/parameters/parameter/SkipTokenParameter/ms-parameter-location/scalar_1"
    },
    "id": "file:///Users/abettati/sandbox/azure-rest-api-specs/specification/reservations/resource-manager/Microsoft.Capacity/stable/2020-10-25/quota.json#/declarations/parameters/parameter/SkipTokenParameter/extension/ms-parameter-location"
  }],
  "http://a.ml/vocabularies/shapes#schema": {
    "http://a.ml/vocabularies/core#description": "Skiptoken is only used if a previous operation returned a partial result. If a previous response contains a nextLink element, the value of the nextLink element includes a skiptoken parameter that specifies a starting point to use for subsequent calls.",
    "http://a.ml/vocabularies/document#customDomainProperties": [{
      "http://a.ml/vocabularies/core#extensionName": null,
      "http://a.ml/vocabularies/document#definedBy": null,
      "http://a.ml/vocabularies/document#extension": null,
      "id": "file:///Users/abettati/sandbox/azure-rest-api-specs/specification/reservations/resource-manager/Microsoft.Capacity/stable/2020-10-25/quota.json#/declarations/parameters/parameter/SkipTokenParameter/scalar/schema/extension/ms-parameter-location"
    }],
    "http://www.w3.org/ns/shacl#datatype": "http://www.w3.org/2001/XMLSchema#string",
    "http://www.w3.org/ns/shacl#name": "schema",
    "id": "file:///Users/abettati/sandbox/azure-rest-api-specs/specification/reservations/resource-manager/Microsoft.Capacity/stable/2020-10-25/quota.json#/declarations/parameters/parameter/SkipTokenParameter/scalar/schema"
  },
  "id": "file:///Users/abettati/sandbox/azure-rest-api-specs/specification/reservations/resource-manager/Microsoft.Capacity/stable/2020-10-25/quota.json#/declarations/parameters/parameter/SkipTokenParameter"
}, {
  "http://a.ml/vocabularies/apiContract#binding": "header",
  "http://a.ml/vocabularies/apiContract#required": "true",
  "http://a.ml/vocabularies/core#description": "Current entity state version. It should be treated as opaque and used to make conditional HTTP requests.",
  "http://a.ml/vocabularies/core#name": "ETag",
  "http://a.ml/vocabularies/shapes#schema": {
    "http://a.ml/vocabularies/core#description": "Current entity state version. It should be treated as opaque and used to make conditional HTTP requests.",
    "http://www.w3.org/ns/shacl#datatype": "http://www.w3.org/2001/XMLSchema#string",
    "http://www.w3.org/ns/shacl#name": "schema",
    "id": "file:///Users/abettati/sandbox/azure-rest-api-specs/specification/reservations/resource-manager/Microsoft.Capacity/stable/2020-10-25/quota.json#/web-api/end-points/%2Fsubscriptions%2F%7BsubscriptionId%7D%2Fproviders%2FMicrosoft.Capacity%2FresourceProviders%2F%7BproviderId%7D%2Flocations%2F%7Blocation%7D%2FserviceLimits%2F%7BresourceName%7D/get/200/parameter/ETag/scalar/schema"
  },
  "id": "file:///Users/abettati/sandbox/azure-rest-api-specs/specification/reservations/resource-manager/Microsoft.Capacity/stable/2020-10-25/quota.json#/web-api/end-points/%2Fsubscriptions%2F%7BsubscriptionId%7D%2Fproviders%2FMicrosoft.Capacity%2FresourceProviders%2F%7BproviderId%7D%2Flocations%2F%7Blocation%7D%2FserviceLimits%2F%7BresourceName%7D/get/200/parameter/ETag"
}, {
  "http://a.ml/vocabularies/apiContract#binding": "header",
  "http://a.ml/vocabularies/apiContract#required": "true",
  "http://a.ml/vocabularies/core#description": "Current entity state version. Should be treated as opaque and used to make conditional HTTP requests.",
  "http://a.ml/vocabularies/core#name": "ETag",
  "http://a.ml/vocabularies/shapes#schema": {
    "http://a.ml/vocabularies/core#description": "Current entity state version. Should be treated as opaque and used to make conditional HTTP requests.",
    "http://www.w3.org/ns/shacl#datatype": "http://www.w3.org/2001/XMLSchema#string",
    "http://www.w3.org/ns/shacl#name": "schema",
    "id": "file:///Users/abettati/sandbox/azure-rest-api-specs/specification/reservations/resource-manager/Microsoft.Capacity/stable/2020-10-25/quota.json#/web-api/end-points/%2Fsubscriptions%2F%7BsubscriptionId%7D%2Fproviders%2FMicrosoft.Capacity%2FresourceProviders%2F%7BproviderId%7D%2Flocations%2F%7Blocation%7D%2FserviceLimits/get/200/parameter/ETag/scalar/schema"
  },
  "id": "file:///Users/abettati/sandbox/azure-rest-api-specs/specification/reservations/resource-manager/Microsoft.Capacity/stable/2020-10-25/quota.json#/web-api/end-points/%2Fsubscriptions%2F%7BsubscriptionId%7D%2Fproviders%2FMicrosoft.Capacity%2FresourceProviders%2F%7BproviderId%7D%2Flocations%2F%7Blocation%7D%2FserviceLimits/get/200/parameter/ETag"
}, {
  "http://a.ml/vocabularies/apiContract#binding": "query",
  "http://a.ml/vocabularies/apiContract#paramName": "$filter",
  "http://a.ml/vocabularies/apiContract#required": "false",
  "http://a.ml/vocabularies/core#description": "| Field                    | Supported operators  \n|---------------------|------------------------\n\r\n|requestSubmitTime | ge, le, eq, gt, lt\n",
  "http://a.ml/vocabularies/core#name": "$filter",
  "http://a.ml/vocabularies/shapes#schema": {
    "http://a.ml/vocabularies/core#description": "| Field                    | Supported operators  \n|---------------------|------------------------\n\r\n|requestSubmitTime | ge, le, eq, gt, lt\n",
    "http://www.w3.org/ns/shacl#datatype": "http://www.w3.org/2001/XMLSchema#string",
    "http://www.w3.org/ns/shacl#name": "schema",
    "id": "file:///Users/abettati/sandbox/azure-rest-api-specs/specification/reservations/resource-manager/Microsoft.Capacity/stable/2020-10-25/quota.json#/web-api/end-points/%2Fsubscriptions%2F%7BsubscriptionId%7D%2Fproviders%2FMicrosoft.Capacity%2FresourceProviders%2F%7BproviderId%7D%2Flocations%2F%7Blocation%7D%2FserviceLimitsRequests/get/request/parameter/%24filter/scalar/schema"
  },
  "id": "file:///Users/abettati/sandbox/azure-rest-api-specs/specification/reservations/resource-manager/Microsoft.Capacity/stable/2020-10-25/quota.json#/web-api/end-points/%2Fsubscriptions%2F%7BsubscriptionId%7D%2Fproviders%2FMicrosoft.Capacity%2FresourceProviders%2F%7BproviderId%7D%2Flocations%2F%7Blocation%7D%2FserviceLimitsRequests/get/request/parameter/%24filter"
}]