[{
  "http://a.ml/vocabularies/apiContract#binding": "path",
  "http://a.ml/vocabularies/apiContract#paramName": "subscriptionId",
  "http://a.ml/vocabularies/apiContract#required": "true",
  "http://a.ml/vocabularies/core#description": "Gets subscription credentials which uniquely identify Microsoft Azure subscription. The subscription ID forms part of the URI for every service call.",
  "http://a.ml/vocabularies/core#name": "SubscriptionIdParameter",
  "http://a.ml/vocabularies/shapes#schema": {
    "http://a.ml/vocabularies/core#description": "Gets subscription credentials which uniquely identify Microsoft Azure subscription. The subscription ID forms part of the URI for every service call.",
    "http://www.w3.org/ns/shacl#datatype": "http://www.w3.org/2001/XMLSchema#string",
    "http://www.w3.org/ns/shacl#name": "schema",
    "id": "file:///Users/abettati/sandbox/azure-rest-api-specs/specification/operationalinsights/resource-manager/Microsoft.OperationalInsights/preview/2015-11-01-preview/OperationalInsights.json#/declarations/parameters/parameter/SubscriptionIdParameter/scalar/schema"
  },
  "id": "file:///Users/abettati/sandbox/azure-rest-api-specs/specification/operationalinsights/resource-manager/Microsoft.OperationalInsights/preview/2015-11-01-preview/OperationalInsights.json#/declarations/parameters/parameter/SubscriptionIdParameter"
}, {
  "http://a.ml/vocabularies/apiContract#binding": "query",
  "http://a.ml/vocabularies/apiContract#paramName": "api-version",
  "http://a.ml/vocabularies/apiContract#required": "true",
  "http://a.ml/vocabularies/core#description": "Client Api Version.",
  "http://a.ml/vocabularies/core#name": "ApiVersionParameter",
  "http://a.ml/vocabularies/shapes#schema": {
    "http://a.ml/vocabularies/core#description": "Client Api Version.",
    "http://www.w3.org/ns/shacl#datatype": "http://www.w3.org/2001/XMLSchema#string",
    "http://www.w3.org/ns/shacl#name": "schema",
    "id": "file:///Users/abettati/sandbox/azure-rest-api-specs/specification/operationalinsights/resource-manager/Microsoft.OperationalInsights/preview/2015-11-01-preview/OperationalInsights.json#/declarations/parameters/parameter/ApiVersionParameter/scalar/schema"
  },
  "id": "file:///Users/abettati/sandbox/azure-rest-api-specs/specification/operationalinsights/resource-manager/Microsoft.OperationalInsights/preview/2015-11-01-preview/OperationalInsights.json#/declarations/parameters/parameter/ApiVersionParameter"
}, {
  "http://a.ml/vocabularies/apiContract#binding": "path",
  "http://a.ml/vocabularies/apiContract#paramName": "resourceGroupName",
  "http://a.ml/vocabularies/apiContract#required": "true",
  "http://a.ml/vocabularies/core#description": "The name of the resource group to get. The name is case insensitive.",
  "http://a.ml/vocabularies/core#name": "ResourceGroupNameParameter",
  "http://a.ml/vocabularies/document#customDomainProperties": [{
    "http://a.ml/vocabularies/core#extensionName": "ms-parameter-location",
    "http://a.ml/vocabularies/document#definedBy": {
      "http://a.ml/vocabularies/core#name": null,
      "id": "file:///Users/abettati/sandbox/azure-rest-api-specs/specification/operationalinsights/resource-manager/Microsoft.OperationalInsights/preview/2015-11-01-preview/OperationalInsights.json#/declarations/parameters/parameter/ResourceGroupNameParameter/ms-parameter-location"
    },
    "http://a.ml/vocabularies/document#extension": {
      "http://a.ml/vocabularies/core#name": null,
      "http://a.ml/vocabularies/data#value": null,
      "http://www.w3.org/ns/shacl#datatype": null,
      "id": "file:///Users/abettati/sandbox/azure-rest-api-specs/specification/operationalinsights/resource-manager/Microsoft.OperationalInsights/preview/2015-11-01-preview/OperationalInsights.json#/declarations/parameters/parameter/ResourceGroupNameParameter/ms-parameter-location/scalar_1"
    },
    "id": "file:///Users/abettati/sandbox/azure-rest-api-specs/specification/operationalinsights/resource-manager/Microsoft.OperationalInsights/preview/2015-11-01-preview/OperationalInsights.json#/declarations/parameters/parameter/ResourceGroupNameParameter/extension/ms-parameter-location"
  }],
  "http://a.ml/vocabularies/shapes#schema": {
    "http://a.ml/vocabularies/core#description": "The name of the resource group to get. The name is case insensitive.",
    "http://a.ml/vocabularies/document#customDomainProperties": [{
      "http://a.ml/vocabularies/core#extensionName": null,
      "http://a.ml/vocabularies/document#definedBy": null,
      "http://a.ml/vocabularies/document#extension": null,
      "id": "file:///Users/abettati/sandbox/azure-rest-api-specs/specification/operationalinsights/resource-manager/Microsoft.OperationalInsights/preview/2015-11-01-preview/OperationalInsights.json#/declarations/parameters/parameter/ResourceGroupNameParameter/scalar/schema/extension/ms-parameter-location"
    }],
    "http://www.w3.org/ns/shacl#datatype": "http://www.w3.org/2001/XMLSchema#string",
    "http://www.w3.org/ns/shacl#maxLength": "90",
    "http://www.w3.org/ns/shacl#minLength": "1",
    "http://www.w3.org/ns/shacl#name": "schema",
    "http://www.w3.org/ns/shacl#pattern": "^[-\\w\\._\\(\\)]+$",
    "id": "file:///Users/abettati/sandbox/azure-rest-api-specs/specification/operationalinsights/resource-manager/Microsoft.OperationalInsights/preview/2015-11-01-preview/OperationalInsights.json#/declarations/parameters/parameter/ResourceGroupNameParameter/scalar/schema"
  },
  "id": "file:///Users/abettati/sandbox/azure-rest-api-specs/specification/operationalinsights/resource-manager/Microsoft.OperationalInsights/preview/2015-11-01-preview/OperationalInsights.json#/declarations/parameters/parameter/ResourceGroupNameParameter"
}, {
  "http://a.ml/vocabularies/apiContract#binding": "path",
  "http://a.ml/vocabularies/apiContract#paramName": "workspaceName",
  "http://a.ml/vocabularies/apiContract#required": "true",
  "http://a.ml/vocabularies/core#description": "Name of the Log Analytics Workspace that will contain the datasource",
  "http://a.ml/vocabularies/core#name": "workspaceName",
  "http://a.ml/vocabularies/shapes#schema": {
    "http://a.ml/vocabularies/core#description": "Name of the Log Analytics Workspace that will contain the datasource",
    "http://www.w3.org/ns/shacl#datatype": "http://www.w3.org/2001/XMLSchema#string",
    "http://www.w3.org/ns/shacl#name": "schema",
    "id": "file:///Users/abettati/sandbox/azure-rest-api-specs/specification/operationalinsights/resource-manager/Microsoft.OperationalInsights/preview/2015-11-01-preview/OperationalInsights.json#/web-api/end-points/%2Fsubscriptions%2F%7BsubscriptionId%7D%2Fresourcegroups%2F%7BresourceGroupName%7D%2Fproviders%2FMicrosoft.OperationalInsights%2Fworkspaces%2F%7BworkspaceName%7D%2FdataSources%2F%7BdataSourceName%7D/put/request/parameter/workspaceName/scalar/schema"
  },
  "id": "file:///Users/abettati/sandbox/azure-rest-api-specs/specification/operationalinsights/resource-manager/Microsoft.OperationalInsights/preview/2015-11-01-preview/OperationalInsights.json#/web-api/end-points/%2Fsubscriptions%2F%7BsubscriptionId%7D%2Fresourcegroups%2F%7BresourceGroupName%7D%2Fproviders%2FMicrosoft.OperationalInsights%2Fworkspaces%2F%7BworkspaceName%7D%2FdataSources%2F%7BdataSourceName%7D/put/request/parameter/workspaceName"
}, {
  "http://a.ml/vocabularies/apiContract#binding": "path",
  "http://a.ml/vocabularies/apiContract#paramName": "dataSourceName",
  "http://a.ml/vocabularies/apiContract#required": "true",
  "http://a.ml/vocabularies/core#description": "The name of the datasource resource.",
  "http://a.ml/vocabularies/core#name": "dataSourceName",
  "http://a.ml/vocabularies/shapes#schema": {
    "http://a.ml/vocabularies/core#description": "The name of the datasource resource.",
    "http://www.w3.org/ns/shacl#datatype": "http://www.w3.org/2001/XMLSchema#string",
    "http://www.w3.org/ns/shacl#name": "schema",
    "id": "file:///Users/abettati/sandbox/azure-rest-api-specs/specification/operationalinsights/resource-manager/Microsoft.OperationalInsights/preview/2015-11-01-preview/OperationalInsights.json#/web-api/end-points/%2Fsubscriptions%2F%7BsubscriptionId%7D%2Fresourcegroups%2F%7BresourceGroupName%7D%2Fproviders%2FMicrosoft.OperationalInsights%2Fworkspaces%2F%7BworkspaceName%7D%2FdataSources%2F%7BdataSourceName%7D/put/request/parameter/dataSourceName/scalar/schema"
  },
  "id": "file:///Users/abettati/sandbox/azure-rest-api-specs/specification/operationalinsights/resource-manager/Microsoft.OperationalInsights/preview/2015-11-01-preview/OperationalInsights.json#/web-api/end-points/%2Fsubscriptions%2F%7BsubscriptionId%7D%2Fresourcegroups%2F%7BresourceGroupName%7D%2Fproviders%2FMicrosoft.OperationalInsights%2Fworkspaces%2F%7BworkspaceName%7D%2FdataSources%2F%7BdataSourceName%7D/put/request/parameter/dataSourceName"
}, {
  "http://a.ml/vocabularies/apiContract#binding": "path",
  "http://a.ml/vocabularies/apiContract#paramName": "workspaceName",
  "http://a.ml/vocabularies/apiContract#required": "true",
  "http://a.ml/vocabularies/core#description": "Name of the Log Analytics Workspace that contains the datasource.",
  "http://a.ml/vocabularies/core#name": "workspaceName",
  "http://a.ml/vocabularies/shapes#schema": {
    "http://a.ml/vocabularies/core#description": "Name of the Log Analytics Workspace that contains the datasource.",
    "http://www.w3.org/ns/shacl#datatype": "http://www.w3.org/2001/XMLSchema#string",
    "http://www.w3.org/ns/shacl#name": "schema",
    "id": "file:///Users/abettati/sandbox/azure-rest-api-specs/specification/operationalinsights/resource-manager/Microsoft.OperationalInsights/preview/2015-11-01-preview/OperationalInsights.json#/web-api/end-points/%2Fsubscriptions%2F%7BsubscriptionId%7D%2Fresourcegroups%2F%7BresourceGroupName%7D%2Fproviders%2FMicrosoft.OperationalInsights%2Fworkspaces%2F%7BworkspaceName%7D%2FdataSources%2F%7BdataSourceName%7D/delete/request/parameter/workspaceName/scalar/schema"
  },
  "id": "file:///Users/abettati/sandbox/azure-rest-api-specs/specification/operationalinsights/resource-manager/Microsoft.OperationalInsights/preview/2015-11-01-preview/OperationalInsights.json#/web-api/end-points/%2Fsubscriptions%2F%7BsubscriptionId%7D%2Fresourcegroups%2F%7BresourceGroupName%7D%2Fproviders%2FMicrosoft.OperationalInsights%2Fworkspaces%2F%7BworkspaceName%7D%2FdataSources%2F%7BdataSourceName%7D/delete/request/parameter/workspaceName"
}, {
  "http://a.ml/vocabularies/apiContract#binding": "path",
  "http://a.ml/vocabularies/apiContract#paramName": "dataSourceName",
  "http://a.ml/vocabularies/apiContract#required": "true",
  "http://a.ml/vocabularies/core#description": "Name of the datasource.",
  "http://a.ml/vocabularies/core#name": "dataSourceName",
  "http://a.ml/vocabularies/shapes#schema": {
    "http://a.ml/vocabularies/core#description": "Name of the datasource.",
    "http://www.w3.org/ns/shacl#datatype": "http://www.w3.org/2001/XMLSchema#string",
    "http://www.w3.org/ns/shacl#name": "schema",
    "id": "file:///Users/abettati/sandbox/azure-rest-api-specs/specification/operationalinsights/resource-manager/Microsoft.OperationalInsights/preview/2015-11-01-preview/OperationalInsights.json#/web-api/end-points/%2Fsubscriptions%2F%7BsubscriptionId%7D%2Fresourcegroups%2F%7BresourceGroupName%7D%2Fproviders%2FMicrosoft.OperationalInsights%2Fworkspaces%2F%7BworkspaceName%7D%2FdataSources%2F%7BdataSourceName%7D/delete/request/parameter/dataSourceName/scalar/schema"
  },
  "id": "file:///Users/abettati/sandbox/azure-rest-api-specs/specification/operationalinsights/resource-manager/Microsoft.OperationalInsights/preview/2015-11-01-preview/OperationalInsights.json#/web-api/end-points/%2Fsubscriptions%2F%7BsubscriptionId%7D%2Fresourcegroups%2F%7BresourceGroupName%7D%2Fproviders%2FMicrosoft.OperationalInsights%2Fworkspaces%2F%7BworkspaceName%7D%2FdataSources%2F%7BdataSourceName%7D/delete/request/parameter/dataSourceName"
}, {
  "http://a.ml/vocabularies/apiContract#binding": "path",
  "http://a.ml/vocabularies/apiContract#paramName": "workspaceName",
  "http://a.ml/vocabularies/apiContract#required": "true",
  "http://a.ml/vocabularies/core#description": "Name of the Log Analytics Workspace that contains the datasource.",
  "http://a.ml/vocabularies/core#name": "workspaceName",
  "http://a.ml/vocabularies/shapes#schema": {
    "http://a.ml/vocabularies/core#description": "Name of the Log Analytics Workspace that contains the datasource.",
    "http://www.w3.org/ns/shacl#datatype": "http://www.w3.org/2001/XMLSchema#string",
    "http://www.w3.org/ns/shacl#name": "schema",
    "id": "file:///Users/abettati/sandbox/azure-rest-api-specs/specification/operationalinsights/resource-manager/Microsoft.OperationalInsights/preview/2015-11-01-preview/OperationalInsights.json#/web-api/end-points/%2Fsubscriptions%2F%7BsubscriptionId%7D%2Fresourcegroups%2F%7BresourceGroupName%7D%2Fproviders%2FMicrosoft.OperationalInsights%2Fworkspaces%2F%7BworkspaceName%7D%2FdataSources%2F%7BdataSourceName%7D/get/request/parameter/workspaceName/scalar/schema"
  },
  "id": "file:///Users/abettati/sandbox/azure-rest-api-specs/specification/operationalinsights/resource-manager/Microsoft.OperationalInsights/preview/2015-11-01-preview/OperationalInsights.json#/web-api/end-points/%2Fsubscriptions%2F%7BsubscriptionId%7D%2Fresourcegroups%2F%7BresourceGroupName%7D%2Fproviders%2FMicrosoft.OperationalInsights%2Fworkspaces%2F%7BworkspaceName%7D%2FdataSources%2F%7BdataSourceName%7D/get/request/parameter/workspaceName"
}, {
  "http://a.ml/vocabularies/apiContract#binding": "path",
  "http://a.ml/vocabularies/apiContract#paramName": "dataSourceName",
  "http://a.ml/vocabularies/apiContract#required": "true",
  "http://a.ml/vocabularies/core#description": "Name of the datasource",
  "http://a.ml/vocabularies/core#name": "dataSourceName",
  "http://a.ml/vocabularies/shapes#schema": {
    "http://a.ml/vocabularies/core#description": "Name of the datasource",
    "http://www.w3.org/ns/shacl#datatype": "http://www.w3.org/2001/XMLSchema#string",
    "http://www.w3.org/ns/shacl#name": "schema",
    "id": "file:///Users/abettati/sandbox/azure-rest-api-specs/specification/operationalinsights/resource-manager/Microsoft.OperationalInsights/preview/2015-11-01-preview/OperationalInsights.json#/web-api/end-points/%2Fsubscriptions%2F%7BsubscriptionId%7D%2Fresourcegroups%2F%7BresourceGroupName%7D%2Fproviders%2FMicrosoft.OperationalInsights%2Fworkspaces%2F%7BworkspaceName%7D%2FdataSources%2F%7BdataSourceName%7D/get/request/parameter/dataSourceName/scalar/schema"
  },
  "id": "file:///Users/abettati/sandbox/azure-rest-api-specs/specification/operationalinsights/resource-manager/Microsoft.OperationalInsights/preview/2015-11-01-preview/OperationalInsights.json#/web-api/end-points/%2Fsubscriptions%2F%7BsubscriptionId%7D%2Fresourcegroups%2F%7BresourceGroupName%7D%2Fproviders%2FMicrosoft.OperationalInsights%2Fworkspaces%2F%7BworkspaceName%7D%2FdataSources%2F%7BdataSourceName%7D/get/request/parameter/dataSourceName"
}, {
  "http://a.ml/vocabularies/apiContract#binding": "query",
  "http://a.ml/vocabularies/apiContract#paramName": "$filter",
  "http://a.ml/vocabularies/apiContract#required": "true",
  "http://a.ml/vocabularies/core#description": "The filter to apply on the operation.",
  "http://a.ml/vocabularies/core#name": "$filter",
  "http://a.ml/vocabularies/shapes#schema": {
    "http://a.ml/vocabularies/core#description": "The filter to apply on the operation.",
    "http://www.w3.org/ns/shacl#datatype": "http://www.w3.org/2001/XMLSchema#string",
    "http://www.w3.org/ns/shacl#name": "schema",
    "id": "file:///Users/abettati/sandbox/azure-rest-api-specs/specification/operationalinsights/resource-manager/Microsoft.OperationalInsights/preview/2015-11-01-preview/OperationalInsights.json#/web-api/end-points/%2Fsubscriptions%2F%7BsubscriptionId%7D%2Fresourcegroups%2F%7BresourceGroupName%7D%2Fproviders%2FMicrosoft.OperationalInsights%2Fworkspaces%2F%7BworkspaceName%7D%2FdataSources/get/request/parameter/%24filter/scalar/schema"
  },
  "id": "file:///Users/abettati/sandbox/azure-rest-api-specs/specification/operationalinsights/resource-manager/Microsoft.OperationalInsights/preview/2015-11-01-preview/OperationalInsights.json#/web-api/end-points/%2Fsubscriptions%2F%7BsubscriptionId%7D%2Fresourcegroups%2F%7BresourceGroupName%7D%2Fproviders%2FMicrosoft.OperationalInsights%2Fworkspaces%2F%7BworkspaceName%7D%2FdataSources/get/request/parameter/%24filter"
}, {
  "http://a.ml/vocabularies/apiContract#binding": "query",
  "http://a.ml/vocabularies/apiContract#paramName": "$skiptoken",
  "http://a.ml/vocabularies/apiContract#required": "false",
  "http://a.ml/vocabularies/core#description": "Starting point of the collection of data source instances.",
  "http://a.ml/vocabularies/core#name": "$skiptoken",
  "http://a.ml/vocabularies/shapes#schema": {
    "http://a.ml/vocabularies/core#description": "Starting point of the collection of data source instances.",
    "http://www.w3.org/ns/shacl#datatype": "http://www.w3.org/2001/XMLSchema#string",
    "http://www.w3.org/ns/shacl#name": "schema",
    "id": "file:///Users/abettati/sandbox/azure-rest-api-specs/specification/operationalinsights/resource-manager/Microsoft.OperationalInsights/preview/2015-11-01-preview/OperationalInsights.json#/web-api/end-points/%2Fsubscriptions%2F%7BsubscriptionId%7D%2Fresourcegroups%2F%7BresourceGroupName%7D%2Fproviders%2FMicrosoft.OperationalInsights%2Fworkspaces%2F%7BworkspaceName%7D%2FdataSources/get/request/parameter/%24skiptoken/scalar/schema"
  },
  "id": "file:///Users/abettati/sandbox/azure-rest-api-specs/specification/operationalinsights/resource-manager/Microsoft.OperationalInsights/preview/2015-11-01-preview/OperationalInsights.json#/web-api/end-points/%2Fsubscriptions%2F%7BsubscriptionId%7D%2Fresourcegroups%2F%7BresourceGroupName%7D%2Fproviders%2FMicrosoft.OperationalInsights%2Fworkspaces%2F%7BworkspaceName%7D%2FdataSources/get/request/parameter/%24skiptoken"
}, {
  "http://a.ml/vocabularies/apiContract#binding": "path",
  "http://a.ml/vocabularies/apiContract#paramName": "workspaceName",
  "http://a.ml/vocabularies/apiContract#required": "true",
  "http://a.ml/vocabularies/core#description": "The workspace that contains the data sources.",
  "http://a.ml/vocabularies/core#name": "workspaceName",
  "http://a.ml/vocabularies/shapes#schema": {
    "http://a.ml/vocabularies/core#description": "The workspace that contains the data sources.",
    "http://www.w3.org/ns/shacl#datatype": "http://www.w3.org/2001/XMLSchema#string",
    "http://www.w3.org/ns/shacl#name": "schema",
    "id": "file:///Users/abettati/sandbox/azure-rest-api-specs/specification/operationalinsights/resource-manager/Microsoft.OperationalInsights/preview/2015-11-01-preview/OperationalInsights.json#/web-api/end-points/%2Fsubscriptions%2F%7BsubscriptionId%7D%2Fresourcegroups%2F%7BresourceGroupName%7D%2Fproviders%2FMicrosoft.OperationalInsights%2Fworkspaces%2F%7BworkspaceName%7D%2FdataSources/get/request/parameter/workspaceName/scalar/schema"
  },
  "id": "file:///Users/abettati/sandbox/azure-rest-api-specs/specification/operationalinsights/resource-manager/Microsoft.OperationalInsights/preview/2015-11-01-preview/OperationalInsights.json#/web-api/end-points/%2Fsubscriptions%2F%7BsubscriptionId%7D%2Fresourcegroups%2F%7BresourceGroupName%7D%2Fproviders%2FMicrosoft.OperationalInsights%2Fworkspaces%2F%7BworkspaceName%7D%2FdataSources/get/request/parameter/workspaceName"
}, {
  "http://a.ml/vocabularies/apiContract#binding": "path",
  "http://a.ml/vocabularies/apiContract#paramName": "workspaceName",
  "http://a.ml/vocabularies/apiContract#required": "true",
  "http://a.ml/vocabularies/core#description": "Name of the Log Analytics Workspace.",
  "http://a.ml/vocabularies/core#name": "workspaceName",
  "http://a.ml/vocabularies/shapes#schema": {
    "http://a.ml/vocabularies/core#description": "Name of the Log Analytics Workspace.",
    "http://www.w3.org/ns/shacl#datatype": "http://www.w3.org/2001/XMLSchema#string",
    "http://www.w3.org/ns/shacl#name": "schema",
    "id": "file:///Users/abettati/sandbox/azure-rest-api-specs/specification/operationalinsights/resource-manager/Microsoft.OperationalInsights/preview/2015-11-01-preview/OperationalInsights.json#/web-api/end-points/%2Fsubscriptions%2F%7BsubscriptionId%7D%2Fresourcegroups%2F%7BresourceGroupName%7D%2Fproviders%2FMicrosoft.OperationalInsights%2Fworkspaces%2F%7BworkspaceName%7D%2FintelligencePacks%2F%7BintelligencePackName%7D%2FDisable/post/request/parameter/workspaceName/scalar/schema"
  },
  "id": "file:///Users/abettati/sandbox/azure-rest-api-specs/specification/operationalinsights/resource-manager/Microsoft.OperationalInsights/preview/2015-11-01-preview/OperationalInsights.json#/web-api/end-points/%2Fsubscriptions%2F%7BsubscriptionId%7D%2Fresourcegroups%2F%7BresourceGroupName%7D%2Fproviders%2FMicrosoft.OperationalInsights%2Fworkspaces%2F%7BworkspaceName%7D%2FintelligencePacks%2F%7BintelligencePackName%7D%2FDisable/post/request/parameter/workspaceName"
}, {
  "http://a.ml/vocabularies/apiContract#binding": "path",
  "http://a.ml/vocabularies/apiContract#paramName": "intelligencePackName",
  "http://a.ml/vocabularies/apiContract#required": "true",
  "http://a.ml/vocabularies/core#description": "The name of the intelligence pack to be disabled.",
  "http://a.ml/vocabularies/core#name": "intelligencePackName",
  "http://a.ml/vocabularies/shapes#schema": {
    "http://a.ml/vocabularies/core#description": "The name of the intelligence pack to be disabled.",
    "http://www.w3.org/ns/shacl#datatype": "http://www.w3.org/2001/XMLSchema#string",
    "http://www.w3.org/ns/shacl#name": "schema",
    "id": "file:///Users/abettati/sandbox/azure-rest-api-specs/specification/operationalinsights/resource-manager/Microsoft.OperationalInsights/preview/2015-11-01-preview/OperationalInsights.json#/web-api/end-points/%2Fsubscriptions%2F%7BsubscriptionId%7D%2Fresourcegroups%2F%7BresourceGroupName%7D%2Fproviders%2FMicrosoft.OperationalInsights%2Fworkspaces%2F%7BworkspaceName%7D%2FintelligencePacks%2F%7BintelligencePackName%7D%2FDisable/post/request/parameter/intelligencePackName/scalar/schema"
  },
  "id": "file:///Users/abettati/sandbox/azure-rest-api-specs/specification/operationalinsights/resource-manager/Microsoft.OperationalInsights/preview/2015-11-01-preview/OperationalInsights.json#/web-api/end-points/%2Fsubscriptions%2F%7BsubscriptionId%7D%2Fresourcegroups%2F%7BresourceGroupName%7D%2Fproviders%2FMicrosoft.OperationalInsights%2Fworkspaces%2F%7BworkspaceName%7D%2FintelligencePacks%2F%7BintelligencePackName%7D%2FDisable/post/request/parameter/intelligencePackName"
}, {
  "http://a.ml/vocabularies/apiContract#binding": "path",
  "http://a.ml/vocabularies/apiContract#paramName": "workspaceName",
  "http://a.ml/vocabularies/apiContract#required": "true",
  "http://a.ml/vocabularies/core#description": "Name of the Log Analytics Workspace.",
  "http://a.ml/vocabularies/core#name": "workspaceName",
  "http://a.ml/vocabularies/shapes#schema": {
    "http://a.ml/vocabularies/core#description": "Name of the Log Analytics Workspace.",
    "http://www.w3.org/ns/shacl#datatype": "http://www.w3.org/2001/XMLSchema#string",
    "http://www.w3.org/ns/shacl#name": "schema",
    "id": "file:///Users/abettati/sandbox/azure-rest-api-specs/specification/operationalinsights/resource-manager/Microsoft.OperationalInsights/preview/2015-11-01-preview/OperationalInsights.json#/web-api/end-points/%2Fsubscriptions%2F%7BsubscriptionId%7D%2Fresourcegroups%2F%7BresourceGroupName%7D%2Fproviders%2FMicrosoft.OperationalInsights%2Fworkspaces%2F%7BworkspaceName%7D%2FintelligencePacks%2F%7BintelligencePackName%7D%2FEnable/post/request/parameter/workspaceName/scalar/schema"
  },
  "id": "file:///Users/abettati/sandbox/azure-rest-api-specs/specification/operationalinsights/resource-manager/Microsoft.OperationalInsights/preview/2015-11-01-preview/OperationalInsights.json#/web-api/end-points/%2Fsubscriptions%2F%7BsubscriptionId%7D%2Fresourcegroups%2F%7BresourceGroupName%7D%2Fproviders%2FMicrosoft.OperationalInsights%2Fworkspaces%2F%7BworkspaceName%7D%2FintelligencePacks%2F%7BintelligencePackName%7D%2FEnable/post/request/parameter/workspaceName"
}, {
  "http://a.ml/vocabularies/apiContract#binding": "path",
  "http://a.ml/vocabularies/apiContract#paramName": "intelligencePackName",
  "http://a.ml/vocabularies/apiContract#required": "true",
  "http://a.ml/vocabularies/core#description": "The name of the intelligence pack to be enabled.",
  "http://a.ml/vocabularies/core#name": "intelligencePackName",
  "http://a.ml/vocabularies/shapes#schema": {
    "http://a.ml/vocabularies/core#description": "The name of the intelligence pack to be enabled.",
    "http://www.w3.org/ns/shacl#datatype": "http://www.w3.org/2001/XMLSchema#string",
    "http://www.w3.org/ns/shacl#name": "schema",
    "id": "file:///Users/abettati/sandbox/azure-rest-api-specs/specification/operationalinsights/resource-manager/Microsoft.OperationalInsights/preview/2015-11-01-preview/OperationalInsights.json#/web-api/end-points/%2Fsubscriptions%2F%7BsubscriptionId%7D%2Fresourcegroups%2F%7BresourceGroupName%7D%2Fproviders%2FMicrosoft.OperationalInsights%2Fworkspaces%2F%7BworkspaceName%7D%2FintelligencePacks%2F%7BintelligencePackName%7D%2FEnable/post/request/parameter/intelligencePackName/scalar/schema"
  },
  "id": "file:///Users/abettati/sandbox/azure-rest-api-specs/specification/operationalinsights/resource-manager/Microsoft.OperationalInsights/preview/2015-11-01-preview/OperationalInsights.json#/web-api/end-points/%2Fsubscriptions%2F%7BsubscriptionId%7D%2Fresourcegroups%2F%7BresourceGroupName%7D%2Fproviders%2FMicrosoft.OperationalInsights%2Fworkspaces%2F%7BworkspaceName%7D%2FintelligencePacks%2F%7BintelligencePackName%7D%2FEnable/post/request/parameter/intelligencePackName"
}, {
  "http://a.ml/vocabularies/apiContract#binding": "path",
  "http://a.ml/vocabularies/apiContract#paramName": "workspaceName",
  "http://a.ml/vocabularies/apiContract#required": "true",
  "http://a.ml/vocabularies/core#description": "Name of the Log Analytics Workspace.",
  "http://a.ml/vocabularies/core#name": "workspaceName",
  "http://a.ml/vocabularies/shapes#schema": {
    "http://a.ml/vocabularies/core#description": "Name of the Log Analytics Workspace.",
    "http://www.w3.org/ns/shacl#datatype": "http://www.w3.org/2001/XMLSchema#string",
    "http://www.w3.org/ns/shacl#name": "schema",
    "id": "file:///Users/abettati/sandbox/azure-rest-api-specs/specification/operationalinsights/resource-manager/Microsoft.OperationalInsights/preview/2015-11-01-preview/OperationalInsights.json#/web-api/end-points/%2Fsubscriptions%2F%7BsubscriptionId%7D%2Fresourcegroups%2F%7BresourceGroupName%7D%2Fproviders%2FMicrosoft.OperationalInsights%2Fworkspaces%2F%7BworkspaceName%7D%2FintelligencePacks/get/request/parameter/workspaceName/scalar/schema"
  },
  "id": "file:///Users/abettati/sandbox/azure-rest-api-specs/specification/operationalinsights/resource-manager/Microsoft.OperationalInsights/preview/2015-11-01-preview/OperationalInsights.json#/web-api/end-points/%2Fsubscriptions%2F%7BsubscriptionId%7D%2Fresourcegroups%2F%7BresourceGroupName%7D%2Fproviders%2FMicrosoft.OperationalInsights%2Fworkspaces%2F%7BworkspaceName%7D%2FintelligencePacks/get/request/parameter/workspaceName"
}, {
  "http://a.ml/vocabularies/apiContract#binding": "path",
  "http://a.ml/vocabularies/apiContract#paramName": "workspaceName",
  "http://a.ml/vocabularies/apiContract#required": "true",
  "http://a.ml/vocabularies/core#description": "Name of the Log Analytics Workspace.",
  "http://a.ml/vocabularies/core#name": "workspaceName",
  "http://a.ml/vocabularies/shapes#schema": {
    "http://a.ml/vocabularies/core#description": "Name of the Log Analytics Workspace.",
    "http://www.w3.org/ns/shacl#datatype": "http://www.w3.org/2001/XMLSchema#string",
    "http://www.w3.org/ns/shacl#name": "schema",
    "id": "file:///Users/abettati/sandbox/azure-rest-api-specs/specification/operationalinsights/resource-manager/Microsoft.OperationalInsights/preview/2015-11-01-preview/OperationalInsights.json#/web-api/end-points/%2Fsubscriptions%2F%7BsubscriptionId%7D%2Fresourcegroups%2F%7BresourceGroupName%7D%2Fproviders%2FMicrosoft.OperationalInsights%2Fworkspaces%2F%7BworkspaceName%7D%2FsharedKeys/post/request/parameter/workspaceName/scalar/schema"
  },
  "id": "file:///Users/abettati/sandbox/azure-rest-api-specs/specification/operationalinsights/resource-manager/Microsoft.OperationalInsights/preview/2015-11-01-preview/OperationalInsights.json#/web-api/end-points/%2Fsubscriptions%2F%7BsubscriptionId%7D%2Fresourcegroups%2F%7BresourceGroupName%7D%2Fproviders%2FMicrosoft.OperationalInsights%2Fworkspaces%2F%7BworkspaceName%7D%2FsharedKeys/post/request/parameter/workspaceName"
}, {
  "http://a.ml/vocabularies/apiContract#binding": "path",
  "http://a.ml/vocabularies/apiContract#paramName": "workspaceName",
  "http://a.ml/vocabularies/apiContract#required": "true",
  "http://a.ml/vocabularies/core#description": "The name of the workspace.",
  "http://a.ml/vocabularies/core#name": "workspaceName",
  "http://a.ml/vocabularies/shapes#schema": {
    "http://a.ml/vocabularies/core#description": "The name of the workspace.",
    "http://www.w3.org/ns/shacl#datatype": "http://www.w3.org/2001/XMLSchema#string",
    "http://www.w3.org/ns/shacl#name": "schema",
    "id": "file:///Users/abettati/sandbox/azure-rest-api-specs/specification/operationalinsights/resource-manager/Microsoft.OperationalInsights/preview/2015-11-01-preview/OperationalInsights.json#/web-api/end-points/%2Fsubscriptions%2F%7BsubscriptionId%7D%2Fresourcegroups%2F%7BresourceGroupName%7D%2Fproviders%2FMicrosoft.OperationalInsights%2Fworkspaces%2F%7BworkspaceName%7D%2Fusages/get/request/parameter/workspaceName/scalar/schema"
  },
  "id": "file:///Users/abettati/sandbox/azure-rest-api-specs/specification/operationalinsights/resource-manager/Microsoft.OperationalInsights/preview/2015-11-01-preview/OperationalInsights.json#/web-api/end-points/%2Fsubscriptions%2F%7BsubscriptionId%7D%2Fresourcegroups%2F%7BresourceGroupName%7D%2Fproviders%2FMicrosoft.OperationalInsights%2Fworkspaces%2F%7BworkspaceName%7D%2Fusages/get/request/parameter/workspaceName"
}, {
  "http://a.ml/vocabularies/apiContract#binding": "path",
  "http://a.ml/vocabularies/apiContract#paramName": "workspaceName",
  "http://a.ml/vocabularies/apiContract#required": "true",
  "http://a.ml/vocabularies/core#description": "The name of the workspace.",
  "http://a.ml/vocabularies/core#name": "workspaceName",
  "http://a.ml/vocabularies/shapes#schema": {
    "http://a.ml/vocabularies/core#description": "The name of the workspace.",
    "http://www.w3.org/ns/shacl#datatype": "http://www.w3.org/2001/XMLSchema#string",
    "http://www.w3.org/ns/shacl#name": "schema",
    "id": "file:///Users/abettati/sandbox/azure-rest-api-specs/specification/operationalinsights/resource-manager/Microsoft.OperationalInsights/preview/2015-11-01-preview/OperationalInsights.json#/web-api/end-points/%2Fsubscriptions%2F%7BsubscriptionId%7D%2Fresourcegroups%2F%7BresourceGroupName%7D%2Fproviders%2FMicrosoft.OperationalInsights%2Fworkspaces%2F%7BworkspaceName%7D%2FmanagementGroups/get/request/parameter/workspaceName/scalar/schema"
  },
  "id": "file:///Users/abettati/sandbox/azure-rest-api-specs/specification/operationalinsights/resource-manager/Microsoft.OperationalInsights/preview/2015-11-01-preview/OperationalInsights.json#/web-api/end-points/%2Fsubscriptions%2F%7BsubscriptionId%7D%2Fresourcegroups%2F%7BresourceGroupName%7D%2Fproviders%2FMicrosoft.OperationalInsights%2Fworkspaces%2F%7BworkspaceName%7D%2FmanagementGroups/get/request/parameter/workspaceName"
}, {
  "http://a.ml/vocabularies/apiContract#binding": "path",
  "http://a.ml/vocabularies/apiContract#paramName": "resourceGroupName",
  "http://a.ml/vocabularies/apiContract#required": "true",
  "http://a.ml/vocabularies/core#description": "The resource group name of the workspace.",
  "http://a.ml/vocabularies/core#name": "resourceGroupName",
  "http://a.ml/vocabularies/shapes#schema": {
    "http://a.ml/vocabularies/core#description": "The resource group name of the workspace.",
    "http://www.w3.org/ns/shacl#datatype": "http://www.w3.org/2001/XMLSchema#string",
    "http://www.w3.org/ns/shacl#name": "schema",
    "id": "file:///Users/abettati/sandbox/azure-rest-api-specs/specification/operationalinsights/resource-manager/Microsoft.OperationalInsights/preview/2015-11-01-preview/OperationalInsights.json#/web-api/end-points/%2Fsubscriptions%2F%7BsubscriptionId%7D%2Fresourcegroups%2F%7BresourceGroupName%7D%2Fproviders%2FMicrosoft.OperationalInsights%2Fworkspaces%2F%7BworkspaceName%7D/put/request/parameter/resourceGroupName/scalar/schema"
  },
  "id": "file:///Users/abettati/sandbox/azure-rest-api-specs/specification/operationalinsights/resource-manager/Microsoft.OperationalInsights/preview/2015-11-01-preview/OperationalInsights.json#/web-api/end-points/%2Fsubscriptions%2F%7BsubscriptionId%7D%2Fresourcegroups%2F%7BresourceGroupName%7D%2Fproviders%2FMicrosoft.OperationalInsights%2Fworkspaces%2F%7BworkspaceName%7D/put/request/parameter/resourceGroupName"
}, {
  "http://a.ml/vocabularies/apiContract#binding": "path",
  "http://a.ml/vocabularies/apiContract#paramName": "workspaceName",
  "http://a.ml/vocabularies/apiContract#required": "true",
  "http://a.ml/vocabularies/core#description": "The name of the workspace.",
  "http://a.ml/vocabularies/core#name": "workspaceName",
  "http://a.ml/vocabularies/shapes#schema": {
    "http://a.ml/vocabularies/core#description": "The name of the workspace.",
    "http://www.w3.org/ns/shacl#datatype": "http://www.w3.org/2001/XMLSchema#string",
    "http://www.w3.org/ns/shacl#maxLength": "63",
    "http://www.w3.org/ns/shacl#minLength": "4",
    "http://www.w3.org/ns/shacl#name": "schema",
    "http://www.w3.org/ns/shacl#pattern": "^[A-Za-z0-9][A-Za-z0-9-]+[A-Za-z0-9]$",
    "id": "file:///Users/abettati/sandbox/azure-rest-api-specs/specification/operationalinsights/resource-manager/Microsoft.OperationalInsights/preview/2015-11-01-preview/OperationalInsights.json#/web-api/end-points/%2Fsubscriptions%2F%7BsubscriptionId%7D%2Fresourcegroups%2F%7BresourceGroupName%7D%2Fproviders%2FMicrosoft.OperationalInsights%2Fworkspaces%2F%7BworkspaceName%7D/put/request/parameter/workspaceName/scalar/schema"
  },
  "id": "file:///Users/abettati/sandbox/azure-rest-api-specs/specification/operationalinsights/resource-manager/Microsoft.OperationalInsights/preview/2015-11-01-preview/OperationalInsights.json#/web-api/end-points/%2Fsubscriptions%2F%7BsubscriptionId%7D%2Fresourcegroups%2F%7BresourceGroupName%7D%2Fproviders%2FMicrosoft.OperationalInsights%2Fworkspaces%2F%7BworkspaceName%7D/put/request/parameter/workspaceName"
}, {
  "http://a.ml/vocabularies/apiContract#binding": "path",
  "http://a.ml/vocabularies/apiContract#paramName": "resourceGroupName",
  "http://a.ml/vocabularies/apiContract#required": "true",
  "http://a.ml/vocabularies/core#description": "The resource group name of the workspace.",
  "http://a.ml/vocabularies/core#name": "resourceGroupName",
  "http://a.ml/vocabularies/shapes#schema": {
    "http://a.ml/vocabularies/core#description": "The resource group name of the workspace.",
    "http://www.w3.org/ns/shacl#datatype": "http://www.w3.org/2001/XMLSchema#string",
    "http://www.w3.org/ns/shacl#name": "schema",
    "id": "file:///Users/abettati/sandbox/azure-rest-api-specs/specification/operationalinsights/resource-manager/Microsoft.OperationalInsights/preview/2015-11-01-preview/OperationalInsights.json#/web-api/end-points/%2Fsubscriptions%2F%7BsubscriptionId%7D%2Fresourcegroups%2F%7BresourceGroupName%7D%2Fproviders%2FMicrosoft.OperationalInsights%2Fworkspaces%2F%7BworkspaceName%7D/delete/request/parameter/resourceGroupName/scalar/schema"
  },
  "id": "file:///Users/abettati/sandbox/azure-rest-api-specs/specification/operationalinsights/resource-manager/Microsoft.OperationalInsights/preview/2015-11-01-preview/OperationalInsights.json#/web-api/end-points/%2Fsubscriptions%2F%7BsubscriptionId%7D%2Fresourcegroups%2F%7BresourceGroupName%7D%2Fproviders%2FMicrosoft.OperationalInsights%2Fworkspaces%2F%7BworkspaceName%7D/delete/request/parameter/resourceGroupName"
}, {
  "http://a.ml/vocabularies/apiContract#binding": "path",
  "http://a.ml/vocabularies/apiContract#paramName": "workspaceName",
  "http://a.ml/vocabularies/apiContract#required": "true",
  "http://a.ml/vocabularies/core#description": "Name of the Log Analytics Workspace.",
  "http://a.ml/vocabularies/core#name": "workspaceName",
  "http://a.ml/vocabularies/shapes#schema": {
    "http://a.ml/vocabularies/core#description": "Name of the Log Analytics Workspace.",
    "http://www.w3.org/ns/shacl#datatype": "http://www.w3.org/2001/XMLSchema#string",
    "http://www.w3.org/ns/shacl#name": "schema",
    "id": "file:///Users/abettati/sandbox/azure-rest-api-specs/specification/operationalinsights/resource-manager/Microsoft.OperationalInsights/preview/2015-11-01-preview/OperationalInsights.json#/web-api/end-points/%2Fsubscriptions%2F%7BsubscriptionId%7D%2Fresourcegroups%2F%7BresourceGroupName%7D%2Fproviders%2FMicrosoft.OperationalInsights%2Fworkspaces%2F%7BworkspaceName%7D/delete/request/parameter/workspaceName/scalar/schema"
  },
  "id": "file:///Users/abettati/sandbox/azure-rest-api-specs/specification/operationalinsights/resource-manager/Microsoft.OperationalInsights/preview/2015-11-01-preview/OperationalInsights.json#/web-api/end-points/%2Fsubscriptions%2F%7BsubscriptionId%7D%2Fresourcegroups%2F%7BresourceGroupName%7D%2Fproviders%2FMicrosoft.OperationalInsights%2Fworkspaces%2F%7BworkspaceName%7D/delete/request/parameter/workspaceName"
}, {
  "http://a.ml/vocabularies/apiContract#binding": "path",
  "http://a.ml/vocabularies/apiContract#paramName": "resourceGroupName",
  "http://a.ml/vocabularies/apiContract#required": "true",
  "http://a.ml/vocabularies/core#description": "The resource group name of the workspace.",
  "http://a.ml/vocabularies/core#name": "resourceGroupName",
  "http://a.ml/vocabularies/shapes#schema": {
    "http://a.ml/vocabularies/core#description": "The resource group name of the workspace.",
    "http://www.w3.org/ns/shacl#datatype": "http://www.w3.org/2001/XMLSchema#string",
    "http://www.w3.org/ns/shacl#name": "schema",
    "id": "file:///Users/abettati/sandbox/azure-rest-api-specs/specification/operationalinsights/resource-manager/Microsoft.OperationalInsights/preview/2015-11-01-preview/OperationalInsights.json#/web-api/end-points/%2Fsubscriptions%2F%7BsubscriptionId%7D%2Fresourcegroups%2F%7BresourceGroupName%7D%2Fproviders%2FMicrosoft.OperationalInsights%2Fworkspaces%2F%7BworkspaceName%7D/get/request/parameter/resourceGroupName/scalar/schema"
  },
  "id": "file:///Users/abettati/sandbox/azure-rest-api-specs/specification/operationalinsights/resource-manager/Microsoft.OperationalInsights/preview/2015-11-01-preview/OperationalInsights.json#/web-api/end-points/%2Fsubscriptions%2F%7BsubscriptionId%7D%2Fresourcegroups%2F%7BresourceGroupName%7D%2Fproviders%2FMicrosoft.OperationalInsights%2Fworkspaces%2F%7BworkspaceName%7D/get/request/parameter/resourceGroupName"
}, {
  "http://a.ml/vocabularies/apiContract#binding": "path",
  "http://a.ml/vocabularies/apiContract#paramName": "workspaceName",
  "http://a.ml/vocabularies/apiContract#required": "true",
  "http://a.ml/vocabularies/core#description": "Name of the Log Analytics Workspace.",
  "http://a.ml/vocabularies/core#name": "workspaceName",
  "http://a.ml/vocabularies/shapes#schema": {
    "http://a.ml/vocabularies/core#description": "Name of the Log Analytics Workspace.",
    "http://www.w3.org/ns/shacl#datatype": "http://www.w3.org/2001/XMLSchema#string",
    "http://www.w3.org/ns/shacl#name": "schema",
    "id": "file:///Users/abettati/sandbox/azure-rest-api-specs/specification/operationalinsights/resource-manager/Microsoft.OperationalInsights/preview/2015-11-01-preview/OperationalInsights.json#/web-api/end-points/%2Fsubscriptions%2F%7BsubscriptionId%7D%2Fresourcegroups%2F%7BresourceGroupName%7D%2Fproviders%2FMicrosoft.OperationalInsights%2Fworkspaces%2F%7BworkspaceName%7D/get/request/parameter/workspaceName/scalar/schema"
  },
  "id": "file:///Users/abettati/sandbox/azure-rest-api-specs/specification/operationalinsights/resource-manager/Microsoft.OperationalInsights/preview/2015-11-01-preview/OperationalInsights.json#/web-api/end-points/%2Fsubscriptions%2F%7BsubscriptionId%7D%2Fresourcegroups%2F%7BresourceGroupName%7D%2Fproviders%2FMicrosoft.OperationalInsights%2Fworkspaces%2F%7BworkspaceName%7D/get/request/parameter/workspaceName"
}, {
  "http://a.ml/vocabularies/apiContract#binding": "path",
  "http://a.ml/vocabularies/apiContract#paramName": "resourceGroupName",
  "http://a.ml/vocabularies/apiContract#required": "true",
  "http://a.ml/vocabularies/core#description": "The resource group name of the workspace.",
  "http://a.ml/vocabularies/core#name": "resourceGroupName",
  "http://a.ml/vocabularies/shapes#schema": {
    "http://a.ml/vocabularies/core#description": "The resource group name of the workspace.",
    "http://www.w3.org/ns/shacl#datatype": "http://www.w3.org/2001/XMLSchema#string",
    "http://www.w3.org/ns/shacl#name": "schema",
    "id": "file:///Users/abettati/sandbox/azure-rest-api-specs/specification/operationalinsights/resource-manager/Microsoft.OperationalInsights/preview/2015-11-01-preview/OperationalInsights.json#/web-api/end-points/%2Fsubscriptions%2F%7BsubscriptionId%7D%2Fresourcegroups%2F%7BresourceGroupName%7D%2Fproviders%2FMicrosoft.OperationalInsights%2Fworkspaces%2F%7BworkspaceName%7D/patch/request/parameter/resourceGroupName/scalar/schema"
  },
  "id": "file:///Users/abettati/sandbox/azure-rest-api-specs/specification/operationalinsights/resource-manager/Microsoft.OperationalInsights/preview/2015-11-01-preview/OperationalInsights.json#/web-api/end-points/%2Fsubscriptions%2F%7BsubscriptionId%7D%2Fresourcegroups%2F%7BresourceGroupName%7D%2Fproviders%2FMicrosoft.OperationalInsights%2Fworkspaces%2F%7BworkspaceName%7D/patch/request/parameter/resourceGroupName"
}, {
  "http://a.ml/vocabularies/apiContract#binding": "path",
  "http://a.ml/vocabularies/apiContract#paramName": "workspaceName",
  "http://a.ml/vocabularies/apiContract#required": "true",
  "http://a.ml/vocabularies/core#description": "The name of the workspace.",
  "http://a.ml/vocabularies/core#name": "workspaceName",
  "http://a.ml/vocabularies/shapes#schema": {
    "http://a.ml/vocabularies/core#description": "The name of the workspace.",
    "http://www.w3.org/ns/shacl#datatype": "http://www.w3.org/2001/XMLSchema#string",
    "http://www.w3.org/ns/shacl#maxLength": "63",
    "http://www.w3.org/ns/shacl#minLength": "4",
    "http://www.w3.org/ns/shacl#name": "schema",
    "http://www.w3.org/ns/shacl#pattern": "^[A-Za-z0-9][A-Za-z0-9-]+[A-Za-z0-9]$",
    "id": "file:///Users/abettati/sandbox/azure-rest-api-specs/specification/operationalinsights/resource-manager/Microsoft.OperationalInsights/preview/2015-11-01-preview/OperationalInsights.json#/web-api/end-points/%2Fsubscriptions%2F%7BsubscriptionId%7D%2Fresourcegroups%2F%7BresourceGroupName%7D%2Fproviders%2FMicrosoft.OperationalInsights%2Fworkspaces%2F%7BworkspaceName%7D/patch/request/parameter/workspaceName/scalar/schema"
  },
  "id": "file:///Users/abettati/sandbox/azure-rest-api-specs/specification/operationalinsights/resource-manager/Microsoft.OperationalInsights/preview/2015-11-01-preview/OperationalInsights.json#/web-api/end-points/%2Fsubscriptions%2F%7BsubscriptionId%7D%2Fresourcegroups%2F%7BresourceGroupName%7D%2Fproviders%2FMicrosoft.OperationalInsights%2Fworkspaces%2F%7BworkspaceName%7D/patch/request/parameter/workspaceName"
}, {
  "http://a.ml/vocabularies/apiContract#binding": "path",
  "http://a.ml/vocabularies/apiContract#paramName": "location",
  "http://a.ml/vocabularies/apiContract#required": "true",
  "http://a.ml/vocabularies/core#description": "The region name of operation.",
  "http://a.ml/vocabularies/core#name": "location",
  "http://a.ml/vocabularies/shapes#schema": {
    "http://a.ml/vocabularies/core#description": "The region name of operation.",
    "http://www.w3.org/ns/shacl#datatype": "http://www.w3.org/2001/XMLSchema#string",
    "http://www.w3.org/ns/shacl#name": "schema",
    "id": "file:///Users/abettati/sandbox/azure-rest-api-specs/specification/operationalinsights/resource-manager/Microsoft.OperationalInsights/preview/2015-11-01-preview/OperationalInsights.json#/web-api/end-points/%2Fsubscriptions%2F%7BsubscriptionId%7D%2Fproviders%2FMicrosoft.OperationalInsights%2Flocations%2F%7Blocation%7D%2FoperationStatuses%2F%7BasyncOperationId%7D/get/request/parameter/location/scalar/schema"
  },
  "id": "file:///Users/abettati/sandbox/azure-rest-api-specs/specification/operationalinsights/resource-manager/Microsoft.OperationalInsights/preview/2015-11-01-preview/OperationalInsights.json#/web-api/end-points/%2Fsubscriptions%2F%7BsubscriptionId%7D%2Fproviders%2FMicrosoft.OperationalInsights%2Flocations%2F%7Blocation%7D%2FoperationStatuses%2F%7BasyncOperationId%7D/get/request/parameter/location"
}, {
  "http://a.ml/vocabularies/apiContract#binding": "path",
  "http://a.ml/vocabularies/apiContract#paramName": "asyncOperationId",
  "http://a.ml/vocabularies/apiContract#required": "true",
  "http://a.ml/vocabularies/core#description": "The operation Id.",
  "http://a.ml/vocabularies/core#name": "asyncOperationId",
  "http://a.ml/vocabularies/shapes#schema": {
    "http://a.ml/vocabularies/core#description": "The operation Id.",
    "http://www.w3.org/ns/shacl#datatype": "http://www.w3.org/2001/XMLSchema#string",
    "http://www.w3.org/ns/shacl#name": "schema",
    "id": "file:///Users/abettati/sandbox/azure-rest-api-specs/specification/operationalinsights/resource-manager/Microsoft.OperationalInsights/preview/2015-11-01-preview/OperationalInsights.json#/web-api/end-points/%2Fsubscriptions%2F%7BsubscriptionId%7D%2Fproviders%2FMicrosoft.OperationalInsights%2Flocations%2F%7Blocation%7D%2FoperationStatuses%2F%7BasyncOperationId%7D/get/request/parameter/asyncOperationId/scalar/schema"
  },
  "id": "file:///Users/abettati/sandbox/azure-rest-api-specs/specification/operationalinsights/resource-manager/Microsoft.OperationalInsights/preview/2015-11-01-preview/OperationalInsights.json#/web-api/end-points/%2Fsubscriptions%2F%7BsubscriptionId%7D%2Fproviders%2FMicrosoft.OperationalInsights%2Flocations%2F%7Blocation%7D%2FoperationStatuses%2F%7BasyncOperationId%7D/get/request/parameter/asyncOperationId"
}]