[{
  "http://a.ml/vocabularies/apiContract#binding": "query",
  "http://a.ml/vocabularies/apiContract#paramName": "api-version",
  "http://a.ml/vocabularies/apiContract#required": "true",
  "http://a.ml/vocabularies/core#description": "Client Api Version.",
  "http://a.ml/vocabularies/core#name": "ApiVersionParameter",
  "http://a.ml/vocabularies/shapes#schema": {
    "http://a.ml/vocabularies/core#description": "Client Api Version.",
    "http://www.w3.org/ns/shacl#datatype": "http://www.w3.org/2001/XMLSchema#string",
    "http://www.w3.org/ns/shacl#name": "schema",
    "id": "file:///Users/abettati/sandbox/azure-rest-api-specs/specification/streamanalytics/resource-manager/Microsoft.StreamAnalytics/stable/2016-03-01/functions.json#/declarations/parameters/parameter/ApiVersionParameter/scalar/schema"
  },
  "id": "file:///Users/abettati/sandbox/azure-rest-api-specs/specification/streamanalytics/resource-manager/Microsoft.StreamAnalytics/stable/2016-03-01/functions.json#/declarations/parameters/parameter/ApiVersionParameter"
}, {
  "http://a.ml/vocabularies/apiContract#binding": "path",
  "http://a.ml/vocabularies/apiContract#paramName": "subscriptionId",
  "http://a.ml/vocabularies/apiContract#required": "true",
  "http://a.ml/vocabularies/core#description": "GUID which uniquely identify Microsoft Azure subscription. The subscription ID forms part of the URI for every service call.",
  "http://a.ml/vocabularies/core#name": "SubscriptionIdParameter",
  "http://a.ml/vocabularies/shapes#schema": {
    "http://a.ml/vocabularies/core#description": "GUID which uniquely identify Microsoft Azure subscription. The subscription ID forms part of the URI for every service call.",
    "http://www.w3.org/ns/shacl#datatype": "http://www.w3.org/2001/XMLSchema#string",
    "http://www.w3.org/ns/shacl#name": "schema",
    "id": "file:///Users/abettati/sandbox/azure-rest-api-specs/specification/streamanalytics/resource-manager/Microsoft.StreamAnalytics/stable/2016-03-01/functions.json#/declarations/parameters/parameter/SubscriptionIdParameter/scalar/schema"
  },
  "id": "file:///Users/abettati/sandbox/azure-rest-api-specs/specification/streamanalytics/resource-manager/Microsoft.StreamAnalytics/stable/2016-03-01/functions.json#/declarations/parameters/parameter/SubscriptionIdParameter"
}, {
  "http://a.ml/vocabularies/apiContract#binding": "path",
  "http://a.ml/vocabularies/apiContract#paramName": "functionName",
  "http://a.ml/vocabularies/apiContract#required": "true",
  "http://a.ml/vocabularies/core#description": "The name of the function.",
  "http://a.ml/vocabularies/core#name": "FunctionNameParameter",
  "http://a.ml/vocabularies/document#customDomainProperties": [{
    "http://a.ml/vocabularies/core#extensionName": "ms-parameter-location",
    "http://a.ml/vocabularies/document#definedBy": {
      "http://a.ml/vocabularies/core#name": null,
      "id": "file:///Users/abettati/sandbox/azure-rest-api-specs/specification/streamanalytics/resource-manager/Microsoft.StreamAnalytics/stable/2016-03-01/functions.json#/declarations/parameters/parameter/FunctionNameParameter/ms-parameter-location"
    },
    "http://a.ml/vocabularies/document#extension": {
      "http://a.ml/vocabularies/core#name": null,
      "http://a.ml/vocabularies/data#value": null,
      "http://www.w3.org/ns/shacl#datatype": null,
      "id": "file:///Users/abettati/sandbox/azure-rest-api-specs/specification/streamanalytics/resource-manager/Microsoft.StreamAnalytics/stable/2016-03-01/functions.json#/declarations/parameters/parameter/FunctionNameParameter/ms-parameter-location/scalar_1"
    },
    "id": "file:///Users/abettati/sandbox/azure-rest-api-specs/specification/streamanalytics/resource-manager/Microsoft.StreamAnalytics/stable/2016-03-01/functions.json#/declarations/parameters/parameter/FunctionNameParameter/extension/ms-parameter-location"
  }],
  "http://a.ml/vocabularies/shapes#schema": {
    "http://a.ml/vocabularies/core#description": "The name of the function.",
    "http://a.ml/vocabularies/document#customDomainProperties": [{
      "http://a.ml/vocabularies/core#extensionName": null,
      "http://a.ml/vocabularies/document#definedBy": null,
      "http://a.ml/vocabularies/document#extension": null,
      "id": "file:///Users/abettati/sandbox/azure-rest-api-specs/specification/streamanalytics/resource-manager/Microsoft.StreamAnalytics/stable/2016-03-01/functions.json#/declarations/parameters/parameter/FunctionNameParameter/scalar/schema/extension/ms-parameter-location"
    }],
    "http://www.w3.org/ns/shacl#datatype": "http://www.w3.org/2001/XMLSchema#string",
    "http://www.w3.org/ns/shacl#name": "schema",
    "id": "file:///Users/abettati/sandbox/azure-rest-api-specs/specification/streamanalytics/resource-manager/Microsoft.StreamAnalytics/stable/2016-03-01/functions.json#/declarations/parameters/parameter/FunctionNameParameter/scalar/schema"
  },
  "id": "file:///Users/abettati/sandbox/azure-rest-api-specs/specification/streamanalytics/resource-manager/Microsoft.StreamAnalytics/stable/2016-03-01/functions.json#/declarations/parameters/parameter/FunctionNameParameter"
}, {
  "http://a.ml/vocabularies/apiContract#binding": "path",
  "http://a.ml/vocabularies/apiContract#paramName": "resourceGroupName",
  "http://a.ml/vocabularies/apiContract#required": "true",
  "http://a.ml/vocabularies/core#description": "The name of the resource group that contains the resource. You can obtain this value from the Azure Resource Manager API or the portal.",
  "http://a.ml/vocabularies/core#name": "ResourceGroupNameParameter",
  "http://a.ml/vocabularies/document#customDomainProperties": [{
    "http://a.ml/vocabularies/core#extensionName": "ms-parameter-location",
    "http://a.ml/vocabularies/document#definedBy": {
      "http://a.ml/vocabularies/core#name": null,
      "id": "file:///Users/abettati/sandbox/azure-rest-api-specs/specification/streamanalytics/resource-manager/Microsoft.StreamAnalytics/stable/2016-03-01/functions.json#/declarations/parameters/parameter/ResourceGroupNameParameter/ms-parameter-location"
    },
    "http://a.ml/vocabularies/document#extension": {
      "http://a.ml/vocabularies/core#name": null,
      "http://a.ml/vocabularies/data#value": null,
      "http://www.w3.org/ns/shacl#datatype": null,
      "id": "file:///Users/abettati/sandbox/azure-rest-api-specs/specification/streamanalytics/resource-manager/Microsoft.StreamAnalytics/stable/2016-03-01/functions.json#/declarations/parameters/parameter/ResourceGroupNameParameter/ms-parameter-location/scalar_1"
    },
    "id": "file:///Users/abettati/sandbox/azure-rest-api-specs/specification/streamanalytics/resource-manager/Microsoft.StreamAnalytics/stable/2016-03-01/functions.json#/declarations/parameters/parameter/ResourceGroupNameParameter/extension/ms-parameter-location"
  }],
  "http://a.ml/vocabularies/shapes#schema": {
    "http://a.ml/vocabularies/core#description": "The name of the resource group that contains the resource. You can obtain this value from the Azure Resource Manager API or the portal.",
    "http://a.ml/vocabularies/document#customDomainProperties": [{
      "http://a.ml/vocabularies/core#extensionName": null,
      "http://a.ml/vocabularies/document#definedBy": null,
      "http://a.ml/vocabularies/document#extension": null,
      "id": "file:///Users/abettati/sandbox/azure-rest-api-specs/specification/streamanalytics/resource-manager/Microsoft.StreamAnalytics/stable/2016-03-01/functions.json#/declarations/parameters/parameter/ResourceGroupNameParameter/scalar/schema/extension/ms-parameter-location"
    }],
    "http://www.w3.org/ns/shacl#datatype": "http://www.w3.org/2001/XMLSchema#string",
    "http://www.w3.org/ns/shacl#name": "schema",
    "id": "file:///Users/abettati/sandbox/azure-rest-api-specs/specification/streamanalytics/resource-manager/Microsoft.StreamAnalytics/stable/2016-03-01/functions.json#/declarations/parameters/parameter/ResourceGroupNameParameter/scalar/schema"
  },
  "id": "file:///Users/abettati/sandbox/azure-rest-api-specs/specification/streamanalytics/resource-manager/Microsoft.StreamAnalytics/stable/2016-03-01/functions.json#/declarations/parameters/parameter/ResourceGroupNameParameter"
}, {
  "http://a.ml/vocabularies/apiContract#binding": "path",
  "http://a.ml/vocabularies/apiContract#paramName": "jobName",
  "http://a.ml/vocabularies/apiContract#required": "true",
  "http://a.ml/vocabularies/core#description": "The name of the streaming job.",
  "http://a.ml/vocabularies/core#name": "StreamingJobNameParameter",
  "http://a.ml/vocabularies/document#customDomainProperties": [{
    "http://a.ml/vocabularies/core#extensionName": "ms-parameter-location",
    "http://a.ml/vocabularies/document#definedBy": {
      "http://a.ml/vocabularies/core#name": null,
      "id": "file:///Users/abettati/sandbox/azure-rest-api-specs/specification/streamanalytics/resource-manager/Microsoft.StreamAnalytics/stable/2016-03-01/functions.json#/declarations/parameters/parameter/StreamingJobNameParameter/ms-parameter-location"
    },
    "http://a.ml/vocabularies/document#extension": {
      "http://a.ml/vocabularies/core#name": null,
      "http://a.ml/vocabularies/data#value": null,
      "http://www.w3.org/ns/shacl#datatype": null,
      "id": "file:///Users/abettati/sandbox/azure-rest-api-specs/specification/streamanalytics/resource-manager/Microsoft.StreamAnalytics/stable/2016-03-01/functions.json#/declarations/parameters/parameter/StreamingJobNameParameter/ms-parameter-location/scalar_1"
    },
    "id": "file:///Users/abettati/sandbox/azure-rest-api-specs/specification/streamanalytics/resource-manager/Microsoft.StreamAnalytics/stable/2016-03-01/functions.json#/declarations/parameters/parameter/StreamingJobNameParameter/extension/ms-parameter-location"
  }],
  "http://a.ml/vocabularies/shapes#schema": {
    "http://a.ml/vocabularies/core#description": "The name of the streaming job.",
    "http://a.ml/vocabularies/document#customDomainProperties": [{
      "http://a.ml/vocabularies/core#extensionName": null,
      "http://a.ml/vocabularies/document#definedBy": null,
      "http://a.ml/vocabularies/document#extension": null,
      "id": "file:///Users/abettati/sandbox/azure-rest-api-specs/specification/streamanalytics/resource-manager/Microsoft.StreamAnalytics/stable/2016-03-01/functions.json#/declarations/parameters/parameter/StreamingJobNameParameter/scalar/schema/extension/ms-parameter-location"
    }],
    "http://www.w3.org/ns/shacl#datatype": "http://www.w3.org/2001/XMLSchema#string",
    "http://www.w3.org/ns/shacl#name": "schema",
    "id": "file:///Users/abettati/sandbox/azure-rest-api-specs/specification/streamanalytics/resource-manager/Microsoft.StreamAnalytics/stable/2016-03-01/functions.json#/declarations/parameters/parameter/StreamingJobNameParameter/scalar/schema"
  },
  "id": "file:///Users/abettati/sandbox/azure-rest-api-specs/specification/streamanalytics/resource-manager/Microsoft.StreamAnalytics/stable/2016-03-01/functions.json#/declarations/parameters/parameter/StreamingJobNameParameter"
}, {
  "http://a.ml/vocabularies/apiContract#binding": "header",
  "http://a.ml/vocabularies/apiContract#required": "true",
  "http://a.ml/vocabularies/core#description": "The current entity tag for the function. This is an opaque string. You can use it to detect whether the resource has changed between requests. You can also use it in the If-Match or If-None-Match headers for write operations for optimistic concurrency.",
  "http://a.ml/vocabularies/core#name": "ETag",
  "http://a.ml/vocabularies/shapes#schema": {
    "http://a.ml/vocabularies/core#description": "The current entity tag for the function. This is an opaque string. You can use it to detect whether the resource has changed between requests. You can also use it in the If-Match or If-None-Match headers for write operations for optimistic concurrency.",
    "http://www.w3.org/ns/shacl#datatype": "http://www.w3.org/2001/XMLSchema#string",
    "http://www.w3.org/ns/shacl#name": "schema",
    "id": "file:///Users/abettati/sandbox/azure-rest-api-specs/specification/streamanalytics/resource-manager/Microsoft.StreamAnalytics/stable/2016-03-01/functions.json#/web-api/end-points/%2Fsubscriptions%2F%7BsubscriptionId%7D%2Fresourcegroups%2F%7BresourceGroupName%7D%2Fproviders%2FMicrosoft.StreamAnalytics%2Fstreamingjobs%2F%7BjobName%7D%2Ffunctions%2F%7BfunctionName%7D/put/200/parameter/ETag/scalar/schema"
  },
  "id": "file:///Users/abettati/sandbox/azure-rest-api-specs/specification/streamanalytics/resource-manager/Microsoft.StreamAnalytics/stable/2016-03-01/functions.json#/web-api/end-points/%2Fsubscriptions%2F%7BsubscriptionId%7D%2Fresourcegroups%2F%7BresourceGroupName%7D%2Fproviders%2FMicrosoft.StreamAnalytics%2Fstreamingjobs%2F%7BjobName%7D%2Ffunctions%2F%7BfunctionName%7D/put/200/parameter/ETag"
}, {
  "http://a.ml/vocabularies/apiContract#binding": "header",
  "http://a.ml/vocabularies/apiContract#required": "true",
  "http://a.ml/vocabularies/core#description": "The current entity tag for the function. This is an opaque string. You can use it to detect whether the resource has changed between requests. You can also use it in the If-Match or If-None-Match headers for write operations for optimistic concurrency.",
  "http://a.ml/vocabularies/core#name": "ETag",
  "http://a.ml/vocabularies/shapes#schema": {
    "http://a.ml/vocabularies/core#description": "The current entity tag for the function. This is an opaque string. You can use it to detect whether the resource has changed between requests. You can also use it in the If-Match or If-None-Match headers for write operations for optimistic concurrency.",
    "http://www.w3.org/ns/shacl#datatype": "http://www.w3.org/2001/XMLSchema#string",
    "http://www.w3.org/ns/shacl#name": "schema",
    "id": "file:///Users/abettati/sandbox/azure-rest-api-specs/specification/streamanalytics/resource-manager/Microsoft.StreamAnalytics/stable/2016-03-01/functions.json#/web-api/end-points/%2Fsubscriptions%2F%7BsubscriptionId%7D%2Fresourcegroups%2F%7BresourceGroupName%7D%2Fproviders%2FMicrosoft.StreamAnalytics%2Fstreamingjobs%2F%7BjobName%7D%2Ffunctions%2F%7BfunctionName%7D/put/201/parameter/ETag/scalar/schema"
  },
  "id": "file:///Users/abettati/sandbox/azure-rest-api-specs/specification/streamanalytics/resource-manager/Microsoft.StreamAnalytics/stable/2016-03-01/functions.json#/web-api/end-points/%2Fsubscriptions%2F%7BsubscriptionId%7D%2Fresourcegroups%2F%7BresourceGroupName%7D%2Fproviders%2FMicrosoft.StreamAnalytics%2Fstreamingjobs%2F%7BjobName%7D%2Ffunctions%2F%7BfunctionName%7D/put/201/parameter/ETag"
}, {
  "http://a.ml/vocabularies/apiContract#binding": "header",
  "http://a.ml/vocabularies/apiContract#paramName": "If-Match",
  "http://a.ml/vocabularies/apiContract#required": "false",
  "http://a.ml/vocabularies/core#description": "The ETag of the function. Omit this value to always overwrite the current function. Specify the last-seen ETag value to prevent accidentally overwriting concurrent changes.",
  "http://a.ml/vocabularies/core#name": "If-Match",
  "http://a.ml/vocabularies/document#customDomainProperties": [{
    "http://a.ml/vocabularies/core#extensionName": "ms-client-name",
    "http://a.ml/vocabularies/document#definedBy": {
      "http://a.ml/vocabularies/core#name": null,
      "id": "file:///Users/abettati/sandbox/azure-rest-api-specs/specification/streamanalytics/resource-manager/Microsoft.StreamAnalytics/stable/2016-03-01/functions.json#/web-api/end-points/%2Fsubscriptions%2F%7BsubscriptionId%7D%2Fresourcegroups%2F%7BresourceGroupName%7D%2Fproviders%2FMicrosoft.StreamAnalytics%2Fstreamingjobs%2F%7BjobName%7D%2Ffunctions%2F%7BfunctionName%7D/put/request/parameter/If-Match/ms-client-name"
    },
    "http://a.ml/vocabularies/document#extension": {
      "http://a.ml/vocabularies/core#name": null,
      "http://a.ml/vocabularies/data#value": null,
      "http://www.w3.org/ns/shacl#datatype": null,
      "id": "file:///Users/abettati/sandbox/azure-rest-api-specs/specification/streamanalytics/resource-manager/Microsoft.StreamAnalytics/stable/2016-03-01/functions.json#/web-api/end-points/%2Fsubscriptions%2F%7BsubscriptionId%7D%2Fresourcegroups%2F%7BresourceGroupName%7D%2Fproviders%2FMicrosoft.StreamAnalytics%2Fstreamingjobs%2F%7BjobName%7D%2Ffunctions%2F%7BfunctionName%7D/put/request/parameter/If-Match/ms-client-name/scalar_1"
    },
    "id": "file:///Users/abettati/sandbox/azure-rest-api-specs/specification/streamanalytics/resource-manager/Microsoft.StreamAnalytics/stable/2016-03-01/functions.json#/web-api/end-points/%2Fsubscriptions%2F%7BsubscriptionId%7D%2Fresourcegroups%2F%7BresourceGroupName%7D%2Fproviders%2FMicrosoft.StreamAnalytics%2Fstreamingjobs%2F%7BjobName%7D%2Ffunctions%2F%7BfunctionName%7D/put/request/parameter/If-Match/extension/ms-client-name"
  }],
  "http://a.ml/vocabularies/shapes#schema": {
    "http://a.ml/vocabularies/core#description": "The ETag of the function. Omit this value to always overwrite the current function. Specify the last-seen ETag value to prevent accidentally overwriting concurrent changes.",
    "http://a.ml/vocabularies/document#customDomainProperties": [{
      "http://a.ml/vocabularies/core#extensionName": null,
      "http://a.ml/vocabularies/document#definedBy": null,
      "http://a.ml/vocabularies/document#extension": null,
      "id": "file:///Users/abettati/sandbox/azure-rest-api-specs/specification/streamanalytics/resource-manager/Microsoft.StreamAnalytics/stable/2016-03-01/functions.json#/web-api/end-points/%2Fsubscriptions%2F%7BsubscriptionId%7D%2Fresourcegroups%2F%7BresourceGroupName%7D%2Fproviders%2FMicrosoft.StreamAnalytics%2Fstreamingjobs%2F%7BjobName%7D%2Ffunctions%2F%7BfunctionName%7D/put/request/parameter/If-Match/scalar/schema/extension/ms-client-name"
    }],
    "http://www.w3.org/ns/shacl#datatype": "http://www.w3.org/2001/XMLSchema#string",
    "http://www.w3.org/ns/shacl#name": "schema",
    "id": "file:///Users/abettati/sandbox/azure-rest-api-specs/specification/streamanalytics/resource-manager/Microsoft.StreamAnalytics/stable/2016-03-01/functions.json#/web-api/end-points/%2Fsubscriptions%2F%7BsubscriptionId%7D%2Fresourcegroups%2F%7BresourceGroupName%7D%2Fproviders%2FMicrosoft.StreamAnalytics%2Fstreamingjobs%2F%7BjobName%7D%2Ffunctions%2F%7BfunctionName%7D/put/request/parameter/If-Match/scalar/schema"
  },
  "id": "file:///Users/abettati/sandbox/azure-rest-api-specs/specification/streamanalytics/resource-manager/Microsoft.StreamAnalytics/stable/2016-03-01/functions.json#/web-api/end-points/%2Fsubscriptions%2F%7BsubscriptionId%7D%2Fresourcegroups%2F%7BresourceGroupName%7D%2Fproviders%2FMicrosoft.StreamAnalytics%2Fstreamingjobs%2F%7BjobName%7D%2Ffunctions%2F%7BfunctionName%7D/put/request/parameter/If-Match"
}, {
  "http://a.ml/vocabularies/apiContract#binding": "header",
  "http://a.ml/vocabularies/apiContract#paramName": "If-None-Match",
  "http://a.ml/vocabularies/apiContract#required": "false",
  "http://a.ml/vocabularies/core#description": "Set to '*' to allow a new function to be created, but to prevent updating an existing function. Other values will result in a 412 Pre-condition Failed response.",
  "http://a.ml/vocabularies/core#name": "If-None-Match",
  "http://a.ml/vocabularies/document#customDomainProperties": [{
    "http://a.ml/vocabularies/core#extensionName": "ms-client-name",
    "http://a.ml/vocabularies/document#definedBy": {
      "http://a.ml/vocabularies/core#name": null,
      "id": "file:///Users/abettati/sandbox/azure-rest-api-specs/specification/streamanalytics/resource-manager/Microsoft.StreamAnalytics/stable/2016-03-01/functions.json#/web-api/end-points/%2Fsubscriptions%2F%7BsubscriptionId%7D%2Fresourcegroups%2F%7BresourceGroupName%7D%2Fproviders%2FMicrosoft.StreamAnalytics%2Fstreamingjobs%2F%7BjobName%7D%2Ffunctions%2F%7BfunctionName%7D/put/request/parameter/If-None-Match/ms-client-name"
    },
    "http://a.ml/vocabularies/document#extension": {
      "http://a.ml/vocabularies/core#name": null,
      "http://a.ml/vocabularies/data#value": null,
      "http://www.w3.org/ns/shacl#datatype": null,
      "id": "file:///Users/abettati/sandbox/azure-rest-api-specs/specification/streamanalytics/resource-manager/Microsoft.StreamAnalytics/stable/2016-03-01/functions.json#/web-api/end-points/%2Fsubscriptions%2F%7BsubscriptionId%7D%2Fresourcegroups%2F%7BresourceGroupName%7D%2Fproviders%2FMicrosoft.StreamAnalytics%2Fstreamingjobs%2F%7BjobName%7D%2Ffunctions%2F%7BfunctionName%7D/put/request/parameter/If-None-Match/ms-client-name/scalar_1"
    },
    "id": "file:///Users/abettati/sandbox/azure-rest-api-specs/specification/streamanalytics/resource-manager/Microsoft.StreamAnalytics/stable/2016-03-01/functions.json#/web-api/end-points/%2Fsubscriptions%2F%7BsubscriptionId%7D%2Fresourcegroups%2F%7BresourceGroupName%7D%2Fproviders%2FMicrosoft.StreamAnalytics%2Fstreamingjobs%2F%7BjobName%7D%2Ffunctions%2F%7BfunctionName%7D/put/request/parameter/If-None-Match/extension/ms-client-name"
  }],
  "http://a.ml/vocabularies/shapes#schema": {
    "http://a.ml/vocabularies/core#description": "Set to '*' to allow a new function to be created, but to prevent updating an existing function. Other values will result in a 412 Pre-condition Failed response.",
    "http://a.ml/vocabularies/document#customDomainProperties": [{
      "http://a.ml/vocabularies/core#extensionName": null,
      "http://a.ml/vocabularies/document#definedBy": null,
      "http://a.ml/vocabularies/document#extension": null,
      "id": "file:///Users/abettati/sandbox/azure-rest-api-specs/specification/streamanalytics/resource-manager/Microsoft.StreamAnalytics/stable/2016-03-01/functions.json#/web-api/end-points/%2Fsubscriptions%2F%7BsubscriptionId%7D%2Fresourcegroups%2F%7BresourceGroupName%7D%2Fproviders%2FMicrosoft.StreamAnalytics%2Fstreamingjobs%2F%7BjobName%7D%2Ffunctions%2F%7BfunctionName%7D/put/request/parameter/If-None-Match/scalar/schema/extension/ms-client-name"
    }],
    "http://www.w3.org/ns/shacl#datatype": "http://www.w3.org/2001/XMLSchema#string",
    "http://www.w3.org/ns/shacl#name": "schema",
    "id": "file:///Users/abettati/sandbox/azure-rest-api-specs/specification/streamanalytics/resource-manager/Microsoft.StreamAnalytics/stable/2016-03-01/functions.json#/web-api/end-points/%2Fsubscriptions%2F%7BsubscriptionId%7D%2Fresourcegroups%2F%7BresourceGroupName%7D%2Fproviders%2FMicrosoft.StreamAnalytics%2Fstreamingjobs%2F%7BjobName%7D%2Ffunctions%2F%7BfunctionName%7D/put/request/parameter/If-None-Match/scalar/schema"
  },
  "id": "file:///Users/abettati/sandbox/azure-rest-api-specs/specification/streamanalytics/resource-manager/Microsoft.StreamAnalytics/stable/2016-03-01/functions.json#/web-api/end-points/%2Fsubscriptions%2F%7BsubscriptionId%7D%2Fresourcegroups%2F%7BresourceGroupName%7D%2Fproviders%2FMicrosoft.StreamAnalytics%2Fstreamingjobs%2F%7BjobName%7D%2Ffunctions%2F%7BfunctionName%7D/put/request/parameter/If-None-Match"
}, {
  "http://a.ml/vocabularies/apiContract#binding": "header",
  "http://a.ml/vocabularies/apiContract#required": "true",
  "http://a.ml/vocabularies/core#description": "The current entity tag for the function. This is an opaque string. You can use it to detect whether the resource has changed between requests. You can also use it in the If-Match or If-None-Match headers for write operations for optimistic concurrency.",
  "http://a.ml/vocabularies/core#name": "ETag",
  "http://a.ml/vocabularies/shapes#schema": {
    "http://a.ml/vocabularies/core#description": "The current entity tag for the function. This is an opaque string. You can use it to detect whether the resource has changed between requests. You can also use it in the If-Match or If-None-Match headers for write operations for optimistic concurrency.",
    "http://www.w3.org/ns/shacl#datatype": "http://www.w3.org/2001/XMLSchema#string",
    "http://www.w3.org/ns/shacl#name": "schema",
    "id": "file:///Users/abettati/sandbox/azure-rest-api-specs/specification/streamanalytics/resource-manager/Microsoft.StreamAnalytics/stable/2016-03-01/functions.json#/web-api/end-points/%2Fsubscriptions%2F%7BsubscriptionId%7D%2Fresourcegroups%2F%7BresourceGroupName%7D%2Fproviders%2FMicrosoft.StreamAnalytics%2Fstreamingjobs%2F%7BjobName%7D%2Ffunctions%2F%7BfunctionName%7D/patch/200/parameter/ETag/scalar/schema"
  },
  "id": "file:///Users/abettati/sandbox/azure-rest-api-specs/specification/streamanalytics/resource-manager/Microsoft.StreamAnalytics/stable/2016-03-01/functions.json#/web-api/end-points/%2Fsubscriptions%2F%7BsubscriptionId%7D%2Fresourcegroups%2F%7BresourceGroupName%7D%2Fproviders%2FMicrosoft.StreamAnalytics%2Fstreamingjobs%2F%7BjobName%7D%2Ffunctions%2F%7BfunctionName%7D/patch/200/parameter/ETag"
}, {
  "http://a.ml/vocabularies/apiContract#binding": "header",
  "http://a.ml/vocabularies/apiContract#paramName": "If-Match",
  "http://a.ml/vocabularies/apiContract#required": "false",
  "http://a.ml/vocabularies/core#description": "The ETag of the function. Omit this value to always overwrite the current function. Specify the last-seen ETag value to prevent accidentally overwriting concurrent changes.",
  "http://a.ml/vocabularies/core#name": "If-Match",
  "http://a.ml/vocabularies/document#customDomainProperties": [{
    "http://a.ml/vocabularies/core#extensionName": "ms-client-name",
    "http://a.ml/vocabularies/document#definedBy": {
      "http://a.ml/vocabularies/core#name": null,
      "id": "file:///Users/abettati/sandbox/azure-rest-api-specs/specification/streamanalytics/resource-manager/Microsoft.StreamAnalytics/stable/2016-03-01/functions.json#/web-api/end-points/%2Fsubscriptions%2F%7BsubscriptionId%7D%2Fresourcegroups%2F%7BresourceGroupName%7D%2Fproviders%2FMicrosoft.StreamAnalytics%2Fstreamingjobs%2F%7BjobName%7D%2Ffunctions%2F%7BfunctionName%7D/patch/request/parameter/If-Match/ms-client-name"
    },
    "http://a.ml/vocabularies/document#extension": {
      "http://a.ml/vocabularies/core#name": null,
      "http://a.ml/vocabularies/data#value": null,
      "http://www.w3.org/ns/shacl#datatype": null,
      "id": "file:///Users/abettati/sandbox/azure-rest-api-specs/specification/streamanalytics/resource-manager/Microsoft.StreamAnalytics/stable/2016-03-01/functions.json#/web-api/end-points/%2Fsubscriptions%2F%7BsubscriptionId%7D%2Fresourcegroups%2F%7BresourceGroupName%7D%2Fproviders%2FMicrosoft.StreamAnalytics%2Fstreamingjobs%2F%7BjobName%7D%2Ffunctions%2F%7BfunctionName%7D/patch/request/parameter/If-Match/ms-client-name/scalar_1"
    },
    "id": "file:///Users/abettati/sandbox/azure-rest-api-specs/specification/streamanalytics/resource-manager/Microsoft.StreamAnalytics/stable/2016-03-01/functions.json#/web-api/end-points/%2Fsubscriptions%2F%7BsubscriptionId%7D%2Fresourcegroups%2F%7BresourceGroupName%7D%2Fproviders%2FMicrosoft.StreamAnalytics%2Fstreamingjobs%2F%7BjobName%7D%2Ffunctions%2F%7BfunctionName%7D/patch/request/parameter/If-Match/extension/ms-client-name"
  }],
  "http://a.ml/vocabularies/shapes#schema": {
    "http://a.ml/vocabularies/core#description": "The ETag of the function. Omit this value to always overwrite the current function. Specify the last-seen ETag value to prevent accidentally overwriting concurrent changes.",
    "http://a.ml/vocabularies/document#customDomainProperties": [{
      "http://a.ml/vocabularies/core#extensionName": null,
      "http://a.ml/vocabularies/document#definedBy": null,
      "http://a.ml/vocabularies/document#extension": null,
      "id": "file:///Users/abettati/sandbox/azure-rest-api-specs/specification/streamanalytics/resource-manager/Microsoft.StreamAnalytics/stable/2016-03-01/functions.json#/web-api/end-points/%2Fsubscriptions%2F%7BsubscriptionId%7D%2Fresourcegroups%2F%7BresourceGroupName%7D%2Fproviders%2FMicrosoft.StreamAnalytics%2Fstreamingjobs%2F%7BjobName%7D%2Ffunctions%2F%7BfunctionName%7D/patch/request/parameter/If-Match/scalar/schema/extension/ms-client-name"
    }],
    "http://www.w3.org/ns/shacl#datatype": "http://www.w3.org/2001/XMLSchema#string",
    "http://www.w3.org/ns/shacl#name": "schema",
    "id": "file:///Users/abettati/sandbox/azure-rest-api-specs/specification/streamanalytics/resource-manager/Microsoft.StreamAnalytics/stable/2016-03-01/functions.json#/web-api/end-points/%2Fsubscriptions%2F%7BsubscriptionId%7D%2Fresourcegroups%2F%7BresourceGroupName%7D%2Fproviders%2FMicrosoft.StreamAnalytics%2Fstreamingjobs%2F%7BjobName%7D%2Ffunctions%2F%7BfunctionName%7D/patch/request/parameter/If-Match/scalar/schema"
  },
  "id": "file:///Users/abettati/sandbox/azure-rest-api-specs/specification/streamanalytics/resource-manager/Microsoft.StreamAnalytics/stable/2016-03-01/functions.json#/web-api/end-points/%2Fsubscriptions%2F%7BsubscriptionId%7D%2Fresourcegroups%2F%7BresourceGroupName%7D%2Fproviders%2FMicrosoft.StreamAnalytics%2Fstreamingjobs%2F%7BjobName%7D%2Ffunctions%2F%7BfunctionName%7D/patch/request/parameter/If-Match"
}, {
  "http://a.ml/vocabularies/apiContract#binding": "header",
  "http://a.ml/vocabularies/apiContract#required": "true",
  "http://a.ml/vocabularies/core#description": "The current entity tag for the function. This is an opaque string. You can use it to detect whether the resource has changed between requests. You can also use it in the If-Match or If-None-Match headers for write operations for optimistic concurrency.",
  "http://a.ml/vocabularies/core#name": "ETag",
  "http://a.ml/vocabularies/shapes#schema": {
    "http://a.ml/vocabularies/core#description": "The current entity tag for the function. This is an opaque string. You can use it to detect whether the resource has changed between requests. You can also use it in the If-Match or If-None-Match headers for write operations for optimistic concurrency.",
    "http://www.w3.org/ns/shacl#datatype": "http://www.w3.org/2001/XMLSchema#string",
    "http://www.w3.org/ns/shacl#name": "schema",
    "id": "file:///Users/abettati/sandbox/azure-rest-api-specs/specification/streamanalytics/resource-manager/Microsoft.StreamAnalytics/stable/2016-03-01/functions.json#/web-api/end-points/%2Fsubscriptions%2F%7BsubscriptionId%7D%2Fresourcegroups%2F%7BresourceGroupName%7D%2Fproviders%2FMicrosoft.StreamAnalytics%2Fstreamingjobs%2F%7BjobName%7D%2Ffunctions%2F%7BfunctionName%7D/get/200/parameter/ETag/scalar/schema"
  },
  "id": "file:///Users/abettati/sandbox/azure-rest-api-specs/specification/streamanalytics/resource-manager/Microsoft.StreamAnalytics/stable/2016-03-01/functions.json#/web-api/end-points/%2Fsubscriptions%2F%7BsubscriptionId%7D%2Fresourcegroups%2F%7BresourceGroupName%7D%2Fproviders%2FMicrosoft.StreamAnalytics%2Fstreamingjobs%2F%7BjobName%7D%2Ffunctions%2F%7BfunctionName%7D/get/200/parameter/ETag"
}, {
  "http://a.ml/vocabularies/apiContract#binding": "query",
  "http://a.ml/vocabularies/apiContract#paramName": "$select",
  "http://a.ml/vocabularies/apiContract#required": "false",
  "http://a.ml/vocabularies/core#description": "The $select OData query parameter. This is a comma-separated list of structural properties to include in the response, or \"*\" to include all properties. By default, all properties are returned except diagnostics. Currently only accepts '*' as a valid value.",
  "http://a.ml/vocabularies/core#name": "$select",
  "http://a.ml/vocabularies/shapes#schema": {
    "http://a.ml/vocabularies/core#description": "The $select OData query parameter. This is a comma-separated list of structural properties to include in the response, or \"*\" to include all properties. By default, all properties are returned except diagnostics. Currently only accepts '*' as a valid value.",
    "http://www.w3.org/ns/shacl#datatype": "http://www.w3.org/2001/XMLSchema#string",
    "http://www.w3.org/ns/shacl#name": "schema",
    "id": "file:///Users/abettati/sandbox/azure-rest-api-specs/specification/streamanalytics/resource-manager/Microsoft.StreamAnalytics/stable/2016-03-01/functions.json#/web-api/end-points/%2Fsubscriptions%2F%7BsubscriptionId%7D%2Fresourcegroups%2F%7BresourceGroupName%7D%2Fproviders%2FMicrosoft.StreamAnalytics%2Fstreamingjobs%2F%7BjobName%7D%2Ffunctions/get/request/parameter/%24select/scalar/schema"
  },
  "id": "file:///Users/abettati/sandbox/azure-rest-api-specs/specification/streamanalytics/resource-manager/Microsoft.StreamAnalytics/stable/2016-03-01/functions.json#/web-api/end-points/%2Fsubscriptions%2F%7BsubscriptionId%7D%2Fresourcegroups%2F%7BresourceGroupName%7D%2Fproviders%2FMicrosoft.StreamAnalytics%2Fstreamingjobs%2F%7BjobName%7D%2Ffunctions/get/request/parameter/%24select"
}]