[{
  "http://a.ml/vocabularies/apiContract#binding": "query",
  "http://a.ml/vocabularies/apiContract#paramName": "api-version",
  "http://a.ml/vocabularies/apiContract#required": "true",
  "http://a.ml/vocabularies/core#description": "Client API version.",
  "http://a.ml/vocabularies/core#name": "ApiVersionParameter",
  "http://a.ml/vocabularies/shapes#schema": {
    "http://a.ml/vocabularies/core#description": "Client API version.",
    "http://www.w3.org/ns/shacl#datatype": "http://www.w3.org/2001/XMLSchema#string",
    "http://www.w3.org/ns/shacl#name": "schema",
    "id": "file:///Users/abettati/sandbox/azure-rest-api-specs/specification/keyvault/data-plane/Microsoft.KeyVault/preview/7.3-preview/rbac.json#/declarations/parameters/parameter/ApiVersionParameter/scalar/schema"
  },
  "id": "file:///Users/abettati/sandbox/azure-rest-api-specs/specification/keyvault/data-plane/Microsoft.KeyVault/preview/7.3-preview/rbac.json#/declarations/parameters/parameter/ApiVersionParameter"
}, {
  "http://a.ml/vocabularies/apiContract#binding": "query",
  "http://a.ml/vocabularies/apiContract#paramName": "$filter",
  "http://a.ml/vocabularies/apiContract#required": "false",
  "http://a.ml/vocabularies/core#description": "The filter to apply on the operation. Use atScopeAndBelow filter to search below the given scope as well.",
  "http://a.ml/vocabularies/core#name": "$filter",
  "http://a.ml/vocabularies/shapes#schema": {
    "http://a.ml/vocabularies/core#description": "The filter to apply on the operation. Use atScopeAndBelow filter to search below the given scope as well.",
    "http://www.w3.org/ns/shacl#datatype": "http://www.w3.org/2001/XMLSchema#string",
    "http://www.w3.org/ns/shacl#name": "schema",
    "id": "file:///Users/abettati/sandbox/azure-rest-api-specs/specification/keyvault/data-plane/Microsoft.KeyVault/preview/7.3-preview/rbac.json#/web-api/end-points/%2F%7Bscope%7D%2Fproviders%2FMicrosoft.Authorization%2FroleDefinitions/get/request/parameter/%24filter/scalar/schema"
  },
  "id": "file:///Users/abettati/sandbox/azure-rest-api-specs/specification/keyvault/data-plane/Microsoft.KeyVault/preview/7.3-preview/rbac.json#/web-api/end-points/%2F%7Bscope%7D%2Fproviders%2FMicrosoft.Authorization%2FroleDefinitions/get/request/parameter/%24filter"
}, {
  "http://a.ml/vocabularies/apiContract#binding": "path",
  "http://a.ml/vocabularies/apiContract#paramName": "scope",
  "http://a.ml/vocabularies/apiContract#required": "true",
  "http://a.ml/vocabularies/core#description": "The scope of the role definition.",
  "http://a.ml/vocabularies/core#name": "scope",
  "http://a.ml/vocabularies/document#customDomainProperties": [{
    "http://a.ml/vocabularies/core#extensionName": "ms-skip-url-encoding",
    "http://a.ml/vocabularies/document#definedBy": {
      "http://a.ml/vocabularies/core#name": null,
      "id": "file:///Users/abettati/sandbox/azure-rest-api-specs/specification/keyvault/data-plane/Microsoft.KeyVault/preview/7.3-preview/rbac.json#/web-api/end-points/%2F%7Bscope%7D%2Fproviders%2FMicrosoft.Authorization%2FroleDefinitions/get/request/parameter/scope/ms-skip-url-encoding"
    },
    "http://a.ml/vocabularies/document#extension": {
      "http://a.ml/vocabularies/core#name": null,
      "http://a.ml/vocabularies/data#value": null,
      "http://www.w3.org/ns/shacl#datatype": null,
      "id": "file:///Users/abettati/sandbox/azure-rest-api-specs/specification/keyvault/data-plane/Microsoft.KeyVault/preview/7.3-preview/rbac.json#/web-api/end-points/%2F%7Bscope%7D%2Fproviders%2FMicrosoft.Authorization%2FroleDefinitions/get/request/parameter/scope/ms-skip-url-encoding/scalar_1"
    },
    "id": "file:///Users/abettati/sandbox/azure-rest-api-specs/specification/keyvault/data-plane/Microsoft.KeyVault/preview/7.3-preview/rbac.json#/web-api/end-points/%2F%7Bscope%7D%2Fproviders%2FMicrosoft.Authorization%2FroleDefinitions/get/request/parameter/scope/extension/ms-skip-url-encoding"
  }],
  "http://a.ml/vocabularies/shapes#schema": {
    "http://a.ml/vocabularies/core#description": "The scope of the role definition.",
    "http://a.ml/vocabularies/document#customDomainProperties": [{
      "http://a.ml/vocabularies/core#extensionName": null,
      "http://a.ml/vocabularies/document#definedBy": null,
      "http://a.ml/vocabularies/document#extension": null,
      "id": "file:///Users/abettati/sandbox/azure-rest-api-specs/specification/keyvault/data-plane/Microsoft.KeyVault/preview/7.3-preview/rbac.json#/web-api/end-points/%2F%7Bscope%7D%2Fproviders%2FMicrosoft.Authorization%2FroleDefinitions/get/request/parameter/scope/scalar/schema/extension/ms-skip-url-encoding"
    }],
    "http://www.w3.org/ns/shacl#datatype": "http://www.w3.org/2001/XMLSchema#string",
    "http://www.w3.org/ns/shacl#name": "schema",
    "id": "file:///Users/abettati/sandbox/azure-rest-api-specs/specification/keyvault/data-plane/Microsoft.KeyVault/preview/7.3-preview/rbac.json#/web-api/end-points/%2F%7Bscope%7D%2Fproviders%2FMicrosoft.Authorization%2FroleDefinitions/get/request/parameter/scope/scalar/schema"
  },
  "id": "file:///Users/abettati/sandbox/azure-rest-api-specs/specification/keyvault/data-plane/Microsoft.KeyVault/preview/7.3-preview/rbac.json#/web-api/end-points/%2F%7Bscope%7D%2Fproviders%2FMicrosoft.Authorization%2FroleDefinitions/get/request/parameter/scope"
}, {
  "http://a.ml/vocabularies/apiContract#binding": "path",
  "http://a.ml/vocabularies/apiContract#paramName": "scope",
  "http://a.ml/vocabularies/apiContract#required": "true",
  "http://a.ml/vocabularies/core#description": "The scope of the role assignment to delete.",
  "http://a.ml/vocabularies/core#name": "scope",
  "http://a.ml/vocabularies/document#customDomainProperties": [{
    "http://a.ml/vocabularies/core#extensionName": "ms-skip-url-encoding",
    "http://a.ml/vocabularies/document#definedBy": {
      "http://a.ml/vocabularies/core#name": null,
      "id": "file:///Users/abettati/sandbox/azure-rest-api-specs/specification/keyvault/data-plane/Microsoft.KeyVault/preview/7.3-preview/rbac.json#/web-api/end-points/%2F%7Bscope%7D%2Fproviders%2FMicrosoft.Authorization%2FroleAssignments%2F%7BroleAssignmentName%7D/delete/request/parameter/scope/ms-skip-url-encoding"
    },
    "http://a.ml/vocabularies/document#extension": {
      "http://a.ml/vocabularies/core#name": null,
      "http://a.ml/vocabularies/data#value": null,
      "http://www.w3.org/ns/shacl#datatype": null,
      "id": "file:///Users/abettati/sandbox/azure-rest-api-specs/specification/keyvault/data-plane/Microsoft.KeyVault/preview/7.3-preview/rbac.json#/web-api/end-points/%2F%7Bscope%7D%2Fproviders%2FMicrosoft.Authorization%2FroleAssignments%2F%7BroleAssignmentName%7D/delete/request/parameter/scope/ms-skip-url-encoding/scalar_1"
    },
    "id": "file:///Users/abettati/sandbox/azure-rest-api-specs/specification/keyvault/data-plane/Microsoft.KeyVault/preview/7.3-preview/rbac.json#/web-api/end-points/%2F%7Bscope%7D%2Fproviders%2FMicrosoft.Authorization%2FroleAssignments%2F%7BroleAssignmentName%7D/delete/request/parameter/scope/extension/ms-skip-url-encoding"
  }],
  "http://a.ml/vocabularies/shapes#schema": {
    "http://a.ml/vocabularies/core#description": "The scope of the role assignment to delete.",
    "http://a.ml/vocabularies/document#customDomainProperties": [{
      "http://a.ml/vocabularies/core#extensionName": null,
      "http://a.ml/vocabularies/document#definedBy": null,
      "http://a.ml/vocabularies/document#extension": null,
      "id": "file:///Users/abettati/sandbox/azure-rest-api-specs/specification/keyvault/data-plane/Microsoft.KeyVault/preview/7.3-preview/rbac.json#/web-api/end-points/%2F%7Bscope%7D%2Fproviders%2FMicrosoft.Authorization%2FroleAssignments%2F%7BroleAssignmentName%7D/delete/request/parameter/scope/scalar/schema/extension/ms-skip-url-encoding"
    }],
    "http://www.w3.org/ns/shacl#datatype": "http://www.w3.org/2001/XMLSchema#string",
    "http://www.w3.org/ns/shacl#name": "schema",
    "id": "file:///Users/abettati/sandbox/azure-rest-api-specs/specification/keyvault/data-plane/Microsoft.KeyVault/preview/7.3-preview/rbac.json#/web-api/end-points/%2F%7Bscope%7D%2Fproviders%2FMicrosoft.Authorization%2FroleAssignments%2F%7BroleAssignmentName%7D/delete/request/parameter/scope/scalar/schema"
  },
  "id": "file:///Users/abettati/sandbox/azure-rest-api-specs/specification/keyvault/data-plane/Microsoft.KeyVault/preview/7.3-preview/rbac.json#/web-api/end-points/%2F%7Bscope%7D%2Fproviders%2FMicrosoft.Authorization%2FroleAssignments%2F%7BroleAssignmentName%7D/delete/request/parameter/scope"
}, {
  "http://a.ml/vocabularies/apiContract#binding": "path",
  "http://a.ml/vocabularies/apiContract#paramName": "roleAssignmentName",
  "http://a.ml/vocabularies/apiContract#required": "true",
  "http://a.ml/vocabularies/core#description": "The name of the role assignment to delete.",
  "http://a.ml/vocabularies/core#name": "roleAssignmentName",
  "http://a.ml/vocabularies/shapes#schema": {
    "http://a.ml/vocabularies/core#description": "The name of the role assignment to delete.",
    "http://www.w3.org/ns/shacl#datatype": "http://www.w3.org/2001/XMLSchema#string",
    "http://www.w3.org/ns/shacl#name": "schema",
    "id": "file:///Users/abettati/sandbox/azure-rest-api-specs/specification/keyvault/data-plane/Microsoft.KeyVault/preview/7.3-preview/rbac.json#/web-api/end-points/%2F%7Bscope%7D%2Fproviders%2FMicrosoft.Authorization%2FroleAssignments%2F%7BroleAssignmentName%7D/delete/request/parameter/roleAssignmentName/scalar/schema"
  },
  "id": "file:///Users/abettati/sandbox/azure-rest-api-specs/specification/keyvault/data-plane/Microsoft.KeyVault/preview/7.3-preview/rbac.json#/web-api/end-points/%2F%7Bscope%7D%2Fproviders%2FMicrosoft.Authorization%2FroleAssignments%2F%7BroleAssignmentName%7D/delete/request/parameter/roleAssignmentName"
}, {
  "http://a.ml/vocabularies/apiContract#binding": "path",
  "http://a.ml/vocabularies/apiContract#paramName": "scope",
  "http://a.ml/vocabularies/apiContract#required": "true",
  "http://a.ml/vocabularies/core#description": "The scope of the role assignment to create.",
  "http://a.ml/vocabularies/core#name": "scope",
  "http://a.ml/vocabularies/document#customDomainProperties": [{
    "http://a.ml/vocabularies/core#extensionName": "ms-skip-url-encoding",
    "http://a.ml/vocabularies/document#definedBy": {
      "http://a.ml/vocabularies/core#name": null,
      "id": "file:///Users/abettati/sandbox/azure-rest-api-specs/specification/keyvault/data-plane/Microsoft.KeyVault/preview/7.3-preview/rbac.json#/web-api/end-points/%2F%7Bscope%7D%2Fproviders%2FMicrosoft.Authorization%2FroleAssignments%2F%7BroleAssignmentName%7D/put/request/parameter/scope/ms-skip-url-encoding"
    },
    "http://a.ml/vocabularies/document#extension": {
      "http://a.ml/vocabularies/core#name": null,
      "http://a.ml/vocabularies/data#value": null,
      "http://www.w3.org/ns/shacl#datatype": null,
      "id": "file:///Users/abettati/sandbox/azure-rest-api-specs/specification/keyvault/data-plane/Microsoft.KeyVault/preview/7.3-preview/rbac.json#/web-api/end-points/%2F%7Bscope%7D%2Fproviders%2FMicrosoft.Authorization%2FroleAssignments%2F%7BroleAssignmentName%7D/put/request/parameter/scope/ms-skip-url-encoding/scalar_1"
    },
    "id": "file:///Users/abettati/sandbox/azure-rest-api-specs/specification/keyvault/data-plane/Microsoft.KeyVault/preview/7.3-preview/rbac.json#/web-api/end-points/%2F%7Bscope%7D%2Fproviders%2FMicrosoft.Authorization%2FroleAssignments%2F%7BroleAssignmentName%7D/put/request/parameter/scope/extension/ms-skip-url-encoding"
  }],
  "http://a.ml/vocabularies/shapes#schema": {
    "http://a.ml/vocabularies/core#description": "The scope of the role assignment to create.",
    "http://a.ml/vocabularies/document#customDomainProperties": [{
      "http://a.ml/vocabularies/core#extensionName": null,
      "http://a.ml/vocabularies/document#definedBy": null,
      "http://a.ml/vocabularies/document#extension": null,
      "id": "file:///Users/abettati/sandbox/azure-rest-api-specs/specification/keyvault/data-plane/Microsoft.KeyVault/preview/7.3-preview/rbac.json#/web-api/end-points/%2F%7Bscope%7D%2Fproviders%2FMicrosoft.Authorization%2FroleAssignments%2F%7BroleAssignmentName%7D/put/request/parameter/scope/scalar/schema/extension/ms-skip-url-encoding"
    }],
    "http://www.w3.org/ns/shacl#datatype": "http://www.w3.org/2001/XMLSchema#string",
    "http://www.w3.org/ns/shacl#name": "schema",
    "id": "file:///Users/abettati/sandbox/azure-rest-api-specs/specification/keyvault/data-plane/Microsoft.KeyVault/preview/7.3-preview/rbac.json#/web-api/end-points/%2F%7Bscope%7D%2Fproviders%2FMicrosoft.Authorization%2FroleAssignments%2F%7BroleAssignmentName%7D/put/request/parameter/scope/scalar/schema"
  },
  "id": "file:///Users/abettati/sandbox/azure-rest-api-specs/specification/keyvault/data-plane/Microsoft.KeyVault/preview/7.3-preview/rbac.json#/web-api/end-points/%2F%7Bscope%7D%2Fproviders%2FMicrosoft.Authorization%2FroleAssignments%2F%7BroleAssignmentName%7D/put/request/parameter/scope"
}, {
  "http://a.ml/vocabularies/apiContract#binding": "path",
  "http://a.ml/vocabularies/apiContract#paramName": "roleAssignmentName",
  "http://a.ml/vocabularies/apiContract#required": "true",
  "http://a.ml/vocabularies/core#description": "The name of the role assignment to create. It can be any valid GUID.",
  "http://a.ml/vocabularies/core#name": "roleAssignmentName",
  "http://a.ml/vocabularies/shapes#schema": {
    "http://a.ml/vocabularies/core#description": "The name of the role assignment to create. It can be any valid GUID.",
    "http://www.w3.org/ns/shacl#datatype": "http://www.w3.org/2001/XMLSchema#string",
    "http://www.w3.org/ns/shacl#name": "schema",
    "id": "file:///Users/abettati/sandbox/azure-rest-api-specs/specification/keyvault/data-plane/Microsoft.KeyVault/preview/7.3-preview/rbac.json#/web-api/end-points/%2F%7Bscope%7D%2Fproviders%2FMicrosoft.Authorization%2FroleAssignments%2F%7BroleAssignmentName%7D/put/request/parameter/roleAssignmentName/scalar/schema"
  },
  "id": "file:///Users/abettati/sandbox/azure-rest-api-specs/specification/keyvault/data-plane/Microsoft.KeyVault/preview/7.3-preview/rbac.json#/web-api/end-points/%2F%7Bscope%7D%2Fproviders%2FMicrosoft.Authorization%2FroleAssignments%2F%7BroleAssignmentName%7D/put/request/parameter/roleAssignmentName"
}, {
  "http://a.ml/vocabularies/apiContract#binding": "path",
  "http://a.ml/vocabularies/apiContract#paramName": "scope",
  "http://a.ml/vocabularies/apiContract#required": "true",
  "http://a.ml/vocabularies/core#description": "The scope of the role assignment.",
  "http://a.ml/vocabularies/core#name": "scope",
  "http://a.ml/vocabularies/document#customDomainProperties": [{
    "http://a.ml/vocabularies/core#extensionName": "ms-skip-url-encoding",
    "http://a.ml/vocabularies/document#definedBy": {
      "http://a.ml/vocabularies/core#name": null,
      "id": "file:///Users/abettati/sandbox/azure-rest-api-specs/specification/keyvault/data-plane/Microsoft.KeyVault/preview/7.3-preview/rbac.json#/web-api/end-points/%2F%7Bscope%7D%2Fproviders%2FMicrosoft.Authorization%2FroleAssignments%2F%7BroleAssignmentName%7D/get/request/parameter/scope/ms-skip-url-encoding"
    },
    "http://a.ml/vocabularies/document#extension": {
      "http://a.ml/vocabularies/core#name": null,
      "http://a.ml/vocabularies/data#value": null,
      "http://www.w3.org/ns/shacl#datatype": null,
      "id": "file:///Users/abettati/sandbox/azure-rest-api-specs/specification/keyvault/data-plane/Microsoft.KeyVault/preview/7.3-preview/rbac.json#/web-api/end-points/%2F%7Bscope%7D%2Fproviders%2FMicrosoft.Authorization%2FroleAssignments%2F%7BroleAssignmentName%7D/get/request/parameter/scope/ms-skip-url-encoding/scalar_1"
    },
    "id": "file:///Users/abettati/sandbox/azure-rest-api-specs/specification/keyvault/data-plane/Microsoft.KeyVault/preview/7.3-preview/rbac.json#/web-api/end-points/%2F%7Bscope%7D%2Fproviders%2FMicrosoft.Authorization%2FroleAssignments%2F%7BroleAssignmentName%7D/get/request/parameter/scope/extension/ms-skip-url-encoding"
  }],
  "http://a.ml/vocabularies/shapes#schema": {
    "http://a.ml/vocabularies/core#description": "The scope of the role assignment.",
    "http://a.ml/vocabularies/document#customDomainProperties": [{
      "http://a.ml/vocabularies/core#extensionName": null,
      "http://a.ml/vocabularies/document#definedBy": null,
      "http://a.ml/vocabularies/document#extension": null,
      "id": "file:///Users/abettati/sandbox/azure-rest-api-specs/specification/keyvault/data-plane/Microsoft.KeyVault/preview/7.3-preview/rbac.json#/web-api/end-points/%2F%7Bscope%7D%2Fproviders%2FMicrosoft.Authorization%2FroleAssignments%2F%7BroleAssignmentName%7D/get/request/parameter/scope/scalar/schema/extension/ms-skip-url-encoding"
    }],
    "http://www.w3.org/ns/shacl#datatype": "http://www.w3.org/2001/XMLSchema#string",
    "http://www.w3.org/ns/shacl#name": "schema",
    "id": "file:///Users/abettati/sandbox/azure-rest-api-specs/specification/keyvault/data-plane/Microsoft.KeyVault/preview/7.3-preview/rbac.json#/web-api/end-points/%2F%7Bscope%7D%2Fproviders%2FMicrosoft.Authorization%2FroleAssignments%2F%7BroleAssignmentName%7D/get/request/parameter/scope/scalar/schema"
  },
  "id": "file:///Users/abettati/sandbox/azure-rest-api-specs/specification/keyvault/data-plane/Microsoft.KeyVault/preview/7.3-preview/rbac.json#/web-api/end-points/%2F%7Bscope%7D%2Fproviders%2FMicrosoft.Authorization%2FroleAssignments%2F%7BroleAssignmentName%7D/get/request/parameter/scope"
}, {
  "http://a.ml/vocabularies/apiContract#binding": "path",
  "http://a.ml/vocabularies/apiContract#paramName": "roleAssignmentName",
  "http://a.ml/vocabularies/apiContract#required": "true",
  "http://a.ml/vocabularies/core#description": "The name of the role assignment to get.",
  "http://a.ml/vocabularies/core#name": "roleAssignmentName",
  "http://a.ml/vocabularies/shapes#schema": {
    "http://a.ml/vocabularies/core#description": "The name of the role assignment to get.",
    "http://www.w3.org/ns/shacl#datatype": "http://www.w3.org/2001/XMLSchema#string",
    "http://www.w3.org/ns/shacl#name": "schema",
    "id": "file:///Users/abettati/sandbox/azure-rest-api-specs/specification/keyvault/data-plane/Microsoft.KeyVault/preview/7.3-preview/rbac.json#/web-api/end-points/%2F%7Bscope%7D%2Fproviders%2FMicrosoft.Authorization%2FroleAssignments%2F%7BroleAssignmentName%7D/get/request/parameter/roleAssignmentName/scalar/schema"
  },
  "id": "file:///Users/abettati/sandbox/azure-rest-api-specs/specification/keyvault/data-plane/Microsoft.KeyVault/preview/7.3-preview/rbac.json#/web-api/end-points/%2F%7Bscope%7D%2Fproviders%2FMicrosoft.Authorization%2FroleAssignments%2F%7BroleAssignmentName%7D/get/request/parameter/roleAssignmentName"
}, {
  "http://a.ml/vocabularies/apiContract#binding": "query",
  "http://a.ml/vocabularies/apiContract#paramName": "$filter",
  "http://a.ml/vocabularies/apiContract#required": "false",
  "http://a.ml/vocabularies/core#description": "The filter to apply on the operation. Use $filter=atScope() to return all role assignments at or above the scope. Use $filter=principalId eq {id} to return all role assignments at, above or below the scope for the specified principal.",
  "http://a.ml/vocabularies/core#name": "$filter",
  "http://a.ml/vocabularies/shapes#schema": {
    "http://a.ml/vocabularies/core#description": "The filter to apply on the operation. Use $filter=atScope() to return all role assignments at or above the scope. Use $filter=principalId eq {id} to return all role assignments at, above or below the scope for the specified principal.",
    "http://www.w3.org/ns/shacl#datatype": "http://www.w3.org/2001/XMLSchema#string",
    "http://www.w3.org/ns/shacl#name": "schema",
    "id": "file:///Users/abettati/sandbox/azure-rest-api-specs/specification/keyvault/data-plane/Microsoft.KeyVault/preview/7.3-preview/rbac.json#/web-api/end-points/%2F%7Bscope%7D%2Fproviders%2FMicrosoft.Authorization%2FroleAssignments/get/request/parameter/%24filter/scalar/schema"
  },
  "id": "file:///Users/abettati/sandbox/azure-rest-api-specs/specification/keyvault/data-plane/Microsoft.KeyVault/preview/7.3-preview/rbac.json#/web-api/end-points/%2F%7Bscope%7D%2Fproviders%2FMicrosoft.Authorization%2FroleAssignments/get/request/parameter/%24filter"
}, {
  "http://a.ml/vocabularies/apiContract#binding": "path",
  "http://a.ml/vocabularies/apiContract#paramName": "scope",
  "http://a.ml/vocabularies/apiContract#required": "true",
  "http://a.ml/vocabularies/core#description": "The scope of the role assignments.",
  "http://a.ml/vocabularies/core#name": "scope",
  "http://a.ml/vocabularies/document#customDomainProperties": [{
    "http://a.ml/vocabularies/core#extensionName": "ms-skip-url-encoding",
    "http://a.ml/vocabularies/document#definedBy": {
      "http://a.ml/vocabularies/core#name": null,
      "id": "file:///Users/abettati/sandbox/azure-rest-api-specs/specification/keyvault/data-plane/Microsoft.KeyVault/preview/7.3-preview/rbac.json#/web-api/end-points/%2F%7Bscope%7D%2Fproviders%2FMicrosoft.Authorization%2FroleAssignments/get/request/parameter/scope/ms-skip-url-encoding"
    },
    "http://a.ml/vocabularies/document#extension": {
      "http://a.ml/vocabularies/core#name": null,
      "http://a.ml/vocabularies/data#value": null,
      "http://www.w3.org/ns/shacl#datatype": null,
      "id": "file:///Users/abettati/sandbox/azure-rest-api-specs/specification/keyvault/data-plane/Microsoft.KeyVault/preview/7.3-preview/rbac.json#/web-api/end-points/%2F%7Bscope%7D%2Fproviders%2FMicrosoft.Authorization%2FroleAssignments/get/request/parameter/scope/ms-skip-url-encoding/scalar_1"
    },
    "id": "file:///Users/abettati/sandbox/azure-rest-api-specs/specification/keyvault/data-plane/Microsoft.KeyVault/preview/7.3-preview/rbac.json#/web-api/end-points/%2F%7Bscope%7D%2Fproviders%2FMicrosoft.Authorization%2FroleAssignments/get/request/parameter/scope/extension/ms-skip-url-encoding"
  }],
  "http://a.ml/vocabularies/shapes#schema": {
    "http://a.ml/vocabularies/core#description": "The scope of the role assignments.",
    "http://a.ml/vocabularies/document#customDomainProperties": [{
      "http://a.ml/vocabularies/core#extensionName": null,
      "http://a.ml/vocabularies/document#definedBy": null,
      "http://a.ml/vocabularies/document#extension": null,
      "id": "file:///Users/abettati/sandbox/azure-rest-api-specs/specification/keyvault/data-plane/Microsoft.KeyVault/preview/7.3-preview/rbac.json#/web-api/end-points/%2F%7Bscope%7D%2Fproviders%2FMicrosoft.Authorization%2FroleAssignments/get/request/parameter/scope/scalar/schema/extension/ms-skip-url-encoding"
    }],
    "http://www.w3.org/ns/shacl#datatype": "http://www.w3.org/2001/XMLSchema#string",
    "http://www.w3.org/ns/shacl#name": "schema",
    "id": "file:///Users/abettati/sandbox/azure-rest-api-specs/specification/keyvault/data-plane/Microsoft.KeyVault/preview/7.3-preview/rbac.json#/web-api/end-points/%2F%7Bscope%7D%2Fproviders%2FMicrosoft.Authorization%2FroleAssignments/get/request/parameter/scope/scalar/schema"
  },
  "id": "file:///Users/abettati/sandbox/azure-rest-api-specs/specification/keyvault/data-plane/Microsoft.KeyVault/preview/7.3-preview/rbac.json#/web-api/end-points/%2F%7Bscope%7D%2Fproviders%2FMicrosoft.Authorization%2FroleAssignments/get/request/parameter/scope"
}]