[{
  "http://a.ml/vocabularies/apiContract#binding": "path",
  "http://a.ml/vocabularies/apiContract#paramName": "location",
  "http://a.ml/vocabularies/apiContract#required": "true",
  "http://a.ml/vocabularies/core#description": "The Azure region to use for the request",
  "http://a.ml/vocabularies/core#name": "location",
  "http://a.ml/vocabularies/document#customDomainProperties": [{
    "http://a.ml/vocabularies/core#extensionName": "ms-parameter-location",
    "http://a.ml/vocabularies/document#definedBy": {
      "http://a.ml/vocabularies/core#name": null,
      "id": "file:///Users/abettati/sandbox/azure-rest-api-specs/specification/azuredata/resource-manager/Microsoft.AzureData/preview/2019-07-24-preview/azuredata.json#/declarations/parameters/parameter/location/ms-parameter-location"
    },
    "http://a.ml/vocabularies/document#extension": {
      "http://a.ml/vocabularies/core#name": null,
      "http://a.ml/vocabularies/data#value": null,
      "http://www.w3.org/ns/shacl#datatype": null,
      "id": "file:///Users/abettati/sandbox/azure-rest-api-specs/specification/azuredata/resource-manager/Microsoft.AzureData/preview/2019-07-24-preview/azuredata.json#/declarations/parameters/parameter/location/ms-parameter-location/scalar_1"
    },
    "id": "file:///Users/abettati/sandbox/azure-rest-api-specs/specification/azuredata/resource-manager/Microsoft.AzureData/preview/2019-07-24-preview/azuredata.json#/declarations/parameters/parameter/location/extension/ms-parameter-location"
  }],
  "http://a.ml/vocabularies/shapes#schema": {
    "http://a.ml/vocabularies/core#description": "The Azure region to use for the request",
    "http://a.ml/vocabularies/document#customDomainProperties": [{
      "http://a.ml/vocabularies/core#extensionName": null,
      "http://a.ml/vocabularies/document#definedBy": null,
      "http://a.ml/vocabularies/document#extension": null,
      "id": "file:///Users/abettati/sandbox/azure-rest-api-specs/specification/azuredata/resource-manager/Microsoft.AzureData/preview/2019-07-24-preview/azuredata.json#/declarations/parameters/parameter/location/scalar/schema/extension/ms-parameter-location"
    }],
    "http://www.w3.org/ns/shacl#datatype": "http://www.w3.org/2001/XMLSchema#string",
    "http://www.w3.org/ns/shacl#name": "schema",
    "id": "file:///Users/abettati/sandbox/azure-rest-api-specs/specification/azuredata/resource-manager/Microsoft.AzureData/preview/2019-07-24-preview/azuredata.json#/declarations/parameters/parameter/location/scalar/schema"
  },
  "id": "file:///Users/abettati/sandbox/azure-rest-api-specs/specification/azuredata/resource-manager/Microsoft.AzureData/preview/2019-07-24-preview/azuredata.json#/declarations/parameters/parameter/location"
}, {
  "http://a.ml/vocabularies/apiContract#binding": "path",
  "http://a.ml/vocabularies/apiContract#paramName": "resourceGroupName",
  "http://a.ml/vocabularies/apiContract#required": "true",
  "http://a.ml/vocabularies/core#description": "Name of the resource group that contains the resource. You can obtain this value from the Azure Resource Manager API or the portal.",
  "http://a.ml/vocabularies/core#name": "ResourceGroupParameter",
  "http://a.ml/vocabularies/document#customDomainProperties": [{
    "http://a.ml/vocabularies/core#extensionName": "ms-parameter-location",
    "http://a.ml/vocabularies/document#definedBy": {
      "http://a.ml/vocabularies/core#name": null,
      "id": "file:///Users/abettati/sandbox/azure-rest-api-specs/specification/azuredata/resource-manager/Microsoft.AzureData/preview/2019-07-24-preview/azuredata.json#/declarations/parameters/parameter/ResourceGroupParameter/ms-parameter-location"
    },
    "http://a.ml/vocabularies/document#extension": {
      "http://a.ml/vocabularies/core#name": null,
      "http://a.ml/vocabularies/data#value": null,
      "http://www.w3.org/ns/shacl#datatype": null,
      "id": "file:///Users/abettati/sandbox/azure-rest-api-specs/specification/azuredata/resource-manager/Microsoft.AzureData/preview/2019-07-24-preview/azuredata.json#/declarations/parameters/parameter/ResourceGroupParameter/ms-parameter-location/scalar_1"
    },
    "id": "file:///Users/abettati/sandbox/azure-rest-api-specs/specification/azuredata/resource-manager/Microsoft.AzureData/preview/2019-07-24-preview/azuredata.json#/declarations/parameters/parameter/ResourceGroupParameter/extension/ms-parameter-location"
  }],
  "http://a.ml/vocabularies/shapes#schema": {
    "http://a.ml/vocabularies/core#description": "Name of the resource group that contains the resource. You can obtain this value from the Azure Resource Manager API or the portal.",
    "http://a.ml/vocabularies/document#customDomainProperties": [{
      "http://a.ml/vocabularies/core#extensionName": null,
      "http://a.ml/vocabularies/document#definedBy": null,
      "http://a.ml/vocabularies/document#extension": null,
      "id": "file:///Users/abettati/sandbox/azure-rest-api-specs/specification/azuredata/resource-manager/Microsoft.AzureData/preview/2019-07-24-preview/azuredata.json#/declarations/parameters/parameter/ResourceGroupParameter/scalar/schema/extension/ms-parameter-location"
    }],
    "http://www.w3.org/ns/shacl#datatype": "http://www.w3.org/2001/XMLSchema#string",
    "http://www.w3.org/ns/shacl#name": "schema",
    "id": "file:///Users/abettati/sandbox/azure-rest-api-specs/specification/azuredata/resource-manager/Microsoft.AzureData/preview/2019-07-24-preview/azuredata.json#/declarations/parameters/parameter/ResourceGroupParameter/scalar/schema"
  },
  "id": "file:///Users/abettati/sandbox/azure-rest-api-specs/specification/azuredata/resource-manager/Microsoft.AzureData/preview/2019-07-24-preview/azuredata.json#/declarations/parameters/parameter/ResourceGroupParameter"
}, {
  "http://a.ml/vocabularies/apiContract#binding": "query",
  "http://a.ml/vocabularies/apiContract#paramName": "api-version",
  "http://a.ml/vocabularies/apiContract#required": "true",
  "http://a.ml/vocabularies/core#description": "API version to use for the request.",
  "http://a.ml/vocabularies/core#name": "ApiVersionParameter",
  "http://a.ml/vocabularies/document#customDomainProperties": [{
    "http://a.ml/vocabularies/core#extensionName": "ms-parameter-location",
    "http://a.ml/vocabularies/document#definedBy": {
      "http://a.ml/vocabularies/core#name": null,
      "id": "file:///Users/abettati/sandbox/azure-rest-api-specs/specification/azuredata/resource-manager/Microsoft.AzureData/preview/2019-07-24-preview/azuredata.json#/declarations/parameters/parameter/ApiVersionParameter/ms-parameter-location"
    },
    "http://a.ml/vocabularies/document#extension": {
      "http://a.ml/vocabularies/core#name": null,
      "http://a.ml/vocabularies/data#value": null,
      "http://www.w3.org/ns/shacl#datatype": null,
      "id": "file:///Users/abettati/sandbox/azure-rest-api-specs/specification/azuredata/resource-manager/Microsoft.AzureData/preview/2019-07-24-preview/azuredata.json#/declarations/parameters/parameter/ApiVersionParameter/ms-parameter-location/scalar_1"
    },
    "id": "file:///Users/abettati/sandbox/azure-rest-api-specs/specification/azuredata/resource-manager/Microsoft.AzureData/preview/2019-07-24-preview/azuredata.json#/declarations/parameters/parameter/ApiVersionParameter/extension/ms-parameter-location"
  }],
  "http://a.ml/vocabularies/shapes#schema": {
    "http://a.ml/vocabularies/core#description": "API version to use for the request.",
    "http://a.ml/vocabularies/document#customDomainProperties": [{
      "http://a.ml/vocabularies/core#extensionName": null,
      "http://a.ml/vocabularies/document#definedBy": null,
      "http://a.ml/vocabularies/document#extension": null,
      "id": "file:///Users/abettati/sandbox/azure-rest-api-specs/specification/azuredata/resource-manager/Microsoft.AzureData/preview/2019-07-24-preview/azuredata.json#/declarations/parameters/parameter/ApiVersionParameter/scalar/schema/extension/ms-parameter-location"
    }],
    "http://www.w3.org/ns/shacl#datatype": "http://www.w3.org/2001/XMLSchema#string",
    "http://www.w3.org/ns/shacl#name": "schema",
    "id": "file:///Users/abettati/sandbox/azure-rest-api-specs/specification/azuredata/resource-manager/Microsoft.AzureData/preview/2019-07-24-preview/azuredata.json#/declarations/parameters/parameter/ApiVersionParameter/scalar/schema"
  },
  "id": "file:///Users/abettati/sandbox/azure-rest-api-specs/specification/azuredata/resource-manager/Microsoft.AzureData/preview/2019-07-24-preview/azuredata.json#/declarations/parameters/parameter/ApiVersionParameter"
}, {
  "http://a.ml/vocabularies/apiContract#binding": "path",
  "http://a.ml/vocabularies/apiContract#paramName": "SqlServerRegistrationNameParameter",
  "http://a.ml/vocabularies/apiContract#required": "true",
  "http://a.ml/vocabularies/core#description": "Name of the Sql Server registration.",
  "http://a.ml/vocabularies/core#name": "SqlServerRegistrationNameParameter",
  "http://a.ml/vocabularies/document#customDomainProperties": [{
    "http://a.ml/vocabularies/core#extensionName": "ms-parameter-location",
    "http://a.ml/vocabularies/document#definedBy": {
      "http://a.ml/vocabularies/core#name": null,
      "id": "file:///Users/abettati/sandbox/azure-rest-api-specs/specification/azuredata/resource-manager/Microsoft.AzureData/preview/2019-07-24-preview/azuredata.json#/declarations/parameters/parameter/SqlServerRegistrationNameParameter/ms-parameter-location"
    },
    "http://a.ml/vocabularies/document#extension": {
      "http://a.ml/vocabularies/core#name": null,
      "http://a.ml/vocabularies/data#value": null,
      "http://www.w3.org/ns/shacl#datatype": null,
      "id": "file:///Users/abettati/sandbox/azure-rest-api-specs/specification/azuredata/resource-manager/Microsoft.AzureData/preview/2019-07-24-preview/azuredata.json#/declarations/parameters/parameter/SqlServerRegistrationNameParameter/ms-parameter-location/scalar_1"
    },
    "id": "file:///Users/abettati/sandbox/azure-rest-api-specs/specification/azuredata/resource-manager/Microsoft.AzureData/preview/2019-07-24-preview/azuredata.json#/declarations/parameters/parameter/SqlServerRegistrationNameParameter/extension/ms-parameter-location"
  }],
  "http://a.ml/vocabularies/shapes#schema": {
    "http://a.ml/vocabularies/core#description": "Name of the Sql Server registration.",
    "http://a.ml/vocabularies/document#customDomainProperties": [{
      "http://a.ml/vocabularies/core#extensionName": null,
      "http://a.ml/vocabularies/document#definedBy": null,
      "http://a.ml/vocabularies/document#extension": null,
      "id": "file:///Users/abettati/sandbox/azure-rest-api-specs/specification/azuredata/resource-manager/Microsoft.AzureData/preview/2019-07-24-preview/azuredata.json#/declarations/parameters/parameter/SqlServerRegistrationNameParameter/scalar/schema/extension/ms-parameter-location"
    }],
    "http://www.w3.org/ns/shacl#datatype": "http://www.w3.org/2001/XMLSchema#string",
    "http://www.w3.org/ns/shacl#name": "schema",
    "id": "file:///Users/abettati/sandbox/azure-rest-api-specs/specification/azuredata/resource-manager/Microsoft.AzureData/preview/2019-07-24-preview/azuredata.json#/declarations/parameters/parameter/SqlServerRegistrationNameParameter/scalar/schema"
  },
  "id": "file:///Users/abettati/sandbox/azure-rest-api-specs/specification/azuredata/resource-manager/Microsoft.AzureData/preview/2019-07-24-preview/azuredata.json#/declarations/parameters/parameter/SqlServerRegistrationNameParameter"
}, {
  "http://a.ml/vocabularies/apiContract#binding": "path",
  "http://a.ml/vocabularies/apiContract#paramName": "subscriptionId",
  "http://a.ml/vocabularies/apiContract#required": "true",
  "http://a.ml/vocabularies/core#description": "Subscription ID that identifies an Azure subscription.",
  "http://a.ml/vocabularies/core#name": "SubscriptionIdParameter",
  "http://a.ml/vocabularies/document#customDomainProperties": [{
    "http://a.ml/vocabularies/core#extensionName": "ms-parameter-location",
    "http://a.ml/vocabularies/document#definedBy": {
      "http://a.ml/vocabularies/core#name": null,
      "id": "file:///Users/abettati/sandbox/azure-rest-api-specs/specification/azuredata/resource-manager/Microsoft.AzureData/preview/2019-07-24-preview/azuredata.json#/declarations/parameters/parameter/SubscriptionIdParameter/ms-parameter-location"
    },
    "http://a.ml/vocabularies/document#extension": {
      "http://a.ml/vocabularies/core#name": null,
      "http://a.ml/vocabularies/data#value": null,
      "http://www.w3.org/ns/shacl#datatype": null,
      "id": "file:///Users/abettati/sandbox/azure-rest-api-specs/specification/azuredata/resource-manager/Microsoft.AzureData/preview/2019-07-24-preview/azuredata.json#/declarations/parameters/parameter/SubscriptionIdParameter/ms-parameter-location/scalar_1"
    },
    "id": "file:///Users/abettati/sandbox/azure-rest-api-specs/specification/azuredata/resource-manager/Microsoft.AzureData/preview/2019-07-24-preview/azuredata.json#/declarations/parameters/parameter/SubscriptionIdParameter/extension/ms-parameter-location"
  }],
  "http://a.ml/vocabularies/shapes#schema": {
    "http://a.ml/vocabularies/core#description": "Subscription ID that identifies an Azure subscription.",
    "http://a.ml/vocabularies/document#customDomainProperties": [{
      "http://a.ml/vocabularies/core#extensionName": null,
      "http://a.ml/vocabularies/document#definedBy": null,
      "http://a.ml/vocabularies/document#extension": null,
      "id": "file:///Users/abettati/sandbox/azure-rest-api-specs/specification/azuredata/resource-manager/Microsoft.AzureData/preview/2019-07-24-preview/azuredata.json#/declarations/parameters/parameter/SubscriptionIdParameter/scalar/schema/extension/ms-parameter-location"
    }],
    "http://www.w3.org/ns/shacl#datatype": "http://www.w3.org/2001/XMLSchema#string",
    "http://www.w3.org/ns/shacl#name": "schema",
    "id": "file:///Users/abettati/sandbox/azure-rest-api-specs/specification/azuredata/resource-manager/Microsoft.AzureData/preview/2019-07-24-preview/azuredata.json#/declarations/parameters/parameter/SubscriptionIdParameter/scalar/schema"
  },
  "id": "file:///Users/abettati/sandbox/azure-rest-api-specs/specification/azuredata/resource-manager/Microsoft.AzureData/preview/2019-07-24-preview/azuredata.json#/declarations/parameters/parameter/SubscriptionIdParameter"
}, {
  "http://a.ml/vocabularies/apiContract#binding": "path",
  "http://a.ml/vocabularies/apiContract#paramName": "subscriptionId",
  "http://a.ml/vocabularies/apiContract#required": "true",
  "http://a.ml/vocabularies/core#description": "The ID of the Azure subscription",
  "http://a.ml/vocabularies/core#name": "subscriptionId",
  "http://a.ml/vocabularies/shapes#schema": {
    "http://a.ml/vocabularies/core#description": "The ID of the Azure subscription",
    "http://www.w3.org/ns/shacl#datatype": "http://www.w3.org/2001/XMLSchema#string",
    "http://www.w3.org/ns/shacl#name": "schema",
    "id": "file:///Users/abettati/sandbox/azure-rest-api-specs/specification/azuredata/resource-manager/Microsoft.AzureData/preview/2019-07-24-preview/azuredata.json#/declarations/parameters/parameter/subscriptionId/scalar/schema"
  },
  "id": "file:///Users/abettati/sandbox/azure-rest-api-specs/specification/azuredata/resource-manager/Microsoft.AzureData/preview/2019-07-24-preview/azuredata.json#/declarations/parameters/parameter/subscriptionId"
}, {
  "http://a.ml/vocabularies/apiContract#binding": "path",
  "http://a.ml/vocabularies/apiContract#paramName": "sqlManagedInstanceName",
  "http://a.ml/vocabularies/apiContract#required": "true",
  "http://a.ml/vocabularies/core#description": "The name of the resource.",
  "http://a.ml/vocabularies/core#name": "SqlManagedInstanceNameParameter",
  "http://a.ml/vocabularies/document#customDomainProperties": [{
    "http://a.ml/vocabularies/core#extensionName": "ms-parameter-location",
    "http://a.ml/vocabularies/document#definedBy": {
      "http://a.ml/vocabularies/core#name": null,
      "id": "file:///Users/abettati/sandbox/azure-rest-api-specs/specification/azuredata/resource-manager/Microsoft.AzureData/preview/2019-07-24-preview/azuredata.json#/declarations/parameters/parameter/SqlManagedInstanceNameParameter/ms-parameter-location"
    },
    "http://a.ml/vocabularies/document#extension": {
      "http://a.ml/vocabularies/core#name": null,
      "http://a.ml/vocabularies/data#value": null,
      "http://www.w3.org/ns/shacl#datatype": null,
      "id": "file:///Users/abettati/sandbox/azure-rest-api-specs/specification/azuredata/resource-manager/Microsoft.AzureData/preview/2019-07-24-preview/azuredata.json#/declarations/parameters/parameter/SqlManagedInstanceNameParameter/ms-parameter-location/scalar_1"
    },
    "id": "file:///Users/abettati/sandbox/azure-rest-api-specs/specification/azuredata/resource-manager/Microsoft.AzureData/preview/2019-07-24-preview/azuredata.json#/declarations/parameters/parameter/SqlManagedInstanceNameParameter/extension/ms-parameter-location"
  }],
  "http://a.ml/vocabularies/shapes#schema": {
    "http://a.ml/vocabularies/core#description": "The name of the resource.",
    "http://a.ml/vocabularies/document#customDomainProperties": [{
      "http://a.ml/vocabularies/core#extensionName": null,
      "http://a.ml/vocabularies/document#definedBy": null,
      "http://a.ml/vocabularies/document#extension": null,
      "id": "file:///Users/abettati/sandbox/azure-rest-api-specs/specification/azuredata/resource-manager/Microsoft.AzureData/preview/2019-07-24-preview/azuredata.json#/declarations/parameters/parameter/SqlManagedInstanceNameParameter/scalar/schema/extension/ms-parameter-location"
    }],
    "http://www.w3.org/ns/shacl#datatype": "http://www.w3.org/2001/XMLSchema#string",
    "http://www.w3.org/ns/shacl#name": "schema",
    "id": "file:///Users/abettati/sandbox/azure-rest-api-specs/specification/azuredata/resource-manager/Microsoft.AzureData/preview/2019-07-24-preview/azuredata.json#/declarations/parameters/parameter/SqlManagedInstanceNameParameter/scalar/schema"
  },
  "id": "file:///Users/abettati/sandbox/azure-rest-api-specs/specification/azuredata/resource-manager/Microsoft.AzureData/preview/2019-07-24-preview/azuredata.json#/declarations/parameters/parameter/SqlManagedInstanceNameParameter"
}, {
  "http://a.ml/vocabularies/apiContract#binding": "path",
  "http://a.ml/vocabularies/apiContract#paramName": "resourceGroupName",
  "http://a.ml/vocabularies/apiContract#required": "true",
  "http://a.ml/vocabularies/core#description": "The name of the Azure resource group",
  "http://a.ml/vocabularies/core#name": "resourceGroupName",
  "http://a.ml/vocabularies/document#customDomainProperties": [{
    "http://a.ml/vocabularies/core#extensionName": "ms-parameter-location",
    "http://a.ml/vocabularies/document#definedBy": {
      "http://a.ml/vocabularies/core#name": null,
      "id": "file:///Users/abettati/sandbox/azure-rest-api-specs/specification/azuredata/resource-manager/Microsoft.AzureData/preview/2019-07-24-preview/azuredata.json#/declarations/parameters/parameter/resourceGroupName/ms-parameter-location"
    },
    "http://a.ml/vocabularies/document#extension": {
      "http://a.ml/vocabularies/core#name": null,
      "http://a.ml/vocabularies/data#value": null,
      "http://www.w3.org/ns/shacl#datatype": null,
      "id": "file:///Users/abettati/sandbox/azure-rest-api-specs/specification/azuredata/resource-manager/Microsoft.AzureData/preview/2019-07-24-preview/azuredata.json#/declarations/parameters/parameter/resourceGroupName/ms-parameter-location/scalar_1"
    },
    "id": "file:///Users/abettati/sandbox/azure-rest-api-specs/specification/azuredata/resource-manager/Microsoft.AzureData/preview/2019-07-24-preview/azuredata.json#/declarations/parameters/parameter/resourceGroupName/extension/ms-parameter-location"
  }],
  "http://a.ml/vocabularies/shapes#schema": {
    "http://a.ml/vocabularies/core#description": "The name of the Azure resource group",
    "http://a.ml/vocabularies/document#customDomainProperties": [{
      "http://a.ml/vocabularies/core#extensionName": null,
      "http://a.ml/vocabularies/document#definedBy": null,
      "http://a.ml/vocabularies/document#extension": null,
      "id": "file:///Users/abettati/sandbox/azure-rest-api-specs/specification/azuredata/resource-manager/Microsoft.AzureData/preview/2019-07-24-preview/azuredata.json#/declarations/parameters/parameter/resourceGroupName/scalar/schema/extension/ms-parameter-location"
    }],
    "http://www.w3.org/ns/shacl#datatype": "http://www.w3.org/2001/XMLSchema#string",
    "http://www.w3.org/ns/shacl#name": "schema",
    "id": "file:///Users/abettati/sandbox/azure-rest-api-specs/specification/azuredata/resource-manager/Microsoft.AzureData/preview/2019-07-24-preview/azuredata.json#/declarations/parameters/parameter/resourceGroupName/scalar/schema"
  },
  "id": "file:///Users/abettati/sandbox/azure-rest-api-specs/specification/azuredata/resource-manager/Microsoft.AzureData/preview/2019-07-24-preview/azuredata.json#/declarations/parameters/parameter/resourceGroupName"
}, {
  "http://a.ml/vocabularies/apiContract#binding": "path",
  "http://a.ml/vocabularies/apiContract#paramName": "SqlServerName",
  "http://a.ml/vocabularies/apiContract#required": "true",
  "http://a.ml/vocabularies/core#description": "Name of the Sql Server.",
  "http://a.ml/vocabularies/core#name": "SqlServerNameParameter",
  "http://a.ml/vocabularies/document#customDomainProperties": [{
    "http://a.ml/vocabularies/core#extensionName": "ms-parameter-location",
    "http://a.ml/vocabularies/document#definedBy": {
      "http://a.ml/vocabularies/core#name": null,
      "id": "file:///Users/abettati/sandbox/azure-rest-api-specs/specification/azuredata/resource-manager/Microsoft.AzureData/preview/2019-07-24-preview/azuredata.json#/declarations/parameters/parameter/SqlServerNameParameter/ms-parameter-location"
    },
    "http://a.ml/vocabularies/document#extension": {
      "http://a.ml/vocabularies/core#name": null,
      "http://a.ml/vocabularies/data#value": null,
      "http://www.w3.org/ns/shacl#datatype": null,
      "id": "file:///Users/abettati/sandbox/azure-rest-api-specs/specification/azuredata/resource-manager/Microsoft.AzureData/preview/2019-07-24-preview/azuredata.json#/declarations/parameters/parameter/SqlServerNameParameter/ms-parameter-location/scalar_1"
    },
    "id": "file:///Users/abettati/sandbox/azure-rest-api-specs/specification/azuredata/resource-manager/Microsoft.AzureData/preview/2019-07-24-preview/azuredata.json#/declarations/parameters/parameter/SqlServerNameParameter/extension/ms-parameter-location"
  }],
  "http://a.ml/vocabularies/shapes#schema": {
    "http://a.ml/vocabularies/core#description": "Name of the Sql Server.",
    "http://a.ml/vocabularies/document#customDomainProperties": [{
      "http://a.ml/vocabularies/core#extensionName": null,
      "http://a.ml/vocabularies/document#definedBy": null,
      "http://a.ml/vocabularies/document#extension": null,
      "id": "file:///Users/abettati/sandbox/azure-rest-api-specs/specification/azuredata/resource-manager/Microsoft.AzureData/preview/2019-07-24-preview/azuredata.json#/declarations/parameters/parameter/SqlServerNameParameter/scalar/schema/extension/ms-parameter-location"
    }],
    "http://www.w3.org/ns/shacl#datatype": "http://www.w3.org/2001/XMLSchema#string",
    "http://www.w3.org/ns/shacl#name": "schema",
    "id": "file:///Users/abettati/sandbox/azure-rest-api-specs/specification/azuredata/resource-manager/Microsoft.AzureData/preview/2019-07-24-preview/azuredata.json#/declarations/parameters/parameter/SqlServerNameParameter/scalar/schema"
  },
  "id": "file:///Users/abettati/sandbox/azure-rest-api-specs/specification/azuredata/resource-manager/Microsoft.AzureData/preview/2019-07-24-preview/azuredata.json#/declarations/parameters/parameter/SqlServerNameParameter"
}, {
  "http://a.ml/vocabularies/apiContract#binding": "path",
  "http://a.ml/vocabularies/apiContract#paramName": "sqlServerInstanceName",
  "http://a.ml/vocabularies/apiContract#required": "true",
  "http://a.ml/vocabularies/core#description": "The name of the resource.",
  "http://a.ml/vocabularies/core#name": "SqlServerInstanceNameParameter",
  "http://a.ml/vocabularies/document#customDomainProperties": [{
    "http://a.ml/vocabularies/core#extensionName": "ms-parameter-location",
    "http://a.ml/vocabularies/document#definedBy": {
      "http://a.ml/vocabularies/core#name": null,
      "id": "file:///Users/abettati/sandbox/azure-rest-api-specs/specification/azuredata/resource-manager/Microsoft.AzureData/preview/2019-07-24-preview/azuredata.json#/declarations/parameters/parameter/SqlServerInstanceNameParameter/ms-parameter-location"
    },
    "http://a.ml/vocabularies/document#extension": {
      "http://a.ml/vocabularies/core#name": null,
      "http://a.ml/vocabularies/data#value": null,
      "http://www.w3.org/ns/shacl#datatype": null,
      "id": "file:///Users/abettati/sandbox/azure-rest-api-specs/specification/azuredata/resource-manager/Microsoft.AzureData/preview/2019-07-24-preview/azuredata.json#/declarations/parameters/parameter/SqlServerInstanceNameParameter/ms-parameter-location/scalar_1"
    },
    "id": "file:///Users/abettati/sandbox/azure-rest-api-specs/specification/azuredata/resource-manager/Microsoft.AzureData/preview/2019-07-24-preview/azuredata.json#/declarations/parameters/parameter/SqlServerInstanceNameParameter/extension/ms-parameter-location"
  }],
  "http://a.ml/vocabularies/shapes#schema": {
    "http://a.ml/vocabularies/core#description": "The name of the resource.",
    "http://a.ml/vocabularies/document#customDomainProperties": [{
      "http://a.ml/vocabularies/core#extensionName": null,
      "http://a.ml/vocabularies/document#definedBy": null,
      "http://a.ml/vocabularies/document#extension": null,
      "id": "file:///Users/abettati/sandbox/azure-rest-api-specs/specification/azuredata/resource-manager/Microsoft.AzureData/preview/2019-07-24-preview/azuredata.json#/declarations/parameters/parameter/SqlServerInstanceNameParameter/scalar/schema/extension/ms-parameter-location"
    }],
    "http://www.w3.org/ns/shacl#datatype": "http://www.w3.org/2001/XMLSchema#string",
    "http://www.w3.org/ns/shacl#name": "schema",
    "id": "file:///Users/abettati/sandbox/azure-rest-api-specs/specification/azuredata/resource-manager/Microsoft.AzureData/preview/2019-07-24-preview/azuredata.json#/declarations/parameters/parameter/SqlServerInstanceNameParameter/scalar/schema"
  },
  "id": "file:///Users/abettati/sandbox/azure-rest-api-specs/specification/azuredata/resource-manager/Microsoft.AzureData/preview/2019-07-24-preview/azuredata.json#/declarations/parameters/parameter/SqlServerInstanceNameParameter"
}, {
  "http://a.ml/vocabularies/apiContract#binding": "path",
  "http://a.ml/vocabularies/apiContract#paramName": "postgresInstanceName",
  "http://a.ml/vocabularies/apiContract#required": "true",
  "http://a.ml/vocabularies/core#description": "The name of the resource.",
  "http://a.ml/vocabularies/core#name": "PostgresInstanceNameParameter",
  "http://a.ml/vocabularies/document#customDomainProperties": [{
    "http://a.ml/vocabularies/core#extensionName": "ms-parameter-location",
    "http://a.ml/vocabularies/document#definedBy": {
      "http://a.ml/vocabularies/core#name": null,
      "id": "file:///Users/abettati/sandbox/azure-rest-api-specs/specification/azuredata/resource-manager/Microsoft.AzureData/preview/2019-07-24-preview/azuredata.json#/declarations/parameters/parameter/PostgresInstanceNameParameter/ms-parameter-location"
    },
    "http://a.ml/vocabularies/document#extension": {
      "http://a.ml/vocabularies/core#name": null,
      "http://a.ml/vocabularies/data#value": null,
      "http://www.w3.org/ns/shacl#datatype": null,
      "id": "file:///Users/abettati/sandbox/azure-rest-api-specs/specification/azuredata/resource-manager/Microsoft.AzureData/preview/2019-07-24-preview/azuredata.json#/declarations/parameters/parameter/PostgresInstanceNameParameter/ms-parameter-location/scalar_1"
    },
    "id": "file:///Users/abettati/sandbox/azure-rest-api-specs/specification/azuredata/resource-manager/Microsoft.AzureData/preview/2019-07-24-preview/azuredata.json#/declarations/parameters/parameter/PostgresInstanceNameParameter/extension/ms-parameter-location"
  }],
  "http://a.ml/vocabularies/shapes#schema": {
    "http://a.ml/vocabularies/core#description": "The name of the resource.",
    "http://a.ml/vocabularies/document#customDomainProperties": [{
      "http://a.ml/vocabularies/core#extensionName": null,
      "http://a.ml/vocabularies/document#definedBy": null,
      "http://a.ml/vocabularies/document#extension": null,
      "id": "file:///Users/abettati/sandbox/azure-rest-api-specs/specification/azuredata/resource-manager/Microsoft.AzureData/preview/2019-07-24-preview/azuredata.json#/declarations/parameters/parameter/PostgresInstanceNameParameter/scalar/schema/extension/ms-parameter-location"
    }],
    "http://www.w3.org/ns/shacl#datatype": "http://www.w3.org/2001/XMLSchema#string",
    "http://www.w3.org/ns/shacl#name": "schema",
    "id": "file:///Users/abettati/sandbox/azure-rest-api-specs/specification/azuredata/resource-manager/Microsoft.AzureData/preview/2019-07-24-preview/azuredata.json#/declarations/parameters/parameter/PostgresInstanceNameParameter/scalar/schema"
  },
  "id": "file:///Users/abettati/sandbox/azure-rest-api-specs/specification/azuredata/resource-manager/Microsoft.AzureData/preview/2019-07-24-preview/azuredata.json#/declarations/parameters/parameter/PostgresInstanceNameParameter"
}, {
  "http://a.ml/vocabularies/apiContract#binding": "query",
  "http://a.ml/vocabularies/apiContract#paramName": "api-version",
  "http://a.ml/vocabularies/apiContract#required": "true",
  "http://a.ml/vocabularies/core#description": "The API version to use for the request",
  "http://a.ml/vocabularies/core#name": "apiVersion",
  "http://a.ml/vocabularies/shapes#schema": {
    "http://a.ml/vocabularies/core#description": "The API version to use for the request",
    "http://www.w3.org/ns/shacl#datatype": "http://www.w3.org/2001/XMLSchema#string",
    "http://www.w3.org/ns/shacl#name": "schema",
    "id": "file:///Users/abettati/sandbox/azure-rest-api-specs/specification/azuredata/resource-manager/Microsoft.AzureData/preview/2019-07-24-preview/azuredata.json#/declarations/parameters/parameter/apiVersion/scalar/schema"
  },
  "id": "file:///Users/abettati/sandbox/azure-rest-api-specs/specification/azuredata/resource-manager/Microsoft.AzureData/preview/2019-07-24-preview/azuredata.json#/declarations/parameters/parameter/apiVersion"
}, {
  "http://a.ml/vocabularies/apiContract#binding": "path",
  "http://a.ml/vocabularies/apiContract#paramName": "sqlServerRegistrationName",
  "http://a.ml/vocabularies/apiContract#required": "true",
  "http://a.ml/vocabularies/core#description": "Name of the SQL Server registration.",
  "http://a.ml/vocabularies/core#name": "sqlServerRegistrationName",
  "http://a.ml/vocabularies/shapes#schema": {
    "http://a.ml/vocabularies/core#description": "Name of the SQL Server registration.",
    "http://www.w3.org/ns/shacl#datatype": "http://www.w3.org/2001/XMLSchema#string",
    "http://www.w3.org/ns/shacl#name": "schema",
    "id": "file:///Users/abettati/sandbox/azure-rest-api-specs/specification/azuredata/resource-manager/Microsoft.AzureData/preview/2019-07-24-preview/azuredata.json#/web-api/end-points/%2Fsubscriptions%2F%7BsubscriptionId%7D%2FresourceGroups%2F%7BresourceGroupName%7D%2Fproviders%2FMicrosoft.AzureData%2FsqlServerRegistrations%2F%7BsqlServerRegistrationName%7D/get/request/parameter/sqlServerRegistrationName/scalar/schema"
  },
  "id": "file:///Users/abettati/sandbox/azure-rest-api-specs/specification/azuredata/resource-manager/Microsoft.AzureData/preview/2019-07-24-preview/azuredata.json#/web-api/end-points/%2Fsubscriptions%2F%7BsubscriptionId%7D%2FresourceGroups%2F%7BresourceGroupName%7D%2Fproviders%2FMicrosoft.AzureData%2FsqlServerRegistrations%2F%7BsqlServerRegistrationName%7D/get/request/parameter/sqlServerRegistrationName"
}, {
  "http://a.ml/vocabularies/apiContract#binding": "path",
  "http://a.ml/vocabularies/apiContract#paramName": "sqlServerRegistrationName",
  "http://a.ml/vocabularies/apiContract#required": "true",
  "http://a.ml/vocabularies/core#description": "Name of the SQL Server registration.",
  "http://a.ml/vocabularies/core#name": "sqlServerRegistrationName",
  "http://a.ml/vocabularies/shapes#schema": {
    "http://a.ml/vocabularies/core#description": "Name of the SQL Server registration.",
    "http://www.w3.org/ns/shacl#datatype": "http://www.w3.org/2001/XMLSchema#string",
    "http://www.w3.org/ns/shacl#name": "schema",
    "id": "file:///Users/abettati/sandbox/azure-rest-api-specs/specification/azuredata/resource-manager/Microsoft.AzureData/preview/2019-07-24-preview/azuredata.json#/web-api/end-points/%2Fsubscriptions%2F%7BsubscriptionId%7D%2FresourceGroups%2F%7BresourceGroupName%7D%2Fproviders%2FMicrosoft.AzureData%2FsqlServerRegistrations%2F%7BsqlServerRegistrationName%7D/put/request/parameter/sqlServerRegistrationName/scalar/schema"
  },
  "id": "file:///Users/abettati/sandbox/azure-rest-api-specs/specification/azuredata/resource-manager/Microsoft.AzureData/preview/2019-07-24-preview/azuredata.json#/web-api/end-points/%2Fsubscriptions%2F%7BsubscriptionId%7D%2FresourceGroups%2F%7BresourceGroupName%7D%2Fproviders%2FMicrosoft.AzureData%2FsqlServerRegistrations%2F%7BsqlServerRegistrationName%7D/put/request/parameter/sqlServerRegistrationName"
}, {
  "http://a.ml/vocabularies/apiContract#binding": "path",
  "http://a.ml/vocabularies/apiContract#paramName": "sqlServerRegistrationName",
  "http://a.ml/vocabularies/apiContract#required": "true",
  "http://a.ml/vocabularies/core#description": "Name of the SQL Server registration.",
  "http://a.ml/vocabularies/core#name": "sqlServerRegistrationName",
  "http://a.ml/vocabularies/shapes#schema": {
    "http://a.ml/vocabularies/core#description": "Name of the SQL Server registration.",
    "http://www.w3.org/ns/shacl#datatype": "http://www.w3.org/2001/XMLSchema#string",
    "http://www.w3.org/ns/shacl#name": "schema",
    "id": "file:///Users/abettati/sandbox/azure-rest-api-specs/specification/azuredata/resource-manager/Microsoft.AzureData/preview/2019-07-24-preview/azuredata.json#/web-api/end-points/%2Fsubscriptions%2F%7BsubscriptionId%7D%2FresourceGroups%2F%7BresourceGroupName%7D%2Fproviders%2FMicrosoft.AzureData%2FsqlServerRegistrations%2F%7BsqlServerRegistrationName%7D/delete/request/parameter/sqlServerRegistrationName/scalar/schema"
  },
  "id": "file:///Users/abettati/sandbox/azure-rest-api-specs/specification/azuredata/resource-manager/Microsoft.AzureData/preview/2019-07-24-preview/azuredata.json#/web-api/end-points/%2Fsubscriptions%2F%7BsubscriptionId%7D%2FresourceGroups%2F%7BresourceGroupName%7D%2Fproviders%2FMicrosoft.AzureData%2FsqlServerRegistrations%2F%7BsqlServerRegistrationName%7D/delete/request/parameter/sqlServerRegistrationName"
}, {
  "http://a.ml/vocabularies/apiContract#binding": "path",
  "http://a.ml/vocabularies/apiContract#paramName": "sqlServerRegistrationName",
  "http://a.ml/vocabularies/apiContract#required": "true",
  "http://a.ml/vocabularies/core#description": "Name of the SQL Server registration.",
  "http://a.ml/vocabularies/core#name": "sqlServerRegistrationName",
  "http://a.ml/vocabularies/shapes#schema": {
    "http://a.ml/vocabularies/core#description": "Name of the SQL Server registration.",
    "http://www.w3.org/ns/shacl#datatype": "http://www.w3.org/2001/XMLSchema#string",
    "http://www.w3.org/ns/shacl#name": "schema",
    "id": "file:///Users/abettati/sandbox/azure-rest-api-specs/specification/azuredata/resource-manager/Microsoft.AzureData/preview/2019-07-24-preview/azuredata.json#/web-api/end-points/%2Fsubscriptions%2F%7BsubscriptionId%7D%2FresourceGroups%2F%7BresourceGroupName%7D%2Fproviders%2FMicrosoft.AzureData%2FsqlServerRegistrations%2F%7BsqlServerRegistrationName%7D/patch/request/parameter/sqlServerRegistrationName/scalar/schema"
  },
  "id": "file:///Users/abettati/sandbox/azure-rest-api-specs/specification/azuredata/resource-manager/Microsoft.AzureData/preview/2019-07-24-preview/azuredata.json#/web-api/end-points/%2Fsubscriptions%2F%7BsubscriptionId%7D%2FresourceGroups%2F%7BresourceGroupName%7D%2Fproviders%2FMicrosoft.AzureData%2FsqlServerRegistrations%2F%7BsqlServerRegistrationName%7D/patch/request/parameter/sqlServerRegistrationName"
}, {
  "http://a.ml/vocabularies/apiContract#binding": "query",
  "http://a.ml/vocabularies/apiContract#paramName": "$expand",
  "http://a.ml/vocabularies/apiContract#required": "false",
  "http://a.ml/vocabularies/core#description": "The child resources to include in the response.",
  "http://a.ml/vocabularies/core#name": "$expand",
  "http://a.ml/vocabularies/shapes#schema": {
    "http://a.ml/vocabularies/core#description": "The child resources to include in the response.",
    "http://www.w3.org/ns/shacl#datatype": "http://www.w3.org/2001/XMLSchema#string",
    "http://www.w3.org/ns/shacl#name": "schema",
    "id": "file:///Users/abettati/sandbox/azure-rest-api-specs/specification/azuredata/resource-manager/Microsoft.AzureData/preview/2019-07-24-preview/azuredata.json#/web-api/end-points/%2Fsubscriptions%2F%7BsubscriptionId%7D%2FresourceGroups%2F%7BresourceGroupName%7D%2Fproviders%2FMicrosoft.AzureData%2FsqlServerRegistrations%2F%7BsqlServerRegistrationName%7D%2FsqlServers%2F%7BsqlServerName%7D/get/request/parameter/%24expand/scalar/schema"
  },
  "id": "file:///Users/abettati/sandbox/azure-rest-api-specs/specification/azuredata/resource-manager/Microsoft.AzureData/preview/2019-07-24-preview/azuredata.json#/web-api/end-points/%2Fsubscriptions%2F%7BsubscriptionId%7D%2FresourceGroups%2F%7BresourceGroupName%7D%2Fproviders%2FMicrosoft.AzureData%2FsqlServerRegistrations%2F%7BsqlServerRegistrationName%7D%2FsqlServers%2F%7BsqlServerName%7D/get/request/parameter/%24expand"
}, {
  "http://a.ml/vocabularies/apiContract#binding": "path",
  "http://a.ml/vocabularies/apiContract#paramName": "sqlServerRegistrationName",
  "http://a.ml/vocabularies/apiContract#required": "true",
  "http://a.ml/vocabularies/core#description": "Name of the SQL Server registration.",
  "http://a.ml/vocabularies/core#name": "sqlServerRegistrationName",
  "http://a.ml/vocabularies/shapes#schema": {
    "http://a.ml/vocabularies/core#description": "Name of the SQL Server registration.",
    "http://www.w3.org/ns/shacl#datatype": "http://www.w3.org/2001/XMLSchema#string",
    "http://www.w3.org/ns/shacl#name": "schema",
    "id": "file:///Users/abettati/sandbox/azure-rest-api-specs/specification/azuredata/resource-manager/Microsoft.AzureData/preview/2019-07-24-preview/azuredata.json#/web-api/end-points/%2Fsubscriptions%2F%7BsubscriptionId%7D%2FresourceGroups%2F%7BresourceGroupName%7D%2Fproviders%2FMicrosoft.AzureData%2FsqlServerRegistrations%2F%7BsqlServerRegistrationName%7D%2FsqlServers%2F%7BsqlServerName%7D/get/request/parameter/sqlServerRegistrationName/scalar/schema"
  },
  "id": "file:///Users/abettati/sandbox/azure-rest-api-specs/specification/azuredata/resource-manager/Microsoft.AzureData/preview/2019-07-24-preview/azuredata.json#/web-api/end-points/%2Fsubscriptions%2F%7BsubscriptionId%7D%2FresourceGroups%2F%7BresourceGroupName%7D%2Fproviders%2FMicrosoft.AzureData%2FsqlServerRegistrations%2F%7BsqlServerRegistrationName%7D%2FsqlServers%2F%7BsqlServerName%7D/get/request/parameter/sqlServerRegistrationName"
}, {
  "http://a.ml/vocabularies/apiContract#binding": "path",
  "http://a.ml/vocabularies/apiContract#paramName": "sqlServerName",
  "http://a.ml/vocabularies/apiContract#required": "true",
  "http://a.ml/vocabularies/core#description": "Name of the SQL Server.",
  "http://a.ml/vocabularies/core#name": "sqlServerName",
  "http://a.ml/vocabularies/shapes#schema": {
    "http://a.ml/vocabularies/core#description": "Name of the SQL Server.",
    "http://www.w3.org/ns/shacl#datatype": "http://www.w3.org/2001/XMLSchema#string",
    "http://www.w3.org/ns/shacl#name": "schema",
    "id": "file:///Users/abettati/sandbox/azure-rest-api-specs/specification/azuredata/resource-manager/Microsoft.AzureData/preview/2019-07-24-preview/azuredata.json#/web-api/end-points/%2Fsubscriptions%2F%7BsubscriptionId%7D%2FresourceGroups%2F%7BresourceGroupName%7D%2Fproviders%2FMicrosoft.AzureData%2FsqlServerRegistrations%2F%7BsqlServerRegistrationName%7D%2FsqlServers%2F%7BsqlServerName%7D/get/request/parameter/sqlServerName/scalar/schema"
  },
  "id": "file:///Users/abettati/sandbox/azure-rest-api-specs/specification/azuredata/resource-manager/Microsoft.AzureData/preview/2019-07-24-preview/azuredata.json#/web-api/end-points/%2Fsubscriptions%2F%7BsubscriptionId%7D%2FresourceGroups%2F%7BresourceGroupName%7D%2Fproviders%2FMicrosoft.AzureData%2FsqlServerRegistrations%2F%7BsqlServerRegistrationName%7D%2FsqlServers%2F%7BsqlServerName%7D/get/request/parameter/sqlServerName"
}, {
  "http://a.ml/vocabularies/apiContract#binding": "path",
  "http://a.ml/vocabularies/apiContract#paramName": "sqlServerRegistrationName",
  "http://a.ml/vocabularies/apiContract#required": "true",
  "http://a.ml/vocabularies/core#description": "Name of the SQL Server registration.",
  "http://a.ml/vocabularies/core#name": "sqlServerRegistrationName",
  "http://a.ml/vocabularies/shapes#schema": {
    "http://a.ml/vocabularies/core#description": "Name of the SQL Server registration.",
    "http://www.w3.org/ns/shacl#datatype": "http://www.w3.org/2001/XMLSchema#string",
    "http://www.w3.org/ns/shacl#name": "schema",
    "id": "file:///Users/abettati/sandbox/azure-rest-api-specs/specification/azuredata/resource-manager/Microsoft.AzureData/preview/2019-07-24-preview/azuredata.json#/web-api/end-points/%2Fsubscriptions%2F%7BsubscriptionId%7D%2FresourceGroups%2F%7BresourceGroupName%7D%2Fproviders%2FMicrosoft.AzureData%2FsqlServerRegistrations%2F%7BsqlServerRegistrationName%7D%2FsqlServers%2F%7BsqlServerName%7D/put/request/parameter/sqlServerRegistrationName/scalar/schema"
  },
  "id": "file:///Users/abettati/sandbox/azure-rest-api-specs/specification/azuredata/resource-manager/Microsoft.AzureData/preview/2019-07-24-preview/azuredata.json#/web-api/end-points/%2Fsubscriptions%2F%7BsubscriptionId%7D%2FresourceGroups%2F%7BresourceGroupName%7D%2Fproviders%2FMicrosoft.AzureData%2FsqlServerRegistrations%2F%7BsqlServerRegistrationName%7D%2FsqlServers%2F%7BsqlServerName%7D/put/request/parameter/sqlServerRegistrationName"
}, {
  "http://a.ml/vocabularies/apiContract#binding": "path",
  "http://a.ml/vocabularies/apiContract#paramName": "sqlServerName",
  "http://a.ml/vocabularies/apiContract#required": "true",
  "http://a.ml/vocabularies/core#description": "Name of the SQL Server.",
  "http://a.ml/vocabularies/core#name": "sqlServerName",
  "http://a.ml/vocabularies/shapes#schema": {
    "http://a.ml/vocabularies/core#description": "Name of the SQL Server.",
    "http://www.w3.org/ns/shacl#datatype": "http://www.w3.org/2001/XMLSchema#string",
    "http://www.w3.org/ns/shacl#name": "schema",
    "id": "file:///Users/abettati/sandbox/azure-rest-api-specs/specification/azuredata/resource-manager/Microsoft.AzureData/preview/2019-07-24-preview/azuredata.json#/web-api/end-points/%2Fsubscriptions%2F%7BsubscriptionId%7D%2FresourceGroups%2F%7BresourceGroupName%7D%2Fproviders%2FMicrosoft.AzureData%2FsqlServerRegistrations%2F%7BsqlServerRegistrationName%7D%2FsqlServers%2F%7BsqlServerName%7D/put/request/parameter/sqlServerName/scalar/schema"
  },
  "id": "file:///Users/abettati/sandbox/azure-rest-api-specs/specification/azuredata/resource-manager/Microsoft.AzureData/preview/2019-07-24-preview/azuredata.json#/web-api/end-points/%2Fsubscriptions%2F%7BsubscriptionId%7D%2FresourceGroups%2F%7BresourceGroupName%7D%2Fproviders%2FMicrosoft.AzureData%2FsqlServerRegistrations%2F%7BsqlServerRegistrationName%7D%2FsqlServers%2F%7BsqlServerName%7D/put/request/parameter/sqlServerName"
}, {
  "http://a.ml/vocabularies/apiContract#binding": "path",
  "http://a.ml/vocabularies/apiContract#paramName": "sqlServerRegistrationName",
  "http://a.ml/vocabularies/apiContract#required": "true",
  "http://a.ml/vocabularies/core#description": "Name of the SQL Server registration.",
  "http://a.ml/vocabularies/core#name": "sqlServerRegistrationName",
  "http://a.ml/vocabularies/shapes#schema": {
    "http://a.ml/vocabularies/core#description": "Name of the SQL Server registration.",
    "http://www.w3.org/ns/shacl#datatype": "http://www.w3.org/2001/XMLSchema#string",
    "http://www.w3.org/ns/shacl#name": "schema",
    "id": "file:///Users/abettati/sandbox/azure-rest-api-specs/specification/azuredata/resource-manager/Microsoft.AzureData/preview/2019-07-24-preview/azuredata.json#/web-api/end-points/%2Fsubscriptions%2F%7BsubscriptionId%7D%2FresourceGroups%2F%7BresourceGroupName%7D%2Fproviders%2FMicrosoft.AzureData%2FsqlServerRegistrations%2F%7BsqlServerRegistrationName%7D%2FsqlServers%2F%7BsqlServerName%7D/delete/request/parameter/sqlServerRegistrationName/scalar/schema"
  },
  "id": "file:///Users/abettati/sandbox/azure-rest-api-specs/specification/azuredata/resource-manager/Microsoft.AzureData/preview/2019-07-24-preview/azuredata.json#/web-api/end-points/%2Fsubscriptions%2F%7BsubscriptionId%7D%2FresourceGroups%2F%7BresourceGroupName%7D%2Fproviders%2FMicrosoft.AzureData%2FsqlServerRegistrations%2F%7BsqlServerRegistrationName%7D%2FsqlServers%2F%7BsqlServerName%7D/delete/request/parameter/sqlServerRegistrationName"
}, {
  "http://a.ml/vocabularies/apiContract#binding": "path",
  "http://a.ml/vocabularies/apiContract#paramName": "sqlServerName",
  "http://a.ml/vocabularies/apiContract#required": "true",
  "http://a.ml/vocabularies/core#description": "Name of the SQL Server.",
  "http://a.ml/vocabularies/core#name": "sqlServerName",
  "http://a.ml/vocabularies/shapes#schema": {
    "http://a.ml/vocabularies/core#description": "Name of the SQL Server.",
    "http://www.w3.org/ns/shacl#datatype": "http://www.w3.org/2001/XMLSchema#string",
    "http://www.w3.org/ns/shacl#name": "schema",
    "id": "file:///Users/abettati/sandbox/azure-rest-api-specs/specification/azuredata/resource-manager/Microsoft.AzureData/preview/2019-07-24-preview/azuredata.json#/web-api/end-points/%2Fsubscriptions%2F%7BsubscriptionId%7D%2FresourceGroups%2F%7BresourceGroupName%7D%2Fproviders%2FMicrosoft.AzureData%2FsqlServerRegistrations%2F%7BsqlServerRegistrationName%7D%2FsqlServers%2F%7BsqlServerName%7D/delete/request/parameter/sqlServerName/scalar/schema"
  },
  "id": "file:///Users/abettati/sandbox/azure-rest-api-specs/specification/azuredata/resource-manager/Microsoft.AzureData/preview/2019-07-24-preview/azuredata.json#/web-api/end-points/%2Fsubscriptions%2F%7BsubscriptionId%7D%2FresourceGroups%2F%7BresourceGroupName%7D%2Fproviders%2FMicrosoft.AzureData%2FsqlServerRegistrations%2F%7BsqlServerRegistrationName%7D%2FsqlServers%2F%7BsqlServerName%7D/delete/request/parameter/sqlServerName"
}, {
  "http://a.ml/vocabularies/apiContract#binding": "query",
  "http://a.ml/vocabularies/apiContract#paramName": "$expand",
  "http://a.ml/vocabularies/apiContract#required": "false",
  "http://a.ml/vocabularies/core#description": "The child resources to include in the response.",
  "http://a.ml/vocabularies/core#name": "$expand",
  "http://a.ml/vocabularies/shapes#schema": {
    "http://a.ml/vocabularies/core#description": "The child resources to include in the response.",
    "http://www.w3.org/ns/shacl#datatype": "http://www.w3.org/2001/XMLSchema#string",
    "http://www.w3.org/ns/shacl#name": "schema",
    "id": "file:///Users/abettati/sandbox/azure-rest-api-specs/specification/azuredata/resource-manager/Microsoft.AzureData/preview/2019-07-24-preview/azuredata.json#/web-api/end-points/%2Fsubscriptions%2F%7BsubscriptionId%7D%2FresourceGroups%2F%7BresourceGroupName%7D%2Fproviders%2FMicrosoft.AzureData%2FsqlServerRegistrations%2F%7BsqlServerRegistrationName%7D%2FsqlServers/get/request/parameter/%24expand/scalar/schema"
  },
  "id": "file:///Users/abettati/sandbox/azure-rest-api-specs/specification/azuredata/resource-manager/Microsoft.AzureData/preview/2019-07-24-preview/azuredata.json#/web-api/end-points/%2Fsubscriptions%2F%7BsubscriptionId%7D%2FresourceGroups%2F%7BresourceGroupName%7D%2Fproviders%2FMicrosoft.AzureData%2FsqlServerRegistrations%2F%7BsqlServerRegistrationName%7D%2FsqlServers/get/request/parameter/%24expand"
}, {
  "http://a.ml/vocabularies/apiContract#binding": "path",
  "http://a.ml/vocabularies/apiContract#paramName": "sqlServerRegistrationName",
  "http://a.ml/vocabularies/apiContract#required": "true",
  "http://a.ml/vocabularies/core#description": "Name of the SQL Server registration.",
  "http://a.ml/vocabularies/core#name": "sqlServerRegistrationName",
  "http://a.ml/vocabularies/shapes#schema": {
    "http://a.ml/vocabularies/core#description": "Name of the SQL Server registration.",
    "http://www.w3.org/ns/shacl#datatype": "http://www.w3.org/2001/XMLSchema#string",
    "http://www.w3.org/ns/shacl#name": "schema",
    "id": "file:///Users/abettati/sandbox/azure-rest-api-specs/specification/azuredata/resource-manager/Microsoft.AzureData/preview/2019-07-24-preview/azuredata.json#/web-api/end-points/%2Fsubscriptions%2F%7BsubscriptionId%7D%2FresourceGroups%2F%7BresourceGroupName%7D%2Fproviders%2FMicrosoft.AzureData%2FsqlServerRegistrations%2F%7BsqlServerRegistrationName%7D%2FsqlServers/get/request/parameter/sqlServerRegistrationName/scalar/schema"
  },
  "id": "file:///Users/abettati/sandbox/azure-rest-api-specs/specification/azuredata/resource-manager/Microsoft.AzureData/preview/2019-07-24-preview/azuredata.json#/web-api/end-points/%2Fsubscriptions%2F%7BsubscriptionId%7D%2FresourceGroups%2F%7BresourceGroupName%7D%2Fproviders%2FMicrosoft.AzureData%2FsqlServerRegistrations%2F%7BsqlServerRegistrationName%7D%2FsqlServers/get/request/parameter/sqlServerRegistrationName"
}, {
  "http://a.ml/vocabularies/apiContract#binding": "path",
  "http://a.ml/vocabularies/apiContract#paramName": "sqlManagedInstanceName",
  "http://a.ml/vocabularies/apiContract#required": "true",
  "http://a.ml/vocabularies/core#description": "Name of SQL Managed Instance",
  "http://a.ml/vocabularies/core#name": "sqlManagedInstanceName",
  "http://a.ml/vocabularies/document#customDomainProperties": [{
    "http://a.ml/vocabularies/core#extensionName": "ms-parameter-location",
    "http://a.ml/vocabularies/document#definedBy": {
      "http://a.ml/vocabularies/core#name": null,
      "id": "file:///Users/abettati/sandbox/azure-rest-api-specs/specification/azuredata/resource-manager/Microsoft.AzureData/preview/2019-07-24-preview/azuredata.json#/web-api/end-points/%2Fsubscriptions%2F%7BsubscriptionId%7D%2FresourceGroups%2F%7BresourceGroupName%7D%2Fproviders%2FMicrosoft.AzureData%2FsqlManagedInstances%2F%7BsqlManagedInstanceName%7D/get/request/parameter/sqlManagedInstanceName/ms-parameter-location"
    },
    "http://a.ml/vocabularies/document#extension": {
      "http://a.ml/vocabularies/core#name": null,
      "http://a.ml/vocabularies/data#value": null,
      "http://www.w3.org/ns/shacl#datatype": null,
      "id": "file:///Users/abettati/sandbox/azure-rest-api-specs/specification/azuredata/resource-manager/Microsoft.AzureData/preview/2019-07-24-preview/azuredata.json#/web-api/end-points/%2Fsubscriptions%2F%7BsubscriptionId%7D%2FresourceGroups%2F%7BresourceGroupName%7D%2Fproviders%2FMicrosoft.AzureData%2FsqlManagedInstances%2F%7BsqlManagedInstanceName%7D/get/request/parameter/sqlManagedInstanceName/ms-parameter-location/scalar_1"
    },
    "id": "file:///Users/abettati/sandbox/azure-rest-api-specs/specification/azuredata/resource-manager/Microsoft.AzureData/preview/2019-07-24-preview/azuredata.json#/web-api/end-points/%2Fsubscriptions%2F%7BsubscriptionId%7D%2FresourceGroups%2F%7BresourceGroupName%7D%2Fproviders%2FMicrosoft.AzureData%2FsqlManagedInstances%2F%7BsqlManagedInstanceName%7D/get/request/parameter/sqlManagedInstanceName/extension/ms-parameter-location"
  }],
  "http://a.ml/vocabularies/shapes#schema": {
    "http://a.ml/vocabularies/core#description": "Name of SQL Managed Instance",
    "http://a.ml/vocabularies/document#customDomainProperties": [{
      "http://a.ml/vocabularies/core#extensionName": null,
      "http://a.ml/vocabularies/document#definedBy": null,
      "http://a.ml/vocabularies/document#extension": null,
      "id": "file:///Users/abettati/sandbox/azure-rest-api-specs/specification/azuredata/resource-manager/Microsoft.AzureData/preview/2019-07-24-preview/azuredata.json#/web-api/end-points/%2Fsubscriptions%2F%7BsubscriptionId%7D%2FresourceGroups%2F%7BresourceGroupName%7D%2Fproviders%2FMicrosoft.AzureData%2FsqlManagedInstances%2F%7BsqlManagedInstanceName%7D/get/request/parameter/sqlManagedInstanceName/scalar/schema/extension/ms-parameter-location"
    }],
    "http://www.w3.org/ns/shacl#datatype": "http://www.w3.org/2001/XMLSchema#string",
    "http://www.w3.org/ns/shacl#name": "schema",
    "id": "file:///Users/abettati/sandbox/azure-rest-api-specs/specification/azuredata/resource-manager/Microsoft.AzureData/preview/2019-07-24-preview/azuredata.json#/web-api/end-points/%2Fsubscriptions%2F%7BsubscriptionId%7D%2FresourceGroups%2F%7BresourceGroupName%7D%2Fproviders%2FMicrosoft.AzureData%2FsqlManagedInstances%2F%7BsqlManagedInstanceName%7D/get/request/parameter/sqlManagedInstanceName/scalar/schema"
  },
  "id": "file:///Users/abettati/sandbox/azure-rest-api-specs/specification/azuredata/resource-manager/Microsoft.AzureData/preview/2019-07-24-preview/azuredata.json#/web-api/end-points/%2Fsubscriptions%2F%7BsubscriptionId%7D%2FresourceGroups%2F%7BresourceGroupName%7D%2Fproviders%2FMicrosoft.AzureData%2FsqlManagedInstances%2F%7BsqlManagedInstanceName%7D/get/request/parameter/sqlManagedInstanceName"
}, {
  "http://a.ml/vocabularies/apiContract#binding": "path",
  "http://a.ml/vocabularies/apiContract#paramName": "sqlManagedInstanceName",
  "http://a.ml/vocabularies/apiContract#required": "true",
  "http://a.ml/vocabularies/core#description": "The name of SQL Managed Instances",
  "http://a.ml/vocabularies/core#name": "sqlManagedInstanceName",
  "http://a.ml/vocabularies/document#customDomainProperties": [{
    "http://a.ml/vocabularies/core#extensionName": "ms-parameter-location",
    "http://a.ml/vocabularies/document#definedBy": {
      "http://a.ml/vocabularies/core#name": null,
      "id": "file:///Users/abettati/sandbox/azure-rest-api-specs/specification/azuredata/resource-manager/Microsoft.AzureData/preview/2019-07-24-preview/azuredata.json#/web-api/end-points/%2Fsubscriptions%2F%7BsubscriptionId%7D%2FresourceGroups%2F%7BresourceGroupName%7D%2Fproviders%2FMicrosoft.AzureData%2FsqlManagedInstances%2F%7BsqlManagedInstanceName%7D/put/request/parameter/sqlManagedInstanceName/ms-parameter-location"
    },
    "http://a.ml/vocabularies/document#extension": {
      "http://a.ml/vocabularies/core#name": null,
      "http://a.ml/vocabularies/data#value": null,
      "http://www.w3.org/ns/shacl#datatype": null,
      "id": "file:///Users/abettati/sandbox/azure-rest-api-specs/specification/azuredata/resource-manager/Microsoft.AzureData/preview/2019-07-24-preview/azuredata.json#/web-api/end-points/%2Fsubscriptions%2F%7BsubscriptionId%7D%2FresourceGroups%2F%7BresourceGroupName%7D%2Fproviders%2FMicrosoft.AzureData%2FsqlManagedInstances%2F%7BsqlManagedInstanceName%7D/put/request/parameter/sqlManagedInstanceName/ms-parameter-location/scalar_1"
    },
    "id": "file:///Users/abettati/sandbox/azure-rest-api-specs/specification/azuredata/resource-manager/Microsoft.AzureData/preview/2019-07-24-preview/azuredata.json#/web-api/end-points/%2Fsubscriptions%2F%7BsubscriptionId%7D%2FresourceGroups%2F%7BresourceGroupName%7D%2Fproviders%2FMicrosoft.AzureData%2FsqlManagedInstances%2F%7BsqlManagedInstanceName%7D/put/request/parameter/sqlManagedInstanceName/extension/ms-parameter-location"
  }],
  "http://a.ml/vocabularies/shapes#schema": {
    "http://a.ml/vocabularies/core#description": "The name of SQL Managed Instances",
    "http://a.ml/vocabularies/document#customDomainProperties": [{
      "http://a.ml/vocabularies/core#extensionName": null,
      "http://a.ml/vocabularies/document#definedBy": null,
      "http://a.ml/vocabularies/document#extension": null,
      "id": "file:///Users/abettati/sandbox/azure-rest-api-specs/specification/azuredata/resource-manager/Microsoft.AzureData/preview/2019-07-24-preview/azuredata.json#/web-api/end-points/%2Fsubscriptions%2F%7BsubscriptionId%7D%2FresourceGroups%2F%7BresourceGroupName%7D%2Fproviders%2FMicrosoft.AzureData%2FsqlManagedInstances%2F%7BsqlManagedInstanceName%7D/put/request/parameter/sqlManagedInstanceName/scalar/schema/extension/ms-parameter-location"
    }],
    "http://www.w3.org/ns/shacl#datatype": "http://www.w3.org/2001/XMLSchema#string",
    "http://www.w3.org/ns/shacl#name": "schema",
    "id": "file:///Users/abettati/sandbox/azure-rest-api-specs/specification/azuredata/resource-manager/Microsoft.AzureData/preview/2019-07-24-preview/azuredata.json#/web-api/end-points/%2Fsubscriptions%2F%7BsubscriptionId%7D%2FresourceGroups%2F%7BresourceGroupName%7D%2Fproviders%2FMicrosoft.AzureData%2FsqlManagedInstances%2F%7BsqlManagedInstanceName%7D/put/request/parameter/sqlManagedInstanceName/scalar/schema"
  },
  "id": "file:///Users/abettati/sandbox/azure-rest-api-specs/specification/azuredata/resource-manager/Microsoft.AzureData/preview/2019-07-24-preview/azuredata.json#/web-api/end-points/%2Fsubscriptions%2F%7BsubscriptionId%7D%2FresourceGroups%2F%7BresourceGroupName%7D%2Fproviders%2FMicrosoft.AzureData%2FsqlManagedInstances%2F%7BsqlManagedInstanceName%7D/put/request/parameter/sqlManagedInstanceName"
}, {
  "http://a.ml/vocabularies/apiContract#binding": "path",
  "http://a.ml/vocabularies/apiContract#paramName": "sqlManagedInstanceName",
  "http://a.ml/vocabularies/apiContract#required": "true",
  "http://a.ml/vocabularies/core#description": "The name of Sql Managed Instances",
  "http://a.ml/vocabularies/core#name": "sqlManagedInstanceName",
  "http://a.ml/vocabularies/document#customDomainProperties": [{
    "http://a.ml/vocabularies/core#extensionName": "ms-parameter-location",
    "http://a.ml/vocabularies/document#definedBy": {
      "http://a.ml/vocabularies/core#name": null,
      "id": "file:///Users/abettati/sandbox/azure-rest-api-specs/specification/azuredata/resource-manager/Microsoft.AzureData/preview/2019-07-24-preview/azuredata.json#/web-api/end-points/%2Fsubscriptions%2F%7BsubscriptionId%7D%2FresourceGroups%2F%7BresourceGroupName%7D%2Fproviders%2FMicrosoft.AzureData%2FsqlManagedInstances%2F%7BsqlManagedInstanceName%7D/delete/request/parameter/sqlManagedInstanceName/ms-parameter-location"
    },
    "http://a.ml/vocabularies/document#extension": {
      "http://a.ml/vocabularies/core#name": null,
      "http://a.ml/vocabularies/data#value": null,
      "http://www.w3.org/ns/shacl#datatype": null,
      "id": "file:///Users/abettati/sandbox/azure-rest-api-specs/specification/azuredata/resource-manager/Microsoft.AzureData/preview/2019-07-24-preview/azuredata.json#/web-api/end-points/%2Fsubscriptions%2F%7BsubscriptionId%7D%2FresourceGroups%2F%7BresourceGroupName%7D%2Fproviders%2FMicrosoft.AzureData%2FsqlManagedInstances%2F%7BsqlManagedInstanceName%7D/delete/request/parameter/sqlManagedInstanceName/ms-parameter-location/scalar_1"
    },
    "id": "file:///Users/abettati/sandbox/azure-rest-api-specs/specification/azuredata/resource-manager/Microsoft.AzureData/preview/2019-07-24-preview/azuredata.json#/web-api/end-points/%2Fsubscriptions%2F%7BsubscriptionId%7D%2FresourceGroups%2F%7BresourceGroupName%7D%2Fproviders%2FMicrosoft.AzureData%2FsqlManagedInstances%2F%7BsqlManagedInstanceName%7D/delete/request/parameter/sqlManagedInstanceName/extension/ms-parameter-location"
  }],
  "http://a.ml/vocabularies/shapes#schema": {
    "http://a.ml/vocabularies/core#description": "The name of Sql Managed Instances",
    "http://a.ml/vocabularies/document#customDomainProperties": [{
      "http://a.ml/vocabularies/core#extensionName": null,
      "http://a.ml/vocabularies/document#definedBy": null,
      "http://a.ml/vocabularies/document#extension": null,
      "id": "file:///Users/abettati/sandbox/azure-rest-api-specs/specification/azuredata/resource-manager/Microsoft.AzureData/preview/2019-07-24-preview/azuredata.json#/web-api/end-points/%2Fsubscriptions%2F%7BsubscriptionId%7D%2FresourceGroups%2F%7BresourceGroupName%7D%2Fproviders%2FMicrosoft.AzureData%2FsqlManagedInstances%2F%7BsqlManagedInstanceName%7D/delete/request/parameter/sqlManagedInstanceName/scalar/schema/extension/ms-parameter-location"
    }],
    "http://www.w3.org/ns/shacl#datatype": "http://www.w3.org/2001/XMLSchema#string",
    "http://www.w3.org/ns/shacl#name": "schema",
    "id": "file:///Users/abettati/sandbox/azure-rest-api-specs/specification/azuredata/resource-manager/Microsoft.AzureData/preview/2019-07-24-preview/azuredata.json#/web-api/end-points/%2Fsubscriptions%2F%7BsubscriptionId%7D%2FresourceGroups%2F%7BresourceGroupName%7D%2Fproviders%2FMicrosoft.AzureData%2FsqlManagedInstances%2F%7BsqlManagedInstanceName%7D/delete/request/parameter/sqlManagedInstanceName/scalar/schema"
  },
  "id": "file:///Users/abettati/sandbox/azure-rest-api-specs/specification/azuredata/resource-manager/Microsoft.AzureData/preview/2019-07-24-preview/azuredata.json#/web-api/end-points/%2Fsubscriptions%2F%7BsubscriptionId%7D%2FresourceGroups%2F%7BresourceGroupName%7D%2Fproviders%2FMicrosoft.AzureData%2FsqlManagedInstances%2F%7BsqlManagedInstanceName%7D/delete/request/parameter/sqlManagedInstanceName"
}, {
  "http://a.ml/vocabularies/apiContract#binding": "path",
  "http://a.ml/vocabularies/apiContract#paramName": "sqlManagedInstanceName",
  "http://a.ml/vocabularies/apiContract#required": "true",
  "http://a.ml/vocabularies/core#description": "Name of sqlManagedInstance",
  "http://a.ml/vocabularies/core#name": "sqlManagedInstanceName",
  "http://a.ml/vocabularies/document#customDomainProperties": [{
    "http://a.ml/vocabularies/core#extensionName": "ms-parameter-location",
    "http://a.ml/vocabularies/document#definedBy": {
      "http://a.ml/vocabularies/core#name": null,
      "id": "file:///Users/abettati/sandbox/azure-rest-api-specs/specification/azuredata/resource-manager/Microsoft.AzureData/preview/2019-07-24-preview/azuredata.json#/web-api/end-points/%2Fsubscriptions%2F%7BsubscriptionId%7D%2FresourceGroups%2F%7BresourceGroupName%7D%2Fproviders%2FMicrosoft.AzureData%2FsqlManagedInstances%2F%7BsqlManagedInstanceName%7D/patch/request/parameter/sqlManagedInstanceName/ms-parameter-location"
    },
    "http://a.ml/vocabularies/document#extension": {
      "http://a.ml/vocabularies/core#name": null,
      "http://a.ml/vocabularies/data#value": null,
      "http://www.w3.org/ns/shacl#datatype": null,
      "id": "file:///Users/abettati/sandbox/azure-rest-api-specs/specification/azuredata/resource-manager/Microsoft.AzureData/preview/2019-07-24-preview/azuredata.json#/web-api/end-points/%2Fsubscriptions%2F%7BsubscriptionId%7D%2FresourceGroups%2F%7BresourceGroupName%7D%2Fproviders%2FMicrosoft.AzureData%2FsqlManagedInstances%2F%7BsqlManagedInstanceName%7D/patch/request/parameter/sqlManagedInstanceName/ms-parameter-location/scalar_1"
    },
    "id": "file:///Users/abettati/sandbox/azure-rest-api-specs/specification/azuredata/resource-manager/Microsoft.AzureData/preview/2019-07-24-preview/azuredata.json#/web-api/end-points/%2Fsubscriptions%2F%7BsubscriptionId%7D%2FresourceGroups%2F%7BresourceGroupName%7D%2Fproviders%2FMicrosoft.AzureData%2FsqlManagedInstances%2F%7BsqlManagedInstanceName%7D/patch/request/parameter/sqlManagedInstanceName/extension/ms-parameter-location"
  }],
  "http://a.ml/vocabularies/shapes#schema": {
    "http://a.ml/vocabularies/core#description": "Name of sqlManagedInstance",
    "http://a.ml/vocabularies/document#customDomainProperties": [{
      "http://a.ml/vocabularies/core#extensionName": null,
      "http://a.ml/vocabularies/document#definedBy": null,
      "http://a.ml/vocabularies/document#extension": null,
      "id": "file:///Users/abettati/sandbox/azure-rest-api-specs/specification/azuredata/resource-manager/Microsoft.AzureData/preview/2019-07-24-preview/azuredata.json#/web-api/end-points/%2Fsubscriptions%2F%7BsubscriptionId%7D%2FresourceGroups%2F%7BresourceGroupName%7D%2Fproviders%2FMicrosoft.AzureData%2FsqlManagedInstances%2F%7BsqlManagedInstanceName%7D/patch/request/parameter/sqlManagedInstanceName/scalar/schema/extension/ms-parameter-location"
    }],
    "http://www.w3.org/ns/shacl#datatype": "http://www.w3.org/2001/XMLSchema#string",
    "http://www.w3.org/ns/shacl#name": "schema",
    "id": "file:///Users/abettati/sandbox/azure-rest-api-specs/specification/azuredata/resource-manager/Microsoft.AzureData/preview/2019-07-24-preview/azuredata.json#/web-api/end-points/%2Fsubscriptions%2F%7BsubscriptionId%7D%2FresourceGroups%2F%7BresourceGroupName%7D%2Fproviders%2FMicrosoft.AzureData%2FsqlManagedInstances%2F%7BsqlManagedInstanceName%7D/patch/request/parameter/sqlManagedInstanceName/scalar/schema"
  },
  "id": "file:///Users/abettati/sandbox/azure-rest-api-specs/specification/azuredata/resource-manager/Microsoft.AzureData/preview/2019-07-24-preview/azuredata.json#/web-api/end-points/%2Fsubscriptions%2F%7BsubscriptionId%7D%2FresourceGroups%2F%7BresourceGroupName%7D%2Fproviders%2FMicrosoft.AzureData%2FsqlManagedInstances%2F%7BsqlManagedInstanceName%7D/patch/request/parameter/sqlManagedInstanceName"
}, {
  "http://a.ml/vocabularies/apiContract#binding": "path",
  "http://a.ml/vocabularies/apiContract#paramName": "sqlServerInstanceName",
  "http://a.ml/vocabularies/apiContract#required": "true",
  "http://a.ml/vocabularies/core#description": "Name of SQL Server Instance",
  "http://a.ml/vocabularies/core#name": "sqlServerInstanceName",
  "http://a.ml/vocabularies/document#customDomainProperties": [{
    "http://a.ml/vocabularies/core#extensionName": "ms-parameter-location",
    "http://a.ml/vocabularies/document#definedBy": {
      "http://a.ml/vocabularies/core#name": null,
      "id": "file:///Users/abettati/sandbox/azure-rest-api-specs/specification/azuredata/resource-manager/Microsoft.AzureData/preview/2019-07-24-preview/azuredata.json#/web-api/end-points/%2Fsubscriptions%2F%7BsubscriptionId%7D%2FresourceGroups%2F%7BresourceGroupName%7D%2Fproviders%2FMicrosoft.AzureData%2FsqlServerInstances%2F%7BsqlServerInstanceName%7D/get/request/parameter/sqlServerInstanceName/ms-parameter-location"
    },
    "http://a.ml/vocabularies/document#extension": {
      "http://a.ml/vocabularies/core#name": null,
      "http://a.ml/vocabularies/data#value": null,
      "http://www.w3.org/ns/shacl#datatype": null,
      "id": "file:///Users/abettati/sandbox/azure-rest-api-specs/specification/azuredata/resource-manager/Microsoft.AzureData/preview/2019-07-24-preview/azuredata.json#/web-api/end-points/%2Fsubscriptions%2F%7BsubscriptionId%7D%2FresourceGroups%2F%7BresourceGroupName%7D%2Fproviders%2FMicrosoft.AzureData%2FsqlServerInstances%2F%7BsqlServerInstanceName%7D/get/request/parameter/sqlServerInstanceName/ms-parameter-location/scalar_1"
    },
    "id": "file:///Users/abettati/sandbox/azure-rest-api-specs/specification/azuredata/resource-manager/Microsoft.AzureData/preview/2019-07-24-preview/azuredata.json#/web-api/end-points/%2Fsubscriptions%2F%7BsubscriptionId%7D%2FresourceGroups%2F%7BresourceGroupName%7D%2Fproviders%2FMicrosoft.AzureData%2FsqlServerInstances%2F%7BsqlServerInstanceName%7D/get/request/parameter/sqlServerInstanceName/extension/ms-parameter-location"
  }],
  "http://a.ml/vocabularies/shapes#schema": {
    "http://a.ml/vocabularies/core#description": "Name of SQL Server Instance",
    "http://a.ml/vocabularies/document#customDomainProperties": [{
      "http://a.ml/vocabularies/core#extensionName": null,
      "http://a.ml/vocabularies/document#definedBy": null,
      "http://a.ml/vocabularies/document#extension": null,
      "id": "file:///Users/abettati/sandbox/azure-rest-api-specs/specification/azuredata/resource-manager/Microsoft.AzureData/preview/2019-07-24-preview/azuredata.json#/web-api/end-points/%2Fsubscriptions%2F%7BsubscriptionId%7D%2FresourceGroups%2F%7BresourceGroupName%7D%2Fproviders%2FMicrosoft.AzureData%2FsqlServerInstances%2F%7BsqlServerInstanceName%7D/get/request/parameter/sqlServerInstanceName/scalar/schema/extension/ms-parameter-location"
    }],
    "http://www.w3.org/ns/shacl#datatype": "http://www.w3.org/2001/XMLSchema#string",
    "http://www.w3.org/ns/shacl#name": "schema",
    "id": "file:///Users/abettati/sandbox/azure-rest-api-specs/specification/azuredata/resource-manager/Microsoft.AzureData/preview/2019-07-24-preview/azuredata.json#/web-api/end-points/%2Fsubscriptions%2F%7BsubscriptionId%7D%2FresourceGroups%2F%7BresourceGroupName%7D%2Fproviders%2FMicrosoft.AzureData%2FsqlServerInstances%2F%7BsqlServerInstanceName%7D/get/request/parameter/sqlServerInstanceName/scalar/schema"
  },
  "id": "file:///Users/abettati/sandbox/azure-rest-api-specs/specification/azuredata/resource-manager/Microsoft.AzureData/preview/2019-07-24-preview/azuredata.json#/web-api/end-points/%2Fsubscriptions%2F%7BsubscriptionId%7D%2FresourceGroups%2F%7BresourceGroupName%7D%2Fproviders%2FMicrosoft.AzureData%2FsqlServerInstances%2F%7BsqlServerInstanceName%7D/get/request/parameter/sqlServerInstanceName"
}, {
  "http://a.ml/vocabularies/apiContract#binding": "path",
  "http://a.ml/vocabularies/apiContract#paramName": "sqlServerInstanceName",
  "http://a.ml/vocabularies/apiContract#required": "true",
  "http://a.ml/vocabularies/core#description": "The name of SQL Server Instance",
  "http://a.ml/vocabularies/core#name": "sqlServerInstanceName",
  "http://a.ml/vocabularies/document#customDomainProperties": [{
    "http://a.ml/vocabularies/core#extensionName": "ms-parameter-location",
    "http://a.ml/vocabularies/document#definedBy": {
      "http://a.ml/vocabularies/core#name": null,
      "id": "file:///Users/abettati/sandbox/azure-rest-api-specs/specification/azuredata/resource-manager/Microsoft.AzureData/preview/2019-07-24-preview/azuredata.json#/web-api/end-points/%2Fsubscriptions%2F%7BsubscriptionId%7D%2FresourceGroups%2F%7BresourceGroupName%7D%2Fproviders%2FMicrosoft.AzureData%2FsqlServerInstances%2F%7BsqlServerInstanceName%7D/put/request/parameter/sqlServerInstanceName/ms-parameter-location"
    },
    "http://a.ml/vocabularies/document#extension": {
      "http://a.ml/vocabularies/core#name": null,
      "http://a.ml/vocabularies/data#value": null,
      "http://www.w3.org/ns/shacl#datatype": null,
      "id": "file:///Users/abettati/sandbox/azure-rest-api-specs/specification/azuredata/resource-manager/Microsoft.AzureData/preview/2019-07-24-preview/azuredata.json#/web-api/end-points/%2Fsubscriptions%2F%7BsubscriptionId%7D%2FresourceGroups%2F%7BresourceGroupName%7D%2Fproviders%2FMicrosoft.AzureData%2FsqlServerInstances%2F%7BsqlServerInstanceName%7D/put/request/parameter/sqlServerInstanceName/ms-parameter-location/scalar_1"
    },
    "id": "file:///Users/abettati/sandbox/azure-rest-api-specs/specification/azuredata/resource-manager/Microsoft.AzureData/preview/2019-07-24-preview/azuredata.json#/web-api/end-points/%2Fsubscriptions%2F%7BsubscriptionId%7D%2FresourceGroups%2F%7BresourceGroupName%7D%2Fproviders%2FMicrosoft.AzureData%2FsqlServerInstances%2F%7BsqlServerInstanceName%7D/put/request/parameter/sqlServerInstanceName/extension/ms-parameter-location"
  }],
  "http://a.ml/vocabularies/shapes#schema": {
    "http://a.ml/vocabularies/core#description": "The name of SQL Server Instance",
    "http://a.ml/vocabularies/document#customDomainProperties": [{
      "http://a.ml/vocabularies/core#extensionName": null,
      "http://a.ml/vocabularies/document#definedBy": null,
      "http://a.ml/vocabularies/document#extension": null,
      "id": "file:///Users/abettati/sandbox/azure-rest-api-specs/specification/azuredata/resource-manager/Microsoft.AzureData/preview/2019-07-24-preview/azuredata.json#/web-api/end-points/%2Fsubscriptions%2F%7BsubscriptionId%7D%2FresourceGroups%2F%7BresourceGroupName%7D%2Fproviders%2FMicrosoft.AzureData%2FsqlServerInstances%2F%7BsqlServerInstanceName%7D/put/request/parameter/sqlServerInstanceName/scalar/schema/extension/ms-parameter-location"
    }],
    "http://www.w3.org/ns/shacl#datatype": "http://www.w3.org/2001/XMLSchema#string",
    "http://www.w3.org/ns/shacl#name": "schema",
    "id": "file:///Users/abettati/sandbox/azure-rest-api-specs/specification/azuredata/resource-manager/Microsoft.AzureData/preview/2019-07-24-preview/azuredata.json#/web-api/end-points/%2Fsubscriptions%2F%7BsubscriptionId%7D%2FresourceGroups%2F%7BresourceGroupName%7D%2Fproviders%2FMicrosoft.AzureData%2FsqlServerInstances%2F%7BsqlServerInstanceName%7D/put/request/parameter/sqlServerInstanceName/scalar/schema"
  },
  "id": "file:///Users/abettati/sandbox/azure-rest-api-specs/specification/azuredata/resource-manager/Microsoft.AzureData/preview/2019-07-24-preview/azuredata.json#/web-api/end-points/%2Fsubscriptions%2F%7BsubscriptionId%7D%2FresourceGroups%2F%7BresourceGroupName%7D%2Fproviders%2FMicrosoft.AzureData%2FsqlServerInstances%2F%7BsqlServerInstanceName%7D/put/request/parameter/sqlServerInstanceName"
}, {
  "http://a.ml/vocabularies/apiContract#binding": "path",
  "http://a.ml/vocabularies/apiContract#paramName": "sqlServerInstanceName",
  "http://a.ml/vocabularies/apiContract#required": "true",
  "http://a.ml/vocabularies/core#description": "The name of SQL Server Instance",
  "http://a.ml/vocabularies/core#name": "sqlServerInstanceName",
  "http://a.ml/vocabularies/document#customDomainProperties": [{
    "http://a.ml/vocabularies/core#extensionName": "ms-parameter-location",
    "http://a.ml/vocabularies/document#definedBy": {
      "http://a.ml/vocabularies/core#name": null,
      "id": "file:///Users/abettati/sandbox/azure-rest-api-specs/specification/azuredata/resource-manager/Microsoft.AzureData/preview/2019-07-24-preview/azuredata.json#/web-api/end-points/%2Fsubscriptions%2F%7BsubscriptionId%7D%2FresourceGroups%2F%7BresourceGroupName%7D%2Fproviders%2FMicrosoft.AzureData%2FsqlServerInstances%2F%7BsqlServerInstanceName%7D/delete/request/parameter/sqlServerInstanceName/ms-parameter-location"
    },
    "http://a.ml/vocabularies/document#extension": {
      "http://a.ml/vocabularies/core#name": null,
      "http://a.ml/vocabularies/data#value": null,
      "http://www.w3.org/ns/shacl#datatype": null,
      "id": "file:///Users/abettati/sandbox/azure-rest-api-specs/specification/azuredata/resource-manager/Microsoft.AzureData/preview/2019-07-24-preview/azuredata.json#/web-api/end-points/%2Fsubscriptions%2F%7BsubscriptionId%7D%2FresourceGroups%2F%7BresourceGroupName%7D%2Fproviders%2FMicrosoft.AzureData%2FsqlServerInstances%2F%7BsqlServerInstanceName%7D/delete/request/parameter/sqlServerInstanceName/ms-parameter-location/scalar_1"
    },
    "id": "file:///Users/abettati/sandbox/azure-rest-api-specs/specification/azuredata/resource-manager/Microsoft.AzureData/preview/2019-07-24-preview/azuredata.json#/web-api/end-points/%2Fsubscriptions%2F%7BsubscriptionId%7D%2FresourceGroups%2F%7BresourceGroupName%7D%2Fproviders%2FMicrosoft.AzureData%2FsqlServerInstances%2F%7BsqlServerInstanceName%7D/delete/request/parameter/sqlServerInstanceName/extension/ms-parameter-location"
  }],
  "http://a.ml/vocabularies/shapes#schema": {
    "http://a.ml/vocabularies/core#description": "The name of SQL Server Instance",
    "http://a.ml/vocabularies/document#customDomainProperties": [{
      "http://a.ml/vocabularies/core#extensionName": null,
      "http://a.ml/vocabularies/document#definedBy": null,
      "http://a.ml/vocabularies/document#extension": null,
      "id": "file:///Users/abettati/sandbox/azure-rest-api-specs/specification/azuredata/resource-manager/Microsoft.AzureData/preview/2019-07-24-preview/azuredata.json#/web-api/end-points/%2Fsubscriptions%2F%7BsubscriptionId%7D%2FresourceGroups%2F%7BresourceGroupName%7D%2Fproviders%2FMicrosoft.AzureData%2FsqlServerInstances%2F%7BsqlServerInstanceName%7D/delete/request/parameter/sqlServerInstanceName/scalar/schema/extension/ms-parameter-location"
    }],
    "http://www.w3.org/ns/shacl#datatype": "http://www.w3.org/2001/XMLSchema#string",
    "http://www.w3.org/ns/shacl#name": "schema",
    "id": "file:///Users/abettati/sandbox/azure-rest-api-specs/specification/azuredata/resource-manager/Microsoft.AzureData/preview/2019-07-24-preview/azuredata.json#/web-api/end-points/%2Fsubscriptions%2F%7BsubscriptionId%7D%2FresourceGroups%2F%7BresourceGroupName%7D%2Fproviders%2FMicrosoft.AzureData%2FsqlServerInstances%2F%7BsqlServerInstanceName%7D/delete/request/parameter/sqlServerInstanceName/scalar/schema"
  },
  "id": "file:///Users/abettati/sandbox/azure-rest-api-specs/specification/azuredata/resource-manager/Microsoft.AzureData/preview/2019-07-24-preview/azuredata.json#/web-api/end-points/%2Fsubscriptions%2F%7BsubscriptionId%7D%2FresourceGroups%2F%7BresourceGroupName%7D%2Fproviders%2FMicrosoft.AzureData%2FsqlServerInstances%2F%7BsqlServerInstanceName%7D/delete/request/parameter/sqlServerInstanceName"
}, {
  "http://a.ml/vocabularies/apiContract#binding": "path",
  "http://a.ml/vocabularies/apiContract#paramName": "sqlServerInstanceName",
  "http://a.ml/vocabularies/apiContract#required": "true",
  "http://a.ml/vocabularies/core#description": "Name of sqlServerInstance",
  "http://a.ml/vocabularies/core#name": "sqlServerInstanceName",
  "http://a.ml/vocabularies/document#customDomainProperties": [{
    "http://a.ml/vocabularies/core#extensionName": "ms-parameter-location",
    "http://a.ml/vocabularies/document#definedBy": {
      "http://a.ml/vocabularies/core#name": null,
      "id": "file:///Users/abettati/sandbox/azure-rest-api-specs/specification/azuredata/resource-manager/Microsoft.AzureData/preview/2019-07-24-preview/azuredata.json#/web-api/end-points/%2Fsubscriptions%2F%7BsubscriptionId%7D%2FresourceGroups%2F%7BresourceGroupName%7D%2Fproviders%2FMicrosoft.AzureData%2FsqlServerInstances%2F%7BsqlServerInstanceName%7D/patch/request/parameter/sqlServerInstanceName/ms-parameter-location"
    },
    "http://a.ml/vocabularies/document#extension": {
      "http://a.ml/vocabularies/core#name": null,
      "http://a.ml/vocabularies/data#value": null,
      "http://www.w3.org/ns/shacl#datatype": null,
      "id": "file:///Users/abettati/sandbox/azure-rest-api-specs/specification/azuredata/resource-manager/Microsoft.AzureData/preview/2019-07-24-preview/azuredata.json#/web-api/end-points/%2Fsubscriptions%2F%7BsubscriptionId%7D%2FresourceGroups%2F%7BresourceGroupName%7D%2Fproviders%2FMicrosoft.AzureData%2FsqlServerInstances%2F%7BsqlServerInstanceName%7D/patch/request/parameter/sqlServerInstanceName/ms-parameter-location/scalar_1"
    },
    "id": "file:///Users/abettati/sandbox/azure-rest-api-specs/specification/azuredata/resource-manager/Microsoft.AzureData/preview/2019-07-24-preview/azuredata.json#/web-api/end-points/%2Fsubscriptions%2F%7BsubscriptionId%7D%2FresourceGroups%2F%7BresourceGroupName%7D%2Fproviders%2FMicrosoft.AzureData%2FsqlServerInstances%2F%7BsqlServerInstanceName%7D/patch/request/parameter/sqlServerInstanceName/extension/ms-parameter-location"
  }],
  "http://a.ml/vocabularies/shapes#schema": {
    "http://a.ml/vocabularies/core#description": "Name of sqlServerInstance",
    "http://a.ml/vocabularies/document#customDomainProperties": [{
      "http://a.ml/vocabularies/core#extensionName": null,
      "http://a.ml/vocabularies/document#definedBy": null,
      "http://a.ml/vocabularies/document#extension": null,
      "id": "file:///Users/abettati/sandbox/azure-rest-api-specs/specification/azuredata/resource-manager/Microsoft.AzureData/preview/2019-07-24-preview/azuredata.json#/web-api/end-points/%2Fsubscriptions%2F%7BsubscriptionId%7D%2FresourceGroups%2F%7BresourceGroupName%7D%2Fproviders%2FMicrosoft.AzureData%2FsqlServerInstances%2F%7BsqlServerInstanceName%7D/patch/request/parameter/sqlServerInstanceName/scalar/schema/extension/ms-parameter-location"
    }],
    "http://www.w3.org/ns/shacl#datatype": "http://www.w3.org/2001/XMLSchema#string",
    "http://www.w3.org/ns/shacl#name": "schema",
    "id": "file:///Users/abettati/sandbox/azure-rest-api-specs/specification/azuredata/resource-manager/Microsoft.AzureData/preview/2019-07-24-preview/azuredata.json#/web-api/end-points/%2Fsubscriptions%2F%7BsubscriptionId%7D%2FresourceGroups%2F%7BresourceGroupName%7D%2Fproviders%2FMicrosoft.AzureData%2FsqlServerInstances%2F%7BsqlServerInstanceName%7D/patch/request/parameter/sqlServerInstanceName/scalar/schema"
  },
  "id": "file:///Users/abettati/sandbox/azure-rest-api-specs/specification/azuredata/resource-manager/Microsoft.AzureData/preview/2019-07-24-preview/azuredata.json#/web-api/end-points/%2Fsubscriptions%2F%7BsubscriptionId%7D%2FresourceGroups%2F%7BresourceGroupName%7D%2Fproviders%2FMicrosoft.AzureData%2FsqlServerInstances%2F%7BsqlServerInstanceName%7D/patch/request/parameter/sqlServerInstanceName"
}, {
  "http://a.ml/vocabularies/apiContract#binding": "path",
  "http://a.ml/vocabularies/apiContract#paramName": "postgresInstanceName",
  "http://a.ml/vocabularies/apiContract#required": "true",
  "http://a.ml/vocabularies/core#description": "Name of Postgres Instance",
  "http://a.ml/vocabularies/core#name": "postgresInstanceName",
  "http://a.ml/vocabularies/document#customDomainProperties": [{
    "http://a.ml/vocabularies/core#extensionName": "ms-parameter-location",
    "http://a.ml/vocabularies/document#definedBy": {
      "http://a.ml/vocabularies/core#name": null,
      "id": "file:///Users/abettati/sandbox/azure-rest-api-specs/specification/azuredata/resource-manager/Microsoft.AzureData/preview/2019-07-24-preview/azuredata.json#/web-api/end-points/%2Fsubscriptions%2F%7BsubscriptionId%7D%2FresourceGroups%2F%7BresourceGroupName%7D%2Fproviders%2FMicrosoft.AzureData%2FpostgresInstances%2F%7BpostgresInstanceName%7D/get/request/parameter/postgresInstanceName/ms-parameter-location"
    },
    "http://a.ml/vocabularies/document#extension": {
      "http://a.ml/vocabularies/core#name": null,
      "http://a.ml/vocabularies/data#value": null,
      "http://www.w3.org/ns/shacl#datatype": null,
      "id": "file:///Users/abettati/sandbox/azure-rest-api-specs/specification/azuredata/resource-manager/Microsoft.AzureData/preview/2019-07-24-preview/azuredata.json#/web-api/end-points/%2Fsubscriptions%2F%7BsubscriptionId%7D%2FresourceGroups%2F%7BresourceGroupName%7D%2Fproviders%2FMicrosoft.AzureData%2FpostgresInstances%2F%7BpostgresInstanceName%7D/get/request/parameter/postgresInstanceName/ms-parameter-location/scalar_1"
    },
    "id": "file:///Users/abettati/sandbox/azure-rest-api-specs/specification/azuredata/resource-manager/Microsoft.AzureData/preview/2019-07-24-preview/azuredata.json#/web-api/end-points/%2Fsubscriptions%2F%7BsubscriptionId%7D%2FresourceGroups%2F%7BresourceGroupName%7D%2Fproviders%2FMicrosoft.AzureData%2FpostgresInstances%2F%7BpostgresInstanceName%7D/get/request/parameter/postgresInstanceName/extension/ms-parameter-location"
  }],
  "http://a.ml/vocabularies/shapes#schema": {
    "http://a.ml/vocabularies/core#description": "Name of Postgres Instance",
    "http://a.ml/vocabularies/document#customDomainProperties": [{
      "http://a.ml/vocabularies/core#extensionName": null,
      "http://a.ml/vocabularies/document#definedBy": null,
      "http://a.ml/vocabularies/document#extension": null,
      "id": "file:///Users/abettati/sandbox/azure-rest-api-specs/specification/azuredata/resource-manager/Microsoft.AzureData/preview/2019-07-24-preview/azuredata.json#/web-api/end-points/%2Fsubscriptions%2F%7BsubscriptionId%7D%2FresourceGroups%2F%7BresourceGroupName%7D%2Fproviders%2FMicrosoft.AzureData%2FpostgresInstances%2F%7BpostgresInstanceName%7D/get/request/parameter/postgresInstanceName/scalar/schema/extension/ms-parameter-location"
    }],
    "http://www.w3.org/ns/shacl#datatype": "http://www.w3.org/2001/XMLSchema#string",
    "http://www.w3.org/ns/shacl#name": "schema",
    "id": "file:///Users/abettati/sandbox/azure-rest-api-specs/specification/azuredata/resource-manager/Microsoft.AzureData/preview/2019-07-24-preview/azuredata.json#/web-api/end-points/%2Fsubscriptions%2F%7BsubscriptionId%7D%2FresourceGroups%2F%7BresourceGroupName%7D%2Fproviders%2FMicrosoft.AzureData%2FpostgresInstances%2F%7BpostgresInstanceName%7D/get/request/parameter/postgresInstanceName/scalar/schema"
  },
  "id": "file:///Users/abettati/sandbox/azure-rest-api-specs/specification/azuredata/resource-manager/Microsoft.AzureData/preview/2019-07-24-preview/azuredata.json#/web-api/end-points/%2Fsubscriptions%2F%7BsubscriptionId%7D%2FresourceGroups%2F%7BresourceGroupName%7D%2Fproviders%2FMicrosoft.AzureData%2FpostgresInstances%2F%7BpostgresInstanceName%7D/get/request/parameter/postgresInstanceName"
}, {
  "http://a.ml/vocabularies/apiContract#binding": "path",
  "http://a.ml/vocabularies/apiContract#paramName": "postgresInstanceName",
  "http://a.ml/vocabularies/apiContract#required": "true",
  "http://a.ml/vocabularies/core#description": "Name of PostgresInstance",
  "http://a.ml/vocabularies/core#name": "postgresInstanceName",
  "http://a.ml/vocabularies/document#customDomainProperties": [{
    "http://a.ml/vocabularies/core#extensionName": "ms-parameter-location",
    "http://a.ml/vocabularies/document#definedBy": {
      "http://a.ml/vocabularies/core#name": null,
      "id": "file:///Users/abettati/sandbox/azure-rest-api-specs/specification/azuredata/resource-manager/Microsoft.AzureData/preview/2019-07-24-preview/azuredata.json#/web-api/end-points/%2Fsubscriptions%2F%7BsubscriptionId%7D%2FresourceGroups%2F%7BresourceGroupName%7D%2Fproviders%2FMicrosoft.AzureData%2FpostgresInstances%2F%7BpostgresInstanceName%7D/put/request/parameter/postgresInstanceName/ms-parameter-location"
    },
    "http://a.ml/vocabularies/document#extension": {
      "http://a.ml/vocabularies/core#name": null,
      "http://a.ml/vocabularies/data#value": null,
      "http://www.w3.org/ns/shacl#datatype": null,
      "id": "file:///Users/abettati/sandbox/azure-rest-api-specs/specification/azuredata/resource-manager/Microsoft.AzureData/preview/2019-07-24-preview/azuredata.json#/web-api/end-points/%2Fsubscriptions%2F%7BsubscriptionId%7D%2FresourceGroups%2F%7BresourceGroupName%7D%2Fproviders%2FMicrosoft.AzureData%2FpostgresInstances%2F%7BpostgresInstanceName%7D/put/request/parameter/postgresInstanceName/ms-parameter-location/scalar_1"
    },
    "id": "file:///Users/abettati/sandbox/azure-rest-api-specs/specification/azuredata/resource-manager/Microsoft.AzureData/preview/2019-07-24-preview/azuredata.json#/web-api/end-points/%2Fsubscriptions%2F%7BsubscriptionId%7D%2FresourceGroups%2F%7BresourceGroupName%7D%2Fproviders%2FMicrosoft.AzureData%2FpostgresInstances%2F%7BpostgresInstanceName%7D/put/request/parameter/postgresInstanceName/extension/ms-parameter-location"
  }],
  "http://a.ml/vocabularies/shapes#schema": {
    "http://a.ml/vocabularies/core#description": "Name of PostgresInstance",
    "http://a.ml/vocabularies/document#customDomainProperties": [{
      "http://a.ml/vocabularies/core#extensionName": null,
      "http://a.ml/vocabularies/document#definedBy": null,
      "http://a.ml/vocabularies/document#extension": null,
      "id": "file:///Users/abettati/sandbox/azure-rest-api-specs/specification/azuredata/resource-manager/Microsoft.AzureData/preview/2019-07-24-preview/azuredata.json#/web-api/end-points/%2Fsubscriptions%2F%7BsubscriptionId%7D%2FresourceGroups%2F%7BresourceGroupName%7D%2Fproviders%2FMicrosoft.AzureData%2FpostgresInstances%2F%7BpostgresInstanceName%7D/put/request/parameter/postgresInstanceName/scalar/schema/extension/ms-parameter-location"
    }],
    "http://www.w3.org/ns/shacl#datatype": "http://www.w3.org/2001/XMLSchema#string",
    "http://www.w3.org/ns/shacl#name": "schema",
    "id": "file:///Users/abettati/sandbox/azure-rest-api-specs/specification/azuredata/resource-manager/Microsoft.AzureData/preview/2019-07-24-preview/azuredata.json#/web-api/end-points/%2Fsubscriptions%2F%7BsubscriptionId%7D%2FresourceGroups%2F%7BresourceGroupName%7D%2Fproviders%2FMicrosoft.AzureData%2FpostgresInstances%2F%7BpostgresInstanceName%7D/put/request/parameter/postgresInstanceName/scalar/schema"
  },
  "id": "file:///Users/abettati/sandbox/azure-rest-api-specs/specification/azuredata/resource-manager/Microsoft.AzureData/preview/2019-07-24-preview/azuredata.json#/web-api/end-points/%2Fsubscriptions%2F%7BsubscriptionId%7D%2FresourceGroups%2F%7BresourceGroupName%7D%2Fproviders%2FMicrosoft.AzureData%2FpostgresInstances%2F%7BpostgresInstanceName%7D/put/request/parameter/postgresInstanceName"
}, {
  "http://a.ml/vocabularies/apiContract#binding": "path",
  "http://a.ml/vocabularies/apiContract#paramName": "postgresInstanceName",
  "http://a.ml/vocabularies/apiContract#required": "true",
  "http://a.ml/vocabularies/core#description": "Name of Postgres Instance",
  "http://a.ml/vocabularies/core#name": "postgresInstanceName",
  "http://a.ml/vocabularies/document#customDomainProperties": [{
    "http://a.ml/vocabularies/core#extensionName": "ms-parameter-location",
    "http://a.ml/vocabularies/document#definedBy": {
      "http://a.ml/vocabularies/core#name": null,
      "id": "file:///Users/abettati/sandbox/azure-rest-api-specs/specification/azuredata/resource-manager/Microsoft.AzureData/preview/2019-07-24-preview/azuredata.json#/web-api/end-points/%2Fsubscriptions%2F%7BsubscriptionId%7D%2FresourceGroups%2F%7BresourceGroupName%7D%2Fproviders%2FMicrosoft.AzureData%2FpostgresInstances%2F%7BpostgresInstanceName%7D/delete/request/parameter/postgresInstanceName/ms-parameter-location"
    },
    "http://a.ml/vocabularies/document#extension": {
      "http://a.ml/vocabularies/core#name": null,
      "http://a.ml/vocabularies/data#value": null,
      "http://www.w3.org/ns/shacl#datatype": null,
      "id": "file:///Users/abettati/sandbox/azure-rest-api-specs/specification/azuredata/resource-manager/Microsoft.AzureData/preview/2019-07-24-preview/azuredata.json#/web-api/end-points/%2Fsubscriptions%2F%7BsubscriptionId%7D%2FresourceGroups%2F%7BresourceGroupName%7D%2Fproviders%2FMicrosoft.AzureData%2FpostgresInstances%2F%7BpostgresInstanceName%7D/delete/request/parameter/postgresInstanceName/ms-parameter-location/scalar_1"
    },
    "id": "file:///Users/abettati/sandbox/azure-rest-api-specs/specification/azuredata/resource-manager/Microsoft.AzureData/preview/2019-07-24-preview/azuredata.json#/web-api/end-points/%2Fsubscriptions%2F%7BsubscriptionId%7D%2FresourceGroups%2F%7BresourceGroupName%7D%2Fproviders%2FMicrosoft.AzureData%2FpostgresInstances%2F%7BpostgresInstanceName%7D/delete/request/parameter/postgresInstanceName/extension/ms-parameter-location"
  }],
  "http://a.ml/vocabularies/shapes#schema": {
    "http://a.ml/vocabularies/core#description": "Name of Postgres Instance",
    "http://a.ml/vocabularies/document#customDomainProperties": [{
      "http://a.ml/vocabularies/core#extensionName": null,
      "http://a.ml/vocabularies/document#definedBy": null,
      "http://a.ml/vocabularies/document#extension": null,
      "id": "file:///Users/abettati/sandbox/azure-rest-api-specs/specification/azuredata/resource-manager/Microsoft.AzureData/preview/2019-07-24-preview/azuredata.json#/web-api/end-points/%2Fsubscriptions%2F%7BsubscriptionId%7D%2FresourceGroups%2F%7BresourceGroupName%7D%2Fproviders%2FMicrosoft.AzureData%2FpostgresInstances%2F%7BpostgresInstanceName%7D/delete/request/parameter/postgresInstanceName/scalar/schema/extension/ms-parameter-location"
    }],
    "http://www.w3.org/ns/shacl#datatype": "http://www.w3.org/2001/XMLSchema#string",
    "http://www.w3.org/ns/shacl#name": "schema",
    "id": "file:///Users/abettati/sandbox/azure-rest-api-specs/specification/azuredata/resource-manager/Microsoft.AzureData/preview/2019-07-24-preview/azuredata.json#/web-api/end-points/%2Fsubscriptions%2F%7BsubscriptionId%7D%2FresourceGroups%2F%7BresourceGroupName%7D%2Fproviders%2FMicrosoft.AzureData%2FpostgresInstances%2F%7BpostgresInstanceName%7D/delete/request/parameter/postgresInstanceName/scalar/schema"
  },
  "id": "file:///Users/abettati/sandbox/azure-rest-api-specs/specification/azuredata/resource-manager/Microsoft.AzureData/preview/2019-07-24-preview/azuredata.json#/web-api/end-points/%2Fsubscriptions%2F%7BsubscriptionId%7D%2FresourceGroups%2F%7BresourceGroupName%7D%2Fproviders%2FMicrosoft.AzureData%2FpostgresInstances%2F%7BpostgresInstanceName%7D/delete/request/parameter/postgresInstanceName"
}, {
  "http://a.ml/vocabularies/apiContract#binding": "path",
  "http://a.ml/vocabularies/apiContract#paramName": "postgresInstanceName",
  "http://a.ml/vocabularies/apiContract#required": "true",
  "http://a.ml/vocabularies/core#description": "Name of Postgres Instance",
  "http://a.ml/vocabularies/core#name": "postgresInstanceName",
  "http://a.ml/vocabularies/document#customDomainProperties": [{
    "http://a.ml/vocabularies/core#extensionName": "ms-parameter-location",
    "http://a.ml/vocabularies/document#definedBy": {
      "http://a.ml/vocabularies/core#name": null,
      "id": "file:///Users/abettati/sandbox/azure-rest-api-specs/specification/azuredata/resource-manager/Microsoft.AzureData/preview/2019-07-24-preview/azuredata.json#/web-api/end-points/%2Fsubscriptions%2F%7BsubscriptionId%7D%2FresourceGroups%2F%7BresourceGroupName%7D%2Fproviders%2FMicrosoft.AzureData%2FpostgresInstances%2F%7BpostgresInstanceName%7D/patch/request/parameter/postgresInstanceName/ms-parameter-location"
    },
    "http://a.ml/vocabularies/document#extension": {
      "http://a.ml/vocabularies/core#name": null,
      "http://a.ml/vocabularies/data#value": null,
      "http://www.w3.org/ns/shacl#datatype": null,
      "id": "file:///Users/abettati/sandbox/azure-rest-api-specs/specification/azuredata/resource-manager/Microsoft.AzureData/preview/2019-07-24-preview/azuredata.json#/web-api/end-points/%2Fsubscriptions%2F%7BsubscriptionId%7D%2FresourceGroups%2F%7BresourceGroupName%7D%2Fproviders%2FMicrosoft.AzureData%2FpostgresInstances%2F%7BpostgresInstanceName%7D/patch/request/parameter/postgresInstanceName/ms-parameter-location/scalar_1"
    },
    "id": "file:///Users/abettati/sandbox/azure-rest-api-specs/specification/azuredata/resource-manager/Microsoft.AzureData/preview/2019-07-24-preview/azuredata.json#/web-api/end-points/%2Fsubscriptions%2F%7BsubscriptionId%7D%2FresourceGroups%2F%7BresourceGroupName%7D%2Fproviders%2FMicrosoft.AzureData%2FpostgresInstances%2F%7BpostgresInstanceName%7D/patch/request/parameter/postgresInstanceName/extension/ms-parameter-location"
  }],
  "http://a.ml/vocabularies/shapes#schema": {
    "http://a.ml/vocabularies/core#description": "Name of Postgres Instance",
    "http://a.ml/vocabularies/document#customDomainProperties": [{
      "http://a.ml/vocabularies/core#extensionName": null,
      "http://a.ml/vocabularies/document#definedBy": null,
      "http://a.ml/vocabularies/document#extension": null,
      "id": "file:///Users/abettati/sandbox/azure-rest-api-specs/specification/azuredata/resource-manager/Microsoft.AzureData/preview/2019-07-24-preview/azuredata.json#/web-api/end-points/%2Fsubscriptions%2F%7BsubscriptionId%7D%2FresourceGroups%2F%7BresourceGroupName%7D%2Fproviders%2FMicrosoft.AzureData%2FpostgresInstances%2F%7BpostgresInstanceName%7D/patch/request/parameter/postgresInstanceName/scalar/schema/extension/ms-parameter-location"
    }],
    "http://www.w3.org/ns/shacl#datatype": "http://www.w3.org/2001/XMLSchema#string",
    "http://www.w3.org/ns/shacl#name": "schema",
    "id": "file:///Users/abettati/sandbox/azure-rest-api-specs/specification/azuredata/resource-manager/Microsoft.AzureData/preview/2019-07-24-preview/azuredata.json#/web-api/end-points/%2Fsubscriptions%2F%7BsubscriptionId%7D%2FresourceGroups%2F%7BresourceGroupName%7D%2Fproviders%2FMicrosoft.AzureData%2FpostgresInstances%2F%7BpostgresInstanceName%7D/patch/request/parameter/postgresInstanceName/scalar/schema"
  },
  "id": "file:///Users/abettati/sandbox/azure-rest-api-specs/specification/azuredata/resource-manager/Microsoft.AzureData/preview/2019-07-24-preview/azuredata.json#/web-api/end-points/%2Fsubscriptions%2F%7BsubscriptionId%7D%2FresourceGroups%2F%7BresourceGroupName%7D%2Fproviders%2FMicrosoft.AzureData%2FpostgresInstances%2F%7BpostgresInstanceName%7D/patch/request/parameter/postgresInstanceName"
}]