[{
  "http://a.ml/vocabularies/apiContract#binding": "query",
  "http://a.ml/vocabularies/apiContract#paramName": "api-version",
  "http://a.ml/vocabularies/apiContract#required": "true",
  "http://a.ml/vocabularies/core#description": "The API version.",
  "http://a.ml/vocabularies/core#name": "api-version",
  "http://a.ml/vocabularies/shapes#schema": {
    "http://a.ml/vocabularies/core#description": "The API version.",
    "http://www.w3.org/ns/shacl#datatype": "http://www.w3.org/2001/XMLSchema#string",
    "http://www.w3.org/ns/shacl#name": "schema",
    "id": "file:///Users/abettati/sandbox/azure-rest-api-specs/specification/datafactory/resource-manager/Microsoft.DataFactory/preview/2017-09-01-preview/datafactory.json#/declarations/parameters/parameter/api-version/scalar/schema"
  },
  "id": "file:///Users/abettati/sandbox/azure-rest-api-specs/specification/datafactory/resource-manager/Microsoft.DataFactory/preview/2017-09-01-preview/datafactory.json#/declarations/parameters/parameter/api-version"
}, {
  "http://a.ml/vocabularies/apiContract#binding": "path",
  "http://a.ml/vocabularies/apiContract#paramName": "datasetName",
  "http://a.ml/vocabularies/apiContract#required": "true",
  "http://a.ml/vocabularies/core#description": "The dataset name.",
  "http://a.ml/vocabularies/core#name": "datasetName",
  "http://a.ml/vocabularies/document#customDomainProperties": [{
    "http://a.ml/vocabularies/core#extensionName": "ms-parameter-location",
    "http://a.ml/vocabularies/document#definedBy": {
      "http://a.ml/vocabularies/core#name": null,
      "id": "file:///Users/abettati/sandbox/azure-rest-api-specs/specification/datafactory/resource-manager/Microsoft.DataFactory/preview/2017-09-01-preview/datafactory.json#/declarations/parameters/parameter/datasetName/ms-parameter-location"
    },
    "http://a.ml/vocabularies/document#extension": {
      "http://a.ml/vocabularies/core#name": null,
      "http://a.ml/vocabularies/data#value": null,
      "http://www.w3.org/ns/shacl#datatype": null,
      "id": "file:///Users/abettati/sandbox/azure-rest-api-specs/specification/datafactory/resource-manager/Microsoft.DataFactory/preview/2017-09-01-preview/datafactory.json#/declarations/parameters/parameter/datasetName/ms-parameter-location/scalar_1"
    },
    "id": "file:///Users/abettati/sandbox/azure-rest-api-specs/specification/datafactory/resource-manager/Microsoft.DataFactory/preview/2017-09-01-preview/datafactory.json#/declarations/parameters/parameter/datasetName/extension/ms-parameter-location"
  }],
  "http://a.ml/vocabularies/shapes#schema": {
    "http://a.ml/vocabularies/core#description": "The dataset name.",
    "http://a.ml/vocabularies/document#customDomainProperties": [{
      "http://a.ml/vocabularies/core#extensionName": null,
      "http://a.ml/vocabularies/document#definedBy": null,
      "http://a.ml/vocabularies/document#extension": null,
      "id": "file:///Users/abettati/sandbox/azure-rest-api-specs/specification/datafactory/resource-manager/Microsoft.DataFactory/preview/2017-09-01-preview/datafactory.json#/declarations/parameters/parameter/datasetName/scalar/schema/extension/ms-parameter-location"
    }],
    "http://www.w3.org/ns/shacl#datatype": "http://www.w3.org/2001/XMLSchema#string",
    "http://www.w3.org/ns/shacl#maxLength": "260",
    "http://www.w3.org/ns/shacl#minLength": "1",
    "http://www.w3.org/ns/shacl#name": "schema",
    "http://www.w3.org/ns/shacl#pattern": "^[A-Za-z0-9_][^<>*#.%&:\\\\+?/]*$",
    "id": "file:///Users/abettati/sandbox/azure-rest-api-specs/specification/datafactory/resource-manager/Microsoft.DataFactory/preview/2017-09-01-preview/datafactory.json#/declarations/parameters/parameter/datasetName/scalar/schema"
  },
  "id": "file:///Users/abettati/sandbox/azure-rest-api-specs/specification/datafactory/resource-manager/Microsoft.DataFactory/preview/2017-09-01-preview/datafactory.json#/declarations/parameters/parameter/datasetName"
}, {
  "http://a.ml/vocabularies/apiContract#binding": "path",
  "http://a.ml/vocabularies/apiContract#paramName": "linkedServiceName",
  "http://a.ml/vocabularies/apiContract#required": "true",
  "http://a.ml/vocabularies/core#description": "The linked service name.",
  "http://a.ml/vocabularies/core#name": "linkedServiceName",
  "http://a.ml/vocabularies/document#customDomainProperties": [{
    "http://a.ml/vocabularies/core#extensionName": "ms-parameter-location",
    "http://a.ml/vocabularies/document#definedBy": {
      "http://a.ml/vocabularies/core#name": null,
      "id": "file:///Users/abettati/sandbox/azure-rest-api-specs/specification/datafactory/resource-manager/Microsoft.DataFactory/preview/2017-09-01-preview/datafactory.json#/declarations/parameters/parameter/linkedServiceName/ms-parameter-location"
    },
    "http://a.ml/vocabularies/document#extension": {
      "http://a.ml/vocabularies/core#name": null,
      "http://a.ml/vocabularies/data#value": null,
      "http://www.w3.org/ns/shacl#datatype": null,
      "id": "file:///Users/abettati/sandbox/azure-rest-api-specs/specification/datafactory/resource-manager/Microsoft.DataFactory/preview/2017-09-01-preview/datafactory.json#/declarations/parameters/parameter/linkedServiceName/ms-parameter-location/scalar_1"
    },
    "id": "file:///Users/abettati/sandbox/azure-rest-api-specs/specification/datafactory/resource-manager/Microsoft.DataFactory/preview/2017-09-01-preview/datafactory.json#/declarations/parameters/parameter/linkedServiceName/extension/ms-parameter-location"
  }],
  "http://a.ml/vocabularies/shapes#schema": {
    "http://a.ml/vocabularies/core#description": "The linked service name.",
    "http://a.ml/vocabularies/document#customDomainProperties": [{
      "http://a.ml/vocabularies/core#extensionName": null,
      "http://a.ml/vocabularies/document#definedBy": null,
      "http://a.ml/vocabularies/document#extension": null,
      "id": "file:///Users/abettati/sandbox/azure-rest-api-specs/specification/datafactory/resource-manager/Microsoft.DataFactory/preview/2017-09-01-preview/datafactory.json#/declarations/parameters/parameter/linkedServiceName/scalar/schema/extension/ms-parameter-location"
    }],
    "http://www.w3.org/ns/shacl#datatype": "http://www.w3.org/2001/XMLSchema#string",
    "http://www.w3.org/ns/shacl#maxLength": "260",
    "http://www.w3.org/ns/shacl#minLength": "1",
    "http://www.w3.org/ns/shacl#name": "schema",
    "http://www.w3.org/ns/shacl#pattern": "^[A-Za-z0-9_][^<>*#.%&:\\\\+?/]*$",
    "id": "file:///Users/abettati/sandbox/azure-rest-api-specs/specification/datafactory/resource-manager/Microsoft.DataFactory/preview/2017-09-01-preview/datafactory.json#/declarations/parameters/parameter/linkedServiceName/scalar/schema"
  },
  "id": "file:///Users/abettati/sandbox/azure-rest-api-specs/specification/datafactory/resource-manager/Microsoft.DataFactory/preview/2017-09-01-preview/datafactory.json#/declarations/parameters/parameter/linkedServiceName"
}, {
  "http://a.ml/vocabularies/apiContract#binding": "path",
  "http://a.ml/vocabularies/apiContract#paramName": "subscriptionId",
  "http://a.ml/vocabularies/apiContract#required": "true",
  "http://a.ml/vocabularies/core#description": "The subscription identifier.",
  "http://a.ml/vocabularies/core#name": "subscriptionId",
  "http://a.ml/vocabularies/shapes#schema": {
    "http://a.ml/vocabularies/core#description": "The subscription identifier.",
    "http://www.w3.org/ns/shacl#datatype": "http://www.w3.org/2001/XMLSchema#string",
    "http://www.w3.org/ns/shacl#name": "schema",
    "id": "file:///Users/abettati/sandbox/azure-rest-api-specs/specification/datafactory/resource-manager/Microsoft.DataFactory/preview/2017-09-01-preview/datafactory.json#/declarations/parameters/parameter/subscriptionId/scalar/schema"
  },
  "id": "file:///Users/abettati/sandbox/azure-rest-api-specs/specification/datafactory/resource-manager/Microsoft.DataFactory/preview/2017-09-01-preview/datafactory.json#/declarations/parameters/parameter/subscriptionId"
}, {
  "http://a.ml/vocabularies/apiContract#binding": "path",
  "http://a.ml/vocabularies/apiContract#paramName": "nodeName",
  "http://a.ml/vocabularies/apiContract#required": "true",
  "http://a.ml/vocabularies/core#description": "The integration runtime node name.",
  "http://a.ml/vocabularies/core#name": "nodeName",
  "http://a.ml/vocabularies/document#customDomainProperties": [{
    "http://a.ml/vocabularies/core#extensionName": "ms-parameter-location",
    "http://a.ml/vocabularies/document#definedBy": {
      "http://a.ml/vocabularies/core#name": null,
      "id": "file:///Users/abettati/sandbox/azure-rest-api-specs/specification/datafactory/resource-manager/Microsoft.DataFactory/preview/2017-09-01-preview/datafactory.json#/declarations/parameters/parameter/nodeName/ms-parameter-location"
    },
    "http://a.ml/vocabularies/document#extension": {
      "http://a.ml/vocabularies/core#name": null,
      "http://a.ml/vocabularies/data#value": null,
      "http://www.w3.org/ns/shacl#datatype": null,
      "id": "file:///Users/abettati/sandbox/azure-rest-api-specs/specification/datafactory/resource-manager/Microsoft.DataFactory/preview/2017-09-01-preview/datafactory.json#/declarations/parameters/parameter/nodeName/ms-parameter-location/scalar_1"
    },
    "id": "file:///Users/abettati/sandbox/azure-rest-api-specs/specification/datafactory/resource-manager/Microsoft.DataFactory/preview/2017-09-01-preview/datafactory.json#/declarations/parameters/parameter/nodeName/extension/ms-parameter-location"
  }],
  "http://a.ml/vocabularies/shapes#schema": {
    "http://a.ml/vocabularies/core#description": "The integration runtime node name.",
    "http://a.ml/vocabularies/document#customDomainProperties": [{
      "http://a.ml/vocabularies/core#extensionName": null,
      "http://a.ml/vocabularies/document#definedBy": null,
      "http://a.ml/vocabularies/document#extension": null,
      "id": "file:///Users/abettati/sandbox/azure-rest-api-specs/specification/datafactory/resource-manager/Microsoft.DataFactory/preview/2017-09-01-preview/datafactory.json#/declarations/parameters/parameter/nodeName/scalar/schema/extension/ms-parameter-location"
    }],
    "http://www.w3.org/ns/shacl#datatype": "http://www.w3.org/2001/XMLSchema#string",
    "http://www.w3.org/ns/shacl#maxLength": "150",
    "http://www.w3.org/ns/shacl#minLength": "1",
    "http://www.w3.org/ns/shacl#name": "schema",
    "http://www.w3.org/ns/shacl#pattern": "^[a-z0-9A-Z][a-z0-9A-Z_-]{0,149}$",
    "id": "file:///Users/abettati/sandbox/azure-rest-api-specs/specification/datafactory/resource-manager/Microsoft.DataFactory/preview/2017-09-01-preview/datafactory.json#/declarations/parameters/parameter/nodeName/scalar/schema"
  },
  "id": "file:///Users/abettati/sandbox/azure-rest-api-specs/specification/datafactory/resource-manager/Microsoft.DataFactory/preview/2017-09-01-preview/datafactory.json#/declarations/parameters/parameter/nodeName"
}, {
  "http://a.ml/vocabularies/apiContract#binding": "path",
  "http://a.ml/vocabularies/apiContract#paramName": "pipelineName",
  "http://a.ml/vocabularies/apiContract#required": "true",
  "http://a.ml/vocabularies/core#description": "The pipeline name.",
  "http://a.ml/vocabularies/core#name": "pipelineName",
  "http://a.ml/vocabularies/document#customDomainProperties": [{
    "http://a.ml/vocabularies/core#extensionName": "ms-parameter-location",
    "http://a.ml/vocabularies/document#definedBy": {
      "http://a.ml/vocabularies/core#name": null,
      "id": "file:///Users/abettati/sandbox/azure-rest-api-specs/specification/datafactory/resource-manager/Microsoft.DataFactory/preview/2017-09-01-preview/datafactory.json#/declarations/parameters/parameter/pipelineName/ms-parameter-location"
    },
    "http://a.ml/vocabularies/document#extension": {
      "http://a.ml/vocabularies/core#name": null,
      "http://a.ml/vocabularies/data#value": null,
      "http://www.w3.org/ns/shacl#datatype": null,
      "id": "file:///Users/abettati/sandbox/azure-rest-api-specs/specification/datafactory/resource-manager/Microsoft.DataFactory/preview/2017-09-01-preview/datafactory.json#/declarations/parameters/parameter/pipelineName/ms-parameter-location/scalar_1"
    },
    "id": "file:///Users/abettati/sandbox/azure-rest-api-specs/specification/datafactory/resource-manager/Microsoft.DataFactory/preview/2017-09-01-preview/datafactory.json#/declarations/parameters/parameter/pipelineName/extension/ms-parameter-location"
  }],
  "http://a.ml/vocabularies/shapes#schema": {
    "http://a.ml/vocabularies/core#description": "The pipeline name.",
    "http://a.ml/vocabularies/document#customDomainProperties": [{
      "http://a.ml/vocabularies/core#extensionName": null,
      "http://a.ml/vocabularies/document#definedBy": null,
      "http://a.ml/vocabularies/document#extension": null,
      "id": "file:///Users/abettati/sandbox/azure-rest-api-specs/specification/datafactory/resource-manager/Microsoft.DataFactory/preview/2017-09-01-preview/datafactory.json#/declarations/parameters/parameter/pipelineName/scalar/schema/extension/ms-parameter-location"
    }],
    "http://www.w3.org/ns/shacl#datatype": "http://www.w3.org/2001/XMLSchema#string",
    "http://www.w3.org/ns/shacl#maxLength": "260",
    "http://www.w3.org/ns/shacl#minLength": "1",
    "http://www.w3.org/ns/shacl#name": "schema",
    "http://www.w3.org/ns/shacl#pattern": "^[A-Za-z0-9_][^<>*#.%&:\\\\+?/]*$",
    "id": "file:///Users/abettati/sandbox/azure-rest-api-specs/specification/datafactory/resource-manager/Microsoft.DataFactory/preview/2017-09-01-preview/datafactory.json#/declarations/parameters/parameter/pipelineName/scalar/schema"
  },
  "id": "file:///Users/abettati/sandbox/azure-rest-api-specs/specification/datafactory/resource-manager/Microsoft.DataFactory/preview/2017-09-01-preview/datafactory.json#/declarations/parameters/parameter/pipelineName"
}, {
  "http://a.ml/vocabularies/apiContract#binding": "path",
  "http://a.ml/vocabularies/apiContract#paramName": "referencePipelineRunId",
  "http://a.ml/vocabularies/apiContract#required": "true",
  "http://a.ml/vocabularies/core#description": "The pipeline run identifier.",
  "http://a.ml/vocabularies/core#name": "referencePipelineRunId",
  "http://a.ml/vocabularies/document#customDomainProperties": [{
    "http://a.ml/vocabularies/core#extensionName": "ms-parameter-location",
    "http://a.ml/vocabularies/document#definedBy": {
      "http://a.ml/vocabularies/core#name": null,
      "id": "file:///Users/abettati/sandbox/azure-rest-api-specs/specification/datafactory/resource-manager/Microsoft.DataFactory/preview/2017-09-01-preview/datafactory.json#/declarations/parameters/parameter/referencePipelineRunId/ms-parameter-location"
    },
    "http://a.ml/vocabularies/document#extension": {
      "http://a.ml/vocabularies/core#name": null,
      "http://a.ml/vocabularies/data#value": null,
      "http://www.w3.org/ns/shacl#datatype": null,
      "id": "file:///Users/abettati/sandbox/azure-rest-api-specs/specification/datafactory/resource-manager/Microsoft.DataFactory/preview/2017-09-01-preview/datafactory.json#/declarations/parameters/parameter/referencePipelineRunId/ms-parameter-location/scalar_1"
    },
    "id": "file:///Users/abettati/sandbox/azure-rest-api-specs/specification/datafactory/resource-manager/Microsoft.DataFactory/preview/2017-09-01-preview/datafactory.json#/declarations/parameters/parameter/referencePipelineRunId/extension/ms-parameter-location"
  }],
  "http://a.ml/vocabularies/shapes#schema": {
    "http://a.ml/vocabularies/core#description": "The pipeline run identifier.",
    "http://a.ml/vocabularies/document#customDomainProperties": [{
      "http://a.ml/vocabularies/core#extensionName": null,
      "http://a.ml/vocabularies/document#definedBy": null,
      "http://a.ml/vocabularies/document#extension": null,
      "id": "file:///Users/abettati/sandbox/azure-rest-api-specs/specification/datafactory/resource-manager/Microsoft.DataFactory/preview/2017-09-01-preview/datafactory.json#/declarations/parameters/parameter/referencePipelineRunId/scalar/schema/extension/ms-parameter-location"
    }],
    "http://www.w3.org/ns/shacl#datatype": "http://www.w3.org/2001/XMLSchema#string",
    "http://www.w3.org/ns/shacl#name": "schema",
    "id": "file:///Users/abettati/sandbox/azure-rest-api-specs/specification/datafactory/resource-manager/Microsoft.DataFactory/preview/2017-09-01-preview/datafactory.json#/declarations/parameters/parameter/referencePipelineRunId/scalar/schema"
  },
  "id": "file:///Users/abettati/sandbox/azure-rest-api-specs/specification/datafactory/resource-manager/Microsoft.DataFactory/preview/2017-09-01-preview/datafactory.json#/declarations/parameters/parameter/referencePipelineRunId"
}, {
  "http://a.ml/vocabularies/apiContract#binding": "path",
  "http://a.ml/vocabularies/apiContract#paramName": "locationId",
  "http://a.ml/vocabularies/apiContract#required": "true",
  "http://a.ml/vocabularies/core#description": "The location identifier.",
  "http://a.ml/vocabularies/core#name": "locationId",
  "http://a.ml/vocabularies/document#customDomainProperties": [{
    "http://a.ml/vocabularies/core#extensionName": "ms-parameter-location",
    "http://a.ml/vocabularies/document#definedBy": {
      "http://a.ml/vocabularies/core#name": null,
      "id": "file:///Users/abettati/sandbox/azure-rest-api-specs/specification/datafactory/resource-manager/Microsoft.DataFactory/preview/2017-09-01-preview/datafactory.json#/declarations/parameters/parameter/locationId/ms-parameter-location"
    },
    "http://a.ml/vocabularies/document#extension": {
      "http://a.ml/vocabularies/core#name": null,
      "http://a.ml/vocabularies/data#value": null,
      "http://www.w3.org/ns/shacl#datatype": null,
      "id": "file:///Users/abettati/sandbox/azure-rest-api-specs/specification/datafactory/resource-manager/Microsoft.DataFactory/preview/2017-09-01-preview/datafactory.json#/declarations/parameters/parameter/locationId/ms-parameter-location/scalar_1"
    },
    "id": "file:///Users/abettati/sandbox/azure-rest-api-specs/specification/datafactory/resource-manager/Microsoft.DataFactory/preview/2017-09-01-preview/datafactory.json#/declarations/parameters/parameter/locationId/extension/ms-parameter-location"
  }],
  "http://a.ml/vocabularies/shapes#schema": {
    "http://a.ml/vocabularies/core#description": "The location identifier.",
    "http://a.ml/vocabularies/document#customDomainProperties": [{
      "http://a.ml/vocabularies/core#extensionName": null,
      "http://a.ml/vocabularies/document#definedBy": null,
      "http://a.ml/vocabularies/document#extension": null,
      "id": "file:///Users/abettati/sandbox/azure-rest-api-specs/specification/datafactory/resource-manager/Microsoft.DataFactory/preview/2017-09-01-preview/datafactory.json#/declarations/parameters/parameter/locationId/scalar/schema/extension/ms-parameter-location"
    }],
    "http://www.w3.org/ns/shacl#datatype": "http://www.w3.org/2001/XMLSchema#string",
    "http://www.w3.org/ns/shacl#name": "schema",
    "id": "file:///Users/abettati/sandbox/azure-rest-api-specs/specification/datafactory/resource-manager/Microsoft.DataFactory/preview/2017-09-01-preview/datafactory.json#/declarations/parameters/parameter/locationId/scalar/schema"
  },
  "id": "file:///Users/abettati/sandbox/azure-rest-api-specs/specification/datafactory/resource-manager/Microsoft.DataFactory/preview/2017-09-01-preview/datafactory.json#/declarations/parameters/parameter/locationId"
}, {
  "http://a.ml/vocabularies/apiContract#binding": "path",
  "http://a.ml/vocabularies/apiContract#paramName": "factoryName",
  "http://a.ml/vocabularies/apiContract#required": "true",
  "http://a.ml/vocabularies/core#description": "The factory name.",
  "http://a.ml/vocabularies/core#name": "factoryName",
  "http://a.ml/vocabularies/document#customDomainProperties": [{
    "http://a.ml/vocabularies/core#extensionName": "ms-parameter-location",
    "http://a.ml/vocabularies/document#definedBy": {
      "http://a.ml/vocabularies/core#name": null,
      "id": "file:///Users/abettati/sandbox/azure-rest-api-specs/specification/datafactory/resource-manager/Microsoft.DataFactory/preview/2017-09-01-preview/datafactory.json#/declarations/parameters/parameter/factoryName/ms-parameter-location"
    },
    "http://a.ml/vocabularies/document#extension": {
      "http://a.ml/vocabularies/core#name": null,
      "http://a.ml/vocabularies/data#value": null,
      "http://www.w3.org/ns/shacl#datatype": null,
      "id": "file:///Users/abettati/sandbox/azure-rest-api-specs/specification/datafactory/resource-manager/Microsoft.DataFactory/preview/2017-09-01-preview/datafactory.json#/declarations/parameters/parameter/factoryName/ms-parameter-location/scalar_1"
    },
    "id": "file:///Users/abettati/sandbox/azure-rest-api-specs/specification/datafactory/resource-manager/Microsoft.DataFactory/preview/2017-09-01-preview/datafactory.json#/declarations/parameters/parameter/factoryName/extension/ms-parameter-location"
  }],
  "http://a.ml/vocabularies/shapes#schema": {
    "http://a.ml/vocabularies/core#description": "The factory name.",
    "http://a.ml/vocabularies/document#customDomainProperties": [{
      "http://a.ml/vocabularies/core#extensionName": null,
      "http://a.ml/vocabularies/document#definedBy": null,
      "http://a.ml/vocabularies/document#extension": null,
      "id": "file:///Users/abettati/sandbox/azure-rest-api-specs/specification/datafactory/resource-manager/Microsoft.DataFactory/preview/2017-09-01-preview/datafactory.json#/declarations/parameters/parameter/factoryName/scalar/schema/extension/ms-parameter-location"
    }],
    "http://www.w3.org/ns/shacl#datatype": "http://www.w3.org/2001/XMLSchema#string",
    "http://www.w3.org/ns/shacl#maxLength": "63",
    "http://www.w3.org/ns/shacl#minLength": "3",
    "http://www.w3.org/ns/shacl#name": "schema",
    "http://www.w3.org/ns/shacl#pattern": "^[A-Za-z0-9]+(?:-[A-Za-z0-9]+)*$",
    "id": "file:///Users/abettati/sandbox/azure-rest-api-specs/specification/datafactory/resource-manager/Microsoft.DataFactory/preview/2017-09-01-preview/datafactory.json#/declarations/parameters/parameter/factoryName/scalar/schema"
  },
  "id": "file:///Users/abettati/sandbox/azure-rest-api-specs/specification/datafactory/resource-manager/Microsoft.DataFactory/preview/2017-09-01-preview/datafactory.json#/declarations/parameters/parameter/factoryName"
}, {
  "http://a.ml/vocabularies/apiContract#binding": "path",
  "http://a.ml/vocabularies/apiContract#paramName": "resourceGroupName",
  "http://a.ml/vocabularies/apiContract#required": "true",
  "http://a.ml/vocabularies/core#description": "The resource group name.",
  "http://a.ml/vocabularies/core#name": "resourceGroupName",
  "http://a.ml/vocabularies/document#customDomainProperties": [{
    "http://a.ml/vocabularies/core#extensionName": "ms-parameter-location",
    "http://a.ml/vocabularies/document#definedBy": {
      "http://a.ml/vocabularies/core#name": null,
      "id": "file:///Users/abettati/sandbox/azure-rest-api-specs/specification/datafactory/resource-manager/Microsoft.DataFactory/preview/2017-09-01-preview/datafactory.json#/declarations/parameters/parameter/resourceGroupName/ms-parameter-location"
    },
    "http://a.ml/vocabularies/document#extension": {
      "http://a.ml/vocabularies/core#name": null,
      "http://a.ml/vocabularies/data#value": null,
      "http://www.w3.org/ns/shacl#datatype": null,
      "id": "file:///Users/abettati/sandbox/azure-rest-api-specs/specification/datafactory/resource-manager/Microsoft.DataFactory/preview/2017-09-01-preview/datafactory.json#/declarations/parameters/parameter/resourceGroupName/ms-parameter-location/scalar_1"
    },
    "id": "file:///Users/abettati/sandbox/azure-rest-api-specs/specification/datafactory/resource-manager/Microsoft.DataFactory/preview/2017-09-01-preview/datafactory.json#/declarations/parameters/parameter/resourceGroupName/extension/ms-parameter-location"
  }],
  "http://a.ml/vocabularies/shapes#schema": {
    "http://a.ml/vocabularies/core#description": "The resource group name.",
    "http://a.ml/vocabularies/document#customDomainProperties": [{
      "http://a.ml/vocabularies/core#extensionName": null,
      "http://a.ml/vocabularies/document#definedBy": null,
      "http://a.ml/vocabularies/document#extension": null,
      "id": "file:///Users/abettati/sandbox/azure-rest-api-specs/specification/datafactory/resource-manager/Microsoft.DataFactory/preview/2017-09-01-preview/datafactory.json#/declarations/parameters/parameter/resourceGroupName/scalar/schema/extension/ms-parameter-location"
    }],
    "http://www.w3.org/ns/shacl#datatype": "http://www.w3.org/2001/XMLSchema#string",
    "http://www.w3.org/ns/shacl#maxLength": "90",
    "http://www.w3.org/ns/shacl#minLength": "1",
    "http://www.w3.org/ns/shacl#name": "schema",
    "http://www.w3.org/ns/shacl#pattern": "^[-\\w\\._\\(\\)]+$",
    "id": "file:///Users/abettati/sandbox/azure-rest-api-specs/specification/datafactory/resource-manager/Microsoft.DataFactory/preview/2017-09-01-preview/datafactory.json#/declarations/parameters/parameter/resourceGroupName/scalar/schema"
  },
  "id": "file:///Users/abettati/sandbox/azure-rest-api-specs/specification/datafactory/resource-manager/Microsoft.DataFactory/preview/2017-09-01-preview/datafactory.json#/declarations/parameters/parameter/resourceGroupName"
}, {
  "http://a.ml/vocabularies/apiContract#binding": "path",
  "http://a.ml/vocabularies/apiContract#paramName": "integrationRuntimeName",
  "http://a.ml/vocabularies/apiContract#required": "true",
  "http://a.ml/vocabularies/core#description": "The integration runtime name.",
  "http://a.ml/vocabularies/core#name": "integrationRuntimeName",
  "http://a.ml/vocabularies/document#customDomainProperties": [{
    "http://a.ml/vocabularies/core#extensionName": "ms-parameter-location",
    "http://a.ml/vocabularies/document#definedBy": {
      "http://a.ml/vocabularies/core#name": null,
      "id": "file:///Users/abettati/sandbox/azure-rest-api-specs/specification/datafactory/resource-manager/Microsoft.DataFactory/preview/2017-09-01-preview/datafactory.json#/declarations/parameters/parameter/integrationRuntimeName/ms-parameter-location"
    },
    "http://a.ml/vocabularies/document#extension": {
      "http://a.ml/vocabularies/core#name": null,
      "http://a.ml/vocabularies/data#value": null,
      "http://www.w3.org/ns/shacl#datatype": null,
      "id": "file:///Users/abettati/sandbox/azure-rest-api-specs/specification/datafactory/resource-manager/Microsoft.DataFactory/preview/2017-09-01-preview/datafactory.json#/declarations/parameters/parameter/integrationRuntimeName/ms-parameter-location/scalar_1"
    },
    "id": "file:///Users/abettati/sandbox/azure-rest-api-specs/specification/datafactory/resource-manager/Microsoft.DataFactory/preview/2017-09-01-preview/datafactory.json#/declarations/parameters/parameter/integrationRuntimeName/extension/ms-parameter-location"
  }],
  "http://a.ml/vocabularies/shapes#schema": {
    "http://a.ml/vocabularies/core#description": "The integration runtime name.",
    "http://a.ml/vocabularies/document#customDomainProperties": [{
      "http://a.ml/vocabularies/core#extensionName": null,
      "http://a.ml/vocabularies/document#definedBy": null,
      "http://a.ml/vocabularies/document#extension": null,
      "id": "file:///Users/abettati/sandbox/azure-rest-api-specs/specification/datafactory/resource-manager/Microsoft.DataFactory/preview/2017-09-01-preview/datafactory.json#/declarations/parameters/parameter/integrationRuntimeName/scalar/schema/extension/ms-parameter-location"
    }],
    "http://www.w3.org/ns/shacl#datatype": "http://www.w3.org/2001/XMLSchema#string",
    "http://www.w3.org/ns/shacl#maxLength": "63",
    "http://www.w3.org/ns/shacl#minLength": "3",
    "http://www.w3.org/ns/shacl#name": "schema",
    "http://www.w3.org/ns/shacl#pattern": "^[A-Za-z0-9]+(?:-[A-Za-z0-9]+)*$",
    "id": "file:///Users/abettati/sandbox/azure-rest-api-specs/specification/datafactory/resource-manager/Microsoft.DataFactory/preview/2017-09-01-preview/datafactory.json#/declarations/parameters/parameter/integrationRuntimeName/scalar/schema"
  },
  "id": "file:///Users/abettati/sandbox/azure-rest-api-specs/specification/datafactory/resource-manager/Microsoft.DataFactory/preview/2017-09-01-preview/datafactory.json#/declarations/parameters/parameter/integrationRuntimeName"
}, {
  "http://a.ml/vocabularies/apiContract#binding": "path",
  "http://a.ml/vocabularies/apiContract#paramName": "runId",
  "http://a.ml/vocabularies/apiContract#required": "true",
  "http://a.ml/vocabularies/core#description": "The pipeline run identifier.",
  "http://a.ml/vocabularies/core#name": "runId",
  "http://a.ml/vocabularies/document#customDomainProperties": [{
    "http://a.ml/vocabularies/core#extensionName": "ms-parameter-location",
    "http://a.ml/vocabularies/document#definedBy": {
      "http://a.ml/vocabularies/core#name": null,
      "id": "file:///Users/abettati/sandbox/azure-rest-api-specs/specification/datafactory/resource-manager/Microsoft.DataFactory/preview/2017-09-01-preview/datafactory.json#/declarations/parameters/parameter/runId/ms-parameter-location"
    },
    "http://a.ml/vocabularies/document#extension": {
      "http://a.ml/vocabularies/core#name": null,
      "http://a.ml/vocabularies/data#value": null,
      "http://www.w3.org/ns/shacl#datatype": null,
      "id": "file:///Users/abettati/sandbox/azure-rest-api-specs/specification/datafactory/resource-manager/Microsoft.DataFactory/preview/2017-09-01-preview/datafactory.json#/declarations/parameters/parameter/runId/ms-parameter-location/scalar_1"
    },
    "id": "file:///Users/abettati/sandbox/azure-rest-api-specs/specification/datafactory/resource-manager/Microsoft.DataFactory/preview/2017-09-01-preview/datafactory.json#/declarations/parameters/parameter/runId/extension/ms-parameter-location"
  }],
  "http://a.ml/vocabularies/shapes#schema": {
    "http://a.ml/vocabularies/core#description": "The pipeline run identifier.",
    "http://a.ml/vocabularies/document#customDomainProperties": [{
      "http://a.ml/vocabularies/core#extensionName": null,
      "http://a.ml/vocabularies/document#definedBy": null,
      "http://a.ml/vocabularies/document#extension": null,
      "id": "file:///Users/abettati/sandbox/azure-rest-api-specs/specification/datafactory/resource-manager/Microsoft.DataFactory/preview/2017-09-01-preview/datafactory.json#/declarations/parameters/parameter/runId/scalar/schema/extension/ms-parameter-location"
    }],
    "http://www.w3.org/ns/shacl#datatype": "http://www.w3.org/2001/XMLSchema#string",
    "http://www.w3.org/ns/shacl#name": "schema",
    "id": "file:///Users/abettati/sandbox/azure-rest-api-specs/specification/datafactory/resource-manager/Microsoft.DataFactory/preview/2017-09-01-preview/datafactory.json#/declarations/parameters/parameter/runId/scalar/schema"
  },
  "id": "file:///Users/abettati/sandbox/azure-rest-api-specs/specification/datafactory/resource-manager/Microsoft.DataFactory/preview/2017-09-01-preview/datafactory.json#/declarations/parameters/parameter/runId"
}, {
  "http://a.ml/vocabularies/apiContract#binding": "path",
  "http://a.ml/vocabularies/apiContract#paramName": "triggerName",
  "http://a.ml/vocabularies/apiContract#required": "true",
  "http://a.ml/vocabularies/core#description": "The trigger name.",
  "http://a.ml/vocabularies/core#name": "triggerName",
  "http://a.ml/vocabularies/document#customDomainProperties": [{
    "http://a.ml/vocabularies/core#extensionName": "ms-parameter-location",
    "http://a.ml/vocabularies/document#definedBy": {
      "http://a.ml/vocabularies/core#name": null,
      "id": "file:///Users/abettati/sandbox/azure-rest-api-specs/specification/datafactory/resource-manager/Microsoft.DataFactory/preview/2017-09-01-preview/datafactory.json#/declarations/parameters/parameter/triggerName/ms-parameter-location"
    },
    "http://a.ml/vocabularies/document#extension": {
      "http://a.ml/vocabularies/core#name": null,
      "http://a.ml/vocabularies/data#value": null,
      "http://www.w3.org/ns/shacl#datatype": null,
      "id": "file:///Users/abettati/sandbox/azure-rest-api-specs/specification/datafactory/resource-manager/Microsoft.DataFactory/preview/2017-09-01-preview/datafactory.json#/declarations/parameters/parameter/triggerName/ms-parameter-location/scalar_1"
    },
    "id": "file:///Users/abettati/sandbox/azure-rest-api-specs/specification/datafactory/resource-manager/Microsoft.DataFactory/preview/2017-09-01-preview/datafactory.json#/declarations/parameters/parameter/triggerName/extension/ms-parameter-location"
  }],
  "http://a.ml/vocabularies/shapes#schema": {
    "http://a.ml/vocabularies/core#description": "The trigger name.",
    "http://a.ml/vocabularies/document#customDomainProperties": [{
      "http://a.ml/vocabularies/core#extensionName": null,
      "http://a.ml/vocabularies/document#definedBy": null,
      "http://a.ml/vocabularies/document#extension": null,
      "id": "file:///Users/abettati/sandbox/azure-rest-api-specs/specification/datafactory/resource-manager/Microsoft.DataFactory/preview/2017-09-01-preview/datafactory.json#/declarations/parameters/parameter/triggerName/scalar/schema/extension/ms-parameter-location"
    }],
    "http://www.w3.org/ns/shacl#datatype": "http://www.w3.org/2001/XMLSchema#string",
    "http://www.w3.org/ns/shacl#maxLength": "260",
    "http://www.w3.org/ns/shacl#minLength": "1",
    "http://www.w3.org/ns/shacl#name": "schema",
    "http://www.w3.org/ns/shacl#pattern": "^[A-Za-z0-9_][^<>*#.%&:\\\\+?/]*$",
    "id": "file:///Users/abettati/sandbox/azure-rest-api-specs/specification/datafactory/resource-manager/Microsoft.DataFactory/preview/2017-09-01-preview/datafactory.json#/declarations/parameters/parameter/triggerName/scalar/schema"
  },
  "id": "file:///Users/abettati/sandbox/azure-rest-api-specs/specification/datafactory/resource-manager/Microsoft.DataFactory/preview/2017-09-01-preview/datafactory.json#/declarations/parameters/parameter/triggerName"
}, {
  "http://a.ml/vocabularies/apiContract#binding": "header",
  "http://a.ml/vocabularies/apiContract#paramName": "If-Match",
  "http://a.ml/vocabularies/apiContract#required": "false",
  "http://a.ml/vocabularies/core#description": "ETag of the integration runtime entity. Should only be specified for update, for which it should match existing entity or can be * for unconditional update.",
  "http://a.ml/vocabularies/core#name": "If-Match",
  "http://a.ml/vocabularies/shapes#schema": {
    "http://a.ml/vocabularies/core#description": "ETag of the integration runtime entity. Should only be specified for update, for which it should match existing entity or can be * for unconditional update.",
    "http://www.w3.org/ns/shacl#datatype": "http://www.w3.org/2001/XMLSchema#string",
    "http://www.w3.org/ns/shacl#name": "schema",
    "id": "file:///Users/abettati/sandbox/azure-rest-api-specs/specification/datafactory/resource-manager/Microsoft.DataFactory/preview/2017-09-01-preview/datafactory.json#/web-api/end-points/%2Fsubscriptions%2F%7BsubscriptionId%7D%2FresourceGroups%2F%7BresourceGroupName%7D%2Fproviders%2FMicrosoft.DataFactory%2Ffactories%2F%7BfactoryName%7D%2FintegrationRuntimes%2F%7BintegrationRuntimeName%7D/put/request/parameter/If-Match/scalar/schema"
  },
  "id": "file:///Users/abettati/sandbox/azure-rest-api-specs/specification/datafactory/resource-manager/Microsoft.DataFactory/preview/2017-09-01-preview/datafactory.json#/web-api/end-points/%2Fsubscriptions%2F%7BsubscriptionId%7D%2FresourceGroups%2F%7BresourceGroupName%7D%2Fproviders%2FMicrosoft.DataFactory%2Ffactories%2F%7BfactoryName%7D%2FintegrationRuntimes%2F%7BintegrationRuntimeName%7D/put/request/parameter/If-Match"
}, {
  "http://a.ml/vocabularies/apiContract#binding": "header",
  "http://a.ml/vocabularies/apiContract#paramName": "If-Match",
  "http://a.ml/vocabularies/apiContract#required": "false",
  "http://a.ml/vocabularies/core#description": "ETag of the linkedService entity.  Should only be specified for update, for which it should match existing entity or can be * for unconditional update.",
  "http://a.ml/vocabularies/core#name": "If-Match",
  "http://a.ml/vocabularies/shapes#schema": {
    "http://a.ml/vocabularies/core#description": "ETag of the linkedService entity.  Should only be specified for update, for which it should match existing entity or can be * for unconditional update.",
    "http://www.w3.org/ns/shacl#datatype": "http://www.w3.org/2001/XMLSchema#string",
    "http://www.w3.org/ns/shacl#name": "schema",
    "id": "file:///Users/abettati/sandbox/azure-rest-api-specs/specification/datafactory/resource-manager/Microsoft.DataFactory/preview/2017-09-01-preview/datafactory.json#/web-api/end-points/%2Fsubscriptions%2F%7BsubscriptionId%7D%2FresourceGroups%2F%7BresourceGroupName%7D%2Fproviders%2FMicrosoft.DataFactory%2Ffactories%2F%7BfactoryName%7D%2Flinkedservices%2F%7BlinkedServiceName%7D/put/request/parameter/If-Match/scalar/schema"
  },
  "id": "file:///Users/abettati/sandbox/azure-rest-api-specs/specification/datafactory/resource-manager/Microsoft.DataFactory/preview/2017-09-01-preview/datafactory.json#/web-api/end-points/%2Fsubscriptions%2F%7BsubscriptionId%7D%2FresourceGroups%2F%7BresourceGroupName%7D%2Fproviders%2FMicrosoft.DataFactory%2Ffactories%2F%7BfactoryName%7D%2Flinkedservices%2F%7BlinkedServiceName%7D/put/request/parameter/If-Match"
}, {
  "http://a.ml/vocabularies/apiContract#binding": "header",
  "http://a.ml/vocabularies/apiContract#paramName": "If-Match",
  "http://a.ml/vocabularies/apiContract#required": "false",
  "http://a.ml/vocabularies/core#description": "ETag of the dataset entity.  Should only be specified for update, for which it should match existing entity or can be * for unconditional update.",
  "http://a.ml/vocabularies/core#name": "If-Match",
  "http://a.ml/vocabularies/shapes#schema": {
    "http://a.ml/vocabularies/core#description": "ETag of the dataset entity.  Should only be specified for update, for which it should match existing entity or can be * for unconditional update.",
    "http://www.w3.org/ns/shacl#datatype": "http://www.w3.org/2001/XMLSchema#string",
    "http://www.w3.org/ns/shacl#name": "schema",
    "id": "file:///Users/abettati/sandbox/azure-rest-api-specs/specification/datafactory/resource-manager/Microsoft.DataFactory/preview/2017-09-01-preview/datafactory.json#/web-api/end-points/%2Fsubscriptions%2F%7BsubscriptionId%7D%2FresourceGroups%2F%7BresourceGroupName%7D%2Fproviders%2FMicrosoft.DataFactory%2Ffactories%2F%7BfactoryName%7D%2Fdatasets%2F%7BdatasetName%7D/put/request/parameter/If-Match/scalar/schema"
  },
  "id": "file:///Users/abettati/sandbox/azure-rest-api-specs/specification/datafactory/resource-manager/Microsoft.DataFactory/preview/2017-09-01-preview/datafactory.json#/web-api/end-points/%2Fsubscriptions%2F%7BsubscriptionId%7D%2FresourceGroups%2F%7BresourceGroupName%7D%2Fproviders%2FMicrosoft.DataFactory%2Ffactories%2F%7BfactoryName%7D%2Fdatasets%2F%7BdatasetName%7D/put/request/parameter/If-Match"
}, {
  "http://a.ml/vocabularies/apiContract#binding": "header",
  "http://a.ml/vocabularies/apiContract#paramName": "If-Match",
  "http://a.ml/vocabularies/apiContract#required": "false",
  "http://a.ml/vocabularies/core#description": "ETag of the pipeline entity.  Should only be specified for update, for which it should match existing entity or can be * for unconditional update.",
  "http://a.ml/vocabularies/core#name": "If-Match",
  "http://a.ml/vocabularies/shapes#schema": {
    "http://a.ml/vocabularies/core#description": "ETag of the pipeline entity.  Should only be specified for update, for which it should match existing entity or can be * for unconditional update.",
    "http://www.w3.org/ns/shacl#datatype": "http://www.w3.org/2001/XMLSchema#string",
    "http://www.w3.org/ns/shacl#name": "schema",
    "id": "file:///Users/abettati/sandbox/azure-rest-api-specs/specification/datafactory/resource-manager/Microsoft.DataFactory/preview/2017-09-01-preview/datafactory.json#/web-api/end-points/%2Fsubscriptions%2F%7BsubscriptionId%7D%2FresourceGroups%2F%7BresourceGroupName%7D%2Fproviders%2FMicrosoft.DataFactory%2Ffactories%2F%7BfactoryName%7D%2Fpipelines%2F%7BpipelineName%7D/put/request/parameter/If-Match/scalar/schema"
  },
  "id": "file:///Users/abettati/sandbox/azure-rest-api-specs/specification/datafactory/resource-manager/Microsoft.DataFactory/preview/2017-09-01-preview/datafactory.json#/web-api/end-points/%2Fsubscriptions%2F%7BsubscriptionId%7D%2FresourceGroups%2F%7BresourceGroupName%7D%2Fproviders%2FMicrosoft.DataFactory%2Ffactories%2F%7BfactoryName%7D%2Fpipelines%2F%7BpipelineName%7D/put/request/parameter/If-Match"
}, {
  "http://a.ml/vocabularies/apiContract#binding": "query",
  "http://a.ml/vocabularies/apiContract#paramName": "startTime",
  "http://a.ml/vocabularies/apiContract#required": "true",
  "http://a.ml/vocabularies/core#description": "The start time of activity runs in ISO8601 format.",
  "http://a.ml/vocabularies/core#name": "startTime",
  "http://a.ml/vocabularies/shapes#schema": {
    "http://a.ml/vocabularies/core#description": "The start time of activity runs in ISO8601 format.",
    "http://a.ml/vocabularies/shapes#format": "date-time",
    "http://www.w3.org/ns/shacl#datatype": "http://www.w3.org/2001/XMLSchema#dateTime",
    "http://www.w3.org/ns/shacl#name": "schema",
    "id": "file:///Users/abettati/sandbox/azure-rest-api-specs/specification/datafactory/resource-manager/Microsoft.DataFactory/preview/2017-09-01-preview/datafactory.json#/web-api/end-points/%2Fsubscriptions%2F%7BsubscriptionId%7D%2FresourceGroups%2F%7BresourceGroupName%7D%2Fproviders%2FMicrosoft.DataFactory%2Ffactories%2F%7BfactoryName%7D%2Fpipelineruns%2F%7BrunId%7D%2Factivityruns/get/request/parameter/startTime/scalar/schema"
  },
  "id": "file:///Users/abettati/sandbox/azure-rest-api-specs/specification/datafactory/resource-manager/Microsoft.DataFactory/preview/2017-09-01-preview/datafactory.json#/web-api/end-points/%2Fsubscriptions%2F%7BsubscriptionId%7D%2FresourceGroups%2F%7BresourceGroupName%7D%2Fproviders%2FMicrosoft.DataFactory%2Ffactories%2F%7BfactoryName%7D%2Fpipelineruns%2F%7BrunId%7D%2Factivityruns/get/request/parameter/startTime"
}, {
  "http://a.ml/vocabularies/apiContract#binding": "query",
  "http://a.ml/vocabularies/apiContract#paramName": "activityName",
  "http://a.ml/vocabularies/apiContract#required": "false",
  "http://a.ml/vocabularies/core#description": "The name of the activity.",
  "http://a.ml/vocabularies/core#name": "activityName",
  "http://a.ml/vocabularies/shapes#schema": {
    "http://a.ml/vocabularies/core#description": "The name of the activity.",
    "http://www.w3.org/ns/shacl#datatype": "http://www.w3.org/2001/XMLSchema#string",
    "http://www.w3.org/ns/shacl#name": "schema",
    "id": "file:///Users/abettati/sandbox/azure-rest-api-specs/specification/datafactory/resource-manager/Microsoft.DataFactory/preview/2017-09-01-preview/datafactory.json#/web-api/end-points/%2Fsubscriptions%2F%7BsubscriptionId%7D%2FresourceGroups%2F%7BresourceGroupName%7D%2Fproviders%2FMicrosoft.DataFactory%2Ffactories%2F%7BfactoryName%7D%2Fpipelineruns%2F%7BrunId%7D%2Factivityruns/get/request/parameter/activityName/scalar/schema"
  },
  "id": "file:///Users/abettati/sandbox/azure-rest-api-specs/specification/datafactory/resource-manager/Microsoft.DataFactory/preview/2017-09-01-preview/datafactory.json#/web-api/end-points/%2Fsubscriptions%2F%7BsubscriptionId%7D%2FresourceGroups%2F%7BresourceGroupName%7D%2Fproviders%2FMicrosoft.DataFactory%2Ffactories%2F%7BfactoryName%7D%2Fpipelineruns%2F%7BrunId%7D%2Factivityruns/get/request/parameter/activityName"
}, {
  "http://a.ml/vocabularies/apiContract#binding": "query",
  "http://a.ml/vocabularies/apiContract#paramName": "linkedServiceName",
  "http://a.ml/vocabularies/apiContract#required": "false",
  "http://a.ml/vocabularies/core#description": "The linked service name.",
  "http://a.ml/vocabularies/core#name": "linkedServiceName",
  "http://a.ml/vocabularies/shapes#schema": {
    "http://a.ml/vocabularies/core#description": "The linked service name.",
    "http://www.w3.org/ns/shacl#datatype": "http://www.w3.org/2001/XMLSchema#string",
    "http://www.w3.org/ns/shacl#maxLength": "260",
    "http://www.w3.org/ns/shacl#minLength": "1",
    "http://www.w3.org/ns/shacl#name": "schema",
    "http://www.w3.org/ns/shacl#pattern": "^[A-Za-z0-9_][^<>*#.%&:\\\\+?/]*$",
    "id": "file:///Users/abettati/sandbox/azure-rest-api-specs/specification/datafactory/resource-manager/Microsoft.DataFactory/preview/2017-09-01-preview/datafactory.json#/web-api/end-points/%2Fsubscriptions%2F%7BsubscriptionId%7D%2FresourceGroups%2F%7BresourceGroupName%7D%2Fproviders%2FMicrosoft.DataFactory%2Ffactories%2F%7BfactoryName%7D%2Fpipelineruns%2F%7BrunId%7D%2Factivityruns/get/request/parameter/linkedServiceName/scalar/schema"
  },
  "id": "file:///Users/abettati/sandbox/azure-rest-api-specs/specification/datafactory/resource-manager/Microsoft.DataFactory/preview/2017-09-01-preview/datafactory.json#/web-api/end-points/%2Fsubscriptions%2F%7BsubscriptionId%7D%2FresourceGroups%2F%7BresourceGroupName%7D%2Fproviders%2FMicrosoft.DataFactory%2Ffactories%2F%7BfactoryName%7D%2Fpipelineruns%2F%7BrunId%7D%2Factivityruns/get/request/parameter/linkedServiceName"
}, {
  "http://a.ml/vocabularies/apiContract#binding": "query",
  "http://a.ml/vocabularies/apiContract#paramName": "endTime",
  "http://a.ml/vocabularies/apiContract#required": "true",
  "http://a.ml/vocabularies/core#description": "The end time of activity runs in ISO8601 format.",
  "http://a.ml/vocabularies/core#name": "endTime",
  "http://a.ml/vocabularies/shapes#schema": {
    "http://a.ml/vocabularies/core#description": "The end time of activity runs in ISO8601 format.",
    "http://a.ml/vocabularies/shapes#format": "date-time",
    "http://www.w3.org/ns/shacl#datatype": "http://www.w3.org/2001/XMLSchema#dateTime",
    "http://www.w3.org/ns/shacl#name": "schema",
    "id": "file:///Users/abettati/sandbox/azure-rest-api-specs/specification/datafactory/resource-manager/Microsoft.DataFactory/preview/2017-09-01-preview/datafactory.json#/web-api/end-points/%2Fsubscriptions%2F%7BsubscriptionId%7D%2FresourceGroups%2F%7BresourceGroupName%7D%2Fproviders%2FMicrosoft.DataFactory%2Ffactories%2F%7BfactoryName%7D%2Fpipelineruns%2F%7BrunId%7D%2Factivityruns/get/request/parameter/endTime/scalar/schema"
  },
  "id": "file:///Users/abettati/sandbox/azure-rest-api-specs/specification/datafactory/resource-manager/Microsoft.DataFactory/preview/2017-09-01-preview/datafactory.json#/web-api/end-points/%2Fsubscriptions%2F%7BsubscriptionId%7D%2FresourceGroups%2F%7BresourceGroupName%7D%2Fproviders%2FMicrosoft.DataFactory%2Ffactories%2F%7BfactoryName%7D%2Fpipelineruns%2F%7BrunId%7D%2Factivityruns/get/request/parameter/endTime"
}, {
  "http://a.ml/vocabularies/apiContract#binding": "query",
  "http://a.ml/vocabularies/apiContract#paramName": "status",
  "http://a.ml/vocabularies/apiContract#required": "false",
  "http://a.ml/vocabularies/core#description": "The status of the pipeline run.",
  "http://a.ml/vocabularies/core#name": "status",
  "http://a.ml/vocabularies/shapes#schema": {
    "http://a.ml/vocabularies/core#description": "The status of the pipeline run.",
    "http://www.w3.org/ns/shacl#datatype": "http://www.w3.org/2001/XMLSchema#string",
    "http://www.w3.org/ns/shacl#name": "schema",
    "id": "file:///Users/abettati/sandbox/azure-rest-api-specs/specification/datafactory/resource-manager/Microsoft.DataFactory/preview/2017-09-01-preview/datafactory.json#/web-api/end-points/%2Fsubscriptions%2F%7BsubscriptionId%7D%2FresourceGroups%2F%7BresourceGroupName%7D%2Fproviders%2FMicrosoft.DataFactory%2Ffactories%2F%7BfactoryName%7D%2Fpipelineruns%2F%7BrunId%7D%2Factivityruns/get/request/parameter/status/scalar/schema"
  },
  "id": "file:///Users/abettati/sandbox/azure-rest-api-specs/specification/datafactory/resource-manager/Microsoft.DataFactory/preview/2017-09-01-preview/datafactory.json#/web-api/end-points/%2Fsubscriptions%2F%7BsubscriptionId%7D%2FresourceGroups%2F%7BresourceGroupName%7D%2Fproviders%2FMicrosoft.DataFactory%2Ffactories%2F%7BfactoryName%7D%2Fpipelineruns%2F%7BrunId%7D%2Factivityruns/get/request/parameter/status"
}, {
  "http://a.ml/vocabularies/apiContract#binding": "header",
  "http://a.ml/vocabularies/apiContract#paramName": "If-Match",
  "http://a.ml/vocabularies/apiContract#required": "false",
  "http://a.ml/vocabularies/core#description": "ETag of the trigger entity.  Should only be specified for update, for which it should match existing entity or can be * for unconditional update.",
  "http://a.ml/vocabularies/core#name": "If-Match",
  "http://a.ml/vocabularies/shapes#schema": {
    "http://a.ml/vocabularies/core#description": "ETag of the trigger entity.  Should only be specified for update, for which it should match existing entity or can be * for unconditional update.",
    "http://www.w3.org/ns/shacl#datatype": "http://www.w3.org/2001/XMLSchema#string",
    "http://www.w3.org/ns/shacl#name": "schema",
    "id": "file:///Users/abettati/sandbox/azure-rest-api-specs/specification/datafactory/resource-manager/Microsoft.DataFactory/preview/2017-09-01-preview/datafactory.json#/web-api/end-points/%2Fsubscriptions%2F%7BsubscriptionId%7D%2FresourceGroups%2F%7BresourceGroupName%7D%2Fproviders%2FMicrosoft.DataFactory%2Ffactories%2F%7BfactoryName%7D%2Ftriggers%2F%7BtriggerName%7D/put/request/parameter/If-Match/scalar/schema"
  },
  "id": "file:///Users/abettati/sandbox/azure-rest-api-specs/specification/datafactory/resource-manager/Microsoft.DataFactory/preview/2017-09-01-preview/datafactory.json#/web-api/end-points/%2Fsubscriptions%2F%7BsubscriptionId%7D%2FresourceGroups%2F%7BresourceGroupName%7D%2Fproviders%2FMicrosoft.DataFactory%2Ffactories%2F%7BfactoryName%7D%2Ftriggers%2F%7BtriggerName%7D/put/request/parameter/If-Match"
}, {
  "http://a.ml/vocabularies/apiContract#binding": "query",
  "http://a.ml/vocabularies/apiContract#paramName": "startTime",
  "http://a.ml/vocabularies/apiContract#required": "true",
  "http://a.ml/vocabularies/core#description": "Start time for trigger runs.",
  "http://a.ml/vocabularies/core#name": "startTime",
  "http://a.ml/vocabularies/shapes#schema": {
    "http://a.ml/vocabularies/core#description": "Start time for trigger runs.",
    "http://a.ml/vocabularies/shapes#format": "date-time",
    "http://www.w3.org/ns/shacl#datatype": "http://www.w3.org/2001/XMLSchema#dateTime",
    "http://www.w3.org/ns/shacl#name": "schema",
    "id": "file:///Users/abettati/sandbox/azure-rest-api-specs/specification/datafactory/resource-manager/Microsoft.DataFactory/preview/2017-09-01-preview/datafactory.json#/web-api/end-points/%2Fsubscriptions%2F%7BsubscriptionId%7D%2FresourceGroups%2F%7BresourceGroupName%7D%2Fproviders%2FMicrosoft.DataFactory%2Ffactories%2F%7BfactoryName%7D%2Ftriggers%2F%7BtriggerName%7D%2Ftriggerruns/get/request/parameter/startTime/scalar/schema"
  },
  "id": "file:///Users/abettati/sandbox/azure-rest-api-specs/specification/datafactory/resource-manager/Microsoft.DataFactory/preview/2017-09-01-preview/datafactory.json#/web-api/end-points/%2Fsubscriptions%2F%7BsubscriptionId%7D%2FresourceGroups%2F%7BresourceGroupName%7D%2Fproviders%2FMicrosoft.DataFactory%2Ffactories%2F%7BfactoryName%7D%2Ftriggers%2F%7BtriggerName%7D%2Ftriggerruns/get/request/parameter/startTime"
}, {
  "http://a.ml/vocabularies/apiContract#binding": "query",
  "http://a.ml/vocabularies/apiContract#paramName": "endTime",
  "http://a.ml/vocabularies/apiContract#required": "true",
  "http://a.ml/vocabularies/core#description": "End time for trigger runs.",
  "http://a.ml/vocabularies/core#name": "endTime",
  "http://a.ml/vocabularies/shapes#schema": {
    "http://a.ml/vocabularies/core#description": "End time for trigger runs.",
    "http://a.ml/vocabularies/shapes#format": "date-time",
    "http://www.w3.org/ns/shacl#datatype": "http://www.w3.org/2001/XMLSchema#dateTime",
    "http://www.w3.org/ns/shacl#name": "schema",
    "id": "file:///Users/abettati/sandbox/azure-rest-api-specs/specification/datafactory/resource-manager/Microsoft.DataFactory/preview/2017-09-01-preview/datafactory.json#/web-api/end-points/%2Fsubscriptions%2F%7BsubscriptionId%7D%2FresourceGroups%2F%7BresourceGroupName%7D%2Fproviders%2FMicrosoft.DataFactory%2Ffactories%2F%7BfactoryName%7D%2Ftriggers%2F%7BtriggerName%7D%2Ftriggerruns/get/request/parameter/endTime/scalar/schema"
  },
  "id": "file:///Users/abettati/sandbox/azure-rest-api-specs/specification/datafactory/resource-manager/Microsoft.DataFactory/preview/2017-09-01-preview/datafactory.json#/web-api/end-points/%2Fsubscriptions%2F%7BsubscriptionId%7D%2FresourceGroups%2F%7BresourceGroupName%7D%2Fproviders%2FMicrosoft.DataFactory%2Ffactories%2F%7BfactoryName%7D%2Ftriggers%2F%7BtriggerName%7D%2Ftriggerruns/get/request/parameter/endTime"
}]