[{
  "http://a.ml/vocabularies/apiContract#binding": "path",
  "http://a.ml/vocabularies/apiContract#paramName": "privateEndpointConnectionName",
  "http://a.ml/vocabularies/apiContract#required": "true",
  "http://a.ml/vocabularies/core#description": "Name of the private endpoint connection associated with the key vault.",
  "http://a.ml/vocabularies/core#name": "PrivateEndpointConnectionName",
  "http://a.ml/vocabularies/document#customDomainProperties": [{
    "http://a.ml/vocabularies/core#extensionName": "ms-parameter-location",
    "http://a.ml/vocabularies/document#definedBy": {
      "http://a.ml/vocabularies/core#name": null,
      "id": "file:///Users/abettati/sandbox/azure-rest-api-specs/specification/keyvault/resource-manager/Microsoft.KeyVault/stable/2019-09-01/keyvault.json#/declarations/parameters/parameter/PrivateEndpointConnectionName/ms-parameter-location"
    },
    "http://a.ml/vocabularies/document#extension": {
      "http://a.ml/vocabularies/core#name": null,
      "http://a.ml/vocabularies/data#value": null,
      "http://www.w3.org/ns/shacl#datatype": null,
      "id": "file:///Users/abettati/sandbox/azure-rest-api-specs/specification/keyvault/resource-manager/Microsoft.KeyVault/stable/2019-09-01/keyvault.json#/declarations/parameters/parameter/PrivateEndpointConnectionName/ms-parameter-location/scalar_1"
    },
    "id": "file:///Users/abettati/sandbox/azure-rest-api-specs/specification/keyvault/resource-manager/Microsoft.KeyVault/stable/2019-09-01/keyvault.json#/declarations/parameters/parameter/PrivateEndpointConnectionName/extension/ms-parameter-location"
  }],
  "http://a.ml/vocabularies/shapes#schema": {
    "http://a.ml/vocabularies/core#description": "Name of the private endpoint connection associated with the key vault.",
    "http://a.ml/vocabularies/document#customDomainProperties": [{
      "http://a.ml/vocabularies/core#extensionName": null,
      "http://a.ml/vocabularies/document#definedBy": null,
      "http://a.ml/vocabularies/document#extension": null,
      "id": "file:///Users/abettati/sandbox/azure-rest-api-specs/specification/keyvault/resource-manager/Microsoft.KeyVault/stable/2019-09-01/keyvault.json#/declarations/parameters/parameter/PrivateEndpointConnectionName/scalar/schema/extension/ms-parameter-location"
    }],
    "http://www.w3.org/ns/shacl#datatype": "http://www.w3.org/2001/XMLSchema#string",
    "http://www.w3.org/ns/shacl#name": "schema",
    "id": "file:///Users/abettati/sandbox/azure-rest-api-specs/specification/keyvault/resource-manager/Microsoft.KeyVault/stable/2019-09-01/keyvault.json#/declarations/parameters/parameter/PrivateEndpointConnectionName/scalar/schema"
  },
  "id": "file:///Users/abettati/sandbox/azure-rest-api-specs/specification/keyvault/resource-manager/Microsoft.KeyVault/stable/2019-09-01/keyvault.json#/declarations/parameters/parameter/PrivateEndpointConnectionName"
}, {
  "http://a.ml/vocabularies/apiContract#binding": "path",
  "http://a.ml/vocabularies/apiContract#paramName": "resourceGroupName",
  "http://a.ml/vocabularies/apiContract#required": "true",
  "http://a.ml/vocabularies/core#description": "Name of the resource group that contains the key vault.",
  "http://a.ml/vocabularies/core#name": "ResourceGroupName",
  "http://a.ml/vocabularies/document#customDomainProperties": [{
    "http://a.ml/vocabularies/core#extensionName": "ms-parameter-location",
    "http://a.ml/vocabularies/document#definedBy": {
      "http://a.ml/vocabularies/core#name": null,
      "id": "file:///Users/abettati/sandbox/azure-rest-api-specs/specification/keyvault/resource-manager/Microsoft.KeyVault/stable/2019-09-01/keyvault.json#/declarations/parameters/parameter/ResourceGroupName/ms-parameter-location"
    },
    "http://a.ml/vocabularies/document#extension": {
      "http://a.ml/vocabularies/core#name": null,
      "http://a.ml/vocabularies/data#value": null,
      "http://www.w3.org/ns/shacl#datatype": null,
      "id": "file:///Users/abettati/sandbox/azure-rest-api-specs/specification/keyvault/resource-manager/Microsoft.KeyVault/stable/2019-09-01/keyvault.json#/declarations/parameters/parameter/ResourceGroupName/ms-parameter-location/scalar_1"
    },
    "id": "file:///Users/abettati/sandbox/azure-rest-api-specs/specification/keyvault/resource-manager/Microsoft.KeyVault/stable/2019-09-01/keyvault.json#/declarations/parameters/parameter/ResourceGroupName/extension/ms-parameter-location"
  }],
  "http://a.ml/vocabularies/shapes#schema": {
    "http://a.ml/vocabularies/core#description": "Name of the resource group that contains the key vault.",
    "http://a.ml/vocabularies/document#customDomainProperties": [{
      "http://a.ml/vocabularies/core#extensionName": null,
      "http://a.ml/vocabularies/document#definedBy": null,
      "http://a.ml/vocabularies/document#extension": null,
      "id": "file:///Users/abettati/sandbox/azure-rest-api-specs/specification/keyvault/resource-manager/Microsoft.KeyVault/stable/2019-09-01/keyvault.json#/declarations/parameters/parameter/ResourceGroupName/scalar/schema/extension/ms-parameter-location"
    }],
    "http://www.w3.org/ns/shacl#datatype": "http://www.w3.org/2001/XMLSchema#string",
    "http://www.w3.org/ns/shacl#name": "schema",
    "id": "file:///Users/abettati/sandbox/azure-rest-api-specs/specification/keyvault/resource-manager/Microsoft.KeyVault/stable/2019-09-01/keyvault.json#/declarations/parameters/parameter/ResourceGroupName/scalar/schema"
  },
  "id": "file:///Users/abettati/sandbox/azure-rest-api-specs/specification/keyvault/resource-manager/Microsoft.KeyVault/stable/2019-09-01/keyvault.json#/declarations/parameters/parameter/ResourceGroupName"
}, {
  "http://a.ml/vocabularies/apiContract#binding": "query",
  "http://a.ml/vocabularies/apiContract#paramName": "api-version",
  "http://a.ml/vocabularies/apiContract#required": "true",
  "http://a.ml/vocabularies/core#description": "Client Api Version.",
  "http://a.ml/vocabularies/core#name": "ApiVersionParameter",
  "http://a.ml/vocabularies/shapes#schema": {
    "http://a.ml/vocabularies/core#description": "Client Api Version.",
    "http://www.w3.org/ns/shacl#datatype": "http://www.w3.org/2001/XMLSchema#string",
    "http://www.w3.org/ns/shacl#name": "schema",
    "id": "file:///Users/abettati/sandbox/azure-rest-api-specs/specification/keyvault/resource-manager/Microsoft.KeyVault/stable/2019-09-01/keyvault.json#/declarations/parameters/parameter/ApiVersionParameter/scalar/schema"
  },
  "id": "file:///Users/abettati/sandbox/azure-rest-api-specs/specification/keyvault/resource-manager/Microsoft.KeyVault/stable/2019-09-01/keyvault.json#/declarations/parameters/parameter/ApiVersionParameter"
}, {
  "http://a.ml/vocabularies/apiContract#binding": "path",
  "http://a.ml/vocabularies/apiContract#paramName": "subscriptionId",
  "http://a.ml/vocabularies/apiContract#required": "true",
  "http://a.ml/vocabularies/core#description": "Subscription credentials which uniquely identify Microsoft Azure subscription. The subscription ID forms part of the URI for every service call.",
  "http://a.ml/vocabularies/core#name": "SubscriptionIdParameter",
  "http://a.ml/vocabularies/shapes#schema": {
    "http://a.ml/vocabularies/core#description": "Subscription credentials which uniquely identify Microsoft Azure subscription. The subscription ID forms part of the URI for every service call.",
    "http://www.w3.org/ns/shacl#datatype": "http://www.w3.org/2001/XMLSchema#string",
    "http://www.w3.org/ns/shacl#name": "schema",
    "id": "file:///Users/abettati/sandbox/azure-rest-api-specs/specification/keyvault/resource-manager/Microsoft.KeyVault/stable/2019-09-01/keyvault.json#/declarations/parameters/parameter/SubscriptionIdParameter/scalar/schema"
  },
  "id": "file:///Users/abettati/sandbox/azure-rest-api-specs/specification/keyvault/resource-manager/Microsoft.KeyVault/stable/2019-09-01/keyvault.json#/declarations/parameters/parameter/SubscriptionIdParameter"
}, {
  "http://a.ml/vocabularies/apiContract#binding": "path",
  "http://a.ml/vocabularies/apiContract#paramName": "vaultName",
  "http://a.ml/vocabularies/apiContract#required": "true",
  "http://a.ml/vocabularies/core#description": "The name of the key vault.",
  "http://a.ml/vocabularies/core#name": "VaultName",
  "http://a.ml/vocabularies/document#customDomainProperties": [{
    "http://a.ml/vocabularies/core#extensionName": "ms-parameter-location",
    "http://a.ml/vocabularies/document#definedBy": {
      "http://a.ml/vocabularies/core#name": null,
      "id": "file:///Users/abettati/sandbox/azure-rest-api-specs/specification/keyvault/resource-manager/Microsoft.KeyVault/stable/2019-09-01/keyvault.json#/declarations/parameters/parameter/VaultName/ms-parameter-location"
    },
    "http://a.ml/vocabularies/document#extension": {
      "http://a.ml/vocabularies/core#name": null,
      "http://a.ml/vocabularies/data#value": null,
      "http://www.w3.org/ns/shacl#datatype": null,
      "id": "file:///Users/abettati/sandbox/azure-rest-api-specs/specification/keyvault/resource-manager/Microsoft.KeyVault/stable/2019-09-01/keyvault.json#/declarations/parameters/parameter/VaultName/ms-parameter-location/scalar_1"
    },
    "id": "file:///Users/abettati/sandbox/azure-rest-api-specs/specification/keyvault/resource-manager/Microsoft.KeyVault/stable/2019-09-01/keyvault.json#/declarations/parameters/parameter/VaultName/extension/ms-parameter-location"
  }],
  "http://a.ml/vocabularies/shapes#schema": {
    "http://a.ml/vocabularies/core#description": "The name of the key vault.",
    "http://a.ml/vocabularies/document#customDomainProperties": [{
      "http://a.ml/vocabularies/core#extensionName": null,
      "http://a.ml/vocabularies/document#definedBy": null,
      "http://a.ml/vocabularies/document#extension": null,
      "id": "file:///Users/abettati/sandbox/azure-rest-api-specs/specification/keyvault/resource-manager/Microsoft.KeyVault/stable/2019-09-01/keyvault.json#/declarations/parameters/parameter/VaultName/scalar/schema/extension/ms-parameter-location"
    }],
    "http://www.w3.org/ns/shacl#datatype": "http://www.w3.org/2001/XMLSchema#string",
    "http://www.w3.org/ns/shacl#name": "schema",
    "http://www.w3.org/ns/shacl#pattern": "^[a-zA-Z0-9-]{3,24}$",
    "id": "file:///Users/abettati/sandbox/azure-rest-api-specs/specification/keyvault/resource-manager/Microsoft.KeyVault/stable/2019-09-01/keyvault.json#/declarations/parameters/parameter/VaultName/scalar/schema"
  },
  "id": "file:///Users/abettati/sandbox/azure-rest-api-specs/specification/keyvault/resource-manager/Microsoft.KeyVault/stable/2019-09-01/keyvault.json#/declarations/parameters/parameter/VaultName"
}, {
  "http://a.ml/vocabularies/apiContract#binding": "path",
  "http://a.ml/vocabularies/apiContract#paramName": "resourceGroupName",
  "http://a.ml/vocabularies/apiContract#required": "true",
  "http://a.ml/vocabularies/core#description": "The name of the Resource Group to which the server belongs.",
  "http://a.ml/vocabularies/core#name": "resourceGroupName",
  "http://a.ml/vocabularies/shapes#schema": {
    "http://a.ml/vocabularies/core#description": "The name of the Resource Group to which the server belongs.",
    "http://www.w3.org/ns/shacl#datatype": "http://www.w3.org/2001/XMLSchema#string",
    "http://www.w3.org/ns/shacl#name": "schema",
    "id": "file:///Users/abettati/sandbox/azure-rest-api-specs/specification/keyvault/resource-manager/Microsoft.KeyVault/stable/2019-09-01/keyvault.json#/web-api/end-points/%2Fsubscriptions%2F%7BsubscriptionId%7D%2FresourceGroups%2F%7BresourceGroupName%7D%2Fproviders%2FMicrosoft.KeyVault%2Fvaults%2F%7BvaultName%7D/put/request/parameter/resourceGroupName/scalar/schema"
  },
  "id": "file:///Users/abettati/sandbox/azure-rest-api-specs/specification/keyvault/resource-manager/Microsoft.KeyVault/stable/2019-09-01/keyvault.json#/web-api/end-points/%2Fsubscriptions%2F%7BsubscriptionId%7D%2FresourceGroups%2F%7BresourceGroupName%7D%2Fproviders%2FMicrosoft.KeyVault%2Fvaults%2F%7BvaultName%7D/put/request/parameter/resourceGroupName"
}, {
  "http://a.ml/vocabularies/apiContract#binding": "path",
  "http://a.ml/vocabularies/apiContract#paramName": "vaultName",
  "http://a.ml/vocabularies/apiContract#required": "true",
  "http://a.ml/vocabularies/core#description": "Name of the vault",
  "http://a.ml/vocabularies/core#name": "vaultName",
  "http://a.ml/vocabularies/shapes#schema": {
    "http://a.ml/vocabularies/core#description": "Name of the vault",
    "http://www.w3.org/ns/shacl#datatype": "http://www.w3.org/2001/XMLSchema#string",
    "http://www.w3.org/ns/shacl#name": "schema",
    "http://www.w3.org/ns/shacl#pattern": "^[a-zA-Z0-9-]{3,24}$",
    "id": "file:///Users/abettati/sandbox/azure-rest-api-specs/specification/keyvault/resource-manager/Microsoft.KeyVault/stable/2019-09-01/keyvault.json#/web-api/end-points/%2Fsubscriptions%2F%7BsubscriptionId%7D%2FresourceGroups%2F%7BresourceGroupName%7D%2Fproviders%2FMicrosoft.KeyVault%2Fvaults%2F%7BvaultName%7D/put/request/parameter/vaultName/scalar/schema"
  },
  "id": "file:///Users/abettati/sandbox/azure-rest-api-specs/specification/keyvault/resource-manager/Microsoft.KeyVault/stable/2019-09-01/keyvault.json#/web-api/end-points/%2Fsubscriptions%2F%7BsubscriptionId%7D%2FresourceGroups%2F%7BresourceGroupName%7D%2Fproviders%2FMicrosoft.KeyVault%2Fvaults%2F%7BvaultName%7D/put/request/parameter/vaultName"
}, {
  "http://a.ml/vocabularies/apiContract#binding": "path",
  "http://a.ml/vocabularies/apiContract#paramName": "resourceGroupName",
  "http://a.ml/vocabularies/apiContract#required": "true",
  "http://a.ml/vocabularies/core#description": "The name of the Resource Group to which the server belongs.",
  "http://a.ml/vocabularies/core#name": "resourceGroupName",
  "http://a.ml/vocabularies/shapes#schema": {
    "http://a.ml/vocabularies/core#description": "The name of the Resource Group to which the server belongs.",
    "http://www.w3.org/ns/shacl#datatype": "http://www.w3.org/2001/XMLSchema#string",
    "http://www.w3.org/ns/shacl#name": "schema",
    "id": "file:///Users/abettati/sandbox/azure-rest-api-specs/specification/keyvault/resource-manager/Microsoft.KeyVault/stable/2019-09-01/keyvault.json#/web-api/end-points/%2Fsubscriptions%2F%7BsubscriptionId%7D%2FresourceGroups%2F%7BresourceGroupName%7D%2Fproviders%2FMicrosoft.KeyVault%2Fvaults%2F%7BvaultName%7D/patch/request/parameter/resourceGroupName/scalar/schema"
  },
  "id": "file:///Users/abettati/sandbox/azure-rest-api-specs/specification/keyvault/resource-manager/Microsoft.KeyVault/stable/2019-09-01/keyvault.json#/web-api/end-points/%2Fsubscriptions%2F%7BsubscriptionId%7D%2FresourceGroups%2F%7BresourceGroupName%7D%2Fproviders%2FMicrosoft.KeyVault%2Fvaults%2F%7BvaultName%7D/patch/request/parameter/resourceGroupName"
}, {
  "http://a.ml/vocabularies/apiContract#binding": "path",
  "http://a.ml/vocabularies/apiContract#paramName": "vaultName",
  "http://a.ml/vocabularies/apiContract#required": "true",
  "http://a.ml/vocabularies/core#description": "Name of the vault",
  "http://a.ml/vocabularies/core#name": "vaultName",
  "http://a.ml/vocabularies/shapes#schema": {
    "http://a.ml/vocabularies/core#description": "Name of the vault",
    "http://www.w3.org/ns/shacl#datatype": "http://www.w3.org/2001/XMLSchema#string",
    "http://www.w3.org/ns/shacl#name": "schema",
    "http://www.w3.org/ns/shacl#pattern": "^[a-zA-Z0-9-]{3,24}$",
    "id": "file:///Users/abettati/sandbox/azure-rest-api-specs/specification/keyvault/resource-manager/Microsoft.KeyVault/stable/2019-09-01/keyvault.json#/web-api/end-points/%2Fsubscriptions%2F%7BsubscriptionId%7D%2FresourceGroups%2F%7BresourceGroupName%7D%2Fproviders%2FMicrosoft.KeyVault%2Fvaults%2F%7BvaultName%7D/patch/request/parameter/vaultName/scalar/schema"
  },
  "id": "file:///Users/abettati/sandbox/azure-rest-api-specs/specification/keyvault/resource-manager/Microsoft.KeyVault/stable/2019-09-01/keyvault.json#/web-api/end-points/%2Fsubscriptions%2F%7BsubscriptionId%7D%2FresourceGroups%2F%7BresourceGroupName%7D%2Fproviders%2FMicrosoft.KeyVault%2Fvaults%2F%7BvaultName%7D/patch/request/parameter/vaultName"
}, {
  "http://a.ml/vocabularies/apiContract#binding": "path",
  "http://a.ml/vocabularies/apiContract#paramName": "resourceGroupName",
  "http://a.ml/vocabularies/apiContract#required": "true",
  "http://a.ml/vocabularies/core#description": "The name of the Resource Group to which the vault belongs.",
  "http://a.ml/vocabularies/core#name": "resourceGroupName",
  "http://a.ml/vocabularies/shapes#schema": {
    "http://a.ml/vocabularies/core#description": "The name of the Resource Group to which the vault belongs.",
    "http://www.w3.org/ns/shacl#datatype": "http://www.w3.org/2001/XMLSchema#string",
    "http://www.w3.org/ns/shacl#name": "schema",
    "id": "file:///Users/abettati/sandbox/azure-rest-api-specs/specification/keyvault/resource-manager/Microsoft.KeyVault/stable/2019-09-01/keyvault.json#/web-api/end-points/%2Fsubscriptions%2F%7BsubscriptionId%7D%2FresourceGroups%2F%7BresourceGroupName%7D%2Fproviders%2FMicrosoft.KeyVault%2Fvaults%2F%7BvaultName%7D/delete/request/parameter/resourceGroupName/scalar/schema"
  },
  "id": "file:///Users/abettati/sandbox/azure-rest-api-specs/specification/keyvault/resource-manager/Microsoft.KeyVault/stable/2019-09-01/keyvault.json#/web-api/end-points/%2Fsubscriptions%2F%7BsubscriptionId%7D%2FresourceGroups%2F%7BresourceGroupName%7D%2Fproviders%2FMicrosoft.KeyVault%2Fvaults%2F%7BvaultName%7D/delete/request/parameter/resourceGroupName"
}, {
  "http://a.ml/vocabularies/apiContract#binding": "path",
  "http://a.ml/vocabularies/apiContract#paramName": "vaultName",
  "http://a.ml/vocabularies/apiContract#required": "true",
  "http://a.ml/vocabularies/core#description": "The name of the vault to delete",
  "http://a.ml/vocabularies/core#name": "vaultName",
  "http://a.ml/vocabularies/shapes#schema": {
    "http://a.ml/vocabularies/core#description": "The name of the vault to delete",
    "http://www.w3.org/ns/shacl#datatype": "http://www.w3.org/2001/XMLSchema#string",
    "http://www.w3.org/ns/shacl#name": "schema",
    "id": "file:///Users/abettati/sandbox/azure-rest-api-specs/specification/keyvault/resource-manager/Microsoft.KeyVault/stable/2019-09-01/keyvault.json#/web-api/end-points/%2Fsubscriptions%2F%7BsubscriptionId%7D%2FresourceGroups%2F%7BresourceGroupName%7D%2Fproviders%2FMicrosoft.KeyVault%2Fvaults%2F%7BvaultName%7D/delete/request/parameter/vaultName/scalar/schema"
  },
  "id": "file:///Users/abettati/sandbox/azure-rest-api-specs/specification/keyvault/resource-manager/Microsoft.KeyVault/stable/2019-09-01/keyvault.json#/web-api/end-points/%2Fsubscriptions%2F%7BsubscriptionId%7D%2FresourceGroups%2F%7BresourceGroupName%7D%2Fproviders%2FMicrosoft.KeyVault%2Fvaults%2F%7BvaultName%7D/delete/request/parameter/vaultName"
}, {
  "http://a.ml/vocabularies/apiContract#binding": "path",
  "http://a.ml/vocabularies/apiContract#paramName": "resourceGroupName",
  "http://a.ml/vocabularies/apiContract#required": "true",
  "http://a.ml/vocabularies/core#description": "The name of the Resource Group to which the vault belongs.",
  "http://a.ml/vocabularies/core#name": "resourceGroupName",
  "http://a.ml/vocabularies/shapes#schema": {
    "http://a.ml/vocabularies/core#description": "The name of the Resource Group to which the vault belongs.",
    "http://www.w3.org/ns/shacl#datatype": "http://www.w3.org/2001/XMLSchema#string",
    "http://www.w3.org/ns/shacl#name": "schema",
    "id": "file:///Users/abettati/sandbox/azure-rest-api-specs/specification/keyvault/resource-manager/Microsoft.KeyVault/stable/2019-09-01/keyvault.json#/web-api/end-points/%2Fsubscriptions%2F%7BsubscriptionId%7D%2FresourceGroups%2F%7BresourceGroupName%7D%2Fproviders%2FMicrosoft.KeyVault%2Fvaults%2F%7BvaultName%7D/get/request/parameter/resourceGroupName/scalar/schema"
  },
  "id": "file:///Users/abettati/sandbox/azure-rest-api-specs/specification/keyvault/resource-manager/Microsoft.KeyVault/stable/2019-09-01/keyvault.json#/web-api/end-points/%2Fsubscriptions%2F%7BsubscriptionId%7D%2FresourceGroups%2F%7BresourceGroupName%7D%2Fproviders%2FMicrosoft.KeyVault%2Fvaults%2F%7BvaultName%7D/get/request/parameter/resourceGroupName"
}, {
  "http://a.ml/vocabularies/apiContract#binding": "path",
  "http://a.ml/vocabularies/apiContract#paramName": "vaultName",
  "http://a.ml/vocabularies/apiContract#required": "true",
  "http://a.ml/vocabularies/core#description": "The name of the vault.",
  "http://a.ml/vocabularies/core#name": "vaultName",
  "http://a.ml/vocabularies/shapes#schema": {
    "http://a.ml/vocabularies/core#description": "The name of the vault.",
    "http://www.w3.org/ns/shacl#datatype": "http://www.w3.org/2001/XMLSchema#string",
    "http://www.w3.org/ns/shacl#name": "schema",
    "id": "file:///Users/abettati/sandbox/azure-rest-api-specs/specification/keyvault/resource-manager/Microsoft.KeyVault/stable/2019-09-01/keyvault.json#/web-api/end-points/%2Fsubscriptions%2F%7BsubscriptionId%7D%2FresourceGroups%2F%7BresourceGroupName%7D%2Fproviders%2FMicrosoft.KeyVault%2Fvaults%2F%7BvaultName%7D/get/request/parameter/vaultName/scalar/schema"
  },
  "id": "file:///Users/abettati/sandbox/azure-rest-api-specs/specification/keyvault/resource-manager/Microsoft.KeyVault/stable/2019-09-01/keyvault.json#/web-api/end-points/%2Fsubscriptions%2F%7BsubscriptionId%7D%2FresourceGroups%2F%7BresourceGroupName%7D%2Fproviders%2FMicrosoft.KeyVault%2Fvaults%2F%7BvaultName%7D/get/request/parameter/vaultName"
}, {
  "http://a.ml/vocabularies/apiContract#binding": "path",
  "http://a.ml/vocabularies/apiContract#paramName": "resourceGroupName",
  "http://a.ml/vocabularies/apiContract#required": "true",
  "http://a.ml/vocabularies/core#description": "The name of the Resource Group to which the vault belongs.",
  "http://a.ml/vocabularies/core#name": "resourceGroupName",
  "http://a.ml/vocabularies/shapes#schema": {
    "http://a.ml/vocabularies/core#description": "The name of the Resource Group to which the vault belongs.",
    "http://www.w3.org/ns/shacl#datatype": "http://www.w3.org/2001/XMLSchema#string",
    "http://www.w3.org/ns/shacl#name": "schema",
    "id": "file:///Users/abettati/sandbox/azure-rest-api-specs/specification/keyvault/resource-manager/Microsoft.KeyVault/stable/2019-09-01/keyvault.json#/web-api/end-points/%2Fsubscriptions%2F%7BsubscriptionId%7D%2FresourceGroups%2F%7BresourceGroupName%7D%2Fproviders%2FMicrosoft.KeyVault%2Fvaults%2F%7BvaultName%7D%2FaccessPolicies%2F%7BoperationKind%7D/put/request/parameter/resourceGroupName/scalar/schema"
  },
  "id": "file:///Users/abettati/sandbox/azure-rest-api-specs/specification/keyvault/resource-manager/Microsoft.KeyVault/stable/2019-09-01/keyvault.json#/web-api/end-points/%2Fsubscriptions%2F%7BsubscriptionId%7D%2FresourceGroups%2F%7BresourceGroupName%7D%2Fproviders%2FMicrosoft.KeyVault%2Fvaults%2F%7BvaultName%7D%2FaccessPolicies%2F%7BoperationKind%7D/put/request/parameter/resourceGroupName"
}, {
  "http://a.ml/vocabularies/apiContract#binding": "path",
  "http://a.ml/vocabularies/apiContract#paramName": "vaultName",
  "http://a.ml/vocabularies/apiContract#required": "true",
  "http://a.ml/vocabularies/core#description": "Name of the vault",
  "http://a.ml/vocabularies/core#name": "vaultName",
  "http://a.ml/vocabularies/shapes#schema": {
    "http://a.ml/vocabularies/core#description": "Name of the vault",
    "http://www.w3.org/ns/shacl#datatype": "http://www.w3.org/2001/XMLSchema#string",
    "http://www.w3.org/ns/shacl#name": "schema",
    "http://www.w3.org/ns/shacl#pattern": "^[a-zA-Z0-9-]{3,24}$",
    "id": "file:///Users/abettati/sandbox/azure-rest-api-specs/specification/keyvault/resource-manager/Microsoft.KeyVault/stable/2019-09-01/keyvault.json#/web-api/end-points/%2Fsubscriptions%2F%7BsubscriptionId%7D%2FresourceGroups%2F%7BresourceGroupName%7D%2Fproviders%2FMicrosoft.KeyVault%2Fvaults%2F%7BvaultName%7D%2FaccessPolicies%2F%7BoperationKind%7D/put/request/parameter/vaultName/scalar/schema"
  },
  "id": "file:///Users/abettati/sandbox/azure-rest-api-specs/specification/keyvault/resource-manager/Microsoft.KeyVault/stable/2019-09-01/keyvault.json#/web-api/end-points/%2Fsubscriptions%2F%7BsubscriptionId%7D%2FresourceGroups%2F%7BresourceGroupName%7D%2Fproviders%2FMicrosoft.KeyVault%2Fvaults%2F%7BvaultName%7D%2FaccessPolicies%2F%7BoperationKind%7D/put/request/parameter/vaultName"
}, {
  "http://a.ml/vocabularies/apiContract#binding": "path",
  "http://a.ml/vocabularies/apiContract#paramName": "operationKind",
  "http://a.ml/vocabularies/apiContract#required": "true",
  "http://a.ml/vocabularies/core#description": "Name of the operation",
  "http://a.ml/vocabularies/core#name": "operationKind",
  "http://a.ml/vocabularies/document#customDomainProperties": [{
    "http://a.ml/vocabularies/core#extensionName": "ms-enum",
    "http://a.ml/vocabularies/document#definedBy": {
      "http://a.ml/vocabularies/core#name": null,
      "id": "file:///Users/abettati/sandbox/azure-rest-api-specs/specification/keyvault/resource-manager/Microsoft.KeyVault/stable/2019-09-01/keyvault.json#/web-api/end-points/%2Fsubscriptions%2F%7BsubscriptionId%7D%2FresourceGroups%2F%7BresourceGroupName%7D%2Fproviders%2FMicrosoft.KeyVault%2Fvaults%2F%7BvaultName%7D%2FaccessPolicies%2F%7BoperationKind%7D/put/request/parameter/operationKind/ms-enum"
    },
    "http://a.ml/vocabularies/document#extension": {
      "http://a.ml/vocabularies/core#name": null,
      "http://a.ml/vocabularies/data#modelAsString": null,
      "http://a.ml/vocabularies/data#name": null,
      "id": "file:///Users/abettati/sandbox/azure-rest-api-specs/specification/keyvault/resource-manager/Microsoft.KeyVault/stable/2019-09-01/keyvault.json#/web-api/end-points/%2Fsubscriptions%2F%7BsubscriptionId%7D%2FresourceGroups%2F%7BresourceGroupName%7D%2Fproviders%2FMicrosoft.KeyVault%2Fvaults%2F%7BvaultName%7D%2FaccessPolicies%2F%7BoperationKind%7D/put/request/parameter/operationKind/ms-enum/object_1"
    },
    "id": "file:///Users/abettati/sandbox/azure-rest-api-specs/specification/keyvault/resource-manager/Microsoft.KeyVault/stable/2019-09-01/keyvault.json#/web-api/end-points/%2Fsubscriptions%2F%7BsubscriptionId%7D%2FresourceGroups%2F%7BresourceGroupName%7D%2Fproviders%2FMicrosoft.KeyVault%2Fvaults%2F%7BvaultName%7D%2FaccessPolicies%2F%7BoperationKind%7D/put/request/parameter/operationKind/extension/ms-enum"
  }],
  "http://a.ml/vocabularies/shapes#schema": {
    "http://a.ml/vocabularies/core#description": "Name of the operation",
    "http://a.ml/vocabularies/document#customDomainProperties": [{
      "http://a.ml/vocabularies/core#extensionName": null,
      "http://a.ml/vocabularies/document#definedBy": null,
      "http://a.ml/vocabularies/document#extension": null,
      "id": "file:///Users/abettati/sandbox/azure-rest-api-specs/specification/keyvault/resource-manager/Microsoft.KeyVault/stable/2019-09-01/keyvault.json#/web-api/end-points/%2Fsubscriptions%2F%7BsubscriptionId%7D%2FresourceGroups%2F%7BresourceGroupName%7D%2Fproviders%2FMicrosoft.KeyVault%2Fvaults%2F%7BvaultName%7D%2FaccessPolicies%2F%7BoperationKind%7D/put/request/parameter/operationKind/scalar/schema/extension/ms-enum"
    }],
    "http://www.w3.org/ns/shacl#datatype": "http://www.w3.org/2001/XMLSchema#string",
    "http://www.w3.org/ns/shacl#in": [{
      "http://a.ml/vocabularies/core#name": null,
      "http://a.ml/vocabularies/data#value": null,
      "http://www.w3.org/ns/shacl#datatype": null,
      "id": "file:///Users/abettati/sandbox/azure-rest-api-specs/specification/keyvault/resource-manager/Microsoft.KeyVault/stable/2019-09-01/keyvault.json#/web-api/end-points/%2Fsubscriptions%2F%7BsubscriptionId%7D%2FresourceGroups%2F%7BresourceGroupName%7D%2Fproviders%2FMicrosoft.KeyVault%2Fvaults%2F%7BvaultName%7D%2FaccessPolicies%2F%7BoperationKind%7D/put/request/parameter/operationKind/scalar/schema/enum/scalar_1"
    }, {
      "http://a.ml/vocabularies/core#name": null,
      "http://a.ml/vocabularies/data#value": null,
      "http://www.w3.org/ns/shacl#datatype": null,
      "id": "file:///Users/abettati/sandbox/azure-rest-api-specs/specification/keyvault/resource-manager/Microsoft.KeyVault/stable/2019-09-01/keyvault.json#/web-api/end-points/%2Fsubscriptions%2F%7BsubscriptionId%7D%2FresourceGroups%2F%7BresourceGroupName%7D%2Fproviders%2FMicrosoft.KeyVault%2Fvaults%2F%7BvaultName%7D%2FaccessPolicies%2F%7BoperationKind%7D/put/request/parameter/operationKind/scalar/schema/enum/scalar_2"
    }, {
      "http://a.ml/vocabularies/core#name": null,
      "http://a.ml/vocabularies/data#value": null,
      "http://www.w3.org/ns/shacl#datatype": null,
      "id": "file:///Users/abettati/sandbox/azure-rest-api-specs/specification/keyvault/resource-manager/Microsoft.KeyVault/stable/2019-09-01/keyvault.json#/web-api/end-points/%2Fsubscriptions%2F%7BsubscriptionId%7D%2FresourceGroups%2F%7BresourceGroupName%7D%2Fproviders%2FMicrosoft.KeyVault%2Fvaults%2F%7BvaultName%7D%2FaccessPolicies%2F%7BoperationKind%7D/put/request/parameter/operationKind/scalar/schema/enum/scalar_3"
    }],
    "http://www.w3.org/ns/shacl#name": "schema",
    "id": "file:///Users/abettati/sandbox/azure-rest-api-specs/specification/keyvault/resource-manager/Microsoft.KeyVault/stable/2019-09-01/keyvault.json#/web-api/end-points/%2Fsubscriptions%2F%7BsubscriptionId%7D%2FresourceGroups%2F%7BresourceGroupName%7D%2Fproviders%2FMicrosoft.KeyVault%2Fvaults%2F%7BvaultName%7D%2FaccessPolicies%2F%7BoperationKind%7D/put/request/parameter/operationKind/scalar/schema"
  },
  "id": "file:///Users/abettati/sandbox/azure-rest-api-specs/specification/keyvault/resource-manager/Microsoft.KeyVault/stable/2019-09-01/keyvault.json#/web-api/end-points/%2Fsubscriptions%2F%7BsubscriptionId%7D%2FresourceGroups%2F%7BresourceGroupName%7D%2Fproviders%2FMicrosoft.KeyVault%2Fvaults%2F%7BvaultName%7D%2FaccessPolicies%2F%7BoperationKind%7D/put/request/parameter/operationKind"
}, {
  "http://a.ml/vocabularies/apiContract#binding": "query",
  "http://a.ml/vocabularies/apiContract#paramName": "$top",
  "http://a.ml/vocabularies/apiContract#required": "false",
  "http://a.ml/vocabularies/core#description": "Maximum number of results to return.",
  "http://a.ml/vocabularies/core#name": "$top",
  "http://a.ml/vocabularies/shapes#schema": {
    "http://a.ml/vocabularies/core#description": "Maximum number of results to return.",
    "http://a.ml/vocabularies/shapes#format": "int32",
    "http://www.w3.org/ns/shacl#datatype": "http://www.w3.org/2001/XMLSchema#integer",
    "http://www.w3.org/ns/shacl#name": "schema",
    "id": "file:///Users/abettati/sandbox/azure-rest-api-specs/specification/keyvault/resource-manager/Microsoft.KeyVault/stable/2019-09-01/keyvault.json#/web-api/end-points/%2Fsubscriptions%2F%7BsubscriptionId%7D%2FresourceGroups%2F%7BresourceGroupName%7D%2Fproviders%2FMicrosoft.KeyVault%2Fvaults/get/request/parameter/%24top/scalar/schema"
  },
  "id": "file:///Users/abettati/sandbox/azure-rest-api-specs/specification/keyvault/resource-manager/Microsoft.KeyVault/stable/2019-09-01/keyvault.json#/web-api/end-points/%2Fsubscriptions%2F%7BsubscriptionId%7D%2FresourceGroups%2F%7BresourceGroupName%7D%2Fproviders%2FMicrosoft.KeyVault%2Fvaults/get/request/parameter/%24top"
}, {
  "http://a.ml/vocabularies/apiContract#binding": "path",
  "http://a.ml/vocabularies/apiContract#paramName": "resourceGroupName",
  "http://a.ml/vocabularies/apiContract#required": "true",
  "http://a.ml/vocabularies/core#description": "The name of the Resource Group to which the vault belongs.",
  "http://a.ml/vocabularies/core#name": "resourceGroupName",
  "http://a.ml/vocabularies/shapes#schema": {
    "http://a.ml/vocabularies/core#description": "The name of the Resource Group to which the vault belongs.",
    "http://www.w3.org/ns/shacl#datatype": "http://www.w3.org/2001/XMLSchema#string",
    "http://www.w3.org/ns/shacl#name": "schema",
    "id": "file:///Users/abettati/sandbox/azure-rest-api-specs/specification/keyvault/resource-manager/Microsoft.KeyVault/stable/2019-09-01/keyvault.json#/web-api/end-points/%2Fsubscriptions%2F%7BsubscriptionId%7D%2FresourceGroups%2F%7BresourceGroupName%7D%2Fproviders%2FMicrosoft.KeyVault%2Fvaults/get/request/parameter/resourceGroupName/scalar/schema"
  },
  "id": "file:///Users/abettati/sandbox/azure-rest-api-specs/specification/keyvault/resource-manager/Microsoft.KeyVault/stable/2019-09-01/keyvault.json#/web-api/end-points/%2Fsubscriptions%2F%7BsubscriptionId%7D%2FresourceGroups%2F%7BresourceGroupName%7D%2Fproviders%2FMicrosoft.KeyVault%2Fvaults/get/request/parameter/resourceGroupName"
}, {
  "http://a.ml/vocabularies/apiContract#binding": "query",
  "http://a.ml/vocabularies/apiContract#paramName": "$top",
  "http://a.ml/vocabularies/apiContract#required": "false",
  "http://a.ml/vocabularies/core#description": "Maximum number of results to return.",
  "http://a.ml/vocabularies/core#name": "$top",
  "http://a.ml/vocabularies/shapes#schema": {
    "http://a.ml/vocabularies/core#description": "Maximum number of results to return.",
    "http://a.ml/vocabularies/shapes#format": "int32",
    "http://www.w3.org/ns/shacl#datatype": "http://www.w3.org/2001/XMLSchema#integer",
    "http://www.w3.org/ns/shacl#name": "schema",
    "id": "file:///Users/abettati/sandbox/azure-rest-api-specs/specification/keyvault/resource-manager/Microsoft.KeyVault/stable/2019-09-01/keyvault.json#/web-api/end-points/%2Fsubscriptions%2F%7BsubscriptionId%7D%2Fproviders%2FMicrosoft.KeyVault%2Fvaults/get/request/parameter/%24top/scalar/schema"
  },
  "id": "file:///Users/abettati/sandbox/azure-rest-api-specs/specification/keyvault/resource-manager/Microsoft.KeyVault/stable/2019-09-01/keyvault.json#/web-api/end-points/%2Fsubscriptions%2F%7BsubscriptionId%7D%2Fproviders%2FMicrosoft.KeyVault%2Fvaults/get/request/parameter/%24top"
}, {
  "http://a.ml/vocabularies/apiContract#binding": "path",
  "http://a.ml/vocabularies/apiContract#paramName": "vaultName",
  "http://a.ml/vocabularies/apiContract#required": "true",
  "http://a.ml/vocabularies/core#description": "The name of the vault.",
  "http://a.ml/vocabularies/core#name": "vaultName",
  "http://a.ml/vocabularies/shapes#schema": {
    "http://a.ml/vocabularies/core#description": "The name of the vault.",
    "http://www.w3.org/ns/shacl#datatype": "http://www.w3.org/2001/XMLSchema#string",
    "http://www.w3.org/ns/shacl#name": "schema",
    "id": "file:///Users/abettati/sandbox/azure-rest-api-specs/specification/keyvault/resource-manager/Microsoft.KeyVault/stable/2019-09-01/keyvault.json#/web-api/end-points/%2Fsubscriptions%2F%7BsubscriptionId%7D%2Fproviders%2FMicrosoft.KeyVault%2Flocations%2F%7Blocation%7D%2FdeletedVaults%2F%7BvaultName%7D/get/request/parameter/vaultName/scalar/schema"
  },
  "id": "file:///Users/abettati/sandbox/azure-rest-api-specs/specification/keyvault/resource-manager/Microsoft.KeyVault/stable/2019-09-01/keyvault.json#/web-api/end-points/%2Fsubscriptions%2F%7BsubscriptionId%7D%2Fproviders%2FMicrosoft.KeyVault%2Flocations%2F%7Blocation%7D%2FdeletedVaults%2F%7BvaultName%7D/get/request/parameter/vaultName"
}, {
  "http://a.ml/vocabularies/apiContract#binding": "path",
  "http://a.ml/vocabularies/apiContract#paramName": "location",
  "http://a.ml/vocabularies/apiContract#required": "true",
  "http://a.ml/vocabularies/core#description": "The location of the deleted vault.",
  "http://a.ml/vocabularies/core#name": "location",
  "http://a.ml/vocabularies/shapes#schema": {
    "http://a.ml/vocabularies/core#description": "The location of the deleted vault.",
    "http://www.w3.org/ns/shacl#datatype": "http://www.w3.org/2001/XMLSchema#string",
    "http://www.w3.org/ns/shacl#name": "schema",
    "id": "file:///Users/abettati/sandbox/azure-rest-api-specs/specification/keyvault/resource-manager/Microsoft.KeyVault/stable/2019-09-01/keyvault.json#/web-api/end-points/%2Fsubscriptions%2F%7BsubscriptionId%7D%2Fproviders%2FMicrosoft.KeyVault%2Flocations%2F%7Blocation%7D%2FdeletedVaults%2F%7BvaultName%7D/get/request/parameter/location/scalar/schema"
  },
  "id": "file:///Users/abettati/sandbox/azure-rest-api-specs/specification/keyvault/resource-manager/Microsoft.KeyVault/stable/2019-09-01/keyvault.json#/web-api/end-points/%2Fsubscriptions%2F%7BsubscriptionId%7D%2Fproviders%2FMicrosoft.KeyVault%2Flocations%2F%7Blocation%7D%2FdeletedVaults%2F%7BvaultName%7D/get/request/parameter/location"
}, {
  "http://a.ml/vocabularies/apiContract#binding": "path",
  "http://a.ml/vocabularies/apiContract#paramName": "vaultName",
  "http://a.ml/vocabularies/apiContract#required": "true",
  "http://a.ml/vocabularies/core#description": "The name of the soft-deleted vault.",
  "http://a.ml/vocabularies/core#name": "vaultName",
  "http://a.ml/vocabularies/shapes#schema": {
    "http://a.ml/vocabularies/core#description": "The name of the soft-deleted vault.",
    "http://www.w3.org/ns/shacl#datatype": "http://www.w3.org/2001/XMLSchema#string",
    "http://www.w3.org/ns/shacl#name": "schema",
    "id": "file:///Users/abettati/sandbox/azure-rest-api-specs/specification/keyvault/resource-manager/Microsoft.KeyVault/stable/2019-09-01/keyvault.json#/web-api/end-points/%2Fsubscriptions%2F%7BsubscriptionId%7D%2Fproviders%2FMicrosoft.KeyVault%2Flocations%2F%7Blocation%7D%2FdeletedVaults%2F%7BvaultName%7D%2Fpurge/post/request/parameter/vaultName/scalar/schema"
  },
  "id": "file:///Users/abettati/sandbox/azure-rest-api-specs/specification/keyvault/resource-manager/Microsoft.KeyVault/stable/2019-09-01/keyvault.json#/web-api/end-points/%2Fsubscriptions%2F%7BsubscriptionId%7D%2Fproviders%2FMicrosoft.KeyVault%2Flocations%2F%7Blocation%7D%2FdeletedVaults%2F%7BvaultName%7D%2Fpurge/post/request/parameter/vaultName"
}, {
  "http://a.ml/vocabularies/apiContract#binding": "path",
  "http://a.ml/vocabularies/apiContract#paramName": "location",
  "http://a.ml/vocabularies/apiContract#required": "true",
  "http://a.ml/vocabularies/core#description": "The location of the soft-deleted vault.",
  "http://a.ml/vocabularies/core#name": "location",
  "http://a.ml/vocabularies/shapes#schema": {
    "http://a.ml/vocabularies/core#description": "The location of the soft-deleted vault.",
    "http://www.w3.org/ns/shacl#datatype": "http://www.w3.org/2001/XMLSchema#string",
    "http://www.w3.org/ns/shacl#name": "schema",
    "id": "file:///Users/abettati/sandbox/azure-rest-api-specs/specification/keyvault/resource-manager/Microsoft.KeyVault/stable/2019-09-01/keyvault.json#/web-api/end-points/%2Fsubscriptions%2F%7BsubscriptionId%7D%2Fproviders%2FMicrosoft.KeyVault%2Flocations%2F%7Blocation%7D%2FdeletedVaults%2F%7BvaultName%7D%2Fpurge/post/request/parameter/location/scalar/schema"
  },
  "id": "file:///Users/abettati/sandbox/azure-rest-api-specs/specification/keyvault/resource-manager/Microsoft.KeyVault/stable/2019-09-01/keyvault.json#/web-api/end-points/%2Fsubscriptions%2F%7BsubscriptionId%7D%2Fproviders%2FMicrosoft.KeyVault%2Flocations%2F%7Blocation%7D%2FdeletedVaults%2F%7BvaultName%7D%2Fpurge/post/request/parameter/location"
}, {
  "http://a.ml/vocabularies/apiContract#binding": "query",
  "http://a.ml/vocabularies/apiContract#paramName": "$filter",
  "http://a.ml/vocabularies/apiContract#required": "true",
  "http://a.ml/vocabularies/core#description": "The filter to apply on the operation.",
  "http://a.ml/vocabularies/core#name": "$filter",
  "http://a.ml/vocabularies/shapes#schema": {
    "http://a.ml/vocabularies/core#description": "The filter to apply on the operation.",
    "http://www.w3.org/ns/shacl#datatype": "http://www.w3.org/2001/XMLSchema#string",
    "http://www.w3.org/ns/shacl#in": [{
      "http://a.ml/vocabularies/core#name": null,
      "http://a.ml/vocabularies/data#value": null,
      "http://www.w3.org/ns/shacl#datatype": null,
      "id": "file:///Users/abettati/sandbox/azure-rest-api-specs/specification/keyvault/resource-manager/Microsoft.KeyVault/stable/2019-09-01/keyvault.json#/web-api/end-points/%2Fsubscriptions%2F%7BsubscriptionId%7D%2Fresources/get/request/parameter/%24filter/scalar/schema/enum/scalar_1"
    }],
    "http://www.w3.org/ns/shacl#name": "schema",
    "id": "file:///Users/abettati/sandbox/azure-rest-api-specs/specification/keyvault/resource-manager/Microsoft.KeyVault/stable/2019-09-01/keyvault.json#/web-api/end-points/%2Fsubscriptions%2F%7BsubscriptionId%7D%2Fresources/get/request/parameter/%24filter/scalar/schema"
  },
  "id": "file:///Users/abettati/sandbox/azure-rest-api-specs/specification/keyvault/resource-manager/Microsoft.KeyVault/stable/2019-09-01/keyvault.json#/web-api/end-points/%2Fsubscriptions%2F%7BsubscriptionId%7D%2Fresources/get/request/parameter/%24filter"
}, {
  "http://a.ml/vocabularies/apiContract#binding": "query",
  "http://a.ml/vocabularies/apiContract#paramName": "$top",
  "http://a.ml/vocabularies/apiContract#required": "false",
  "http://a.ml/vocabularies/core#description": "Maximum number of results to return.",
  "http://a.ml/vocabularies/core#name": "$top",
  "http://a.ml/vocabularies/shapes#schema": {
    "http://a.ml/vocabularies/core#description": "Maximum number of results to return.",
    "http://a.ml/vocabularies/shapes#format": "int32",
    "http://www.w3.org/ns/shacl#datatype": "http://www.w3.org/2001/XMLSchema#integer",
    "http://www.w3.org/ns/shacl#name": "schema",
    "id": "file:///Users/abettati/sandbox/azure-rest-api-specs/specification/keyvault/resource-manager/Microsoft.KeyVault/stable/2019-09-01/keyvault.json#/web-api/end-points/%2Fsubscriptions%2F%7BsubscriptionId%7D%2Fresources/get/request/parameter/%24top/scalar/schema"
  },
  "id": "file:///Users/abettati/sandbox/azure-rest-api-specs/specification/keyvault/resource-manager/Microsoft.KeyVault/stable/2019-09-01/keyvault.json#/web-api/end-points/%2Fsubscriptions%2F%7BsubscriptionId%7D%2Fresources/get/request/parameter/%24top"
}, {
  "http://a.ml/vocabularies/apiContract#binding": "query",
  "http://a.ml/vocabularies/apiContract#paramName": "api-version",
  "http://a.ml/vocabularies/apiContract#required": "true",
  "http://a.ml/vocabularies/core#description": "Azure Resource Manager Api Version.",
  "http://a.ml/vocabularies/core#name": "api-version",
  "http://a.ml/vocabularies/document#customDomainProperties": [{
    "http://a.ml/vocabularies/core#extensionName": "ms-api-version",
    "http://a.ml/vocabularies/document#definedBy": {
      "http://a.ml/vocabularies/core#name": null,
      "id": "file:///Users/abettati/sandbox/azure-rest-api-specs/specification/keyvault/resource-manager/Microsoft.KeyVault/stable/2019-09-01/keyvault.json#/web-api/end-points/%2Fsubscriptions%2F%7BsubscriptionId%7D%2Fresources/get/request/parameter/api-version/ms-api-version"
    },
    "http://a.ml/vocabularies/document#extension": {
      "http://a.ml/vocabularies/core#name": null,
      "http://a.ml/vocabularies/data#value": null,
      "http://www.w3.org/ns/shacl#datatype": null,
      "id": "file:///Users/abettati/sandbox/azure-rest-api-specs/specification/keyvault/resource-manager/Microsoft.KeyVault/stable/2019-09-01/keyvault.json#/web-api/end-points/%2Fsubscriptions%2F%7BsubscriptionId%7D%2Fresources/get/request/parameter/api-version/ms-api-version/scalar_1"
    },
    "id": "file:///Users/abettati/sandbox/azure-rest-api-specs/specification/keyvault/resource-manager/Microsoft.KeyVault/stable/2019-09-01/keyvault.json#/web-api/end-points/%2Fsubscriptions%2F%7BsubscriptionId%7D%2Fresources/get/request/parameter/api-version/extension/ms-api-version"
  }],
  "http://a.ml/vocabularies/shapes#schema": {
    "http://a.ml/vocabularies/core#description": "Azure Resource Manager Api Version.",
    "http://a.ml/vocabularies/document#customDomainProperties": [{
      "http://a.ml/vocabularies/core#extensionName": null,
      "http://a.ml/vocabularies/document#definedBy": null,
      "http://a.ml/vocabularies/document#extension": null,
      "id": "file:///Users/abettati/sandbox/azure-rest-api-specs/specification/keyvault/resource-manager/Microsoft.KeyVault/stable/2019-09-01/keyvault.json#/web-api/end-points/%2Fsubscriptions%2F%7BsubscriptionId%7D%2Fresources/get/request/parameter/api-version/scalar/schema/extension/ms-api-version"
    }],
    "http://www.w3.org/ns/shacl#datatype": "http://www.w3.org/2001/XMLSchema#string",
    "http://www.w3.org/ns/shacl#in": [{
      "http://a.ml/vocabularies/core#name": null,
      "http://a.ml/vocabularies/data#value": null,
      "http://www.w3.org/ns/shacl#datatype": null,
      "id": "file:///Users/abettati/sandbox/azure-rest-api-specs/specification/keyvault/resource-manager/Microsoft.KeyVault/stable/2019-09-01/keyvault.json#/web-api/end-points/%2Fsubscriptions%2F%7BsubscriptionId%7D%2Fresources/get/request/parameter/api-version/scalar/schema/enum/scalar_1"
    }],
    "http://www.w3.org/ns/shacl#name": "schema",
    "id": "file:///Users/abettati/sandbox/azure-rest-api-specs/specification/keyvault/resource-manager/Microsoft.KeyVault/stable/2019-09-01/keyvault.json#/web-api/end-points/%2Fsubscriptions%2F%7BsubscriptionId%7D%2Fresources/get/request/parameter/api-version/scalar/schema"
  },
  "id": "file:///Users/abettati/sandbox/azure-rest-api-specs/specification/keyvault/resource-manager/Microsoft.KeyVault/stable/2019-09-01/keyvault.json#/web-api/end-points/%2Fsubscriptions%2F%7BsubscriptionId%7D%2Fresources/get/request/parameter/api-version"
}, {
  "http://a.ml/vocabularies/apiContract#binding": "header",
  "http://a.ml/vocabularies/apiContract#required": "true",
  "http://a.ml/vocabularies/core#description": "(specified only if operation does not finish synchronously) The recommended number of seconds to wait before calling the URI specified in Azure-AsyncOperation.",
  "http://a.ml/vocabularies/core#name": "Retry-After",
  "http://a.ml/vocabularies/shapes#schema": {
    "http://a.ml/vocabularies/core#description": "(specified only if operation does not finish synchronously) The recommended number of seconds to wait before calling the URI specified in Azure-AsyncOperation.",
    "http://a.ml/vocabularies/shapes#format": "int32",
    "http://www.w3.org/ns/shacl#datatype": "http://www.w3.org/2001/XMLSchema#integer",
    "http://www.w3.org/ns/shacl#name": "schema",
    "id": "file:///Users/abettati/sandbox/azure-rest-api-specs/specification/keyvault/resource-manager/Microsoft.KeyVault/stable/2019-09-01/keyvault.json#/web-api/end-points/%2Fsubscriptions%2F%7BsubscriptionId%7D%2FresourceGroups%2F%7BresourceGroupName%7D%2Fproviders%2FMicrosoft.KeyVault%2Fvaults%2F%7BvaultName%7D%2FprivateEndpointConnections%2F%7BprivateEndpointConnectionName%7D/put/200/parameter/Retry-After/scalar/schema"
  },
  "id": "file:///Users/abettati/sandbox/azure-rest-api-specs/specification/keyvault/resource-manager/Microsoft.KeyVault/stable/2019-09-01/keyvault.json#/web-api/end-points/%2Fsubscriptions%2F%7BsubscriptionId%7D%2FresourceGroups%2F%7BresourceGroupName%7D%2Fproviders%2FMicrosoft.KeyVault%2Fvaults%2F%7BvaultName%7D%2FprivateEndpointConnections%2F%7BprivateEndpointConnectionName%7D/put/200/parameter/Retry-After"
}, {
  "http://a.ml/vocabularies/apiContract#binding": "header",
  "http://a.ml/vocabularies/apiContract#required": "true",
  "http://a.ml/vocabularies/core#description": "(specified only if operation does not finish synchronously) The URI to poll for completion status. The response of this URI may be synchronous or asynchronous.",
  "http://a.ml/vocabularies/core#name": "Azure-AsyncOperation",
  "http://a.ml/vocabularies/shapes#schema": {
    "http://a.ml/vocabularies/core#description": "(specified only if operation does not finish synchronously) The URI to poll for completion status. The response of this URI may be synchronous or asynchronous.",
    "http://www.w3.org/ns/shacl#datatype": "http://www.w3.org/2001/XMLSchema#string",
    "http://www.w3.org/ns/shacl#name": "schema",
    "id": "file:///Users/abettati/sandbox/azure-rest-api-specs/specification/keyvault/resource-manager/Microsoft.KeyVault/stable/2019-09-01/keyvault.json#/web-api/end-points/%2Fsubscriptions%2F%7BsubscriptionId%7D%2FresourceGroups%2F%7BresourceGroupName%7D%2Fproviders%2FMicrosoft.KeyVault%2Fvaults%2F%7BvaultName%7D%2FprivateEndpointConnections%2F%7BprivateEndpointConnectionName%7D/put/200/parameter/Azure-AsyncOperation/scalar/schema"
  },
  "id": "file:///Users/abettati/sandbox/azure-rest-api-specs/specification/keyvault/resource-manager/Microsoft.KeyVault/stable/2019-09-01/keyvault.json#/web-api/end-points/%2Fsubscriptions%2F%7BsubscriptionId%7D%2FresourceGroups%2F%7BresourceGroupName%7D%2Fproviders%2FMicrosoft.KeyVault%2Fvaults%2F%7BvaultName%7D%2FprivateEndpointConnections%2F%7BprivateEndpointConnectionName%7D/put/200/parameter/Azure-AsyncOperation"
}, {
  "http://a.ml/vocabularies/apiContract#binding": "header",
  "http://a.ml/vocabularies/apiContract#required": "true",
  "http://a.ml/vocabularies/core#description": "The recommended number of seconds to wait before calling the URI specified in the location header.",
  "http://a.ml/vocabularies/core#name": "Retry-After",
  "http://a.ml/vocabularies/shapes#schema": {
    "http://a.ml/vocabularies/core#description": "The recommended number of seconds to wait before calling the URI specified in the location header.",
    "http://a.ml/vocabularies/shapes#format": "int32",
    "http://www.w3.org/ns/shacl#datatype": "http://www.w3.org/2001/XMLSchema#integer",
    "http://www.w3.org/ns/shacl#name": "schema",
    "id": "file:///Users/abettati/sandbox/azure-rest-api-specs/specification/keyvault/resource-manager/Microsoft.KeyVault/stable/2019-09-01/keyvault.json#/web-api/end-points/%2Fsubscriptions%2F%7BsubscriptionId%7D%2FresourceGroups%2F%7BresourceGroupName%7D%2Fproviders%2FMicrosoft.KeyVault%2Fvaults%2F%7BvaultName%7D%2FprivateEndpointConnections%2F%7BprivateEndpointConnectionName%7D/delete/202/parameter/Retry-After/scalar/schema"
  },
  "id": "file:///Users/abettati/sandbox/azure-rest-api-specs/specification/keyvault/resource-manager/Microsoft.KeyVault/stable/2019-09-01/keyvault.json#/web-api/end-points/%2Fsubscriptions%2F%7BsubscriptionId%7D%2FresourceGroups%2F%7BresourceGroupName%7D%2Fproviders%2FMicrosoft.KeyVault%2Fvaults%2F%7BvaultName%7D%2FprivateEndpointConnections%2F%7BprivateEndpointConnectionName%7D/delete/202/parameter/Retry-After"
}, {
  "http://a.ml/vocabularies/apiContract#binding": "header",
  "http://a.ml/vocabularies/apiContract#required": "true",
  "http://a.ml/vocabularies/core#description": "The URI to poll for completion status.",
  "http://a.ml/vocabularies/core#name": "Location",
  "http://a.ml/vocabularies/shapes#schema": {
    "http://a.ml/vocabularies/core#description": "The URI to poll for completion status.",
    "http://www.w3.org/ns/shacl#datatype": "http://www.w3.org/2001/XMLSchema#string",
    "http://www.w3.org/ns/shacl#name": "schema",
    "id": "file:///Users/abettati/sandbox/azure-rest-api-specs/specification/keyvault/resource-manager/Microsoft.KeyVault/stable/2019-09-01/keyvault.json#/web-api/end-points/%2Fsubscriptions%2F%7BsubscriptionId%7D%2FresourceGroups%2F%7BresourceGroupName%7D%2Fproviders%2FMicrosoft.KeyVault%2Fvaults%2F%7BvaultName%7D%2FprivateEndpointConnections%2F%7BprivateEndpointConnectionName%7D/delete/202/parameter/Location/scalar/schema"
  },
  "id": "file:///Users/abettati/sandbox/azure-rest-api-specs/specification/keyvault/resource-manager/Microsoft.KeyVault/stable/2019-09-01/keyvault.json#/web-api/end-points/%2Fsubscriptions%2F%7BsubscriptionId%7D%2FresourceGroups%2F%7BresourceGroupName%7D%2Fproviders%2FMicrosoft.KeyVault%2Fvaults%2F%7BvaultName%7D%2FprivateEndpointConnections%2F%7BprivateEndpointConnectionName%7D/delete/202/parameter/Location"
}]