[{
  "http://a.ml/vocabularies/apiContract#binding": "query",
  "http://a.ml/vocabularies/apiContract#paramName": "api-version",
  "http://a.ml/vocabularies/apiContract#required": "true",
  "http://a.ml/vocabularies/core#description": "Client Api Version.",
  "http://a.ml/vocabularies/core#name": "api-version",
  "http://a.ml/vocabularies/shapes#schema": {
    "http://a.ml/vocabularies/core#description": "Client Api Version.",
    "http://www.w3.org/ns/shacl#datatype": "http://www.w3.org/2001/XMLSchema#string",
    "http://www.w3.org/ns/shacl#defaultValue": {
      "http://a.ml/vocabularies/core#name": "scalar_1",
      "http://a.ml/vocabularies/data#value": "2016-01-01",
      "http://www.w3.org/ns/shacl#datatype": "http://www.w3.org/2001/XMLSchema#string",
      "id": "file:///Users/abettati/sandbox/azure-rest-api-specs/specification/azsadmin/resource-manager/azurebridge/Microsoft.AzureBridge.Admin/preview/2016-01-01/Product.json#/web-api/end-points/%2Fsubscriptions%2F%7BsubscriptionId%7D%2FresourceGroups%2F%7BresourceGroupName%7D%2Fproviders%2FMicrosoft.AzureBridge.Admin%2Factivations%2F%7BactivationName%7D%2Fproducts/get/request/parameter/api-version/scalar/schema/scalar_1"
    },
    "http://www.w3.org/ns/shacl#defaultValueStr": "2016-01-01",
    "http://www.w3.org/ns/shacl#name": "schema",
    "id": "file:///Users/abettati/sandbox/azure-rest-api-specs/specification/azsadmin/resource-manager/azurebridge/Microsoft.AzureBridge.Admin/preview/2016-01-01/Product.json#/web-api/end-points/%2Fsubscriptions%2F%7BsubscriptionId%7D%2FresourceGroups%2F%7BresourceGroupName%7D%2Fproviders%2FMicrosoft.AzureBridge.Admin%2Factivations%2F%7BactivationName%7D%2Fproducts/get/request/parameter/api-version/scalar/schema"
  },
  "id": "file:///Users/abettati/sandbox/azure-rest-api-specs/specification/azsadmin/resource-manager/azurebridge/Microsoft.AzureBridge.Admin/preview/2016-01-01/Product.json#/web-api/end-points/%2Fsubscriptions%2F%7BsubscriptionId%7D%2FresourceGroups%2F%7BresourceGroupName%7D%2Fproviders%2FMicrosoft.AzureBridge.Admin%2Factivations%2F%7BactivationName%7D%2Fproducts/get/request/parameter/api-version"
}, {
  "http://a.ml/vocabularies/apiContract#binding": "path",
  "http://a.ml/vocabularies/apiContract#paramName": "subscriptionId",
  "http://a.ml/vocabularies/apiContract#required": "true",
  "http://a.ml/vocabularies/core#description": "Subscription credentials which uniquely identify Microsoft Azure subscription.The subscription ID forms part of the URI for every service call.",
  "http://a.ml/vocabularies/core#name": "subscriptionId",
  "http://a.ml/vocabularies/shapes#schema": {
    "http://a.ml/vocabularies/core#description": "Subscription credentials which uniquely identify Microsoft Azure subscription.The subscription ID forms part of the URI for every service call.",
    "http://www.w3.org/ns/shacl#datatype": "http://www.w3.org/2001/XMLSchema#string",
    "http://www.w3.org/ns/shacl#name": "schema",
    "id": "file:///Users/abettati/sandbox/azure-rest-api-specs/specification/azsadmin/resource-manager/azurebridge/Microsoft.AzureBridge.Admin/preview/2016-01-01/Product.json#/web-api/end-points/%2Fsubscriptions%2F%7BsubscriptionId%7D%2FresourceGroups%2F%7BresourceGroupName%7D%2Fproviders%2FMicrosoft.AzureBridge.Admin%2Factivations%2F%7BactivationName%7D%2Fproducts/get/request/parameter/subscriptionId/scalar/schema"
  },
  "id": "file:///Users/abettati/sandbox/azure-rest-api-specs/specification/azsadmin/resource-manager/azurebridge/Microsoft.AzureBridge.Admin/preview/2016-01-01/Product.json#/web-api/end-points/%2Fsubscriptions%2F%7BsubscriptionId%7D%2FresourceGroups%2F%7BresourceGroupName%7D%2Fproviders%2FMicrosoft.AzureBridge.Admin%2Factivations%2F%7BactivationName%7D%2Fproducts/get/request/parameter/subscriptionId"
}, {
  "http://a.ml/vocabularies/apiContract#binding": "path",
  "http://a.ml/vocabularies/apiContract#paramName": "resourceGroupName",
  "http://a.ml/vocabularies/apiContract#required": "true",
  "http://a.ml/vocabularies/core#description": "The resource group the resource is located under.",
  "http://a.ml/vocabularies/core#name": "resourceGroupName",
  "http://a.ml/vocabularies/document#customDomainProperties": [{
    "http://a.ml/vocabularies/core#extensionName": "ms-parameter-location",
    "http://a.ml/vocabularies/document#definedBy": {
      "http://a.ml/vocabularies/core#name": null,
      "id": "file:///Users/abettati/sandbox/azure-rest-api-specs/specification/azsadmin/resource-manager/azurebridge/Microsoft.AzureBridge.Admin/preview/2016-01-01/Product.json#/web-api/end-points/%2Fsubscriptions%2F%7BsubscriptionId%7D%2FresourceGroups%2F%7BresourceGroupName%7D%2Fproviders%2FMicrosoft.AzureBridge.Admin%2Factivations%2F%7BactivationName%7D%2Fproducts/get/request/parameter/resourceGroupName/ms-parameter-location"
    },
    "http://a.ml/vocabularies/document#extension": {
      "http://a.ml/vocabularies/core#name": null,
      "http://a.ml/vocabularies/data#value": null,
      "http://www.w3.org/ns/shacl#datatype": null,
      "id": "file:///Users/abettati/sandbox/azure-rest-api-specs/specification/azsadmin/resource-manager/azurebridge/Microsoft.AzureBridge.Admin/preview/2016-01-01/Product.json#/web-api/end-points/%2Fsubscriptions%2F%7BsubscriptionId%7D%2FresourceGroups%2F%7BresourceGroupName%7D%2Fproviders%2FMicrosoft.AzureBridge.Admin%2Factivations%2F%7BactivationName%7D%2Fproducts/get/request/parameter/resourceGroupName/ms-parameter-location/scalar_1"
    },
    "id": "file:///Users/abettati/sandbox/azure-rest-api-specs/specification/azsadmin/resource-manager/azurebridge/Microsoft.AzureBridge.Admin/preview/2016-01-01/Product.json#/web-api/end-points/%2Fsubscriptions%2F%7BsubscriptionId%7D%2FresourceGroups%2F%7BresourceGroupName%7D%2Fproviders%2FMicrosoft.AzureBridge.Admin%2Factivations%2F%7BactivationName%7D%2Fproducts/get/request/parameter/resourceGroupName/extension/ms-parameter-location"
  }],
  "http://a.ml/vocabularies/shapes#schema": {
    "http://a.ml/vocabularies/core#description": "The resource group the resource is located under.",
    "http://a.ml/vocabularies/document#customDomainProperties": [{
      "http://a.ml/vocabularies/core#extensionName": null,
      "http://a.ml/vocabularies/document#definedBy": null,
      "http://a.ml/vocabularies/document#extension": null,
      "id": "file:///Users/abettati/sandbox/azure-rest-api-specs/specification/azsadmin/resource-manager/azurebridge/Microsoft.AzureBridge.Admin/preview/2016-01-01/Product.json#/web-api/end-points/%2Fsubscriptions%2F%7BsubscriptionId%7D%2FresourceGroups%2F%7BresourceGroupName%7D%2Fproviders%2FMicrosoft.AzureBridge.Admin%2Factivations%2F%7BactivationName%7D%2Fproducts/get/request/parameter/resourceGroupName/scalar/schema/extension/ms-parameter-location"
    }],
    "http://www.w3.org/ns/shacl#datatype": "http://www.w3.org/2001/XMLSchema#string",
    "http://www.w3.org/ns/shacl#name": "schema",
    "id": "file:///Users/abettati/sandbox/azure-rest-api-specs/specification/azsadmin/resource-manager/azurebridge/Microsoft.AzureBridge.Admin/preview/2016-01-01/Product.json#/web-api/end-points/%2Fsubscriptions%2F%7BsubscriptionId%7D%2FresourceGroups%2F%7BresourceGroupName%7D%2Fproviders%2FMicrosoft.AzureBridge.Admin%2Factivations%2F%7BactivationName%7D%2Fproducts/get/request/parameter/resourceGroupName/scalar/schema"
  },
  "id": "file:///Users/abettati/sandbox/azure-rest-api-specs/specification/azsadmin/resource-manager/azurebridge/Microsoft.AzureBridge.Admin/preview/2016-01-01/Product.json#/web-api/end-points/%2Fsubscriptions%2F%7BsubscriptionId%7D%2FresourceGroups%2F%7BresourceGroupName%7D%2Fproviders%2FMicrosoft.AzureBridge.Admin%2Factivations%2F%7BactivationName%7D%2Fproducts/get/request/parameter/resourceGroupName"
}, {
  "http://a.ml/vocabularies/apiContract#binding": "path",
  "http://a.ml/vocabularies/apiContract#paramName": "activationName",
  "http://a.ml/vocabularies/apiContract#required": "true",
  "http://a.ml/vocabularies/core#description": "Name of the activation.",
  "http://a.ml/vocabularies/core#name": "activationName",
  "http://a.ml/vocabularies/document#customDomainProperties": [{
    "http://a.ml/vocabularies/core#extensionName": "ms-parameter-location",
    "http://a.ml/vocabularies/document#definedBy": {
      "http://a.ml/vocabularies/core#name": null,
      "id": "file:///Users/abettati/sandbox/azure-rest-api-specs/specification/azsadmin/resource-manager/azurebridge/Microsoft.AzureBridge.Admin/preview/2016-01-01/Product.json#/web-api/end-points/%2Fsubscriptions%2F%7BsubscriptionId%7D%2FresourceGroups%2F%7BresourceGroupName%7D%2Fproviders%2FMicrosoft.AzureBridge.Admin%2Factivations%2F%7BactivationName%7D%2Fproducts/get/request/parameter/activationName/ms-parameter-location"
    },
    "http://a.ml/vocabularies/document#extension": {
      "http://a.ml/vocabularies/core#name": null,
      "http://a.ml/vocabularies/data#value": null,
      "http://www.w3.org/ns/shacl#datatype": null,
      "id": "file:///Users/abettati/sandbox/azure-rest-api-specs/specification/azsadmin/resource-manager/azurebridge/Microsoft.AzureBridge.Admin/preview/2016-01-01/Product.json#/web-api/end-points/%2Fsubscriptions%2F%7BsubscriptionId%7D%2FresourceGroups%2F%7BresourceGroupName%7D%2Fproviders%2FMicrosoft.AzureBridge.Admin%2Factivations%2F%7BactivationName%7D%2Fproducts/get/request/parameter/activationName/ms-parameter-location/scalar_1"
    },
    "id": "file:///Users/abettati/sandbox/azure-rest-api-specs/specification/azsadmin/resource-manager/azurebridge/Microsoft.AzureBridge.Admin/preview/2016-01-01/Product.json#/web-api/end-points/%2Fsubscriptions%2F%7BsubscriptionId%7D%2FresourceGroups%2F%7BresourceGroupName%7D%2Fproviders%2FMicrosoft.AzureBridge.Admin%2Factivations%2F%7BactivationName%7D%2Fproducts/get/request/parameter/activationName/extension/ms-parameter-location"
  }],
  "http://a.ml/vocabularies/shapes#schema": {
    "http://a.ml/vocabularies/core#description": "Name of the activation.",
    "http://a.ml/vocabularies/document#customDomainProperties": [{
      "http://a.ml/vocabularies/core#extensionName": null,
      "http://a.ml/vocabularies/document#definedBy": null,
      "http://a.ml/vocabularies/document#extension": null,
      "id": "file:///Users/abettati/sandbox/azure-rest-api-specs/specification/azsadmin/resource-manager/azurebridge/Microsoft.AzureBridge.Admin/preview/2016-01-01/Product.json#/web-api/end-points/%2Fsubscriptions%2F%7BsubscriptionId%7D%2FresourceGroups%2F%7BresourceGroupName%7D%2Fproviders%2FMicrosoft.AzureBridge.Admin%2Factivations%2F%7BactivationName%7D%2Fproducts/get/request/parameter/activationName/scalar/schema/extension/ms-parameter-location"
    }],
    "http://www.w3.org/ns/shacl#datatype": "http://www.w3.org/2001/XMLSchema#string",
    "http://www.w3.org/ns/shacl#name": "schema",
    "id": "file:///Users/abettati/sandbox/azure-rest-api-specs/specification/azsadmin/resource-manager/azurebridge/Microsoft.AzureBridge.Admin/preview/2016-01-01/Product.json#/web-api/end-points/%2Fsubscriptions%2F%7BsubscriptionId%7D%2FresourceGroups%2F%7BresourceGroupName%7D%2Fproviders%2FMicrosoft.AzureBridge.Admin%2Factivations%2F%7BactivationName%7D%2Fproducts/get/request/parameter/activationName/scalar/schema"
  },
  "id": "file:///Users/abettati/sandbox/azure-rest-api-specs/specification/azsadmin/resource-manager/azurebridge/Microsoft.AzureBridge.Admin/preview/2016-01-01/Product.json#/web-api/end-points/%2Fsubscriptions%2F%7BsubscriptionId%7D%2FresourceGroups%2F%7BresourceGroupName%7D%2Fproviders%2FMicrosoft.AzureBridge.Admin%2Factivations%2F%7BactivationName%7D%2Fproducts/get/request/parameter/activationName"
}, {
  "http://a.ml/vocabularies/apiContract#binding": "query",
  "http://a.ml/vocabularies/apiContract#paramName": "api-version",
  "http://a.ml/vocabularies/apiContract#required": "true",
  "http://a.ml/vocabularies/core#description": "Client Api Version.",
  "http://a.ml/vocabularies/core#name": "api-version",
  "http://a.ml/vocabularies/shapes#schema": {
    "http://a.ml/vocabularies/core#description": "Client Api Version.",
    "http://www.w3.org/ns/shacl#datatype": "http://www.w3.org/2001/XMLSchema#string",
    "http://www.w3.org/ns/shacl#defaultValue": {
      "http://a.ml/vocabularies/core#name": "scalar_1",
      "http://a.ml/vocabularies/data#value": "2016-01-01",
      "http://www.w3.org/ns/shacl#datatype": "http://www.w3.org/2001/XMLSchema#string",
      "id": "file:///Users/abettati/sandbox/azure-rest-api-specs/specification/azsadmin/resource-manager/azurebridge/Microsoft.AzureBridge.Admin/preview/2016-01-01/Product.json#/web-api/end-points/%2Fsubscriptions%2F%7BsubscriptionId%7D%2FresourceGroups%2F%7BresourceGroupName%7D%2Fproviders%2FMicrosoft.AzureBridge.Admin%2Factivations%2F%7BactivationName%7D%2Fproducts%2F%7BproductName%7D/get/request/parameter/api-version/scalar/schema/scalar_1"
    },
    "http://www.w3.org/ns/shacl#defaultValueStr": "2016-01-01",
    "http://www.w3.org/ns/shacl#name": "schema",
    "id": "file:///Users/abettati/sandbox/azure-rest-api-specs/specification/azsadmin/resource-manager/azurebridge/Microsoft.AzureBridge.Admin/preview/2016-01-01/Product.json#/web-api/end-points/%2Fsubscriptions%2F%7BsubscriptionId%7D%2FresourceGroups%2F%7BresourceGroupName%7D%2Fproviders%2FMicrosoft.AzureBridge.Admin%2Factivations%2F%7BactivationName%7D%2Fproducts%2F%7BproductName%7D/get/request/parameter/api-version/scalar/schema"
  },
  "id": "file:///Users/abettati/sandbox/azure-rest-api-specs/specification/azsadmin/resource-manager/azurebridge/Microsoft.AzureBridge.Admin/preview/2016-01-01/Product.json#/web-api/end-points/%2Fsubscriptions%2F%7BsubscriptionId%7D%2FresourceGroups%2F%7BresourceGroupName%7D%2Fproviders%2FMicrosoft.AzureBridge.Admin%2Factivations%2F%7BactivationName%7D%2Fproducts%2F%7BproductName%7D/get/request/parameter/api-version"
}, {
  "http://a.ml/vocabularies/apiContract#binding": "path",
  "http://a.ml/vocabularies/apiContract#paramName": "subscriptionId",
  "http://a.ml/vocabularies/apiContract#required": "true",
  "http://a.ml/vocabularies/core#description": "Subscription credentials which uniquely identify Microsoft Azure subscription.The subscription ID forms part of the URI for every service call.",
  "http://a.ml/vocabularies/core#name": "subscriptionId",
  "http://a.ml/vocabularies/shapes#schema": {
    "http://a.ml/vocabularies/core#description": "Subscription credentials which uniquely identify Microsoft Azure subscription.The subscription ID forms part of the URI for every service call.",
    "http://www.w3.org/ns/shacl#datatype": "http://www.w3.org/2001/XMLSchema#string",
    "http://www.w3.org/ns/shacl#name": "schema",
    "id": "file:///Users/abettati/sandbox/azure-rest-api-specs/specification/azsadmin/resource-manager/azurebridge/Microsoft.AzureBridge.Admin/preview/2016-01-01/Product.json#/web-api/end-points/%2Fsubscriptions%2F%7BsubscriptionId%7D%2FresourceGroups%2F%7BresourceGroupName%7D%2Fproviders%2FMicrosoft.AzureBridge.Admin%2Factivations%2F%7BactivationName%7D%2Fproducts%2F%7BproductName%7D/get/request/parameter/subscriptionId/scalar/schema"
  },
  "id": "file:///Users/abettati/sandbox/azure-rest-api-specs/specification/azsadmin/resource-manager/azurebridge/Microsoft.AzureBridge.Admin/preview/2016-01-01/Product.json#/web-api/end-points/%2Fsubscriptions%2F%7BsubscriptionId%7D%2FresourceGroups%2F%7BresourceGroupName%7D%2Fproviders%2FMicrosoft.AzureBridge.Admin%2Factivations%2F%7BactivationName%7D%2Fproducts%2F%7BproductName%7D/get/request/parameter/subscriptionId"
}, {
  "http://a.ml/vocabularies/apiContract#binding": "path",
  "http://a.ml/vocabularies/apiContract#paramName": "resourceGroupName",
  "http://a.ml/vocabularies/apiContract#required": "true",
  "http://a.ml/vocabularies/core#description": "The resource group the resource is located under.",
  "http://a.ml/vocabularies/core#name": "resourceGroupName",
  "http://a.ml/vocabularies/document#customDomainProperties": [{
    "http://a.ml/vocabularies/core#extensionName": "ms-parameter-location",
    "http://a.ml/vocabularies/document#definedBy": {
      "http://a.ml/vocabularies/core#name": null,
      "id": "file:///Users/abettati/sandbox/azure-rest-api-specs/specification/azsadmin/resource-manager/azurebridge/Microsoft.AzureBridge.Admin/preview/2016-01-01/Product.json#/web-api/end-points/%2Fsubscriptions%2F%7BsubscriptionId%7D%2FresourceGroups%2F%7BresourceGroupName%7D%2Fproviders%2FMicrosoft.AzureBridge.Admin%2Factivations%2F%7BactivationName%7D%2Fproducts%2F%7BproductName%7D/get/request/parameter/resourceGroupName/ms-parameter-location"
    },
    "http://a.ml/vocabularies/document#extension": {
      "http://a.ml/vocabularies/core#name": null,
      "http://a.ml/vocabularies/data#value": null,
      "http://www.w3.org/ns/shacl#datatype": null,
      "id": "file:///Users/abettati/sandbox/azure-rest-api-specs/specification/azsadmin/resource-manager/azurebridge/Microsoft.AzureBridge.Admin/preview/2016-01-01/Product.json#/web-api/end-points/%2Fsubscriptions%2F%7BsubscriptionId%7D%2FresourceGroups%2F%7BresourceGroupName%7D%2Fproviders%2FMicrosoft.AzureBridge.Admin%2Factivations%2F%7BactivationName%7D%2Fproducts%2F%7BproductName%7D/get/request/parameter/resourceGroupName/ms-parameter-location/scalar_1"
    },
    "id": "file:///Users/abettati/sandbox/azure-rest-api-specs/specification/azsadmin/resource-manager/azurebridge/Microsoft.AzureBridge.Admin/preview/2016-01-01/Product.json#/web-api/end-points/%2Fsubscriptions%2F%7BsubscriptionId%7D%2FresourceGroups%2F%7BresourceGroupName%7D%2Fproviders%2FMicrosoft.AzureBridge.Admin%2Factivations%2F%7BactivationName%7D%2Fproducts%2F%7BproductName%7D/get/request/parameter/resourceGroupName/extension/ms-parameter-location"
  }],
  "http://a.ml/vocabularies/shapes#schema": {
    "http://a.ml/vocabularies/core#description": "The resource group the resource is located under.",
    "http://a.ml/vocabularies/document#customDomainProperties": [{
      "http://a.ml/vocabularies/core#extensionName": null,
      "http://a.ml/vocabularies/document#definedBy": null,
      "http://a.ml/vocabularies/document#extension": null,
      "id": "file:///Users/abettati/sandbox/azure-rest-api-specs/specification/azsadmin/resource-manager/azurebridge/Microsoft.AzureBridge.Admin/preview/2016-01-01/Product.json#/web-api/end-points/%2Fsubscriptions%2F%7BsubscriptionId%7D%2FresourceGroups%2F%7BresourceGroupName%7D%2Fproviders%2FMicrosoft.AzureBridge.Admin%2Factivations%2F%7BactivationName%7D%2Fproducts%2F%7BproductName%7D/get/request/parameter/resourceGroupName/scalar/schema/extension/ms-parameter-location"
    }],
    "http://www.w3.org/ns/shacl#datatype": "http://www.w3.org/2001/XMLSchema#string",
    "http://www.w3.org/ns/shacl#name": "schema",
    "id": "file:///Users/abettati/sandbox/azure-rest-api-specs/specification/azsadmin/resource-manager/azurebridge/Microsoft.AzureBridge.Admin/preview/2016-01-01/Product.json#/web-api/end-points/%2Fsubscriptions%2F%7BsubscriptionId%7D%2FresourceGroups%2F%7BresourceGroupName%7D%2Fproviders%2FMicrosoft.AzureBridge.Admin%2Factivations%2F%7BactivationName%7D%2Fproducts%2F%7BproductName%7D/get/request/parameter/resourceGroupName/scalar/schema"
  },
  "id": "file:///Users/abettati/sandbox/azure-rest-api-specs/specification/azsadmin/resource-manager/azurebridge/Microsoft.AzureBridge.Admin/preview/2016-01-01/Product.json#/web-api/end-points/%2Fsubscriptions%2F%7BsubscriptionId%7D%2FresourceGroups%2F%7BresourceGroupName%7D%2Fproviders%2FMicrosoft.AzureBridge.Admin%2Factivations%2F%7BactivationName%7D%2Fproducts%2F%7BproductName%7D/get/request/parameter/resourceGroupName"
}, {
  "http://a.ml/vocabularies/apiContract#binding": "path",
  "http://a.ml/vocabularies/apiContract#paramName": "activationName",
  "http://a.ml/vocabularies/apiContract#required": "true",
  "http://a.ml/vocabularies/core#description": "Name of the activation.",
  "http://a.ml/vocabularies/core#name": "activationName",
  "http://a.ml/vocabularies/document#customDomainProperties": [{
    "http://a.ml/vocabularies/core#extensionName": "ms-parameter-location",
    "http://a.ml/vocabularies/document#definedBy": {
      "http://a.ml/vocabularies/core#name": null,
      "id": "file:///Users/abettati/sandbox/azure-rest-api-specs/specification/azsadmin/resource-manager/azurebridge/Microsoft.AzureBridge.Admin/preview/2016-01-01/Product.json#/web-api/end-points/%2Fsubscriptions%2F%7BsubscriptionId%7D%2FresourceGroups%2F%7BresourceGroupName%7D%2Fproviders%2FMicrosoft.AzureBridge.Admin%2Factivations%2F%7BactivationName%7D%2Fproducts%2F%7BproductName%7D/get/request/parameter/activationName/ms-parameter-location"
    },
    "http://a.ml/vocabularies/document#extension": {
      "http://a.ml/vocabularies/core#name": null,
      "http://a.ml/vocabularies/data#value": null,
      "http://www.w3.org/ns/shacl#datatype": null,
      "id": "file:///Users/abettati/sandbox/azure-rest-api-specs/specification/azsadmin/resource-manager/azurebridge/Microsoft.AzureBridge.Admin/preview/2016-01-01/Product.json#/web-api/end-points/%2Fsubscriptions%2F%7BsubscriptionId%7D%2FresourceGroups%2F%7BresourceGroupName%7D%2Fproviders%2FMicrosoft.AzureBridge.Admin%2Factivations%2F%7BactivationName%7D%2Fproducts%2F%7BproductName%7D/get/request/parameter/activationName/ms-parameter-location/scalar_1"
    },
    "id": "file:///Users/abettati/sandbox/azure-rest-api-specs/specification/azsadmin/resource-manager/azurebridge/Microsoft.AzureBridge.Admin/preview/2016-01-01/Product.json#/web-api/end-points/%2Fsubscriptions%2F%7BsubscriptionId%7D%2FresourceGroups%2F%7BresourceGroupName%7D%2Fproviders%2FMicrosoft.AzureBridge.Admin%2Factivations%2F%7BactivationName%7D%2Fproducts%2F%7BproductName%7D/get/request/parameter/activationName/extension/ms-parameter-location"
  }],
  "http://a.ml/vocabularies/shapes#schema": {
    "http://a.ml/vocabularies/core#description": "Name of the activation.",
    "http://a.ml/vocabularies/document#customDomainProperties": [{
      "http://a.ml/vocabularies/core#extensionName": null,
      "http://a.ml/vocabularies/document#definedBy": null,
      "http://a.ml/vocabularies/document#extension": null,
      "id": "file:///Users/abettati/sandbox/azure-rest-api-specs/specification/azsadmin/resource-manager/azurebridge/Microsoft.AzureBridge.Admin/preview/2016-01-01/Product.json#/web-api/end-points/%2Fsubscriptions%2F%7BsubscriptionId%7D%2FresourceGroups%2F%7BresourceGroupName%7D%2Fproviders%2FMicrosoft.AzureBridge.Admin%2Factivations%2F%7BactivationName%7D%2Fproducts%2F%7BproductName%7D/get/request/parameter/activationName/scalar/schema/extension/ms-parameter-location"
    }],
    "http://www.w3.org/ns/shacl#datatype": "http://www.w3.org/2001/XMLSchema#string",
    "http://www.w3.org/ns/shacl#name": "schema",
    "id": "file:///Users/abettati/sandbox/azure-rest-api-specs/specification/azsadmin/resource-manager/azurebridge/Microsoft.AzureBridge.Admin/preview/2016-01-01/Product.json#/web-api/end-points/%2Fsubscriptions%2F%7BsubscriptionId%7D%2FresourceGroups%2F%7BresourceGroupName%7D%2Fproviders%2FMicrosoft.AzureBridge.Admin%2Factivations%2F%7BactivationName%7D%2Fproducts%2F%7BproductName%7D/get/request/parameter/activationName/scalar/schema"
  },
  "id": "file:///Users/abettati/sandbox/azure-rest-api-specs/specification/azsadmin/resource-manager/azurebridge/Microsoft.AzureBridge.Admin/preview/2016-01-01/Product.json#/web-api/end-points/%2Fsubscriptions%2F%7BsubscriptionId%7D%2FresourceGroups%2F%7BresourceGroupName%7D%2Fproviders%2FMicrosoft.AzureBridge.Admin%2Factivations%2F%7BactivationName%7D%2Fproducts%2F%7BproductName%7D/get/request/parameter/activationName"
}, {
  "http://a.ml/vocabularies/apiContract#binding": "path",
  "http://a.ml/vocabularies/apiContract#paramName": "productName",
  "http://a.ml/vocabularies/apiContract#required": "true",
  "http://a.ml/vocabularies/core#description": "Name of the product.",
  "http://a.ml/vocabularies/core#name": "productName",
  "http://a.ml/vocabularies/document#customDomainProperties": [{
    "http://a.ml/vocabularies/core#extensionName": "ms-parameter-location",
    "http://a.ml/vocabularies/document#definedBy": {
      "http://a.ml/vocabularies/core#name": null,
      "id": "file:///Users/abettati/sandbox/azure-rest-api-specs/specification/azsadmin/resource-manager/azurebridge/Microsoft.AzureBridge.Admin/preview/2016-01-01/Product.json#/web-api/end-points/%2Fsubscriptions%2F%7BsubscriptionId%7D%2FresourceGroups%2F%7BresourceGroupName%7D%2Fproviders%2FMicrosoft.AzureBridge.Admin%2Factivations%2F%7BactivationName%7D%2Fproducts%2F%7BproductName%7D/get/request/parameter/productName/ms-parameter-location"
    },
    "http://a.ml/vocabularies/document#extension": {
      "http://a.ml/vocabularies/core#name": null,
      "http://a.ml/vocabularies/data#value": null,
      "http://www.w3.org/ns/shacl#datatype": null,
      "id": "file:///Users/abettati/sandbox/azure-rest-api-specs/specification/azsadmin/resource-manager/azurebridge/Microsoft.AzureBridge.Admin/preview/2016-01-01/Product.json#/web-api/end-points/%2Fsubscriptions%2F%7BsubscriptionId%7D%2FresourceGroups%2F%7BresourceGroupName%7D%2Fproviders%2FMicrosoft.AzureBridge.Admin%2Factivations%2F%7BactivationName%7D%2Fproducts%2F%7BproductName%7D/get/request/parameter/productName/ms-parameter-location/scalar_1"
    },
    "id": "file:///Users/abettati/sandbox/azure-rest-api-specs/specification/azsadmin/resource-manager/azurebridge/Microsoft.AzureBridge.Admin/preview/2016-01-01/Product.json#/web-api/end-points/%2Fsubscriptions%2F%7BsubscriptionId%7D%2FresourceGroups%2F%7BresourceGroupName%7D%2Fproviders%2FMicrosoft.AzureBridge.Admin%2Factivations%2F%7BactivationName%7D%2Fproducts%2F%7BproductName%7D/get/request/parameter/productName/extension/ms-parameter-location"
  }],
  "http://a.ml/vocabularies/shapes#schema": {
    "http://a.ml/vocabularies/core#description": "Name of the product.",
    "http://a.ml/vocabularies/document#customDomainProperties": [{
      "http://a.ml/vocabularies/core#extensionName": null,
      "http://a.ml/vocabularies/document#definedBy": null,
      "http://a.ml/vocabularies/document#extension": null,
      "id": "file:///Users/abettati/sandbox/azure-rest-api-specs/specification/azsadmin/resource-manager/azurebridge/Microsoft.AzureBridge.Admin/preview/2016-01-01/Product.json#/web-api/end-points/%2Fsubscriptions%2F%7BsubscriptionId%7D%2FresourceGroups%2F%7BresourceGroupName%7D%2Fproviders%2FMicrosoft.AzureBridge.Admin%2Factivations%2F%7BactivationName%7D%2Fproducts%2F%7BproductName%7D/get/request/parameter/productName/scalar/schema/extension/ms-parameter-location"
    }],
    "http://www.w3.org/ns/shacl#datatype": "http://www.w3.org/2001/XMLSchema#string",
    "http://www.w3.org/ns/shacl#name": "schema",
    "id": "file:///Users/abettati/sandbox/azure-rest-api-specs/specification/azsadmin/resource-manager/azurebridge/Microsoft.AzureBridge.Admin/preview/2016-01-01/Product.json#/web-api/end-points/%2Fsubscriptions%2F%7BsubscriptionId%7D%2FresourceGroups%2F%7BresourceGroupName%7D%2Fproviders%2FMicrosoft.AzureBridge.Admin%2Factivations%2F%7BactivationName%7D%2Fproducts%2F%7BproductName%7D/get/request/parameter/productName/scalar/schema"
  },
  "id": "file:///Users/abettati/sandbox/azure-rest-api-specs/specification/azsadmin/resource-manager/azurebridge/Microsoft.AzureBridge.Admin/preview/2016-01-01/Product.json#/web-api/end-points/%2Fsubscriptions%2F%7BsubscriptionId%7D%2FresourceGroups%2F%7BresourceGroupName%7D%2Fproviders%2FMicrosoft.AzureBridge.Admin%2Factivations%2F%7BactivationName%7D%2Fproducts%2F%7BproductName%7D/get/request/parameter/productName"
}, {
  "http://a.ml/vocabularies/apiContract#binding": "query",
  "http://a.ml/vocabularies/apiContract#paramName": "api-version",
  "http://a.ml/vocabularies/apiContract#required": "true",
  "http://a.ml/vocabularies/core#description": "Client Api Version.",
  "http://a.ml/vocabularies/core#name": "api-version",
  "http://a.ml/vocabularies/shapes#schema": {
    "http://a.ml/vocabularies/core#description": "Client Api Version.",
    "http://www.w3.org/ns/shacl#datatype": "http://www.w3.org/2001/XMLSchema#string",
    "http://www.w3.org/ns/shacl#defaultValue": {
      "http://a.ml/vocabularies/core#name": "scalar_1",
      "http://a.ml/vocabularies/data#value": "2016-01-01",
      "http://www.w3.org/ns/shacl#datatype": "http://www.w3.org/2001/XMLSchema#string",
      "id": "file:///Users/abettati/sandbox/azure-rest-api-specs/specification/azsadmin/resource-manager/azurebridge/Microsoft.AzureBridge.Admin/preview/2016-01-01/Product.json#/web-api/end-points/%2Fsubscriptions%2F%7BsubscriptionId%7D%2FresourceGroups%2F%7BresourceGroupName%7D%2Fproviders%2FMicrosoft.AzureBridge.Admin%2Factivations%2F%7BactivationName%7D%2Fproducts%2F%7BproductName%7D%2Fdownload/post/request/parameter/api-version/scalar/schema/scalar_1"
    },
    "http://www.w3.org/ns/shacl#defaultValueStr": "2016-01-01",
    "http://www.w3.org/ns/shacl#name": "schema",
    "id": "file:///Users/abettati/sandbox/azure-rest-api-specs/specification/azsadmin/resource-manager/azurebridge/Microsoft.AzureBridge.Admin/preview/2016-01-01/Product.json#/web-api/end-points/%2Fsubscriptions%2F%7BsubscriptionId%7D%2FresourceGroups%2F%7BresourceGroupName%7D%2Fproviders%2FMicrosoft.AzureBridge.Admin%2Factivations%2F%7BactivationName%7D%2Fproducts%2F%7BproductName%7D%2Fdownload/post/request/parameter/api-version/scalar/schema"
  },
  "id": "file:///Users/abettati/sandbox/azure-rest-api-specs/specification/azsadmin/resource-manager/azurebridge/Microsoft.AzureBridge.Admin/preview/2016-01-01/Product.json#/web-api/end-points/%2Fsubscriptions%2F%7BsubscriptionId%7D%2FresourceGroups%2F%7BresourceGroupName%7D%2Fproviders%2FMicrosoft.AzureBridge.Admin%2Factivations%2F%7BactivationName%7D%2Fproducts%2F%7BproductName%7D%2Fdownload/post/request/parameter/api-version"
}, {
  "http://a.ml/vocabularies/apiContract#binding": "path",
  "http://a.ml/vocabularies/apiContract#paramName": "subscriptionId",
  "http://a.ml/vocabularies/apiContract#required": "true",
  "http://a.ml/vocabularies/core#description": "Subscription credentials which uniquely identify Microsoft Azure subscription.The subscription ID forms part of the URI for every service call.",
  "http://a.ml/vocabularies/core#name": "subscriptionId",
  "http://a.ml/vocabularies/shapes#schema": {
    "http://a.ml/vocabularies/core#description": "Subscription credentials which uniquely identify Microsoft Azure subscription.The subscription ID forms part of the URI for every service call.",
    "http://www.w3.org/ns/shacl#datatype": "http://www.w3.org/2001/XMLSchema#string",
    "http://www.w3.org/ns/shacl#name": "schema",
    "id": "file:///Users/abettati/sandbox/azure-rest-api-specs/specification/azsadmin/resource-manager/azurebridge/Microsoft.AzureBridge.Admin/preview/2016-01-01/Product.json#/web-api/end-points/%2Fsubscriptions%2F%7BsubscriptionId%7D%2FresourceGroups%2F%7BresourceGroupName%7D%2Fproviders%2FMicrosoft.AzureBridge.Admin%2Factivations%2F%7BactivationName%7D%2Fproducts%2F%7BproductName%7D%2Fdownload/post/request/parameter/subscriptionId/scalar/schema"
  },
  "id": "file:///Users/abettati/sandbox/azure-rest-api-specs/specification/azsadmin/resource-manager/azurebridge/Microsoft.AzureBridge.Admin/preview/2016-01-01/Product.json#/web-api/end-points/%2Fsubscriptions%2F%7BsubscriptionId%7D%2FresourceGroups%2F%7BresourceGroupName%7D%2Fproviders%2FMicrosoft.AzureBridge.Admin%2Factivations%2F%7BactivationName%7D%2Fproducts%2F%7BproductName%7D%2Fdownload/post/request/parameter/subscriptionId"
}, {
  "http://a.ml/vocabularies/apiContract#binding": "path",
  "http://a.ml/vocabularies/apiContract#paramName": "resourceGroupName",
  "http://a.ml/vocabularies/apiContract#required": "true",
  "http://a.ml/vocabularies/core#description": "The resource group the resource is located under.",
  "http://a.ml/vocabularies/core#name": "resourceGroupName",
  "http://a.ml/vocabularies/document#customDomainProperties": [{
    "http://a.ml/vocabularies/core#extensionName": "ms-parameter-location",
    "http://a.ml/vocabularies/document#definedBy": {
      "http://a.ml/vocabularies/core#name": null,
      "id": "file:///Users/abettati/sandbox/azure-rest-api-specs/specification/azsadmin/resource-manager/azurebridge/Microsoft.AzureBridge.Admin/preview/2016-01-01/Product.json#/web-api/end-points/%2Fsubscriptions%2F%7BsubscriptionId%7D%2FresourceGroups%2F%7BresourceGroupName%7D%2Fproviders%2FMicrosoft.AzureBridge.Admin%2Factivations%2F%7BactivationName%7D%2Fproducts%2F%7BproductName%7D%2Fdownload/post/request/parameter/resourceGroupName/ms-parameter-location"
    },
    "http://a.ml/vocabularies/document#extension": {
      "http://a.ml/vocabularies/core#name": null,
      "http://a.ml/vocabularies/data#value": null,
      "http://www.w3.org/ns/shacl#datatype": null,
      "id": "file:///Users/abettati/sandbox/azure-rest-api-specs/specification/azsadmin/resource-manager/azurebridge/Microsoft.AzureBridge.Admin/preview/2016-01-01/Product.json#/web-api/end-points/%2Fsubscriptions%2F%7BsubscriptionId%7D%2FresourceGroups%2F%7BresourceGroupName%7D%2Fproviders%2FMicrosoft.AzureBridge.Admin%2Factivations%2F%7BactivationName%7D%2Fproducts%2F%7BproductName%7D%2Fdownload/post/request/parameter/resourceGroupName/ms-parameter-location/scalar_1"
    },
    "id": "file:///Users/abettati/sandbox/azure-rest-api-specs/specification/azsadmin/resource-manager/azurebridge/Microsoft.AzureBridge.Admin/preview/2016-01-01/Product.json#/web-api/end-points/%2Fsubscriptions%2F%7BsubscriptionId%7D%2FresourceGroups%2F%7BresourceGroupName%7D%2Fproviders%2FMicrosoft.AzureBridge.Admin%2Factivations%2F%7BactivationName%7D%2Fproducts%2F%7BproductName%7D%2Fdownload/post/request/parameter/resourceGroupName/extension/ms-parameter-location"
  }],
  "http://a.ml/vocabularies/shapes#schema": {
    "http://a.ml/vocabularies/core#description": "The resource group the resource is located under.",
    "http://a.ml/vocabularies/document#customDomainProperties": [{
      "http://a.ml/vocabularies/core#extensionName": null,
      "http://a.ml/vocabularies/document#definedBy": null,
      "http://a.ml/vocabularies/document#extension": null,
      "id": "file:///Users/abettati/sandbox/azure-rest-api-specs/specification/azsadmin/resource-manager/azurebridge/Microsoft.AzureBridge.Admin/preview/2016-01-01/Product.json#/web-api/end-points/%2Fsubscriptions%2F%7BsubscriptionId%7D%2FresourceGroups%2F%7BresourceGroupName%7D%2Fproviders%2FMicrosoft.AzureBridge.Admin%2Factivations%2F%7BactivationName%7D%2Fproducts%2F%7BproductName%7D%2Fdownload/post/request/parameter/resourceGroupName/scalar/schema/extension/ms-parameter-location"
    }],
    "http://www.w3.org/ns/shacl#datatype": "http://www.w3.org/2001/XMLSchema#string",
    "http://www.w3.org/ns/shacl#name": "schema",
    "id": "file:///Users/abettati/sandbox/azure-rest-api-specs/specification/azsadmin/resource-manager/azurebridge/Microsoft.AzureBridge.Admin/preview/2016-01-01/Product.json#/web-api/end-points/%2Fsubscriptions%2F%7BsubscriptionId%7D%2FresourceGroups%2F%7BresourceGroupName%7D%2Fproviders%2FMicrosoft.AzureBridge.Admin%2Factivations%2F%7BactivationName%7D%2Fproducts%2F%7BproductName%7D%2Fdownload/post/request/parameter/resourceGroupName/scalar/schema"
  },
  "id": "file:///Users/abettati/sandbox/azure-rest-api-specs/specification/azsadmin/resource-manager/azurebridge/Microsoft.AzureBridge.Admin/preview/2016-01-01/Product.json#/web-api/end-points/%2Fsubscriptions%2F%7BsubscriptionId%7D%2FresourceGroups%2F%7BresourceGroupName%7D%2Fproviders%2FMicrosoft.AzureBridge.Admin%2Factivations%2F%7BactivationName%7D%2Fproducts%2F%7BproductName%7D%2Fdownload/post/request/parameter/resourceGroupName"
}, {
  "http://a.ml/vocabularies/apiContract#binding": "path",
  "http://a.ml/vocabularies/apiContract#paramName": "activationName",
  "http://a.ml/vocabularies/apiContract#required": "true",
  "http://a.ml/vocabularies/core#description": "Name of the activation.",
  "http://a.ml/vocabularies/core#name": "activationName",
  "http://a.ml/vocabularies/document#customDomainProperties": [{
    "http://a.ml/vocabularies/core#extensionName": "ms-parameter-location",
    "http://a.ml/vocabularies/document#definedBy": {
      "http://a.ml/vocabularies/core#name": null,
      "id": "file:///Users/abettati/sandbox/azure-rest-api-specs/specification/azsadmin/resource-manager/azurebridge/Microsoft.AzureBridge.Admin/preview/2016-01-01/Product.json#/web-api/end-points/%2Fsubscriptions%2F%7BsubscriptionId%7D%2FresourceGroups%2F%7BresourceGroupName%7D%2Fproviders%2FMicrosoft.AzureBridge.Admin%2Factivations%2F%7BactivationName%7D%2Fproducts%2F%7BproductName%7D%2Fdownload/post/request/parameter/activationName/ms-parameter-location"
    },
    "http://a.ml/vocabularies/document#extension": {
      "http://a.ml/vocabularies/core#name": null,
      "http://a.ml/vocabularies/data#value": null,
      "http://www.w3.org/ns/shacl#datatype": null,
      "id": "file:///Users/abettati/sandbox/azure-rest-api-specs/specification/azsadmin/resource-manager/azurebridge/Microsoft.AzureBridge.Admin/preview/2016-01-01/Product.json#/web-api/end-points/%2Fsubscriptions%2F%7BsubscriptionId%7D%2FresourceGroups%2F%7BresourceGroupName%7D%2Fproviders%2FMicrosoft.AzureBridge.Admin%2Factivations%2F%7BactivationName%7D%2Fproducts%2F%7BproductName%7D%2Fdownload/post/request/parameter/activationName/ms-parameter-location/scalar_1"
    },
    "id": "file:///Users/abettati/sandbox/azure-rest-api-specs/specification/azsadmin/resource-manager/azurebridge/Microsoft.AzureBridge.Admin/preview/2016-01-01/Product.json#/web-api/end-points/%2Fsubscriptions%2F%7BsubscriptionId%7D%2FresourceGroups%2F%7BresourceGroupName%7D%2Fproviders%2FMicrosoft.AzureBridge.Admin%2Factivations%2F%7BactivationName%7D%2Fproducts%2F%7BproductName%7D%2Fdownload/post/request/parameter/activationName/extension/ms-parameter-location"
  }],
  "http://a.ml/vocabularies/shapes#schema": {
    "http://a.ml/vocabularies/core#description": "Name of the activation.",
    "http://a.ml/vocabularies/document#customDomainProperties": [{
      "http://a.ml/vocabularies/core#extensionName": null,
      "http://a.ml/vocabularies/document#definedBy": null,
      "http://a.ml/vocabularies/document#extension": null,
      "id": "file:///Users/abettati/sandbox/azure-rest-api-specs/specification/azsadmin/resource-manager/azurebridge/Microsoft.AzureBridge.Admin/preview/2016-01-01/Product.json#/web-api/end-points/%2Fsubscriptions%2F%7BsubscriptionId%7D%2FresourceGroups%2F%7BresourceGroupName%7D%2Fproviders%2FMicrosoft.AzureBridge.Admin%2Factivations%2F%7BactivationName%7D%2Fproducts%2F%7BproductName%7D%2Fdownload/post/request/parameter/activationName/scalar/schema/extension/ms-parameter-location"
    }],
    "http://www.w3.org/ns/shacl#datatype": "http://www.w3.org/2001/XMLSchema#string",
    "http://www.w3.org/ns/shacl#name": "schema",
    "id": "file:///Users/abettati/sandbox/azure-rest-api-specs/specification/azsadmin/resource-manager/azurebridge/Microsoft.AzureBridge.Admin/preview/2016-01-01/Product.json#/web-api/end-points/%2Fsubscriptions%2F%7BsubscriptionId%7D%2FresourceGroups%2F%7BresourceGroupName%7D%2Fproviders%2FMicrosoft.AzureBridge.Admin%2Factivations%2F%7BactivationName%7D%2Fproducts%2F%7BproductName%7D%2Fdownload/post/request/parameter/activationName/scalar/schema"
  },
  "id": "file:///Users/abettati/sandbox/azure-rest-api-specs/specification/azsadmin/resource-manager/azurebridge/Microsoft.AzureBridge.Admin/preview/2016-01-01/Product.json#/web-api/end-points/%2Fsubscriptions%2F%7BsubscriptionId%7D%2FresourceGroups%2F%7BresourceGroupName%7D%2Fproviders%2FMicrosoft.AzureBridge.Admin%2Factivations%2F%7BactivationName%7D%2Fproducts%2F%7BproductName%7D%2Fdownload/post/request/parameter/activationName"
}, {
  "http://a.ml/vocabularies/apiContract#binding": "path",
  "http://a.ml/vocabularies/apiContract#paramName": "productName",
  "http://a.ml/vocabularies/apiContract#required": "true",
  "http://a.ml/vocabularies/core#description": "Name of the product.",
  "http://a.ml/vocabularies/core#name": "productName",
  "http://a.ml/vocabularies/document#customDomainProperties": [{
    "http://a.ml/vocabularies/core#extensionName": "ms-parameter-location",
    "http://a.ml/vocabularies/document#definedBy": {
      "http://a.ml/vocabularies/core#name": null,
      "id": "file:///Users/abettati/sandbox/azure-rest-api-specs/specification/azsadmin/resource-manager/azurebridge/Microsoft.AzureBridge.Admin/preview/2016-01-01/Product.json#/web-api/end-points/%2Fsubscriptions%2F%7BsubscriptionId%7D%2FresourceGroups%2F%7BresourceGroupName%7D%2Fproviders%2FMicrosoft.AzureBridge.Admin%2Factivations%2F%7BactivationName%7D%2Fproducts%2F%7BproductName%7D%2Fdownload/post/request/parameter/productName/ms-parameter-location"
    },
    "http://a.ml/vocabularies/document#extension": {
      "http://a.ml/vocabularies/core#name": null,
      "http://a.ml/vocabularies/data#value": null,
      "http://www.w3.org/ns/shacl#datatype": null,
      "id": "file:///Users/abettati/sandbox/azure-rest-api-specs/specification/azsadmin/resource-manager/azurebridge/Microsoft.AzureBridge.Admin/preview/2016-01-01/Product.json#/web-api/end-points/%2Fsubscriptions%2F%7BsubscriptionId%7D%2FresourceGroups%2F%7BresourceGroupName%7D%2Fproviders%2FMicrosoft.AzureBridge.Admin%2Factivations%2F%7BactivationName%7D%2Fproducts%2F%7BproductName%7D%2Fdownload/post/request/parameter/productName/ms-parameter-location/scalar_1"
    },
    "id": "file:///Users/abettati/sandbox/azure-rest-api-specs/specification/azsadmin/resource-manager/azurebridge/Microsoft.AzureBridge.Admin/preview/2016-01-01/Product.json#/web-api/end-points/%2Fsubscriptions%2F%7BsubscriptionId%7D%2FresourceGroups%2F%7BresourceGroupName%7D%2Fproviders%2FMicrosoft.AzureBridge.Admin%2Factivations%2F%7BactivationName%7D%2Fproducts%2F%7BproductName%7D%2Fdownload/post/request/parameter/productName/extension/ms-parameter-location"
  }],
  "http://a.ml/vocabularies/shapes#schema": {
    "http://a.ml/vocabularies/core#description": "Name of the product.",
    "http://a.ml/vocabularies/document#customDomainProperties": [{
      "http://a.ml/vocabularies/core#extensionName": null,
      "http://a.ml/vocabularies/document#definedBy": null,
      "http://a.ml/vocabularies/document#extension": null,
      "id": "file:///Users/abettati/sandbox/azure-rest-api-specs/specification/azsadmin/resource-manager/azurebridge/Microsoft.AzureBridge.Admin/preview/2016-01-01/Product.json#/web-api/end-points/%2Fsubscriptions%2F%7BsubscriptionId%7D%2FresourceGroups%2F%7BresourceGroupName%7D%2Fproviders%2FMicrosoft.AzureBridge.Admin%2Factivations%2F%7BactivationName%7D%2Fproducts%2F%7BproductName%7D%2Fdownload/post/request/parameter/productName/scalar/schema/extension/ms-parameter-location"
    }],
    "http://www.w3.org/ns/shacl#datatype": "http://www.w3.org/2001/XMLSchema#string",
    "http://www.w3.org/ns/shacl#name": "schema",
    "id": "file:///Users/abettati/sandbox/azure-rest-api-specs/specification/azsadmin/resource-manager/azurebridge/Microsoft.AzureBridge.Admin/preview/2016-01-01/Product.json#/web-api/end-points/%2Fsubscriptions%2F%7BsubscriptionId%7D%2FresourceGroups%2F%7BresourceGroupName%7D%2Fproviders%2FMicrosoft.AzureBridge.Admin%2Factivations%2F%7BactivationName%7D%2Fproducts%2F%7BproductName%7D%2Fdownload/post/request/parameter/productName/scalar/schema"
  },
  "id": "file:///Users/abettati/sandbox/azure-rest-api-specs/specification/azsadmin/resource-manager/azurebridge/Microsoft.AzureBridge.Admin/preview/2016-01-01/Product.json#/web-api/end-points/%2Fsubscriptions%2F%7BsubscriptionId%7D%2FresourceGroups%2F%7BresourceGroupName%7D%2Fproviders%2FMicrosoft.AzureBridge.Admin%2Factivations%2F%7BactivationName%7D%2Fproducts%2F%7BproductName%7D%2Fdownload/post/request/parameter/productName"
}]