[{
  "http://a.ml/vocabularies/apiContract#binding": "path",
  "http://a.ml/vocabularies/apiContract#paramName": "subscriptionId",
  "http://a.ml/vocabularies/apiContract#required": "true",
  "http://a.ml/vocabularies/core#description": "Your Azure subscription ID. This is a GUID-formatted string (e.g. 00000000-0000-0000-0000-000000000000).",
  "http://a.ml/vocabularies/core#name": "subscriptionIdParameter",
  "http://a.ml/vocabularies/shapes#schema": {
    "http://a.ml/vocabularies/core#description": "Your Azure subscription ID. This is a GUID-formatted string (e.g. 00000000-0000-0000-0000-000000000000).",
    "http://www.w3.org/ns/shacl#datatype": "http://www.w3.org/2001/XMLSchema#string",
    "http://www.w3.org/ns/shacl#name": "schema",
    "id": "file:///Users/abettati/sandbox/azure-rest-api-specs/specification/web/resource-manager/Microsoft.DomainRegistration/stable/2018-02-01/TopLevelDomains.json#/declarations/parameters/parameter/subscriptionIdParameter/scalar/schema"
  },
  "id": "file:///Users/abettati/sandbox/azure-rest-api-specs/specification/web/resource-manager/Microsoft.DomainRegistration/stable/2018-02-01/TopLevelDomains.json#/declarations/parameters/parameter/subscriptionIdParameter"
}, {
  "http://a.ml/vocabularies/apiContract#binding": "query",
  "http://a.ml/vocabularies/apiContract#paramName": "api-version",
  "http://a.ml/vocabularies/apiContract#required": "true",
  "http://a.ml/vocabularies/core#description": "API Version",
  "http://a.ml/vocabularies/core#name": "apiVersionParameter",
  "http://a.ml/vocabularies/shapes#schema": {
    "http://a.ml/vocabularies/core#description": "API Version",
    "http://www.w3.org/ns/shacl#datatype": "http://www.w3.org/2001/XMLSchema#string",
    "http://www.w3.org/ns/shacl#name": "schema",
    "id": "file:///Users/abettati/sandbox/azure-rest-api-specs/specification/web/resource-manager/Microsoft.DomainRegistration/stable/2018-02-01/TopLevelDomains.json#/declarations/parameters/parameter/apiVersionParameter/scalar/schema"
  },
  "id": "file:///Users/abettati/sandbox/azure-rest-api-specs/specification/web/resource-manager/Microsoft.DomainRegistration/stable/2018-02-01/TopLevelDomains.json#/declarations/parameters/parameter/apiVersionParameter"
}, {
  "http://a.ml/vocabularies/apiContract#binding": "path",
  "http://a.ml/vocabularies/apiContract#paramName": "name",
  "http://a.ml/vocabularies/apiContract#required": "true",
  "http://a.ml/vocabularies/core#description": "Name of the top-level domain.",
  "http://a.ml/vocabularies/core#name": "name",
  "http://a.ml/vocabularies/shapes#schema": {
    "http://a.ml/vocabularies/core#description": "Name of the top-level domain.",
    "http://www.w3.org/ns/shacl#datatype": "http://www.w3.org/2001/XMLSchema#string",
    "http://www.w3.org/ns/shacl#name": "schema",
    "id": "file:///Users/abettati/sandbox/azure-rest-api-specs/specification/web/resource-manager/Microsoft.DomainRegistration/stable/2018-02-01/TopLevelDomains.json#/web-api/end-points/%2Fsubscriptions%2F%7BsubscriptionId%7D%2Fproviders%2FMicrosoft.DomainRegistration%2FtopLevelDomains%2F%7Bname%7D/get/request/parameter/name/scalar/schema"
  },
  "id": "file:///Users/abettati/sandbox/azure-rest-api-specs/specification/web/resource-manager/Microsoft.DomainRegistration/stable/2018-02-01/TopLevelDomains.json#/web-api/end-points/%2Fsubscriptions%2F%7BsubscriptionId%7D%2Fproviders%2FMicrosoft.DomainRegistration%2FtopLevelDomains%2F%7Bname%7D/get/request/parameter/name"
}, {
  "http://a.ml/vocabularies/apiContract#binding": "path",
  "http://a.ml/vocabularies/apiContract#paramName": "name",
  "http://a.ml/vocabularies/apiContract#required": "true",
  "http://a.ml/vocabularies/core#description": "Name of the top-level domain.",
  "http://a.ml/vocabularies/core#name": "name",
  "http://a.ml/vocabularies/shapes#schema": {
    "http://a.ml/vocabularies/core#description": "Name of the top-level domain.",
    "http://www.w3.org/ns/shacl#datatype": "http://www.w3.org/2001/XMLSchema#string",
    "http://www.w3.org/ns/shacl#name": "schema",
    "id": "file:///Users/abettati/sandbox/azure-rest-api-specs/specification/web/resource-manager/Microsoft.DomainRegistration/stable/2018-02-01/TopLevelDomains.json#/web-api/end-points/%2Fsubscriptions%2F%7BsubscriptionId%7D%2Fproviders%2FMicrosoft.DomainRegistration%2FtopLevelDomains%2F%7Bname%7D%2FlistAgreements/post/request/parameter/name/scalar/schema"
  },
  "id": "file:///Users/abettati/sandbox/azure-rest-api-specs/specification/web/resource-manager/Microsoft.DomainRegistration/stable/2018-02-01/TopLevelDomains.json#/web-api/end-points/%2Fsubscriptions%2F%7BsubscriptionId%7D%2Fproviders%2FMicrosoft.DomainRegistration%2FtopLevelDomains%2F%7Bname%7D%2FlistAgreements/post/request/parameter/name"
}]