[{
  "http://a.ml/vocabularies/apiContract#binding": "path",
  "http://a.ml/vocabularies/apiContract#paramName": "endpoint",
  "http://a.ml/vocabularies/apiContract#required": "true",
  "http://a.ml/vocabularies/core#description": "The workspace development endpoint, for example https://myworkspace.dev.azuresynapse.net.",
  "http://a.ml/vocabularies/core#name": "Endpoint",
  "http://a.ml/vocabularies/document#customDomainProperties": [{
    "http://a.ml/vocabularies/core#extensionName": "ms-skip-url-encoding",
    "http://a.ml/vocabularies/document#definedBy": {
      "http://a.ml/vocabularies/core#name": null,
      "id": "file:///Users/abettati/sandbox/azure-rest-api-specs/specification/synapse/data-plane/Microsoft.Synapse/preview/2019-06-01-preview/gitintegration.json#/declarations/parameters/parameter/Endpoint/ms-skip-url-encoding"
    },
    "http://a.ml/vocabularies/document#extension": {
      "http://a.ml/vocabularies/core#name": null,
      "http://a.ml/vocabularies/data#value": null,
      "http://www.w3.org/ns/shacl#datatype": null,
      "id": "file:///Users/abettati/sandbox/azure-rest-api-specs/specification/synapse/data-plane/Microsoft.Synapse/preview/2019-06-01-preview/gitintegration.json#/declarations/parameters/parameter/Endpoint/ms-skip-url-encoding/scalar_1"
    },
    "id": "file:///Users/abettati/sandbox/azure-rest-api-specs/specification/synapse/data-plane/Microsoft.Synapse/preview/2019-06-01-preview/gitintegration.json#/declarations/parameters/parameter/Endpoint/extension/ms-skip-url-encoding"
  }, {
    "http://a.ml/vocabularies/core#extensionName": "ms-parameter-location",
    "http://a.ml/vocabularies/document#definedBy": {
      "http://a.ml/vocabularies/core#name": null,
      "id": "file:///Users/abettati/sandbox/azure-rest-api-specs/specification/synapse/data-plane/Microsoft.Synapse/preview/2019-06-01-preview/gitintegration.json#/declarations/parameters/parameter/Endpoint/ms-parameter-location"
    },
    "http://a.ml/vocabularies/document#extension": {
      "http://a.ml/vocabularies/core#name": null,
      "http://a.ml/vocabularies/data#value": null,
      "http://www.w3.org/ns/shacl#datatype": null,
      "id": "file:///Users/abettati/sandbox/azure-rest-api-specs/specification/synapse/data-plane/Microsoft.Synapse/preview/2019-06-01-preview/gitintegration.json#/declarations/parameters/parameter/Endpoint/ms-parameter-location/scalar_1"
    },
    "id": "file:///Users/abettati/sandbox/azure-rest-api-specs/specification/synapse/data-plane/Microsoft.Synapse/preview/2019-06-01-preview/gitintegration.json#/declarations/parameters/parameter/Endpoint/extension/ms-parameter-location"
  }],
  "http://a.ml/vocabularies/shapes#schema": {
    "http://a.ml/vocabularies/core#description": "The workspace development endpoint, for example https://myworkspace.dev.azuresynapse.net.",
    "http://a.ml/vocabularies/document#customDomainProperties": [{
      "http://a.ml/vocabularies/core#extensionName": null,
      "http://a.ml/vocabularies/document#definedBy": null,
      "http://a.ml/vocabularies/document#extension": null,
      "id": "file:///Users/abettati/sandbox/azure-rest-api-specs/specification/synapse/data-plane/Microsoft.Synapse/preview/2019-06-01-preview/gitintegration.json#/declarations/parameters/parameter/Endpoint/scalar/schema/extension/ms-skip-url-encoding"
    }, {
      "http://a.ml/vocabularies/core#extensionName": null,
      "http://a.ml/vocabularies/document#definedBy": null,
      "http://a.ml/vocabularies/document#extension": null,
      "id": "file:///Users/abettati/sandbox/azure-rest-api-specs/specification/synapse/data-plane/Microsoft.Synapse/preview/2019-06-01-preview/gitintegration.json#/declarations/parameters/parameter/Endpoint/scalar/schema/extension/ms-parameter-location"
    }],
    "http://www.w3.org/ns/shacl#datatype": "http://www.w3.org/2001/XMLSchema#string",
    "http://www.w3.org/ns/shacl#name": "schema",
    "id": "file:///Users/abettati/sandbox/azure-rest-api-specs/specification/synapse/data-plane/Microsoft.Synapse/preview/2019-06-01-preview/gitintegration.json#/declarations/parameters/parameter/Endpoint/scalar/schema"
  },
  "id": "file:///Users/abettati/sandbox/azure-rest-api-specs/specification/synapse/data-plane/Microsoft.Synapse/preview/2019-06-01-preview/gitintegration.json#/declarations/parameters/parameter/Endpoint"
}, {
  "http://a.ml/vocabularies/apiContract#binding": "query",
  "http://a.ml/vocabularies/apiContract#paramName": "api-version",
  "http://a.ml/vocabularies/apiContract#required": "true",
  "http://a.ml/vocabularies/core#description": "The Synapse client API Version.",
  "http://a.ml/vocabularies/core#name": "ApiVersionParameter",
  "http://a.ml/vocabularies/shapes#schema": {
    "http://a.ml/vocabularies/core#description": "The Synapse client API Version.",
    "http://www.w3.org/ns/shacl#datatype": "http://www.w3.org/2001/XMLSchema#string",
    "http://www.w3.org/ns/shacl#name": "schema",
    "id": "file:///Users/abettati/sandbox/azure-rest-api-specs/specification/synapse/data-plane/Microsoft.Synapse/preview/2019-06-01-preview/gitintegration.json#/declarations/parameters/parameter/ApiVersionParameter/scalar/schema"
  },
  "id": "file:///Users/abettati/sandbox/azure-rest-api-specs/specification/synapse/data-plane/Microsoft.Synapse/preview/2019-06-01-preview/gitintegration.json#/declarations/parameters/parameter/ApiVersionParameter"
}, {
  "http://a.ml/vocabularies/apiContract#binding": "header",
  "http://a.ml/vocabularies/apiContract#paramName": "x-ms-client-request-id",
  "http://a.ml/vocabularies/apiContract#required": "false",
  "http://a.ml/vocabularies/core#description": "Can provide a guid, which is helpful for debugging and to provide better customer support",
  "http://a.ml/vocabularies/core#name": "x-ms-client-request-id",
  "http://a.ml/vocabularies/document#customDomainProperties": [{
    "http://a.ml/vocabularies/core#extensionName": "ms-client-name",
    "http://a.ml/vocabularies/document#definedBy": {
      "http://a.ml/vocabularies/core#name": null,
      "id": "file:///Users/abettati/sandbox/azure-rest-api-specs/specification/synapse/data-plane/Microsoft.Synapse/preview/2019-06-01-preview/gitintegration.json#/web-api/end-points/%2FgetGitHubAccessToken/post/request/parameter/x-ms-client-request-id/ms-client-name"
    },
    "http://a.ml/vocabularies/document#extension": {
      "http://a.ml/vocabularies/core#name": null,
      "http://a.ml/vocabularies/data#value": null,
      "http://www.w3.org/ns/shacl#datatype": null,
      "id": "file:///Users/abettati/sandbox/azure-rest-api-specs/specification/synapse/data-plane/Microsoft.Synapse/preview/2019-06-01-preview/gitintegration.json#/web-api/end-points/%2FgetGitHubAccessToken/post/request/parameter/x-ms-client-request-id/ms-client-name/scalar_1"
    },
    "id": "file:///Users/abettati/sandbox/azure-rest-api-specs/specification/synapse/data-plane/Microsoft.Synapse/preview/2019-06-01-preview/gitintegration.json#/web-api/end-points/%2FgetGitHubAccessToken/post/request/parameter/x-ms-client-request-id/extension/ms-client-name"
  }],
  "http://a.ml/vocabularies/shapes#schema": {
    "http://a.ml/vocabularies/core#description": "Can provide a guid, which is helpful for debugging and to provide better customer support",
    "http://a.ml/vocabularies/document#customDomainProperties": [{
      "http://a.ml/vocabularies/core#extensionName": null,
      "http://a.ml/vocabularies/document#definedBy": null,
      "http://a.ml/vocabularies/document#extension": null,
      "id": "file:///Users/abettati/sandbox/azure-rest-api-specs/specification/synapse/data-plane/Microsoft.Synapse/preview/2019-06-01-preview/gitintegration.json#/web-api/end-points/%2FgetGitHubAccessToken/post/request/parameter/x-ms-client-request-id/scalar/schema/extension/ms-client-name"
    }],
    "http://www.w3.org/ns/shacl#datatype": "http://www.w3.org/2001/XMLSchema#string",
    "http://www.w3.org/ns/shacl#name": "schema",
    "id": "file:///Users/abettati/sandbox/azure-rest-api-specs/specification/synapse/data-plane/Microsoft.Synapse/preview/2019-06-01-preview/gitintegration.json#/web-api/end-points/%2FgetGitHubAccessToken/post/request/parameter/x-ms-client-request-id/scalar/schema"
  },
  "id": "file:///Users/abettati/sandbox/azure-rest-api-specs/specification/synapse/data-plane/Microsoft.Synapse/preview/2019-06-01-preview/gitintegration.json#/web-api/end-points/%2FgetGitHubAccessToken/post/request/parameter/x-ms-client-request-id"
}]