[{
  "http://a.ml/vocabularies/apiContract#binding": "path",
  "http://a.ml/vocabularies/apiContract#paramName": "ruleName",
  "http://a.ml/vocabularies/apiContract#required": "true",
  "http://a.ml/vocabularies/core#description": "The rule name.",
  "http://a.ml/vocabularies/core#name": "RuleNameParameter",
  "http://a.ml/vocabularies/document#customDomainProperties": [{
    "http://a.ml/vocabularies/core#extensionName": "ms-parameter-location",
    "http://a.ml/vocabularies/document#definedBy": {
      "http://a.ml/vocabularies/core#name": null,
      "id": "file:///Users/abettati/sandbox/azure-rest-api-specs/specification/servicebus/resource-manager/Microsoft.ServiceBus/preview/2018-01-01-preview/PremiumMessagingRegions.json#/declarations/parameters/parameter/RuleNameParameter/ms-parameter-location"
    },
    "http://a.ml/vocabularies/document#extension": {
      "http://a.ml/vocabularies/core#name": null,
      "http://a.ml/vocabularies/data#value": null,
      "http://www.w3.org/ns/shacl#datatype": null,
      "id": "file:///Users/abettati/sandbox/azure-rest-api-specs/specification/servicebus/resource-manager/Microsoft.ServiceBus/preview/2018-01-01-preview/PremiumMessagingRegions.json#/declarations/parameters/parameter/RuleNameParameter/ms-parameter-location/scalar_1"
    },
    "id": "file:///Users/abettati/sandbox/azure-rest-api-specs/specification/servicebus/resource-manager/Microsoft.ServiceBus/preview/2018-01-01-preview/PremiumMessagingRegions.json#/declarations/parameters/parameter/RuleNameParameter/extension/ms-parameter-location"
  }],
  "http://a.ml/vocabularies/shapes#schema": {
    "http://a.ml/vocabularies/core#description": "The rule name.",
    "http://a.ml/vocabularies/document#customDomainProperties": [{
      "http://a.ml/vocabularies/core#extensionName": null,
      "http://a.ml/vocabularies/document#definedBy": null,
      "http://a.ml/vocabularies/document#extension": null,
      "id": "file:///Users/abettati/sandbox/azure-rest-api-specs/specification/servicebus/resource-manager/Microsoft.ServiceBus/preview/2018-01-01-preview/PremiumMessagingRegions.json#/declarations/parameters/parameter/RuleNameParameter/scalar/schema/extension/ms-parameter-location"
    }],
    "http://www.w3.org/ns/shacl#datatype": "http://www.w3.org/2001/XMLSchema#string",
    "http://www.w3.org/ns/shacl#maxLength": "50",
    "http://www.w3.org/ns/shacl#minLength": "1",
    "http://www.w3.org/ns/shacl#name": "schema",
    "id": "file:///Users/abettati/sandbox/azure-rest-api-specs/specification/servicebus/resource-manager/Microsoft.ServiceBus/preview/2018-01-01-preview/PremiumMessagingRegions.json#/declarations/parameters/parameter/RuleNameParameter/scalar/schema"
  },
  "id": "file:///Users/abettati/sandbox/azure-rest-api-specs/specification/servicebus/resource-manager/Microsoft.ServiceBus/preview/2018-01-01-preview/PremiumMessagingRegions.json#/declarations/parameters/parameter/RuleNameParameter"
}, {
  "http://a.ml/vocabularies/apiContract#binding": "query",
  "http://a.ml/vocabularies/apiContract#paramName": "api-version",
  "http://a.ml/vocabularies/apiContract#required": "true",
  "http://a.ml/vocabularies/core#description": "Client API version.",
  "http://a.ml/vocabularies/core#name": "ApiVersionParameter",
  "http://a.ml/vocabularies/shapes#schema": {
    "http://a.ml/vocabularies/core#description": "Client API version.",
    "http://www.w3.org/ns/shacl#datatype": "http://www.w3.org/2001/XMLSchema#string",
    "http://www.w3.org/ns/shacl#name": "schema",
    "id": "file:///Users/abettati/sandbox/azure-rest-api-specs/specification/servicebus/resource-manager/Microsoft.ServiceBus/preview/2018-01-01-preview/PremiumMessagingRegions.json#/declarations/parameters/parameter/ApiVersionParameter/scalar/schema"
  },
  "id": "file:///Users/abettati/sandbox/azure-rest-api-specs/specification/servicebus/resource-manager/Microsoft.ServiceBus/preview/2018-01-01-preview/PremiumMessagingRegions.json#/declarations/parameters/parameter/ApiVersionParameter"
}, {
  "http://a.ml/vocabularies/apiContract#binding": "path",
  "http://a.ml/vocabularies/apiContract#paramName": "subscriptionId",
  "http://a.ml/vocabularies/apiContract#required": "true",
  "http://a.ml/vocabularies/core#description": "Subscription credentials that uniquely identify a Microsoft Azure subscription. The subscription ID forms part of the URI for every service call.",
  "http://a.ml/vocabularies/core#name": "SubscriptionIdParameter",
  "http://a.ml/vocabularies/shapes#schema": {
    "http://a.ml/vocabularies/core#description": "Subscription credentials that uniquely identify a Microsoft Azure subscription. The subscription ID forms part of the URI for every service call.",
    "http://www.w3.org/ns/shacl#datatype": "http://www.w3.org/2001/XMLSchema#string",
    "http://www.w3.org/ns/shacl#name": "schema",
    "id": "file:///Users/abettati/sandbox/azure-rest-api-specs/specification/servicebus/resource-manager/Microsoft.ServiceBus/preview/2018-01-01-preview/PremiumMessagingRegions.json#/declarations/parameters/parameter/SubscriptionIdParameter/scalar/schema"
  },
  "id": "file:///Users/abettati/sandbox/azure-rest-api-specs/specification/servicebus/resource-manager/Microsoft.ServiceBus/preview/2018-01-01-preview/PremiumMessagingRegions.json#/declarations/parameters/parameter/SubscriptionIdParameter"
}, {
  "http://a.ml/vocabularies/apiContract#binding": "query",
  "http://a.ml/vocabularies/apiContract#paramName": "$top",
  "http://a.ml/vocabularies/apiContract#required": "false",
  "http://a.ml/vocabularies/core#description": "May be used to limit the number of results to the most recent N usageDetails.",
  "http://a.ml/vocabularies/core#name": "TopParameter",
  "http://a.ml/vocabularies/document#customDomainProperties": [{
    "http://a.ml/vocabularies/core#extensionName": "ms-parameter-location",
    "http://a.ml/vocabularies/document#definedBy": {
      "http://a.ml/vocabularies/core#name": null,
      "id": "file:///Users/abettati/sandbox/azure-rest-api-specs/specification/servicebus/resource-manager/Microsoft.ServiceBus/preview/2018-01-01-preview/PremiumMessagingRegions.json#/declarations/parameters/parameter/TopParameter/ms-parameter-location"
    },
    "http://a.ml/vocabularies/document#extension": {
      "http://a.ml/vocabularies/core#name": null,
      "http://a.ml/vocabularies/data#value": null,
      "http://www.w3.org/ns/shacl#datatype": null,
      "id": "file:///Users/abettati/sandbox/azure-rest-api-specs/specification/servicebus/resource-manager/Microsoft.ServiceBus/preview/2018-01-01-preview/PremiumMessagingRegions.json#/declarations/parameters/parameter/TopParameter/ms-parameter-location/scalar_1"
    },
    "id": "file:///Users/abettati/sandbox/azure-rest-api-specs/specification/servicebus/resource-manager/Microsoft.ServiceBus/preview/2018-01-01-preview/PremiumMessagingRegions.json#/declarations/parameters/parameter/TopParameter/extension/ms-parameter-location"
  }],
  "http://a.ml/vocabularies/shapes#schema": {
    "http://a.ml/vocabularies/core#description": "May be used to limit the number of results to the most recent N usageDetails.",
    "http://a.ml/vocabularies/document#customDomainProperties": [{
      "http://a.ml/vocabularies/core#extensionName": null,
      "http://a.ml/vocabularies/document#definedBy": null,
      "http://a.ml/vocabularies/document#extension": null,
      "id": "file:///Users/abettati/sandbox/azure-rest-api-specs/specification/servicebus/resource-manager/Microsoft.ServiceBus/preview/2018-01-01-preview/PremiumMessagingRegions.json#/declarations/parameters/parameter/TopParameter/scalar/schema/extension/ms-parameter-location"
    }],
    "http://www.w3.org/ns/shacl#datatype": "http://www.w3.org/2001/XMLSchema#integer",
    "http://www.w3.org/ns/shacl#maxInclusive": "1000",
    "http://www.w3.org/ns/shacl#minInclusive": "1",
    "http://www.w3.org/ns/shacl#name": "schema",
    "id": "file:///Users/abettati/sandbox/azure-rest-api-specs/specification/servicebus/resource-manager/Microsoft.ServiceBus/preview/2018-01-01-preview/PremiumMessagingRegions.json#/declarations/parameters/parameter/TopParameter/scalar/schema"
  },
  "id": "file:///Users/abettati/sandbox/azure-rest-api-specs/specification/servicebus/resource-manager/Microsoft.ServiceBus/preview/2018-01-01-preview/PremiumMessagingRegions.json#/declarations/parameters/parameter/TopParameter"
}, {
  "http://a.ml/vocabularies/apiContract#binding": "path",
  "http://a.ml/vocabularies/apiContract#paramName": "authorizationRuleName",
  "http://a.ml/vocabularies/apiContract#required": "true",
  "http://a.ml/vocabularies/core#description": "The authorization rule name.",
  "http://a.ml/vocabularies/core#name": "AuthorizationRuleNameParameter",
  "http://a.ml/vocabularies/document#customDomainProperties": [{
    "http://a.ml/vocabularies/core#extensionName": "ms-parameter-location",
    "http://a.ml/vocabularies/document#definedBy": {
      "http://a.ml/vocabularies/core#name": null,
      "id": "file:///Users/abettati/sandbox/azure-rest-api-specs/specification/servicebus/resource-manager/Microsoft.ServiceBus/preview/2018-01-01-preview/PremiumMessagingRegions.json#/declarations/parameters/parameter/AuthorizationRuleNameParameter/ms-parameter-location"
    },
    "http://a.ml/vocabularies/document#extension": {
      "http://a.ml/vocabularies/core#name": null,
      "http://a.ml/vocabularies/data#value": null,
      "http://www.w3.org/ns/shacl#datatype": null,
      "id": "file:///Users/abettati/sandbox/azure-rest-api-specs/specification/servicebus/resource-manager/Microsoft.ServiceBus/preview/2018-01-01-preview/PremiumMessagingRegions.json#/declarations/parameters/parameter/AuthorizationRuleNameParameter/ms-parameter-location/scalar_1"
    },
    "id": "file:///Users/abettati/sandbox/azure-rest-api-specs/specification/servicebus/resource-manager/Microsoft.ServiceBus/preview/2018-01-01-preview/PremiumMessagingRegions.json#/declarations/parameters/parameter/AuthorizationRuleNameParameter/extension/ms-parameter-location"
  }],
  "http://a.ml/vocabularies/shapes#schema": {
    "http://a.ml/vocabularies/core#description": "The authorization rule name.",
    "http://a.ml/vocabularies/document#customDomainProperties": [{
      "http://a.ml/vocabularies/core#extensionName": null,
      "http://a.ml/vocabularies/document#definedBy": null,
      "http://a.ml/vocabularies/document#extension": null,
      "id": "file:///Users/abettati/sandbox/azure-rest-api-specs/specification/servicebus/resource-manager/Microsoft.ServiceBus/preview/2018-01-01-preview/PremiumMessagingRegions.json#/declarations/parameters/parameter/AuthorizationRuleNameParameter/scalar/schema/extension/ms-parameter-location"
    }],
    "http://www.w3.org/ns/shacl#datatype": "http://www.w3.org/2001/XMLSchema#string",
    "http://www.w3.org/ns/shacl#maxLength": "50",
    "http://www.w3.org/ns/shacl#minLength": "1",
    "http://www.w3.org/ns/shacl#name": "schema",
    "id": "file:///Users/abettati/sandbox/azure-rest-api-specs/specification/servicebus/resource-manager/Microsoft.ServiceBus/preview/2018-01-01-preview/PremiumMessagingRegions.json#/declarations/parameters/parameter/AuthorizationRuleNameParameter/scalar/schema"
  },
  "id": "file:///Users/abettati/sandbox/azure-rest-api-specs/specification/servicebus/resource-manager/Microsoft.ServiceBus/preview/2018-01-01-preview/PremiumMessagingRegions.json#/declarations/parameters/parameter/AuthorizationRuleNameParameter"
}, {
  "http://a.ml/vocabularies/apiContract#binding": "path",
  "http://a.ml/vocabularies/apiContract#paramName": "alias",
  "http://a.ml/vocabularies/apiContract#required": "true",
  "http://a.ml/vocabularies/core#description": "The Disaster Recovery configuration name",
  "http://a.ml/vocabularies/core#name": "AliasNameParameter",
  "http://a.ml/vocabularies/document#customDomainProperties": [{
    "http://a.ml/vocabularies/core#extensionName": "ms-parameter-location",
    "http://a.ml/vocabularies/document#definedBy": {
      "http://a.ml/vocabularies/core#name": null,
      "id": "file:///Users/abettati/sandbox/azure-rest-api-specs/specification/servicebus/resource-manager/Microsoft.ServiceBus/preview/2018-01-01-preview/PremiumMessagingRegions.json#/declarations/parameters/parameter/AliasNameParameter/ms-parameter-location"
    },
    "http://a.ml/vocabularies/document#extension": {
      "http://a.ml/vocabularies/core#name": null,
      "http://a.ml/vocabularies/data#value": null,
      "http://www.w3.org/ns/shacl#datatype": null,
      "id": "file:///Users/abettati/sandbox/azure-rest-api-specs/specification/servicebus/resource-manager/Microsoft.ServiceBus/preview/2018-01-01-preview/PremiumMessagingRegions.json#/declarations/parameters/parameter/AliasNameParameter/ms-parameter-location/scalar_1"
    },
    "id": "file:///Users/abettati/sandbox/azure-rest-api-specs/specification/servicebus/resource-manager/Microsoft.ServiceBus/preview/2018-01-01-preview/PremiumMessagingRegions.json#/declarations/parameters/parameter/AliasNameParameter/extension/ms-parameter-location"
  }],
  "http://a.ml/vocabularies/shapes#schema": {
    "http://a.ml/vocabularies/core#description": "The Disaster Recovery configuration name",
    "http://a.ml/vocabularies/document#customDomainProperties": [{
      "http://a.ml/vocabularies/core#extensionName": null,
      "http://a.ml/vocabularies/document#definedBy": null,
      "http://a.ml/vocabularies/document#extension": null,
      "id": "file:///Users/abettati/sandbox/azure-rest-api-specs/specification/servicebus/resource-manager/Microsoft.ServiceBus/preview/2018-01-01-preview/PremiumMessagingRegions.json#/declarations/parameters/parameter/AliasNameParameter/scalar/schema/extension/ms-parameter-location"
    }],
    "http://www.w3.org/ns/shacl#datatype": "http://www.w3.org/2001/XMLSchema#string",
    "http://www.w3.org/ns/shacl#maxLength": "50",
    "http://www.w3.org/ns/shacl#minLength": "1",
    "http://www.w3.org/ns/shacl#name": "schema",
    "id": "file:///Users/abettati/sandbox/azure-rest-api-specs/specification/servicebus/resource-manager/Microsoft.ServiceBus/preview/2018-01-01-preview/PremiumMessagingRegions.json#/declarations/parameters/parameter/AliasNameParameter/scalar/schema"
  },
  "id": "file:///Users/abettati/sandbox/azure-rest-api-specs/specification/servicebus/resource-manager/Microsoft.ServiceBus/preview/2018-01-01-preview/PremiumMessagingRegions.json#/declarations/parameters/parameter/AliasNameParameter"
}, {
  "http://a.ml/vocabularies/apiContract#binding": "path",
  "http://a.ml/vocabularies/apiContract#paramName": "sku",
  "http://a.ml/vocabularies/apiContract#required": "true",
  "http://a.ml/vocabularies/core#description": "The sku type.",
  "http://a.ml/vocabularies/core#name": "SkuNameParameter",
  "http://a.ml/vocabularies/document#customDomainProperties": [{
    "http://a.ml/vocabularies/core#extensionName": "ms-parameter-location",
    "http://a.ml/vocabularies/document#definedBy": {
      "http://a.ml/vocabularies/core#name": null,
      "id": "file:///Users/abettati/sandbox/azure-rest-api-specs/specification/servicebus/resource-manager/Microsoft.ServiceBus/preview/2018-01-01-preview/PremiumMessagingRegions.json#/declarations/parameters/parameter/SkuNameParameter/ms-parameter-location"
    },
    "http://a.ml/vocabularies/document#extension": {
      "http://a.ml/vocabularies/core#name": null,
      "http://a.ml/vocabularies/data#value": null,
      "http://www.w3.org/ns/shacl#datatype": null,
      "id": "file:///Users/abettati/sandbox/azure-rest-api-specs/specification/servicebus/resource-manager/Microsoft.ServiceBus/preview/2018-01-01-preview/PremiumMessagingRegions.json#/declarations/parameters/parameter/SkuNameParameter/ms-parameter-location/scalar_1"
    },
    "id": "file:///Users/abettati/sandbox/azure-rest-api-specs/specification/servicebus/resource-manager/Microsoft.ServiceBus/preview/2018-01-01-preview/PremiumMessagingRegions.json#/declarations/parameters/parameter/SkuNameParameter/extension/ms-parameter-location"
  }],
  "http://a.ml/vocabularies/shapes#schema": {
    "http://a.ml/vocabularies/core#description": "The sku type.",
    "http://a.ml/vocabularies/document#customDomainProperties": [{
      "http://a.ml/vocabularies/core#extensionName": null,
      "http://a.ml/vocabularies/document#definedBy": null,
      "http://a.ml/vocabularies/document#extension": null,
      "id": "file:///Users/abettati/sandbox/azure-rest-api-specs/specification/servicebus/resource-manager/Microsoft.ServiceBus/preview/2018-01-01-preview/PremiumMessagingRegions.json#/declarations/parameters/parameter/SkuNameParameter/scalar/schema/extension/ms-parameter-location"
    }],
    "http://www.w3.org/ns/shacl#datatype": "http://www.w3.org/2001/XMLSchema#string",
    "http://www.w3.org/ns/shacl#maxLength": "50",
    "http://www.w3.org/ns/shacl#minLength": "1",
    "http://www.w3.org/ns/shacl#name": "schema",
    "id": "file:///Users/abettati/sandbox/azure-rest-api-specs/specification/servicebus/resource-manager/Microsoft.ServiceBus/preview/2018-01-01-preview/PremiumMessagingRegions.json#/declarations/parameters/parameter/SkuNameParameter/scalar/schema"
  },
  "id": "file:///Users/abettati/sandbox/azure-rest-api-specs/specification/servicebus/resource-manager/Microsoft.ServiceBus/preview/2018-01-01-preview/PremiumMessagingRegions.json#/declarations/parameters/parameter/SkuNameParameter"
}, {
  "http://a.ml/vocabularies/apiContract#binding": "path",
  "http://a.ml/vocabularies/apiContract#paramName": "subscriptionName",
  "http://a.ml/vocabularies/apiContract#required": "true",
  "http://a.ml/vocabularies/core#description": "The subscription name.",
  "http://a.ml/vocabularies/core#name": "SubscriptionNameParameter",
  "http://a.ml/vocabularies/document#customDomainProperties": [{
    "http://a.ml/vocabularies/core#extensionName": "ms-parameter-location",
    "http://a.ml/vocabularies/document#definedBy": {
      "http://a.ml/vocabularies/core#name": null,
      "id": "file:///Users/abettati/sandbox/azure-rest-api-specs/specification/servicebus/resource-manager/Microsoft.ServiceBus/preview/2018-01-01-preview/PremiumMessagingRegions.json#/declarations/parameters/parameter/SubscriptionNameParameter/ms-parameter-location"
    },
    "http://a.ml/vocabularies/document#extension": {
      "http://a.ml/vocabularies/core#name": null,
      "http://a.ml/vocabularies/data#value": null,
      "http://www.w3.org/ns/shacl#datatype": null,
      "id": "file:///Users/abettati/sandbox/azure-rest-api-specs/specification/servicebus/resource-manager/Microsoft.ServiceBus/preview/2018-01-01-preview/PremiumMessagingRegions.json#/declarations/parameters/parameter/SubscriptionNameParameter/ms-parameter-location/scalar_1"
    },
    "id": "file:///Users/abettati/sandbox/azure-rest-api-specs/specification/servicebus/resource-manager/Microsoft.ServiceBus/preview/2018-01-01-preview/PremiumMessagingRegions.json#/declarations/parameters/parameter/SubscriptionNameParameter/extension/ms-parameter-location"
  }],
  "http://a.ml/vocabularies/shapes#schema": {
    "http://a.ml/vocabularies/core#description": "The subscription name.",
    "http://a.ml/vocabularies/document#customDomainProperties": [{
      "http://a.ml/vocabularies/core#extensionName": null,
      "http://a.ml/vocabularies/document#definedBy": null,
      "http://a.ml/vocabularies/document#extension": null,
      "id": "file:///Users/abettati/sandbox/azure-rest-api-specs/specification/servicebus/resource-manager/Microsoft.ServiceBus/preview/2018-01-01-preview/PremiumMessagingRegions.json#/declarations/parameters/parameter/SubscriptionNameParameter/scalar/schema/extension/ms-parameter-location"
    }],
    "http://www.w3.org/ns/shacl#datatype": "http://www.w3.org/2001/XMLSchema#string",
    "http://www.w3.org/ns/shacl#maxLength": "50",
    "http://www.w3.org/ns/shacl#minLength": "1",
    "http://www.w3.org/ns/shacl#name": "schema",
    "id": "file:///Users/abettati/sandbox/azure-rest-api-specs/specification/servicebus/resource-manager/Microsoft.ServiceBus/preview/2018-01-01-preview/PremiumMessagingRegions.json#/declarations/parameters/parameter/SubscriptionNameParameter/scalar/schema"
  },
  "id": "file:///Users/abettati/sandbox/azure-rest-api-specs/specification/servicebus/resource-manager/Microsoft.ServiceBus/preview/2018-01-01-preview/PremiumMessagingRegions.json#/declarations/parameters/parameter/SubscriptionNameParameter"
}, {
  "http://a.ml/vocabularies/apiContract#binding": "query",
  "http://a.ml/vocabularies/apiContract#paramName": "$skip",
  "http://a.ml/vocabularies/apiContract#required": "false",
  "http://a.ml/vocabularies/core#description": "Skip is only used if a previous operation returned a partial result. If a previous response contains a nextLink element, the value of the nextLink element will include a skip parameter that specifies a starting point to use for subsequent calls.",
  "http://a.ml/vocabularies/core#name": "SkipParameter",
  "http://a.ml/vocabularies/document#customDomainProperties": [{
    "http://a.ml/vocabularies/core#extensionName": "ms-parameter-location",
    "http://a.ml/vocabularies/document#definedBy": {
      "http://a.ml/vocabularies/core#name": null,
      "id": "file:///Users/abettati/sandbox/azure-rest-api-specs/specification/servicebus/resource-manager/Microsoft.ServiceBus/preview/2018-01-01-preview/PremiumMessagingRegions.json#/declarations/parameters/parameter/SkipParameter/ms-parameter-location"
    },
    "http://a.ml/vocabularies/document#extension": {
      "http://a.ml/vocabularies/core#name": null,
      "http://a.ml/vocabularies/data#value": null,
      "http://www.w3.org/ns/shacl#datatype": null,
      "id": "file:///Users/abettati/sandbox/azure-rest-api-specs/specification/servicebus/resource-manager/Microsoft.ServiceBus/preview/2018-01-01-preview/PremiumMessagingRegions.json#/declarations/parameters/parameter/SkipParameter/ms-parameter-location/scalar_1"
    },
    "id": "file:///Users/abettati/sandbox/azure-rest-api-specs/specification/servicebus/resource-manager/Microsoft.ServiceBus/preview/2018-01-01-preview/PremiumMessagingRegions.json#/declarations/parameters/parameter/SkipParameter/extension/ms-parameter-location"
  }],
  "http://a.ml/vocabularies/shapes#schema": {
    "http://a.ml/vocabularies/core#description": "Skip is only used if a previous operation returned a partial result. If a previous response contains a nextLink element, the value of the nextLink element will include a skip parameter that specifies a starting point to use for subsequent calls.",
    "http://a.ml/vocabularies/document#customDomainProperties": [{
      "http://a.ml/vocabularies/core#extensionName": null,
      "http://a.ml/vocabularies/document#definedBy": null,
      "http://a.ml/vocabularies/document#extension": null,
      "id": "file:///Users/abettati/sandbox/azure-rest-api-specs/specification/servicebus/resource-manager/Microsoft.ServiceBus/preview/2018-01-01-preview/PremiumMessagingRegions.json#/declarations/parameters/parameter/SkipParameter/scalar/schema/extension/ms-parameter-location"
    }],
    "http://www.w3.org/ns/shacl#datatype": "http://www.w3.org/2001/XMLSchema#integer",
    "http://www.w3.org/ns/shacl#maxInclusive": "1000",
    "http://www.w3.org/ns/shacl#minInclusive": "0",
    "http://www.w3.org/ns/shacl#name": "schema",
    "id": "file:///Users/abettati/sandbox/azure-rest-api-specs/specification/servicebus/resource-manager/Microsoft.ServiceBus/preview/2018-01-01-preview/PremiumMessagingRegions.json#/declarations/parameters/parameter/SkipParameter/scalar/schema"
  },
  "id": "file:///Users/abettati/sandbox/azure-rest-api-specs/specification/servicebus/resource-manager/Microsoft.ServiceBus/preview/2018-01-01-preview/PremiumMessagingRegions.json#/declarations/parameters/parameter/SkipParameter"
}, {
  "http://a.ml/vocabularies/apiContract#binding": "path",
  "http://a.ml/vocabularies/apiContract#paramName": "queueName",
  "http://a.ml/vocabularies/apiContract#required": "true",
  "http://a.ml/vocabularies/core#description": "The queue name.",
  "http://a.ml/vocabularies/core#name": "QueueNameParameter",
  "http://a.ml/vocabularies/document#customDomainProperties": [{
    "http://a.ml/vocabularies/core#extensionName": "ms-parameter-location",
    "http://a.ml/vocabularies/document#definedBy": {
      "http://a.ml/vocabularies/core#name": null,
      "id": "file:///Users/abettati/sandbox/azure-rest-api-specs/specification/servicebus/resource-manager/Microsoft.ServiceBus/preview/2018-01-01-preview/PremiumMessagingRegions.json#/declarations/parameters/parameter/QueueNameParameter/ms-parameter-location"
    },
    "http://a.ml/vocabularies/document#extension": {
      "http://a.ml/vocabularies/core#name": null,
      "http://a.ml/vocabularies/data#value": null,
      "http://www.w3.org/ns/shacl#datatype": null,
      "id": "file:///Users/abettati/sandbox/azure-rest-api-specs/specification/servicebus/resource-manager/Microsoft.ServiceBus/preview/2018-01-01-preview/PremiumMessagingRegions.json#/declarations/parameters/parameter/QueueNameParameter/ms-parameter-location/scalar_1"
    },
    "id": "file:///Users/abettati/sandbox/azure-rest-api-specs/specification/servicebus/resource-manager/Microsoft.ServiceBus/preview/2018-01-01-preview/PremiumMessagingRegions.json#/declarations/parameters/parameter/QueueNameParameter/extension/ms-parameter-location"
  }],
  "http://a.ml/vocabularies/shapes#schema": {
    "http://a.ml/vocabularies/core#description": "The queue name.",
    "http://a.ml/vocabularies/document#customDomainProperties": [{
      "http://a.ml/vocabularies/core#extensionName": null,
      "http://a.ml/vocabularies/document#definedBy": null,
      "http://a.ml/vocabularies/document#extension": null,
      "id": "file:///Users/abettati/sandbox/azure-rest-api-specs/specification/servicebus/resource-manager/Microsoft.ServiceBus/preview/2018-01-01-preview/PremiumMessagingRegions.json#/declarations/parameters/parameter/QueueNameParameter/scalar/schema/extension/ms-parameter-location"
    }],
    "http://www.w3.org/ns/shacl#datatype": "http://www.w3.org/2001/XMLSchema#string",
    "http://www.w3.org/ns/shacl#minLength": "1",
    "http://www.w3.org/ns/shacl#name": "schema",
    "id": "file:///Users/abettati/sandbox/azure-rest-api-specs/specification/servicebus/resource-manager/Microsoft.ServiceBus/preview/2018-01-01-preview/PremiumMessagingRegions.json#/declarations/parameters/parameter/QueueNameParameter/scalar/schema"
  },
  "id": "file:///Users/abettati/sandbox/azure-rest-api-specs/specification/servicebus/resource-manager/Microsoft.ServiceBus/preview/2018-01-01-preview/PremiumMessagingRegions.json#/declarations/parameters/parameter/QueueNameParameter"
}, {
  "http://a.ml/vocabularies/apiContract#binding": "path",
  "http://a.ml/vocabularies/apiContract#paramName": "topicName",
  "http://a.ml/vocabularies/apiContract#required": "true",
  "http://a.ml/vocabularies/core#description": "The topic name.",
  "http://a.ml/vocabularies/core#name": "TopicNameParameter",
  "http://a.ml/vocabularies/document#customDomainProperties": [{
    "http://a.ml/vocabularies/core#extensionName": "ms-parameter-location",
    "http://a.ml/vocabularies/document#definedBy": {
      "http://a.ml/vocabularies/core#name": null,
      "id": "file:///Users/abettati/sandbox/azure-rest-api-specs/specification/servicebus/resource-manager/Microsoft.ServiceBus/preview/2018-01-01-preview/PremiumMessagingRegions.json#/declarations/parameters/parameter/TopicNameParameter/ms-parameter-location"
    },
    "http://a.ml/vocabularies/document#extension": {
      "http://a.ml/vocabularies/core#name": null,
      "http://a.ml/vocabularies/data#value": null,
      "http://www.w3.org/ns/shacl#datatype": null,
      "id": "file:///Users/abettati/sandbox/azure-rest-api-specs/specification/servicebus/resource-manager/Microsoft.ServiceBus/preview/2018-01-01-preview/PremiumMessagingRegions.json#/declarations/parameters/parameter/TopicNameParameter/ms-parameter-location/scalar_1"
    },
    "id": "file:///Users/abettati/sandbox/azure-rest-api-specs/specification/servicebus/resource-manager/Microsoft.ServiceBus/preview/2018-01-01-preview/PremiumMessagingRegions.json#/declarations/parameters/parameter/TopicNameParameter/extension/ms-parameter-location"
  }],
  "http://a.ml/vocabularies/shapes#schema": {
    "http://a.ml/vocabularies/core#description": "The topic name.",
    "http://a.ml/vocabularies/document#customDomainProperties": [{
      "http://a.ml/vocabularies/core#extensionName": null,
      "http://a.ml/vocabularies/document#definedBy": null,
      "http://a.ml/vocabularies/document#extension": null,
      "id": "file:///Users/abettati/sandbox/azure-rest-api-specs/specification/servicebus/resource-manager/Microsoft.ServiceBus/preview/2018-01-01-preview/PremiumMessagingRegions.json#/declarations/parameters/parameter/TopicNameParameter/scalar/schema/extension/ms-parameter-location"
    }],
    "http://www.w3.org/ns/shacl#datatype": "http://www.w3.org/2001/XMLSchema#string",
    "http://www.w3.org/ns/shacl#minLength": "1",
    "http://www.w3.org/ns/shacl#name": "schema",
    "id": "file:///Users/abettati/sandbox/azure-rest-api-specs/specification/servicebus/resource-manager/Microsoft.ServiceBus/preview/2018-01-01-preview/PremiumMessagingRegions.json#/declarations/parameters/parameter/TopicNameParameter/scalar/schema"
  },
  "id": "file:///Users/abettati/sandbox/azure-rest-api-specs/specification/servicebus/resource-manager/Microsoft.ServiceBus/preview/2018-01-01-preview/PremiumMessagingRegions.json#/declarations/parameters/parameter/TopicNameParameter"
}, {
  "http://a.ml/vocabularies/apiContract#binding": "path",
  "http://a.ml/vocabularies/apiContract#paramName": "resourceGroupName",
  "http://a.ml/vocabularies/apiContract#required": "true",
  "http://a.ml/vocabularies/core#description": "Name of the Resource group within the Azure subscription.",
  "http://a.ml/vocabularies/core#name": "ResourceGroupNameParameter",
  "http://a.ml/vocabularies/document#customDomainProperties": [{
    "http://a.ml/vocabularies/core#extensionName": "ms-parameter-location",
    "http://a.ml/vocabularies/document#definedBy": {
      "http://a.ml/vocabularies/core#name": null,
      "id": "file:///Users/abettati/sandbox/azure-rest-api-specs/specification/servicebus/resource-manager/Microsoft.ServiceBus/preview/2018-01-01-preview/PremiumMessagingRegions.json#/declarations/parameters/parameter/ResourceGroupNameParameter/ms-parameter-location"
    },
    "http://a.ml/vocabularies/document#extension": {
      "http://a.ml/vocabularies/core#name": null,
      "http://a.ml/vocabularies/data#value": null,
      "http://www.w3.org/ns/shacl#datatype": null,
      "id": "file:///Users/abettati/sandbox/azure-rest-api-specs/specification/servicebus/resource-manager/Microsoft.ServiceBus/preview/2018-01-01-preview/PremiumMessagingRegions.json#/declarations/parameters/parameter/ResourceGroupNameParameter/ms-parameter-location/scalar_1"
    },
    "id": "file:///Users/abettati/sandbox/azure-rest-api-specs/specification/servicebus/resource-manager/Microsoft.ServiceBus/preview/2018-01-01-preview/PremiumMessagingRegions.json#/declarations/parameters/parameter/ResourceGroupNameParameter/extension/ms-parameter-location"
  }],
  "http://a.ml/vocabularies/shapes#schema": {
    "http://a.ml/vocabularies/core#description": "Name of the Resource group within the Azure subscription.",
    "http://a.ml/vocabularies/document#customDomainProperties": [{
      "http://a.ml/vocabularies/core#extensionName": null,
      "http://a.ml/vocabularies/document#definedBy": null,
      "http://a.ml/vocabularies/document#extension": null,
      "id": "file:///Users/abettati/sandbox/azure-rest-api-specs/specification/servicebus/resource-manager/Microsoft.ServiceBus/preview/2018-01-01-preview/PremiumMessagingRegions.json#/declarations/parameters/parameter/ResourceGroupNameParameter/scalar/schema/extension/ms-parameter-location"
    }],
    "http://www.w3.org/ns/shacl#datatype": "http://www.w3.org/2001/XMLSchema#string",
    "http://www.w3.org/ns/shacl#maxLength": "90",
    "http://www.w3.org/ns/shacl#minLength": "1",
    "http://www.w3.org/ns/shacl#name": "schema",
    "id": "file:///Users/abettati/sandbox/azure-rest-api-specs/specification/servicebus/resource-manager/Microsoft.ServiceBus/preview/2018-01-01-preview/PremiumMessagingRegions.json#/declarations/parameters/parameter/ResourceGroupNameParameter/scalar/schema"
  },
  "id": "file:///Users/abettati/sandbox/azure-rest-api-specs/specification/servicebus/resource-manager/Microsoft.ServiceBus/preview/2018-01-01-preview/PremiumMessagingRegions.json#/declarations/parameters/parameter/ResourceGroupNameParameter"
}, {
  "http://a.ml/vocabularies/apiContract#binding": "path",
  "http://a.ml/vocabularies/apiContract#paramName": "configName",
  "http://a.ml/vocabularies/apiContract#required": "true",
  "http://a.ml/vocabularies/core#description": "The configuration name. Should always be \"$default\".",
  "http://a.ml/vocabularies/core#name": "ConfigNameParameter",
  "http://a.ml/vocabularies/document#customDomainProperties": [{
    "http://a.ml/vocabularies/core#extensionName": "ms-enum",
    "http://a.ml/vocabularies/document#definedBy": {
      "http://a.ml/vocabularies/core#name": null,
      "id": "file:///Users/abettati/sandbox/azure-rest-api-specs/specification/servicebus/resource-manager/Microsoft.ServiceBus/preview/2018-01-01-preview/PremiumMessagingRegions.json#/declarations/parameters/parameter/ConfigNameParameter/ms-enum"
    },
    "http://a.ml/vocabularies/document#extension": {
      "http://a.ml/vocabularies/core#name": null,
      "http://a.ml/vocabularies/data#modelAsString": null,
      "http://a.ml/vocabularies/data#name": null,
      "id": "file:///Users/abettati/sandbox/azure-rest-api-specs/specification/servicebus/resource-manager/Microsoft.ServiceBus/preview/2018-01-01-preview/PremiumMessagingRegions.json#/declarations/parameters/parameter/ConfigNameParameter/ms-enum/object_1"
    },
    "id": "file:///Users/abettati/sandbox/azure-rest-api-specs/specification/servicebus/resource-manager/Microsoft.ServiceBus/preview/2018-01-01-preview/PremiumMessagingRegions.json#/declarations/parameters/parameter/ConfigNameParameter/extension/ms-enum"
  }, {
    "http://a.ml/vocabularies/core#extensionName": "ms-parameter-location",
    "http://a.ml/vocabularies/document#definedBy": {
      "http://a.ml/vocabularies/core#name": null,
      "id": "file:///Users/abettati/sandbox/azure-rest-api-specs/specification/servicebus/resource-manager/Microsoft.ServiceBus/preview/2018-01-01-preview/PremiumMessagingRegions.json#/declarations/parameters/parameter/ConfigNameParameter/ms-parameter-location"
    },
    "http://a.ml/vocabularies/document#extension": {
      "http://a.ml/vocabularies/core#name": null,
      "http://a.ml/vocabularies/data#value": null,
      "http://www.w3.org/ns/shacl#datatype": null,
      "id": "file:///Users/abettati/sandbox/azure-rest-api-specs/specification/servicebus/resource-manager/Microsoft.ServiceBus/preview/2018-01-01-preview/PremiumMessagingRegions.json#/declarations/parameters/parameter/ConfigNameParameter/ms-parameter-location/scalar_1"
    },
    "id": "file:///Users/abettati/sandbox/azure-rest-api-specs/specification/servicebus/resource-manager/Microsoft.ServiceBus/preview/2018-01-01-preview/PremiumMessagingRegions.json#/declarations/parameters/parameter/ConfigNameParameter/extension/ms-parameter-location"
  }],
  "http://a.ml/vocabularies/shapes#schema": {
    "http://a.ml/vocabularies/core#description": "The configuration name. Should always be \"$default\".",
    "http://a.ml/vocabularies/document#customDomainProperties": [{
      "http://a.ml/vocabularies/core#extensionName": null,
      "http://a.ml/vocabularies/document#definedBy": null,
      "http://a.ml/vocabularies/document#extension": null,
      "id": "file:///Users/abettati/sandbox/azure-rest-api-specs/specification/servicebus/resource-manager/Microsoft.ServiceBus/preview/2018-01-01-preview/PremiumMessagingRegions.json#/declarations/parameters/parameter/ConfigNameParameter/scalar/schema/extension/ms-enum"
    }, {
      "http://a.ml/vocabularies/core#extensionName": null,
      "http://a.ml/vocabularies/document#definedBy": null,
      "http://a.ml/vocabularies/document#extension": null,
      "id": "file:///Users/abettati/sandbox/azure-rest-api-specs/specification/servicebus/resource-manager/Microsoft.ServiceBus/preview/2018-01-01-preview/PremiumMessagingRegions.json#/declarations/parameters/parameter/ConfigNameParameter/scalar/schema/extension/ms-parameter-location"
    }],
    "http://www.w3.org/ns/shacl#datatype": "http://www.w3.org/2001/XMLSchema#string",
    "http://www.w3.org/ns/shacl#in": [{
      "http://a.ml/vocabularies/core#name": null,
      "http://a.ml/vocabularies/data#value": null,
      "http://www.w3.org/ns/shacl#datatype": null,
      "id": "file:///Users/abettati/sandbox/azure-rest-api-specs/specification/servicebus/resource-manager/Microsoft.ServiceBus/preview/2018-01-01-preview/PremiumMessagingRegions.json#/declarations/parameters/parameter/ConfigNameParameter/scalar/schema/enum/scalar_1"
    }],
    "http://www.w3.org/ns/shacl#name": "schema",
    "id": "file:///Users/abettati/sandbox/azure-rest-api-specs/specification/servicebus/resource-manager/Microsoft.ServiceBus/preview/2018-01-01-preview/PremiumMessagingRegions.json#/declarations/parameters/parameter/ConfigNameParameter/scalar/schema"
  },
  "id": "file:///Users/abettati/sandbox/azure-rest-api-specs/specification/servicebus/resource-manager/Microsoft.ServiceBus/preview/2018-01-01-preview/PremiumMessagingRegions.json#/declarations/parameters/parameter/ConfigNameParameter"
}, {
  "http://a.ml/vocabularies/apiContract#binding": "path",
  "http://a.ml/vocabularies/apiContract#paramName": "namespaceName",
  "http://a.ml/vocabularies/apiContract#required": "true",
  "http://a.ml/vocabularies/core#description": "The namespace name",
  "http://a.ml/vocabularies/core#name": "NamespaceNameParameter",
  "http://a.ml/vocabularies/document#customDomainProperties": [{
    "http://a.ml/vocabularies/core#extensionName": "ms-parameter-location",
    "http://a.ml/vocabularies/document#definedBy": {
      "http://a.ml/vocabularies/core#name": null,
      "id": "file:///Users/abettati/sandbox/azure-rest-api-specs/specification/servicebus/resource-manager/Microsoft.ServiceBus/preview/2018-01-01-preview/PremiumMessagingRegions.json#/declarations/parameters/parameter/NamespaceNameParameter/ms-parameter-location"
    },
    "http://a.ml/vocabularies/document#extension": {
      "http://a.ml/vocabularies/core#name": null,
      "http://a.ml/vocabularies/data#value": null,
      "http://www.w3.org/ns/shacl#datatype": null,
      "id": "file:///Users/abettati/sandbox/azure-rest-api-specs/specification/servicebus/resource-manager/Microsoft.ServiceBus/preview/2018-01-01-preview/PremiumMessagingRegions.json#/declarations/parameters/parameter/NamespaceNameParameter/ms-parameter-location/scalar_1"
    },
    "id": "file:///Users/abettati/sandbox/azure-rest-api-specs/specification/servicebus/resource-manager/Microsoft.ServiceBus/preview/2018-01-01-preview/PremiumMessagingRegions.json#/declarations/parameters/parameter/NamespaceNameParameter/extension/ms-parameter-location"
  }],
  "http://a.ml/vocabularies/shapes#schema": {
    "http://a.ml/vocabularies/core#description": "The namespace name",
    "http://a.ml/vocabularies/document#customDomainProperties": [{
      "http://a.ml/vocabularies/core#extensionName": null,
      "http://a.ml/vocabularies/document#definedBy": null,
      "http://a.ml/vocabularies/document#extension": null,
      "id": "file:///Users/abettati/sandbox/azure-rest-api-specs/specification/servicebus/resource-manager/Microsoft.ServiceBus/preview/2018-01-01-preview/PremiumMessagingRegions.json#/declarations/parameters/parameter/NamespaceNameParameter/scalar/schema/extension/ms-parameter-location"
    }],
    "http://www.w3.org/ns/shacl#datatype": "http://www.w3.org/2001/XMLSchema#string",
    "http://www.w3.org/ns/shacl#maxLength": "50",
    "http://www.w3.org/ns/shacl#minLength": "6",
    "http://www.w3.org/ns/shacl#name": "schema",
    "id": "file:///Users/abettati/sandbox/azure-rest-api-specs/specification/servicebus/resource-manager/Microsoft.ServiceBus/preview/2018-01-01-preview/PremiumMessagingRegions.json#/declarations/parameters/parameter/NamespaceNameParameter/scalar/schema"
  },
  "id": "file:///Users/abettati/sandbox/azure-rest-api-specs/specification/servicebus/resource-manager/Microsoft.ServiceBus/preview/2018-01-01-preview/PremiumMessagingRegions.json#/declarations/parameters/parameter/NamespaceNameParameter"
}, {
  "http://a.ml/vocabularies/apiContract#binding": "query",
  "http://a.ml/vocabularies/apiContract#paramName": "api-version",
  "http://a.ml/vocabularies/apiContract#required": "true",
  "http://a.ml/vocabularies/core#description": "Client API version.",
  "http://a.ml/vocabularies/core#name": "api-version",
  "http://a.ml/vocabularies/shapes#schema": {
    "http://a.ml/vocabularies/core#description": "Client API version.",
    "http://www.w3.org/ns/shacl#datatype": "http://www.w3.org/2001/XMLSchema#string",
    "http://www.w3.org/ns/shacl#name": "schema",
    "id": "file:///Users/abettati/sandbox/azure-rest-api-specs/specification/servicebus/resource-manager/Microsoft.ServiceBus/preview/2018-01-01-preview/PremiumMessagingRegions.json#/web-api/end-points/%2Fsubscriptions%2F%7BsubscriptionId%7D%2Fproviders%2FMicrosoft.ServiceBus%2FpremiumMessagingRegions/get/request/parameter/api-version/scalar/schema"
  },
  "id": "file:///Users/abettati/sandbox/azure-rest-api-specs/specification/servicebus/resource-manager/Microsoft.ServiceBus/preview/2018-01-01-preview/PremiumMessagingRegions.json#/web-api/end-points/%2Fsubscriptions%2F%7BsubscriptionId%7D%2Fproviders%2FMicrosoft.ServiceBus%2FpremiumMessagingRegions/get/request/parameter/api-version"
}, {
  "http://a.ml/vocabularies/apiContract#binding": "path",
  "http://a.ml/vocabularies/apiContract#paramName": "subscriptionId",
  "http://a.ml/vocabularies/apiContract#required": "true",
  "http://a.ml/vocabularies/core#description": "Subscription credentials that uniquely identify a Microsoft Azure subscription. The subscription ID forms part of the URI for every service call.",
  "http://a.ml/vocabularies/core#name": "subscriptionId",
  "http://a.ml/vocabularies/shapes#schema": {
    "http://a.ml/vocabularies/core#description": "Subscription credentials that uniquely identify a Microsoft Azure subscription. The subscription ID forms part of the URI for every service call.",
    "http://www.w3.org/ns/shacl#datatype": "http://www.w3.org/2001/XMLSchema#string",
    "http://www.w3.org/ns/shacl#name": "schema",
    "id": "file:///Users/abettati/sandbox/azure-rest-api-specs/specification/servicebus/resource-manager/Microsoft.ServiceBus/preview/2018-01-01-preview/PremiumMessagingRegions.json#/web-api/end-points/%2Fsubscriptions%2F%7BsubscriptionId%7D%2Fproviders%2FMicrosoft.ServiceBus%2FpremiumMessagingRegions/get/request/parameter/subscriptionId/scalar/schema"
  },
  "id": "file:///Users/abettati/sandbox/azure-rest-api-specs/specification/servicebus/resource-manager/Microsoft.ServiceBus/preview/2018-01-01-preview/PremiumMessagingRegions.json#/web-api/end-points/%2Fsubscriptions%2F%7BsubscriptionId%7D%2Fproviders%2FMicrosoft.ServiceBus%2FpremiumMessagingRegions/get/request/parameter/subscriptionId"
}]