[{
  "http://a.ml/vocabularies/apiContract#binding": "path",
  "http://a.ml/vocabularies/apiContract#paramName": "subscriptionId",
  "http://a.ml/vocabularies/apiContract#required": "true",
  "http://a.ml/vocabularies/core#description": "The unique identifier for a Microsoft Azure subscription.",
  "http://a.ml/vocabularies/core#name": "SubscriptionId",
  "http://a.ml/vocabularies/shapes#schema": {
    "http://a.ml/vocabularies/core#description": "The unique identifier for a Microsoft Azure subscription.",
    "http://www.w3.org/ns/shacl#datatype": "http://www.w3.org/2001/XMLSchema#string",
    "http://www.w3.org/ns/shacl#name": "schema",
    "id": "file:///Users/abettati/sandbox/azure-rest-api-specs/specification/mediaservices/resource-manager/Microsoft.Media/preview/2019-05-01-preview/Encoding.json#/declarations/parameters/parameter/SubscriptionId/scalar/schema"
  },
  "id": "file:///Users/abettati/sandbox/azure-rest-api-specs/specification/mediaservices/resource-manager/Microsoft.Media/preview/2019-05-01-preview/Encoding.json#/declarations/parameters/parameter/SubscriptionId"
}, {
  "http://a.ml/vocabularies/apiContract#binding": "path",
  "http://a.ml/vocabularies/apiContract#paramName": "resourceGroupName",
  "http://a.ml/vocabularies/apiContract#required": "true",
  "http://a.ml/vocabularies/core#description": "The name of the resource group within the Azure subscription.",
  "http://a.ml/vocabularies/core#name": "ResourceGroupName",
  "http://a.ml/vocabularies/document#customDomainProperties": [{
    "http://a.ml/vocabularies/core#extensionName": "ms-parameter-location",
    "http://a.ml/vocabularies/document#definedBy": {
      "http://a.ml/vocabularies/core#name": null,
      "id": "file:///Users/abettati/sandbox/azure-rest-api-specs/specification/mediaservices/resource-manager/Microsoft.Media/preview/2019-05-01-preview/Encoding.json#/declarations/parameters/parameter/ResourceGroupName/ms-parameter-location"
    },
    "http://a.ml/vocabularies/document#extension": {
      "http://a.ml/vocabularies/core#name": null,
      "http://a.ml/vocabularies/data#value": null,
      "http://www.w3.org/ns/shacl#datatype": null,
      "id": "file:///Users/abettati/sandbox/azure-rest-api-specs/specification/mediaservices/resource-manager/Microsoft.Media/preview/2019-05-01-preview/Encoding.json#/declarations/parameters/parameter/ResourceGroupName/ms-parameter-location/scalar_1"
    },
    "id": "file:///Users/abettati/sandbox/azure-rest-api-specs/specification/mediaservices/resource-manager/Microsoft.Media/preview/2019-05-01-preview/Encoding.json#/declarations/parameters/parameter/ResourceGroupName/extension/ms-parameter-location"
  }],
  "http://a.ml/vocabularies/shapes#schema": {
    "http://a.ml/vocabularies/core#description": "The name of the resource group within the Azure subscription.",
    "http://a.ml/vocabularies/document#customDomainProperties": [{
      "http://a.ml/vocabularies/core#extensionName": null,
      "http://a.ml/vocabularies/document#definedBy": null,
      "http://a.ml/vocabularies/document#extension": null,
      "id": "file:///Users/abettati/sandbox/azure-rest-api-specs/specification/mediaservices/resource-manager/Microsoft.Media/preview/2019-05-01-preview/Encoding.json#/declarations/parameters/parameter/ResourceGroupName/scalar/schema/extension/ms-parameter-location"
    }],
    "http://www.w3.org/ns/shacl#datatype": "http://www.w3.org/2001/XMLSchema#string",
    "http://www.w3.org/ns/shacl#name": "schema",
    "id": "file:///Users/abettati/sandbox/azure-rest-api-specs/specification/mediaservices/resource-manager/Microsoft.Media/preview/2019-05-01-preview/Encoding.json#/declarations/parameters/parameter/ResourceGroupName/scalar/schema"
  },
  "id": "file:///Users/abettati/sandbox/azure-rest-api-specs/specification/mediaservices/resource-manager/Microsoft.Media/preview/2019-05-01-preview/Encoding.json#/declarations/parameters/parameter/ResourceGroupName"
}, {
  "http://a.ml/vocabularies/apiContract#binding": "path",
  "http://a.ml/vocabularies/apiContract#paramName": "accountName",
  "http://a.ml/vocabularies/apiContract#required": "true",
  "http://a.ml/vocabularies/core#description": "The Media Services account name.",
  "http://a.ml/vocabularies/core#name": "MediaServicesAccountName",
  "http://a.ml/vocabularies/document#customDomainProperties": [{
    "http://a.ml/vocabularies/core#extensionName": "ms-parameter-location",
    "http://a.ml/vocabularies/document#definedBy": {
      "http://a.ml/vocabularies/core#name": null,
      "id": "file:///Users/abettati/sandbox/azure-rest-api-specs/specification/mediaservices/resource-manager/Microsoft.Media/preview/2019-05-01-preview/Encoding.json#/declarations/parameters/parameter/MediaServicesAccountName/ms-parameter-location"
    },
    "http://a.ml/vocabularies/document#extension": {
      "http://a.ml/vocabularies/core#name": null,
      "http://a.ml/vocabularies/data#value": null,
      "http://www.w3.org/ns/shacl#datatype": null,
      "id": "file:///Users/abettati/sandbox/azure-rest-api-specs/specification/mediaservices/resource-manager/Microsoft.Media/preview/2019-05-01-preview/Encoding.json#/declarations/parameters/parameter/MediaServicesAccountName/ms-parameter-location/scalar_1"
    },
    "id": "file:///Users/abettati/sandbox/azure-rest-api-specs/specification/mediaservices/resource-manager/Microsoft.Media/preview/2019-05-01-preview/Encoding.json#/declarations/parameters/parameter/MediaServicesAccountName/extension/ms-parameter-location"
  }],
  "http://a.ml/vocabularies/shapes#schema": {
    "http://a.ml/vocabularies/core#description": "The Media Services account name.",
    "http://a.ml/vocabularies/document#customDomainProperties": [{
      "http://a.ml/vocabularies/core#extensionName": null,
      "http://a.ml/vocabularies/document#definedBy": null,
      "http://a.ml/vocabularies/document#extension": null,
      "id": "file:///Users/abettati/sandbox/azure-rest-api-specs/specification/mediaservices/resource-manager/Microsoft.Media/preview/2019-05-01-preview/Encoding.json#/declarations/parameters/parameter/MediaServicesAccountName/scalar/schema/extension/ms-parameter-location"
    }],
    "http://www.w3.org/ns/shacl#datatype": "http://www.w3.org/2001/XMLSchema#string",
    "http://www.w3.org/ns/shacl#name": "schema",
    "id": "file:///Users/abettati/sandbox/azure-rest-api-specs/specification/mediaservices/resource-manager/Microsoft.Media/preview/2019-05-01-preview/Encoding.json#/declarations/parameters/parameter/MediaServicesAccountName/scalar/schema"
  },
  "id": "file:///Users/abettati/sandbox/azure-rest-api-specs/specification/mediaservices/resource-manager/Microsoft.Media/preview/2019-05-01-preview/Encoding.json#/declarations/parameters/parameter/MediaServicesAccountName"
}, {
  "http://a.ml/vocabularies/apiContract#binding": "query",
  "http://a.ml/vocabularies/apiContract#paramName": "api-version",
  "http://a.ml/vocabularies/apiContract#required": "true",
  "http://a.ml/vocabularies/core#description": "The Version of the API to be used with the client request.",
  "http://a.ml/vocabularies/core#name": "ApiVersion",
  "http://a.ml/vocabularies/shapes#schema": {
    "http://a.ml/vocabularies/core#description": "The Version of the API to be used with the client request.",
    "http://www.w3.org/ns/shacl#datatype": "http://www.w3.org/2001/XMLSchema#string",
    "http://www.w3.org/ns/shacl#name": "schema",
    "id": "file:///Users/abettati/sandbox/azure-rest-api-specs/specification/mediaservices/resource-manager/Microsoft.Media/preview/2019-05-01-preview/Encoding.json#/declarations/parameters/parameter/ApiVersion/scalar/schema"
  },
  "id": "file:///Users/abettati/sandbox/azure-rest-api-specs/specification/mediaservices/resource-manager/Microsoft.Media/preview/2019-05-01-preview/Encoding.json#/declarations/parameters/parameter/ApiVersion"
}, {
  "http://a.ml/vocabularies/apiContract#binding": "query",
  "http://a.ml/vocabularies/apiContract#paramName": "$filter",
  "http://a.ml/vocabularies/apiContract#required": "false",
  "http://a.ml/vocabularies/core#description": "Restricts the set of items returned.",
  "http://a.ml/vocabularies/core#name": "$filter",
  "http://a.ml/vocabularies/shapes#schema": {
    "http://a.ml/vocabularies/core#description": "Restricts the set of items returned.",
    "http://www.w3.org/ns/shacl#datatype": "http://www.w3.org/2001/XMLSchema#string",
    "http://www.w3.org/ns/shacl#name": "schema",
    "id": "file:///Users/abettati/sandbox/azure-rest-api-specs/specification/mediaservices/resource-manager/Microsoft.Media/preview/2019-05-01-preview/Encoding.json#/web-api/end-points/%2Fsubscriptions%2F%7BsubscriptionId%7D%2FresourceGroups%2F%7BresourceGroupName%7D%2Fproviders%2FMicrosoft.Media%2FmediaServices%2F%7BaccountName%7D%2Ftransforms/get/request/parameter/%24filter/scalar/schema"
  },
  "id": "file:///Users/abettati/sandbox/azure-rest-api-specs/specification/mediaservices/resource-manager/Microsoft.Media/preview/2019-05-01-preview/Encoding.json#/web-api/end-points/%2Fsubscriptions%2F%7BsubscriptionId%7D%2FresourceGroups%2F%7BresourceGroupName%7D%2Fproviders%2FMicrosoft.Media%2FmediaServices%2F%7BaccountName%7D%2Ftransforms/get/request/parameter/%24filter"
}, {
  "http://a.ml/vocabularies/apiContract#binding": "query",
  "http://a.ml/vocabularies/apiContract#paramName": "$orderby",
  "http://a.ml/vocabularies/apiContract#required": "false",
  "http://a.ml/vocabularies/core#description": "Specifies the key by which the result collection should be ordered.",
  "http://a.ml/vocabularies/core#name": "$orderby",
  "http://a.ml/vocabularies/shapes#schema": {
    "http://a.ml/vocabularies/core#description": "Specifies the key by which the result collection should be ordered.",
    "http://www.w3.org/ns/shacl#datatype": "http://www.w3.org/2001/XMLSchema#string",
    "http://www.w3.org/ns/shacl#name": "schema",
    "id": "file:///Users/abettati/sandbox/azure-rest-api-specs/specification/mediaservices/resource-manager/Microsoft.Media/preview/2019-05-01-preview/Encoding.json#/web-api/end-points/%2Fsubscriptions%2F%7BsubscriptionId%7D%2FresourceGroups%2F%7BresourceGroupName%7D%2Fproviders%2FMicrosoft.Media%2FmediaServices%2F%7BaccountName%7D%2Ftransforms/get/request/parameter/%24orderby/scalar/schema"
  },
  "id": "file:///Users/abettati/sandbox/azure-rest-api-specs/specification/mediaservices/resource-manager/Microsoft.Media/preview/2019-05-01-preview/Encoding.json#/web-api/end-points/%2Fsubscriptions%2F%7BsubscriptionId%7D%2FresourceGroups%2F%7BresourceGroupName%7D%2Fproviders%2FMicrosoft.Media%2FmediaServices%2F%7BaccountName%7D%2Ftransforms/get/request/parameter/%24orderby"
}, {
  "http://a.ml/vocabularies/apiContract#binding": "path",
  "http://a.ml/vocabularies/apiContract#paramName": "transformName",
  "http://a.ml/vocabularies/apiContract#required": "true",
  "http://a.ml/vocabularies/core#description": "The Transform name.",
  "http://a.ml/vocabularies/core#name": "transformName",
  "http://a.ml/vocabularies/shapes#schema": {
    "http://a.ml/vocabularies/core#description": "The Transform name.",
    "http://www.w3.org/ns/shacl#datatype": "http://www.w3.org/2001/XMLSchema#string",
    "http://www.w3.org/ns/shacl#name": "schema",
    "id": "file:///Users/abettati/sandbox/azure-rest-api-specs/specification/mediaservices/resource-manager/Microsoft.Media/preview/2019-05-01-preview/Encoding.json#/web-api/end-points/%2Fsubscriptions%2F%7BsubscriptionId%7D%2FresourceGroups%2F%7BresourceGroupName%7D%2Fproviders%2FMicrosoft.Media%2FmediaServices%2F%7BaccountName%7D%2Ftransforms%2F%7BtransformName%7D/get/request/parameter/transformName/scalar/schema"
  },
  "id": "file:///Users/abettati/sandbox/azure-rest-api-specs/specification/mediaservices/resource-manager/Microsoft.Media/preview/2019-05-01-preview/Encoding.json#/web-api/end-points/%2Fsubscriptions%2F%7BsubscriptionId%7D%2FresourceGroups%2F%7BresourceGroupName%7D%2Fproviders%2FMicrosoft.Media%2FmediaServices%2F%7BaccountName%7D%2Ftransforms%2F%7BtransformName%7D/get/request/parameter/transformName"
}, {
  "http://a.ml/vocabularies/apiContract#binding": "path",
  "http://a.ml/vocabularies/apiContract#paramName": "transformName",
  "http://a.ml/vocabularies/apiContract#required": "true",
  "http://a.ml/vocabularies/core#description": "The Transform name.",
  "http://a.ml/vocabularies/core#name": "transformName",
  "http://a.ml/vocabularies/shapes#schema": {
    "http://a.ml/vocabularies/core#description": "The Transform name.",
    "http://www.w3.org/ns/shacl#datatype": "http://www.w3.org/2001/XMLSchema#string",
    "http://www.w3.org/ns/shacl#name": "schema",
    "id": "file:///Users/abettati/sandbox/azure-rest-api-specs/specification/mediaservices/resource-manager/Microsoft.Media/preview/2019-05-01-preview/Encoding.json#/web-api/end-points/%2Fsubscriptions%2F%7BsubscriptionId%7D%2FresourceGroups%2F%7BresourceGroupName%7D%2Fproviders%2FMicrosoft.Media%2FmediaServices%2F%7BaccountName%7D%2Ftransforms%2F%7BtransformName%7D/put/request/parameter/transformName/scalar/schema"
  },
  "id": "file:///Users/abettati/sandbox/azure-rest-api-specs/specification/mediaservices/resource-manager/Microsoft.Media/preview/2019-05-01-preview/Encoding.json#/web-api/end-points/%2Fsubscriptions%2F%7BsubscriptionId%7D%2FresourceGroups%2F%7BresourceGroupName%7D%2Fproviders%2FMicrosoft.Media%2FmediaServices%2F%7BaccountName%7D%2Ftransforms%2F%7BtransformName%7D/put/request/parameter/transformName"
}, {
  "http://a.ml/vocabularies/apiContract#binding": "path",
  "http://a.ml/vocabularies/apiContract#paramName": "transformName",
  "http://a.ml/vocabularies/apiContract#required": "true",
  "http://a.ml/vocabularies/core#description": "The Transform name.",
  "http://a.ml/vocabularies/core#name": "transformName",
  "http://a.ml/vocabularies/shapes#schema": {
    "http://a.ml/vocabularies/core#description": "The Transform name.",
    "http://www.w3.org/ns/shacl#datatype": "http://www.w3.org/2001/XMLSchema#string",
    "http://www.w3.org/ns/shacl#name": "schema",
    "id": "file:///Users/abettati/sandbox/azure-rest-api-specs/specification/mediaservices/resource-manager/Microsoft.Media/preview/2019-05-01-preview/Encoding.json#/web-api/end-points/%2Fsubscriptions%2F%7BsubscriptionId%7D%2FresourceGroups%2F%7BresourceGroupName%7D%2Fproviders%2FMicrosoft.Media%2FmediaServices%2F%7BaccountName%7D%2Ftransforms%2F%7BtransformName%7D/delete/request/parameter/transformName/scalar/schema"
  },
  "id": "file:///Users/abettati/sandbox/azure-rest-api-specs/specification/mediaservices/resource-manager/Microsoft.Media/preview/2019-05-01-preview/Encoding.json#/web-api/end-points/%2Fsubscriptions%2F%7BsubscriptionId%7D%2FresourceGroups%2F%7BresourceGroupName%7D%2Fproviders%2FMicrosoft.Media%2FmediaServices%2F%7BaccountName%7D%2Ftransforms%2F%7BtransformName%7D/delete/request/parameter/transformName"
}, {
  "http://a.ml/vocabularies/apiContract#binding": "path",
  "http://a.ml/vocabularies/apiContract#paramName": "transformName",
  "http://a.ml/vocabularies/apiContract#required": "true",
  "http://a.ml/vocabularies/core#description": "The Transform name.",
  "http://a.ml/vocabularies/core#name": "transformName",
  "http://a.ml/vocabularies/shapes#schema": {
    "http://a.ml/vocabularies/core#description": "The Transform name.",
    "http://www.w3.org/ns/shacl#datatype": "http://www.w3.org/2001/XMLSchema#string",
    "http://www.w3.org/ns/shacl#name": "schema",
    "id": "file:///Users/abettati/sandbox/azure-rest-api-specs/specification/mediaservices/resource-manager/Microsoft.Media/preview/2019-05-01-preview/Encoding.json#/web-api/end-points/%2Fsubscriptions%2F%7BsubscriptionId%7D%2FresourceGroups%2F%7BresourceGroupName%7D%2Fproviders%2FMicrosoft.Media%2FmediaServices%2F%7BaccountName%7D%2Ftransforms%2F%7BtransformName%7D/patch/request/parameter/transformName/scalar/schema"
  },
  "id": "file:///Users/abettati/sandbox/azure-rest-api-specs/specification/mediaservices/resource-manager/Microsoft.Media/preview/2019-05-01-preview/Encoding.json#/web-api/end-points/%2Fsubscriptions%2F%7BsubscriptionId%7D%2FresourceGroups%2F%7BresourceGroupName%7D%2Fproviders%2FMicrosoft.Media%2FmediaServices%2F%7BaccountName%7D%2Ftransforms%2F%7BtransformName%7D/patch/request/parameter/transformName"
}, {
  "http://a.ml/vocabularies/apiContract#binding": "query",
  "http://a.ml/vocabularies/apiContract#paramName": "$filter",
  "http://a.ml/vocabularies/apiContract#required": "false",
  "http://a.ml/vocabularies/core#description": "Restricts the set of items returned.",
  "http://a.ml/vocabularies/core#name": "$filter",
  "http://a.ml/vocabularies/shapes#schema": {
    "http://a.ml/vocabularies/core#description": "Restricts the set of items returned.",
    "http://www.w3.org/ns/shacl#datatype": "http://www.w3.org/2001/XMLSchema#string",
    "http://www.w3.org/ns/shacl#name": "schema",
    "id": "file:///Users/abettati/sandbox/azure-rest-api-specs/specification/mediaservices/resource-manager/Microsoft.Media/preview/2019-05-01-preview/Encoding.json#/web-api/end-points/%2Fsubscriptions%2F%7BsubscriptionId%7D%2FresourceGroups%2F%7BresourceGroupName%7D%2Fproviders%2FMicrosoft.Media%2FmediaServices%2F%7BaccountName%7D%2Ftransforms%2F%7BtransformName%7D%2Fjobs/get/request/parameter/%24filter/scalar/schema"
  },
  "id": "file:///Users/abettati/sandbox/azure-rest-api-specs/specification/mediaservices/resource-manager/Microsoft.Media/preview/2019-05-01-preview/Encoding.json#/web-api/end-points/%2Fsubscriptions%2F%7BsubscriptionId%7D%2FresourceGroups%2F%7BresourceGroupName%7D%2Fproviders%2FMicrosoft.Media%2FmediaServices%2F%7BaccountName%7D%2Ftransforms%2F%7BtransformName%7D%2Fjobs/get/request/parameter/%24filter"
}, {
  "http://a.ml/vocabularies/apiContract#binding": "query",
  "http://a.ml/vocabularies/apiContract#paramName": "$orderby",
  "http://a.ml/vocabularies/apiContract#required": "false",
  "http://a.ml/vocabularies/core#description": "Specifies the by which the result collection should be ordered.",
  "http://a.ml/vocabularies/core#name": "$orderby",
  "http://a.ml/vocabularies/shapes#schema": {
    "http://a.ml/vocabularies/core#description": "Specifies the by which the result collection should be ordered.",
    "http://www.w3.org/ns/shacl#datatype": "http://www.w3.org/2001/XMLSchema#string",
    "http://www.w3.org/ns/shacl#name": "schema",
    "id": "file:///Users/abettati/sandbox/azure-rest-api-specs/specification/mediaservices/resource-manager/Microsoft.Media/preview/2019-05-01-preview/Encoding.json#/web-api/end-points/%2Fsubscriptions%2F%7BsubscriptionId%7D%2FresourceGroups%2F%7BresourceGroupName%7D%2Fproviders%2FMicrosoft.Media%2FmediaServices%2F%7BaccountName%7D%2Ftransforms%2F%7BtransformName%7D%2Fjobs/get/request/parameter/%24orderby/scalar/schema"
  },
  "id": "file:///Users/abettati/sandbox/azure-rest-api-specs/specification/mediaservices/resource-manager/Microsoft.Media/preview/2019-05-01-preview/Encoding.json#/web-api/end-points/%2Fsubscriptions%2F%7BsubscriptionId%7D%2FresourceGroups%2F%7BresourceGroupName%7D%2Fproviders%2FMicrosoft.Media%2FmediaServices%2F%7BaccountName%7D%2Ftransforms%2F%7BtransformName%7D%2Fjobs/get/request/parameter/%24orderby"
}, {
  "http://a.ml/vocabularies/apiContract#binding": "path",
  "http://a.ml/vocabularies/apiContract#paramName": "transformName",
  "http://a.ml/vocabularies/apiContract#required": "true",
  "http://a.ml/vocabularies/core#description": "The Transform name.",
  "http://a.ml/vocabularies/core#name": "transformName",
  "http://a.ml/vocabularies/shapes#schema": {
    "http://a.ml/vocabularies/core#description": "The Transform name.",
    "http://www.w3.org/ns/shacl#datatype": "http://www.w3.org/2001/XMLSchema#string",
    "http://www.w3.org/ns/shacl#name": "schema",
    "id": "file:///Users/abettati/sandbox/azure-rest-api-specs/specification/mediaservices/resource-manager/Microsoft.Media/preview/2019-05-01-preview/Encoding.json#/web-api/end-points/%2Fsubscriptions%2F%7BsubscriptionId%7D%2FresourceGroups%2F%7BresourceGroupName%7D%2Fproviders%2FMicrosoft.Media%2FmediaServices%2F%7BaccountName%7D%2Ftransforms%2F%7BtransformName%7D%2Fjobs/get/request/parameter/transformName/scalar/schema"
  },
  "id": "file:///Users/abettati/sandbox/azure-rest-api-specs/specification/mediaservices/resource-manager/Microsoft.Media/preview/2019-05-01-preview/Encoding.json#/web-api/end-points/%2Fsubscriptions%2F%7BsubscriptionId%7D%2FresourceGroups%2F%7BresourceGroupName%7D%2Fproviders%2FMicrosoft.Media%2FmediaServices%2F%7BaccountName%7D%2Ftransforms%2F%7BtransformName%7D%2Fjobs/get/request/parameter/transformName"
}, {
  "http://a.ml/vocabularies/apiContract#binding": "path",
  "http://a.ml/vocabularies/apiContract#paramName": "jobName",
  "http://a.ml/vocabularies/apiContract#required": "true",
  "http://a.ml/vocabularies/core#description": "The Job name.",
  "http://a.ml/vocabularies/core#name": "jobName",
  "http://a.ml/vocabularies/shapes#schema": {
    "http://a.ml/vocabularies/core#description": "The Job name.",
    "http://www.w3.org/ns/shacl#datatype": "http://www.w3.org/2001/XMLSchema#string",
    "http://www.w3.org/ns/shacl#name": "schema",
    "id": "file:///Users/abettati/sandbox/azure-rest-api-specs/specification/mediaservices/resource-manager/Microsoft.Media/preview/2019-05-01-preview/Encoding.json#/web-api/end-points/%2Fsubscriptions%2F%7BsubscriptionId%7D%2FresourceGroups%2F%7BresourceGroupName%7D%2Fproviders%2FMicrosoft.Media%2FmediaServices%2F%7BaccountName%7D%2Ftransforms%2F%7BtransformName%7D%2Fjobs%2F%7BjobName%7D/get/request/parameter/jobName/scalar/schema"
  },
  "id": "file:///Users/abettati/sandbox/azure-rest-api-specs/specification/mediaservices/resource-manager/Microsoft.Media/preview/2019-05-01-preview/Encoding.json#/web-api/end-points/%2Fsubscriptions%2F%7BsubscriptionId%7D%2FresourceGroups%2F%7BresourceGroupName%7D%2Fproviders%2FMicrosoft.Media%2FmediaServices%2F%7BaccountName%7D%2Ftransforms%2F%7BtransformName%7D%2Fjobs%2F%7BjobName%7D/get/request/parameter/jobName"
}, {
  "http://a.ml/vocabularies/apiContract#binding": "path",
  "http://a.ml/vocabularies/apiContract#paramName": "transformName",
  "http://a.ml/vocabularies/apiContract#required": "true",
  "http://a.ml/vocabularies/core#description": "The Transform name.",
  "http://a.ml/vocabularies/core#name": "transformName",
  "http://a.ml/vocabularies/shapes#schema": {
    "http://a.ml/vocabularies/core#description": "The Transform name.",
    "http://www.w3.org/ns/shacl#datatype": "http://www.w3.org/2001/XMLSchema#string",
    "http://www.w3.org/ns/shacl#name": "schema",
    "id": "file:///Users/abettati/sandbox/azure-rest-api-specs/specification/mediaservices/resource-manager/Microsoft.Media/preview/2019-05-01-preview/Encoding.json#/web-api/end-points/%2Fsubscriptions%2F%7BsubscriptionId%7D%2FresourceGroups%2F%7BresourceGroupName%7D%2Fproviders%2FMicrosoft.Media%2FmediaServices%2F%7BaccountName%7D%2Ftransforms%2F%7BtransformName%7D%2Fjobs%2F%7BjobName%7D/get/request/parameter/transformName/scalar/schema"
  },
  "id": "file:///Users/abettati/sandbox/azure-rest-api-specs/specification/mediaservices/resource-manager/Microsoft.Media/preview/2019-05-01-preview/Encoding.json#/web-api/end-points/%2Fsubscriptions%2F%7BsubscriptionId%7D%2FresourceGroups%2F%7BresourceGroupName%7D%2Fproviders%2FMicrosoft.Media%2FmediaServices%2F%7BaccountName%7D%2Ftransforms%2F%7BtransformName%7D%2Fjobs%2F%7BjobName%7D/get/request/parameter/transformName"
}, {
  "http://a.ml/vocabularies/apiContract#binding": "path",
  "http://a.ml/vocabularies/apiContract#paramName": "jobName",
  "http://a.ml/vocabularies/apiContract#required": "true",
  "http://a.ml/vocabularies/core#description": "The Job name.",
  "http://a.ml/vocabularies/core#name": "jobName",
  "http://a.ml/vocabularies/shapes#schema": {
    "http://a.ml/vocabularies/core#description": "The Job name.",
    "http://www.w3.org/ns/shacl#datatype": "http://www.w3.org/2001/XMLSchema#string",
    "http://www.w3.org/ns/shacl#name": "schema",
    "id": "file:///Users/abettati/sandbox/azure-rest-api-specs/specification/mediaservices/resource-manager/Microsoft.Media/preview/2019-05-01-preview/Encoding.json#/web-api/end-points/%2Fsubscriptions%2F%7BsubscriptionId%7D%2FresourceGroups%2F%7BresourceGroupName%7D%2Fproviders%2FMicrosoft.Media%2FmediaServices%2F%7BaccountName%7D%2Ftransforms%2F%7BtransformName%7D%2Fjobs%2F%7BjobName%7D/put/request/parameter/jobName/scalar/schema"
  },
  "id": "file:///Users/abettati/sandbox/azure-rest-api-specs/specification/mediaservices/resource-manager/Microsoft.Media/preview/2019-05-01-preview/Encoding.json#/web-api/end-points/%2Fsubscriptions%2F%7BsubscriptionId%7D%2FresourceGroups%2F%7BresourceGroupName%7D%2Fproviders%2FMicrosoft.Media%2FmediaServices%2F%7BaccountName%7D%2Ftransforms%2F%7BtransformName%7D%2Fjobs%2F%7BjobName%7D/put/request/parameter/jobName"
}, {
  "http://a.ml/vocabularies/apiContract#binding": "path",
  "http://a.ml/vocabularies/apiContract#paramName": "transformName",
  "http://a.ml/vocabularies/apiContract#required": "true",
  "http://a.ml/vocabularies/core#description": "The Transform name.",
  "http://a.ml/vocabularies/core#name": "transformName",
  "http://a.ml/vocabularies/shapes#schema": {
    "http://a.ml/vocabularies/core#description": "The Transform name.",
    "http://www.w3.org/ns/shacl#datatype": "http://www.w3.org/2001/XMLSchema#string",
    "http://www.w3.org/ns/shacl#name": "schema",
    "id": "file:///Users/abettati/sandbox/azure-rest-api-specs/specification/mediaservices/resource-manager/Microsoft.Media/preview/2019-05-01-preview/Encoding.json#/web-api/end-points/%2Fsubscriptions%2F%7BsubscriptionId%7D%2FresourceGroups%2F%7BresourceGroupName%7D%2Fproviders%2FMicrosoft.Media%2FmediaServices%2F%7BaccountName%7D%2Ftransforms%2F%7BtransformName%7D%2Fjobs%2F%7BjobName%7D/put/request/parameter/transformName/scalar/schema"
  },
  "id": "file:///Users/abettati/sandbox/azure-rest-api-specs/specification/mediaservices/resource-manager/Microsoft.Media/preview/2019-05-01-preview/Encoding.json#/web-api/end-points/%2Fsubscriptions%2F%7BsubscriptionId%7D%2FresourceGroups%2F%7BresourceGroupName%7D%2Fproviders%2FMicrosoft.Media%2FmediaServices%2F%7BaccountName%7D%2Ftransforms%2F%7BtransformName%7D%2Fjobs%2F%7BjobName%7D/put/request/parameter/transformName"
}, {
  "http://a.ml/vocabularies/apiContract#binding": "path",
  "http://a.ml/vocabularies/apiContract#paramName": "jobName",
  "http://a.ml/vocabularies/apiContract#required": "true",
  "http://a.ml/vocabularies/core#description": "The Job name.",
  "http://a.ml/vocabularies/core#name": "jobName",
  "http://a.ml/vocabularies/shapes#schema": {
    "http://a.ml/vocabularies/core#description": "The Job name.",
    "http://www.w3.org/ns/shacl#datatype": "http://www.w3.org/2001/XMLSchema#string",
    "http://www.w3.org/ns/shacl#name": "schema",
    "id": "file:///Users/abettati/sandbox/azure-rest-api-specs/specification/mediaservices/resource-manager/Microsoft.Media/preview/2019-05-01-preview/Encoding.json#/web-api/end-points/%2Fsubscriptions%2F%7BsubscriptionId%7D%2FresourceGroups%2F%7BresourceGroupName%7D%2Fproviders%2FMicrosoft.Media%2FmediaServices%2F%7BaccountName%7D%2Ftransforms%2F%7BtransformName%7D%2Fjobs%2F%7BjobName%7D/delete/request/parameter/jobName/scalar/schema"
  },
  "id": "file:///Users/abettati/sandbox/azure-rest-api-specs/specification/mediaservices/resource-manager/Microsoft.Media/preview/2019-05-01-preview/Encoding.json#/web-api/end-points/%2Fsubscriptions%2F%7BsubscriptionId%7D%2FresourceGroups%2F%7BresourceGroupName%7D%2Fproviders%2FMicrosoft.Media%2FmediaServices%2F%7BaccountName%7D%2Ftransforms%2F%7BtransformName%7D%2Fjobs%2F%7BjobName%7D/delete/request/parameter/jobName"
}, {
  "http://a.ml/vocabularies/apiContract#binding": "path",
  "http://a.ml/vocabularies/apiContract#paramName": "transformName",
  "http://a.ml/vocabularies/apiContract#required": "true",
  "http://a.ml/vocabularies/core#description": "The Transform name.",
  "http://a.ml/vocabularies/core#name": "transformName",
  "http://a.ml/vocabularies/shapes#schema": {
    "http://a.ml/vocabularies/core#description": "The Transform name.",
    "http://www.w3.org/ns/shacl#datatype": "http://www.w3.org/2001/XMLSchema#string",
    "http://www.w3.org/ns/shacl#name": "schema",
    "id": "file:///Users/abettati/sandbox/azure-rest-api-specs/specification/mediaservices/resource-manager/Microsoft.Media/preview/2019-05-01-preview/Encoding.json#/web-api/end-points/%2Fsubscriptions%2F%7BsubscriptionId%7D%2FresourceGroups%2F%7BresourceGroupName%7D%2Fproviders%2FMicrosoft.Media%2FmediaServices%2F%7BaccountName%7D%2Ftransforms%2F%7BtransformName%7D%2Fjobs%2F%7BjobName%7D/delete/request/parameter/transformName/scalar/schema"
  },
  "id": "file:///Users/abettati/sandbox/azure-rest-api-specs/specification/mediaservices/resource-manager/Microsoft.Media/preview/2019-05-01-preview/Encoding.json#/web-api/end-points/%2Fsubscriptions%2F%7BsubscriptionId%7D%2FresourceGroups%2F%7BresourceGroupName%7D%2Fproviders%2FMicrosoft.Media%2FmediaServices%2F%7BaccountName%7D%2Ftransforms%2F%7BtransformName%7D%2Fjobs%2F%7BjobName%7D/delete/request/parameter/transformName"
}, {
  "http://a.ml/vocabularies/apiContract#binding": "path",
  "http://a.ml/vocabularies/apiContract#paramName": "jobName",
  "http://a.ml/vocabularies/apiContract#required": "true",
  "http://a.ml/vocabularies/core#description": "The Job name.",
  "http://a.ml/vocabularies/core#name": "jobName",
  "http://a.ml/vocabularies/shapes#schema": {
    "http://a.ml/vocabularies/core#description": "The Job name.",
    "http://www.w3.org/ns/shacl#datatype": "http://www.w3.org/2001/XMLSchema#string",
    "http://www.w3.org/ns/shacl#name": "schema",
    "id": "file:///Users/abettati/sandbox/azure-rest-api-specs/specification/mediaservices/resource-manager/Microsoft.Media/preview/2019-05-01-preview/Encoding.json#/web-api/end-points/%2Fsubscriptions%2F%7BsubscriptionId%7D%2FresourceGroups%2F%7BresourceGroupName%7D%2Fproviders%2FMicrosoft.Media%2FmediaServices%2F%7BaccountName%7D%2Ftransforms%2F%7BtransformName%7D%2Fjobs%2F%7BjobName%7D/patch/request/parameter/jobName/scalar/schema"
  },
  "id": "file:///Users/abettati/sandbox/azure-rest-api-specs/specification/mediaservices/resource-manager/Microsoft.Media/preview/2019-05-01-preview/Encoding.json#/web-api/end-points/%2Fsubscriptions%2F%7BsubscriptionId%7D%2FresourceGroups%2F%7BresourceGroupName%7D%2Fproviders%2FMicrosoft.Media%2FmediaServices%2F%7BaccountName%7D%2Ftransforms%2F%7BtransformName%7D%2Fjobs%2F%7BjobName%7D/patch/request/parameter/jobName"
}, {
  "http://a.ml/vocabularies/apiContract#binding": "path",
  "http://a.ml/vocabularies/apiContract#paramName": "transformName",
  "http://a.ml/vocabularies/apiContract#required": "true",
  "http://a.ml/vocabularies/core#description": "The Transform name.",
  "http://a.ml/vocabularies/core#name": "transformName",
  "http://a.ml/vocabularies/shapes#schema": {
    "http://a.ml/vocabularies/core#description": "The Transform name.",
    "http://www.w3.org/ns/shacl#datatype": "http://www.w3.org/2001/XMLSchema#string",
    "http://www.w3.org/ns/shacl#name": "schema",
    "id": "file:///Users/abettati/sandbox/azure-rest-api-specs/specification/mediaservices/resource-manager/Microsoft.Media/preview/2019-05-01-preview/Encoding.json#/web-api/end-points/%2Fsubscriptions%2F%7BsubscriptionId%7D%2FresourceGroups%2F%7BresourceGroupName%7D%2Fproviders%2FMicrosoft.Media%2FmediaServices%2F%7BaccountName%7D%2Ftransforms%2F%7BtransformName%7D%2Fjobs%2F%7BjobName%7D/patch/request/parameter/transformName/scalar/schema"
  },
  "id": "file:///Users/abettati/sandbox/azure-rest-api-specs/specification/mediaservices/resource-manager/Microsoft.Media/preview/2019-05-01-preview/Encoding.json#/web-api/end-points/%2Fsubscriptions%2F%7BsubscriptionId%7D%2FresourceGroups%2F%7BresourceGroupName%7D%2Fproviders%2FMicrosoft.Media%2FmediaServices%2F%7BaccountName%7D%2Ftransforms%2F%7BtransformName%7D%2Fjobs%2F%7BjobName%7D/patch/request/parameter/transformName"
}, {
  "http://a.ml/vocabularies/apiContract#binding": "path",
  "http://a.ml/vocabularies/apiContract#paramName": "jobName",
  "http://a.ml/vocabularies/apiContract#required": "true",
  "http://a.ml/vocabularies/core#description": "The Job name.",
  "http://a.ml/vocabularies/core#name": "jobName",
  "http://a.ml/vocabularies/shapes#schema": {
    "http://a.ml/vocabularies/core#description": "The Job name.",
    "http://www.w3.org/ns/shacl#datatype": "http://www.w3.org/2001/XMLSchema#string",
    "http://www.w3.org/ns/shacl#name": "schema",
    "id": "file:///Users/abettati/sandbox/azure-rest-api-specs/specification/mediaservices/resource-manager/Microsoft.Media/preview/2019-05-01-preview/Encoding.json#/web-api/end-points/%2Fsubscriptions%2F%7BsubscriptionId%7D%2FresourceGroups%2F%7BresourceGroupName%7D%2Fproviders%2FMicrosoft.Media%2FmediaServices%2F%7BaccountName%7D%2Ftransforms%2F%7BtransformName%7D%2Fjobs%2F%7BjobName%7D%2FcancelJob/post/request/parameter/jobName/scalar/schema"
  },
  "id": "file:///Users/abettati/sandbox/azure-rest-api-specs/specification/mediaservices/resource-manager/Microsoft.Media/preview/2019-05-01-preview/Encoding.json#/web-api/end-points/%2Fsubscriptions%2F%7BsubscriptionId%7D%2FresourceGroups%2F%7BresourceGroupName%7D%2Fproviders%2FMicrosoft.Media%2FmediaServices%2F%7BaccountName%7D%2Ftransforms%2F%7BtransformName%7D%2Fjobs%2F%7BjobName%7D%2FcancelJob/post/request/parameter/jobName"
}, {
  "http://a.ml/vocabularies/apiContract#binding": "path",
  "http://a.ml/vocabularies/apiContract#paramName": "transformName",
  "http://a.ml/vocabularies/apiContract#required": "true",
  "http://a.ml/vocabularies/core#description": "The Transform name.",
  "http://a.ml/vocabularies/core#name": "transformName",
  "http://a.ml/vocabularies/shapes#schema": {
    "http://a.ml/vocabularies/core#description": "The Transform name.",
    "http://www.w3.org/ns/shacl#datatype": "http://www.w3.org/2001/XMLSchema#string",
    "http://www.w3.org/ns/shacl#name": "schema",
    "id": "file:///Users/abettati/sandbox/azure-rest-api-specs/specification/mediaservices/resource-manager/Microsoft.Media/preview/2019-05-01-preview/Encoding.json#/web-api/end-points/%2Fsubscriptions%2F%7BsubscriptionId%7D%2FresourceGroups%2F%7BresourceGroupName%7D%2Fproviders%2FMicrosoft.Media%2FmediaServices%2F%7BaccountName%7D%2Ftransforms%2F%7BtransformName%7D%2Fjobs%2F%7BjobName%7D%2FcancelJob/post/request/parameter/transformName/scalar/schema"
  },
  "id": "file:///Users/abettati/sandbox/azure-rest-api-specs/specification/mediaservices/resource-manager/Microsoft.Media/preview/2019-05-01-preview/Encoding.json#/web-api/end-points/%2Fsubscriptions%2F%7BsubscriptionId%7D%2FresourceGroups%2F%7BresourceGroupName%7D%2Fproviders%2FMicrosoft.Media%2FmediaServices%2F%7BaccountName%7D%2Ftransforms%2F%7BtransformName%7D%2Fjobs%2F%7BjobName%7D%2FcancelJob/post/request/parameter/transformName"
}]