[{
  "http://a.ml/vocabularies/apiContract#binding": "path",
  "http://a.ml/vocabularies/apiContract#paramName": "subscriptionId",
  "http://a.ml/vocabularies/apiContract#required": "true",
  "http://a.ml/vocabularies/core#description": "The subscription credentials which uniquely identify the Microsoft Azure subscription. The subscription ID forms part of the URI for every service call.",
  "http://a.ml/vocabularies/core#name": "SubscriptionIdParameter",
  "http://a.ml/vocabularies/shapes#schema": {
    "http://a.ml/vocabularies/core#description": "The subscription credentials which uniquely identify the Microsoft Azure subscription. The subscription ID forms part of the URI for every service call.",
    "http://www.w3.org/ns/shacl#datatype": "http://www.w3.org/2001/XMLSchema#string",
    "http://www.w3.org/ns/shacl#name": "schema",
    "id": "file:///Users/abettati/sandbox/azure-rest-api-specs/specification/network/resource-manager/Microsoft.Network/stable/2017-06-01/networkWatcher.json#/declarations/parameters/parameter/SubscriptionIdParameter/scalar/schema"
  },
  "id": "file:///Users/abettati/sandbox/azure-rest-api-specs/specification/network/resource-manager/Microsoft.Network/stable/2017-06-01/networkWatcher.json#/declarations/parameters/parameter/SubscriptionIdParameter"
}, {
  "http://a.ml/vocabularies/apiContract#binding": "query",
  "http://a.ml/vocabularies/apiContract#paramName": "api-version",
  "http://a.ml/vocabularies/apiContract#required": "true",
  "http://a.ml/vocabularies/core#description": "Client API version.",
  "http://a.ml/vocabularies/core#name": "ApiVersionParameter",
  "http://a.ml/vocabularies/shapes#schema": {
    "http://a.ml/vocabularies/core#description": "Client API version.",
    "http://www.w3.org/ns/shacl#datatype": "http://www.w3.org/2001/XMLSchema#string",
    "http://www.w3.org/ns/shacl#name": "schema",
    "id": "file:///Users/abettati/sandbox/azure-rest-api-specs/specification/network/resource-manager/Microsoft.Network/stable/2017-06-01/networkWatcher.json#/declarations/parameters/parameter/ApiVersionParameter/scalar/schema"
  },
  "id": "file:///Users/abettati/sandbox/azure-rest-api-specs/specification/network/resource-manager/Microsoft.Network/stable/2017-06-01/networkWatcher.json#/declarations/parameters/parameter/ApiVersionParameter"
}, {
  "http://a.ml/vocabularies/apiContract#binding": "path",
  "http://a.ml/vocabularies/apiContract#paramName": "resourceGroupName",
  "http://a.ml/vocabularies/apiContract#required": "true",
  "http://a.ml/vocabularies/core#description": "The name of the resource group.",
  "http://a.ml/vocabularies/core#name": "resourceGroupName",
  "http://a.ml/vocabularies/shapes#schema": {
    "http://a.ml/vocabularies/core#description": "The name of the resource group.",
    "http://www.w3.org/ns/shacl#datatype": "http://www.w3.org/2001/XMLSchema#string",
    "http://www.w3.org/ns/shacl#name": "schema",
    "id": "file:///Users/abettati/sandbox/azure-rest-api-specs/specification/network/resource-manager/Microsoft.Network/stable/2017-06-01/networkWatcher.json#/web-api/end-points/%2Fsubscriptions%2F%7BsubscriptionId%7D%2FresourceGroups%2F%7BresourceGroupName%7D%2Fproviders%2FMicrosoft.Network%2FnetworkWatchers%2F%7BnetworkWatcherName%7D/put/request/parameter/resourceGroupName/scalar/schema"
  },
  "id": "file:///Users/abettati/sandbox/azure-rest-api-specs/specification/network/resource-manager/Microsoft.Network/stable/2017-06-01/networkWatcher.json#/web-api/end-points/%2Fsubscriptions%2F%7BsubscriptionId%7D%2FresourceGroups%2F%7BresourceGroupName%7D%2Fproviders%2FMicrosoft.Network%2FnetworkWatchers%2F%7BnetworkWatcherName%7D/put/request/parameter/resourceGroupName"
}, {
  "http://a.ml/vocabularies/apiContract#binding": "path",
  "http://a.ml/vocabularies/apiContract#paramName": "networkWatcherName",
  "http://a.ml/vocabularies/apiContract#required": "true",
  "http://a.ml/vocabularies/core#description": "The name of the network watcher.",
  "http://a.ml/vocabularies/core#name": "networkWatcherName",
  "http://a.ml/vocabularies/shapes#schema": {
    "http://a.ml/vocabularies/core#description": "The name of the network watcher.",
    "http://www.w3.org/ns/shacl#datatype": "http://www.w3.org/2001/XMLSchema#string",
    "http://www.w3.org/ns/shacl#name": "schema",
    "id": "file:///Users/abettati/sandbox/azure-rest-api-specs/specification/network/resource-manager/Microsoft.Network/stable/2017-06-01/networkWatcher.json#/web-api/end-points/%2Fsubscriptions%2F%7BsubscriptionId%7D%2FresourceGroups%2F%7BresourceGroupName%7D%2Fproviders%2FMicrosoft.Network%2FnetworkWatchers%2F%7BnetworkWatcherName%7D/put/request/parameter/networkWatcherName/scalar/schema"
  },
  "id": "file:///Users/abettati/sandbox/azure-rest-api-specs/specification/network/resource-manager/Microsoft.Network/stable/2017-06-01/networkWatcher.json#/web-api/end-points/%2Fsubscriptions%2F%7BsubscriptionId%7D%2FresourceGroups%2F%7BresourceGroupName%7D%2Fproviders%2FMicrosoft.Network%2FnetworkWatchers%2F%7BnetworkWatcherName%7D/put/request/parameter/networkWatcherName"
}, {
  "http://a.ml/vocabularies/apiContract#binding": "path",
  "http://a.ml/vocabularies/apiContract#paramName": "resourceGroupName",
  "http://a.ml/vocabularies/apiContract#required": "true",
  "http://a.ml/vocabularies/core#description": "The name of the resource group.",
  "http://a.ml/vocabularies/core#name": "resourceGroupName",
  "http://a.ml/vocabularies/shapes#schema": {
    "http://a.ml/vocabularies/core#description": "The name of the resource group.",
    "http://www.w3.org/ns/shacl#datatype": "http://www.w3.org/2001/XMLSchema#string",
    "http://www.w3.org/ns/shacl#name": "schema",
    "id": "file:///Users/abettati/sandbox/azure-rest-api-specs/specification/network/resource-manager/Microsoft.Network/stable/2017-06-01/networkWatcher.json#/web-api/end-points/%2Fsubscriptions%2F%7BsubscriptionId%7D%2FresourceGroups%2F%7BresourceGroupName%7D%2Fproviders%2FMicrosoft.Network%2FnetworkWatchers%2F%7BnetworkWatcherName%7D/get/request/parameter/resourceGroupName/scalar/schema"
  },
  "id": "file:///Users/abettati/sandbox/azure-rest-api-specs/specification/network/resource-manager/Microsoft.Network/stable/2017-06-01/networkWatcher.json#/web-api/end-points/%2Fsubscriptions%2F%7BsubscriptionId%7D%2FresourceGroups%2F%7BresourceGroupName%7D%2Fproviders%2FMicrosoft.Network%2FnetworkWatchers%2F%7BnetworkWatcherName%7D/get/request/parameter/resourceGroupName"
}, {
  "http://a.ml/vocabularies/apiContract#binding": "path",
  "http://a.ml/vocabularies/apiContract#paramName": "networkWatcherName",
  "http://a.ml/vocabularies/apiContract#required": "true",
  "http://a.ml/vocabularies/core#description": "The name of the network watcher.",
  "http://a.ml/vocabularies/core#name": "networkWatcherName",
  "http://a.ml/vocabularies/shapes#schema": {
    "http://a.ml/vocabularies/core#description": "The name of the network watcher.",
    "http://www.w3.org/ns/shacl#datatype": "http://www.w3.org/2001/XMLSchema#string",
    "http://www.w3.org/ns/shacl#name": "schema",
    "id": "file:///Users/abettati/sandbox/azure-rest-api-specs/specification/network/resource-manager/Microsoft.Network/stable/2017-06-01/networkWatcher.json#/web-api/end-points/%2Fsubscriptions%2F%7BsubscriptionId%7D%2FresourceGroups%2F%7BresourceGroupName%7D%2Fproviders%2FMicrosoft.Network%2FnetworkWatchers%2F%7BnetworkWatcherName%7D/get/request/parameter/networkWatcherName/scalar/schema"
  },
  "id": "file:///Users/abettati/sandbox/azure-rest-api-specs/specification/network/resource-manager/Microsoft.Network/stable/2017-06-01/networkWatcher.json#/web-api/end-points/%2Fsubscriptions%2F%7BsubscriptionId%7D%2FresourceGroups%2F%7BresourceGroupName%7D%2Fproviders%2FMicrosoft.Network%2FnetworkWatchers%2F%7BnetworkWatcherName%7D/get/request/parameter/networkWatcherName"
}, {
  "http://a.ml/vocabularies/apiContract#binding": "path",
  "http://a.ml/vocabularies/apiContract#paramName": "resourceGroupName",
  "http://a.ml/vocabularies/apiContract#required": "true",
  "http://a.ml/vocabularies/core#description": "The name of the resource group.",
  "http://a.ml/vocabularies/core#name": "resourceGroupName",
  "http://a.ml/vocabularies/shapes#schema": {
    "http://a.ml/vocabularies/core#description": "The name of the resource group.",
    "http://www.w3.org/ns/shacl#datatype": "http://www.w3.org/2001/XMLSchema#string",
    "http://www.w3.org/ns/shacl#name": "schema",
    "id": "file:///Users/abettati/sandbox/azure-rest-api-specs/specification/network/resource-manager/Microsoft.Network/stable/2017-06-01/networkWatcher.json#/web-api/end-points/%2Fsubscriptions%2F%7BsubscriptionId%7D%2FresourceGroups%2F%7BresourceGroupName%7D%2Fproviders%2FMicrosoft.Network%2FnetworkWatchers%2F%7BnetworkWatcherName%7D/delete/request/parameter/resourceGroupName/scalar/schema"
  },
  "id": "file:///Users/abettati/sandbox/azure-rest-api-specs/specification/network/resource-manager/Microsoft.Network/stable/2017-06-01/networkWatcher.json#/web-api/end-points/%2Fsubscriptions%2F%7BsubscriptionId%7D%2FresourceGroups%2F%7BresourceGroupName%7D%2Fproviders%2FMicrosoft.Network%2FnetworkWatchers%2F%7BnetworkWatcherName%7D/delete/request/parameter/resourceGroupName"
}, {
  "http://a.ml/vocabularies/apiContract#binding": "path",
  "http://a.ml/vocabularies/apiContract#paramName": "networkWatcherName",
  "http://a.ml/vocabularies/apiContract#required": "true",
  "http://a.ml/vocabularies/core#description": "The name of the network watcher.",
  "http://a.ml/vocabularies/core#name": "networkWatcherName",
  "http://a.ml/vocabularies/shapes#schema": {
    "http://a.ml/vocabularies/core#description": "The name of the network watcher.",
    "http://www.w3.org/ns/shacl#datatype": "http://www.w3.org/2001/XMLSchema#string",
    "http://www.w3.org/ns/shacl#name": "schema",
    "id": "file:///Users/abettati/sandbox/azure-rest-api-specs/specification/network/resource-manager/Microsoft.Network/stable/2017-06-01/networkWatcher.json#/web-api/end-points/%2Fsubscriptions%2F%7BsubscriptionId%7D%2FresourceGroups%2F%7BresourceGroupName%7D%2Fproviders%2FMicrosoft.Network%2FnetworkWatchers%2F%7BnetworkWatcherName%7D/delete/request/parameter/networkWatcherName/scalar/schema"
  },
  "id": "file:///Users/abettati/sandbox/azure-rest-api-specs/specification/network/resource-manager/Microsoft.Network/stable/2017-06-01/networkWatcher.json#/web-api/end-points/%2Fsubscriptions%2F%7BsubscriptionId%7D%2FresourceGroups%2F%7BresourceGroupName%7D%2Fproviders%2FMicrosoft.Network%2FnetworkWatchers%2F%7BnetworkWatcherName%7D/delete/request/parameter/networkWatcherName"
}, {
  "http://a.ml/vocabularies/apiContract#binding": "path",
  "http://a.ml/vocabularies/apiContract#paramName": "resourceGroupName",
  "http://a.ml/vocabularies/apiContract#required": "true",
  "http://a.ml/vocabularies/core#description": "The name of the resource group.",
  "http://a.ml/vocabularies/core#name": "resourceGroupName",
  "http://a.ml/vocabularies/shapes#schema": {
    "http://a.ml/vocabularies/core#description": "The name of the resource group.",
    "http://www.w3.org/ns/shacl#datatype": "http://www.w3.org/2001/XMLSchema#string",
    "http://www.w3.org/ns/shacl#name": "schema",
    "id": "file:///Users/abettati/sandbox/azure-rest-api-specs/specification/network/resource-manager/Microsoft.Network/stable/2017-06-01/networkWatcher.json#/web-api/end-points/%2Fsubscriptions%2F%7BsubscriptionId%7D%2FresourceGroups%2F%7BresourceGroupName%7D%2Fproviders%2FMicrosoft.Network%2FnetworkWatchers/get/request/parameter/resourceGroupName/scalar/schema"
  },
  "id": "file:///Users/abettati/sandbox/azure-rest-api-specs/specification/network/resource-manager/Microsoft.Network/stable/2017-06-01/networkWatcher.json#/web-api/end-points/%2Fsubscriptions%2F%7BsubscriptionId%7D%2FresourceGroups%2F%7BresourceGroupName%7D%2Fproviders%2FMicrosoft.Network%2FnetworkWatchers/get/request/parameter/resourceGroupName"
}, {
  "http://a.ml/vocabularies/apiContract#binding": "path",
  "http://a.ml/vocabularies/apiContract#paramName": "resourceGroupName",
  "http://a.ml/vocabularies/apiContract#required": "true",
  "http://a.ml/vocabularies/core#description": "The name of the resource group.",
  "http://a.ml/vocabularies/core#name": "resourceGroupName",
  "http://a.ml/vocabularies/shapes#schema": {
    "http://a.ml/vocabularies/core#description": "The name of the resource group.",
    "http://www.w3.org/ns/shacl#datatype": "http://www.w3.org/2001/XMLSchema#string",
    "http://www.w3.org/ns/shacl#name": "schema",
    "id": "file:///Users/abettati/sandbox/azure-rest-api-specs/specification/network/resource-manager/Microsoft.Network/stable/2017-06-01/networkWatcher.json#/web-api/end-points/%2Fsubscriptions%2F%7BsubscriptionId%7D%2FresourceGroups%2F%7BresourceGroupName%7D%2Fproviders%2FMicrosoft.Network%2FnetworkWatchers%2F%7BnetworkWatcherName%7D%2Ftopology/post/request/parameter/resourceGroupName/scalar/schema"
  },
  "id": "file:///Users/abettati/sandbox/azure-rest-api-specs/specification/network/resource-manager/Microsoft.Network/stable/2017-06-01/networkWatcher.json#/web-api/end-points/%2Fsubscriptions%2F%7BsubscriptionId%7D%2FresourceGroups%2F%7BresourceGroupName%7D%2Fproviders%2FMicrosoft.Network%2FnetworkWatchers%2F%7BnetworkWatcherName%7D%2Ftopology/post/request/parameter/resourceGroupName"
}, {
  "http://a.ml/vocabularies/apiContract#binding": "path",
  "http://a.ml/vocabularies/apiContract#paramName": "networkWatcherName",
  "http://a.ml/vocabularies/apiContract#required": "true",
  "http://a.ml/vocabularies/core#description": "The name of the network watcher.",
  "http://a.ml/vocabularies/core#name": "networkWatcherName",
  "http://a.ml/vocabularies/shapes#schema": {
    "http://a.ml/vocabularies/core#description": "The name of the network watcher.",
    "http://www.w3.org/ns/shacl#datatype": "http://www.w3.org/2001/XMLSchema#string",
    "http://www.w3.org/ns/shacl#name": "schema",
    "id": "file:///Users/abettati/sandbox/azure-rest-api-specs/specification/network/resource-manager/Microsoft.Network/stable/2017-06-01/networkWatcher.json#/web-api/end-points/%2Fsubscriptions%2F%7BsubscriptionId%7D%2FresourceGroups%2F%7BresourceGroupName%7D%2Fproviders%2FMicrosoft.Network%2FnetworkWatchers%2F%7BnetworkWatcherName%7D%2Ftopology/post/request/parameter/networkWatcherName/scalar/schema"
  },
  "id": "file:///Users/abettati/sandbox/azure-rest-api-specs/specification/network/resource-manager/Microsoft.Network/stable/2017-06-01/networkWatcher.json#/web-api/end-points/%2Fsubscriptions%2F%7BsubscriptionId%7D%2FresourceGroups%2F%7BresourceGroupName%7D%2Fproviders%2FMicrosoft.Network%2FnetworkWatchers%2F%7BnetworkWatcherName%7D%2Ftopology/post/request/parameter/networkWatcherName"
}, {
  "http://a.ml/vocabularies/apiContract#binding": "path",
  "http://a.ml/vocabularies/apiContract#paramName": "resourceGroupName",
  "http://a.ml/vocabularies/apiContract#required": "true",
  "http://a.ml/vocabularies/core#description": "The name of the resource group.",
  "http://a.ml/vocabularies/core#name": "resourceGroupName",
  "http://a.ml/vocabularies/shapes#schema": {
    "http://a.ml/vocabularies/core#description": "The name of the resource group.",
    "http://www.w3.org/ns/shacl#datatype": "http://www.w3.org/2001/XMLSchema#string",
    "http://www.w3.org/ns/shacl#name": "schema",
    "id": "file:///Users/abettati/sandbox/azure-rest-api-specs/specification/network/resource-manager/Microsoft.Network/stable/2017-06-01/networkWatcher.json#/web-api/end-points/%2Fsubscriptions%2F%7BsubscriptionId%7D%2FresourceGroups%2F%7BresourceGroupName%7D%2Fproviders%2FMicrosoft.Network%2FnetworkWatchers%2F%7BnetworkWatcherName%7D%2FipFlowVerify/post/request/parameter/resourceGroupName/scalar/schema"
  },
  "id": "file:///Users/abettati/sandbox/azure-rest-api-specs/specification/network/resource-manager/Microsoft.Network/stable/2017-06-01/networkWatcher.json#/web-api/end-points/%2Fsubscriptions%2F%7BsubscriptionId%7D%2FresourceGroups%2F%7BresourceGroupName%7D%2Fproviders%2FMicrosoft.Network%2FnetworkWatchers%2F%7BnetworkWatcherName%7D%2FipFlowVerify/post/request/parameter/resourceGroupName"
}, {
  "http://a.ml/vocabularies/apiContract#binding": "path",
  "http://a.ml/vocabularies/apiContract#paramName": "networkWatcherName",
  "http://a.ml/vocabularies/apiContract#required": "true",
  "http://a.ml/vocabularies/core#description": "The name of the network watcher.",
  "http://a.ml/vocabularies/core#name": "networkWatcherName",
  "http://a.ml/vocabularies/shapes#schema": {
    "http://a.ml/vocabularies/core#description": "The name of the network watcher.",
    "http://www.w3.org/ns/shacl#datatype": "http://www.w3.org/2001/XMLSchema#string",
    "http://www.w3.org/ns/shacl#name": "schema",
    "id": "file:///Users/abettati/sandbox/azure-rest-api-specs/specification/network/resource-manager/Microsoft.Network/stable/2017-06-01/networkWatcher.json#/web-api/end-points/%2Fsubscriptions%2F%7BsubscriptionId%7D%2FresourceGroups%2F%7BresourceGroupName%7D%2Fproviders%2FMicrosoft.Network%2FnetworkWatchers%2F%7BnetworkWatcherName%7D%2FipFlowVerify/post/request/parameter/networkWatcherName/scalar/schema"
  },
  "id": "file:///Users/abettati/sandbox/azure-rest-api-specs/specification/network/resource-manager/Microsoft.Network/stable/2017-06-01/networkWatcher.json#/web-api/end-points/%2Fsubscriptions%2F%7BsubscriptionId%7D%2FresourceGroups%2F%7BresourceGroupName%7D%2Fproviders%2FMicrosoft.Network%2FnetworkWatchers%2F%7BnetworkWatcherName%7D%2FipFlowVerify/post/request/parameter/networkWatcherName"
}, {
  "http://a.ml/vocabularies/apiContract#binding": "path",
  "http://a.ml/vocabularies/apiContract#paramName": "resourceGroupName",
  "http://a.ml/vocabularies/apiContract#required": "true",
  "http://a.ml/vocabularies/core#description": "The name of the resource group.",
  "http://a.ml/vocabularies/core#name": "resourceGroupName",
  "http://a.ml/vocabularies/shapes#schema": {
    "http://a.ml/vocabularies/core#description": "The name of the resource group.",
    "http://www.w3.org/ns/shacl#datatype": "http://www.w3.org/2001/XMLSchema#string",
    "http://www.w3.org/ns/shacl#name": "schema",
    "id": "file:///Users/abettati/sandbox/azure-rest-api-specs/specification/network/resource-manager/Microsoft.Network/stable/2017-06-01/networkWatcher.json#/web-api/end-points/%2Fsubscriptions%2F%7BsubscriptionId%7D%2FresourceGroups%2F%7BresourceGroupName%7D%2Fproviders%2FMicrosoft.Network%2FnetworkWatchers%2F%7BnetworkWatcherName%7D%2FnextHop/post/request/parameter/resourceGroupName/scalar/schema"
  },
  "id": "file:///Users/abettati/sandbox/azure-rest-api-specs/specification/network/resource-manager/Microsoft.Network/stable/2017-06-01/networkWatcher.json#/web-api/end-points/%2Fsubscriptions%2F%7BsubscriptionId%7D%2FresourceGroups%2F%7BresourceGroupName%7D%2Fproviders%2FMicrosoft.Network%2FnetworkWatchers%2F%7BnetworkWatcherName%7D%2FnextHop/post/request/parameter/resourceGroupName"
}, {
  "http://a.ml/vocabularies/apiContract#binding": "path",
  "http://a.ml/vocabularies/apiContract#paramName": "networkWatcherName",
  "http://a.ml/vocabularies/apiContract#required": "true",
  "http://a.ml/vocabularies/core#description": "The name of the network watcher.",
  "http://a.ml/vocabularies/core#name": "networkWatcherName",
  "http://a.ml/vocabularies/shapes#schema": {
    "http://a.ml/vocabularies/core#description": "The name of the network watcher.",
    "http://www.w3.org/ns/shacl#datatype": "http://www.w3.org/2001/XMLSchema#string",
    "http://www.w3.org/ns/shacl#name": "schema",
    "id": "file:///Users/abettati/sandbox/azure-rest-api-specs/specification/network/resource-manager/Microsoft.Network/stable/2017-06-01/networkWatcher.json#/web-api/end-points/%2Fsubscriptions%2F%7BsubscriptionId%7D%2FresourceGroups%2F%7BresourceGroupName%7D%2Fproviders%2FMicrosoft.Network%2FnetworkWatchers%2F%7BnetworkWatcherName%7D%2FnextHop/post/request/parameter/networkWatcherName/scalar/schema"
  },
  "id": "file:///Users/abettati/sandbox/azure-rest-api-specs/specification/network/resource-manager/Microsoft.Network/stable/2017-06-01/networkWatcher.json#/web-api/end-points/%2Fsubscriptions%2F%7BsubscriptionId%7D%2FresourceGroups%2F%7BresourceGroupName%7D%2Fproviders%2FMicrosoft.Network%2FnetworkWatchers%2F%7BnetworkWatcherName%7D%2FnextHop/post/request/parameter/networkWatcherName"
}, {
  "http://a.ml/vocabularies/apiContract#binding": "path",
  "http://a.ml/vocabularies/apiContract#paramName": "resourceGroupName",
  "http://a.ml/vocabularies/apiContract#required": "true",
  "http://a.ml/vocabularies/core#description": "The name of the resource group.",
  "http://a.ml/vocabularies/core#name": "resourceGroupName",
  "http://a.ml/vocabularies/shapes#schema": {
    "http://a.ml/vocabularies/core#description": "The name of the resource group.",
    "http://www.w3.org/ns/shacl#datatype": "http://www.w3.org/2001/XMLSchema#string",
    "http://www.w3.org/ns/shacl#name": "schema",
    "id": "file:///Users/abettati/sandbox/azure-rest-api-specs/specification/network/resource-manager/Microsoft.Network/stable/2017-06-01/networkWatcher.json#/web-api/end-points/%2Fsubscriptions%2F%7BsubscriptionId%7D%2FresourceGroups%2F%7BresourceGroupName%7D%2Fproviders%2FMicrosoft.Network%2FnetworkWatchers%2F%7BnetworkWatcherName%7D%2FsecurityGroupView/post/request/parameter/resourceGroupName/scalar/schema"
  },
  "id": "file:///Users/abettati/sandbox/azure-rest-api-specs/specification/network/resource-manager/Microsoft.Network/stable/2017-06-01/networkWatcher.json#/web-api/end-points/%2Fsubscriptions%2F%7BsubscriptionId%7D%2FresourceGroups%2F%7BresourceGroupName%7D%2Fproviders%2FMicrosoft.Network%2FnetworkWatchers%2F%7BnetworkWatcherName%7D%2FsecurityGroupView/post/request/parameter/resourceGroupName"
}, {
  "http://a.ml/vocabularies/apiContract#binding": "path",
  "http://a.ml/vocabularies/apiContract#paramName": "networkWatcherName",
  "http://a.ml/vocabularies/apiContract#required": "true",
  "http://a.ml/vocabularies/core#description": "The name of the network watcher.",
  "http://a.ml/vocabularies/core#name": "networkWatcherName",
  "http://a.ml/vocabularies/shapes#schema": {
    "http://a.ml/vocabularies/core#description": "The name of the network watcher.",
    "http://www.w3.org/ns/shacl#datatype": "http://www.w3.org/2001/XMLSchema#string",
    "http://www.w3.org/ns/shacl#name": "schema",
    "id": "file:///Users/abettati/sandbox/azure-rest-api-specs/specification/network/resource-manager/Microsoft.Network/stable/2017-06-01/networkWatcher.json#/web-api/end-points/%2Fsubscriptions%2F%7BsubscriptionId%7D%2FresourceGroups%2F%7BresourceGroupName%7D%2Fproviders%2FMicrosoft.Network%2FnetworkWatchers%2F%7BnetworkWatcherName%7D%2FsecurityGroupView/post/request/parameter/networkWatcherName/scalar/schema"
  },
  "id": "file:///Users/abettati/sandbox/azure-rest-api-specs/specification/network/resource-manager/Microsoft.Network/stable/2017-06-01/networkWatcher.json#/web-api/end-points/%2Fsubscriptions%2F%7BsubscriptionId%7D%2FresourceGroups%2F%7BresourceGroupName%7D%2Fproviders%2FMicrosoft.Network%2FnetworkWatchers%2F%7BnetworkWatcherName%7D%2FsecurityGroupView/post/request/parameter/networkWatcherName"
}, {
  "http://a.ml/vocabularies/apiContract#binding": "path",
  "http://a.ml/vocabularies/apiContract#paramName": "resourceGroupName",
  "http://a.ml/vocabularies/apiContract#required": "true",
  "http://a.ml/vocabularies/core#description": "The name of the resource group.",
  "http://a.ml/vocabularies/core#name": "resourceGroupName",
  "http://a.ml/vocabularies/shapes#schema": {
    "http://a.ml/vocabularies/core#description": "The name of the resource group.",
    "http://www.w3.org/ns/shacl#datatype": "http://www.w3.org/2001/XMLSchema#string",
    "http://www.w3.org/ns/shacl#name": "schema",
    "id": "file:///Users/abettati/sandbox/azure-rest-api-specs/specification/network/resource-manager/Microsoft.Network/stable/2017-06-01/networkWatcher.json#/web-api/end-points/%2Fsubscriptions%2F%7BsubscriptionId%7D%2FresourceGroups%2F%7BresourceGroupName%7D%2Fproviders%2FMicrosoft.Network%2FnetworkWatchers%2F%7BnetworkWatcherName%7D%2FpacketCaptures%2F%7BpacketCaptureName%7D/put/request/parameter/resourceGroupName/scalar/schema"
  },
  "id": "file:///Users/abettati/sandbox/azure-rest-api-specs/specification/network/resource-manager/Microsoft.Network/stable/2017-06-01/networkWatcher.json#/web-api/end-points/%2Fsubscriptions%2F%7BsubscriptionId%7D%2FresourceGroups%2F%7BresourceGroupName%7D%2Fproviders%2FMicrosoft.Network%2FnetworkWatchers%2F%7BnetworkWatcherName%7D%2FpacketCaptures%2F%7BpacketCaptureName%7D/put/request/parameter/resourceGroupName"
}, {
  "http://a.ml/vocabularies/apiContract#binding": "path",
  "http://a.ml/vocabularies/apiContract#paramName": "networkWatcherName",
  "http://a.ml/vocabularies/apiContract#required": "true",
  "http://a.ml/vocabularies/core#description": "The name of the network watcher.",
  "http://a.ml/vocabularies/core#name": "networkWatcherName",
  "http://a.ml/vocabularies/shapes#schema": {
    "http://a.ml/vocabularies/core#description": "The name of the network watcher.",
    "http://www.w3.org/ns/shacl#datatype": "http://www.w3.org/2001/XMLSchema#string",
    "http://www.w3.org/ns/shacl#name": "schema",
    "id": "file:///Users/abettati/sandbox/azure-rest-api-specs/specification/network/resource-manager/Microsoft.Network/stable/2017-06-01/networkWatcher.json#/web-api/end-points/%2Fsubscriptions%2F%7BsubscriptionId%7D%2FresourceGroups%2F%7BresourceGroupName%7D%2Fproviders%2FMicrosoft.Network%2FnetworkWatchers%2F%7BnetworkWatcherName%7D%2FpacketCaptures%2F%7BpacketCaptureName%7D/put/request/parameter/networkWatcherName/scalar/schema"
  },
  "id": "file:///Users/abettati/sandbox/azure-rest-api-specs/specification/network/resource-manager/Microsoft.Network/stable/2017-06-01/networkWatcher.json#/web-api/end-points/%2Fsubscriptions%2F%7BsubscriptionId%7D%2FresourceGroups%2F%7BresourceGroupName%7D%2Fproviders%2FMicrosoft.Network%2FnetworkWatchers%2F%7BnetworkWatcherName%7D%2FpacketCaptures%2F%7BpacketCaptureName%7D/put/request/parameter/networkWatcherName"
}, {
  "http://a.ml/vocabularies/apiContract#binding": "path",
  "http://a.ml/vocabularies/apiContract#paramName": "packetCaptureName",
  "http://a.ml/vocabularies/apiContract#required": "true",
  "http://a.ml/vocabularies/core#description": "The name of the packet capture session.",
  "http://a.ml/vocabularies/core#name": "packetCaptureName",
  "http://a.ml/vocabularies/shapes#schema": {
    "http://a.ml/vocabularies/core#description": "The name of the packet capture session.",
    "http://www.w3.org/ns/shacl#datatype": "http://www.w3.org/2001/XMLSchema#string",
    "http://www.w3.org/ns/shacl#name": "schema",
    "id": "file:///Users/abettati/sandbox/azure-rest-api-specs/specification/network/resource-manager/Microsoft.Network/stable/2017-06-01/networkWatcher.json#/web-api/end-points/%2Fsubscriptions%2F%7BsubscriptionId%7D%2FresourceGroups%2F%7BresourceGroupName%7D%2Fproviders%2FMicrosoft.Network%2FnetworkWatchers%2F%7BnetworkWatcherName%7D%2FpacketCaptures%2F%7BpacketCaptureName%7D/put/request/parameter/packetCaptureName/scalar/schema"
  },
  "id": "file:///Users/abettati/sandbox/azure-rest-api-specs/specification/network/resource-manager/Microsoft.Network/stable/2017-06-01/networkWatcher.json#/web-api/end-points/%2Fsubscriptions%2F%7BsubscriptionId%7D%2FresourceGroups%2F%7BresourceGroupName%7D%2Fproviders%2FMicrosoft.Network%2FnetworkWatchers%2F%7BnetworkWatcherName%7D%2FpacketCaptures%2F%7BpacketCaptureName%7D/put/request/parameter/packetCaptureName"
}, {
  "http://a.ml/vocabularies/apiContract#binding": "path",
  "http://a.ml/vocabularies/apiContract#paramName": "resourceGroupName",
  "http://a.ml/vocabularies/apiContract#required": "true",
  "http://a.ml/vocabularies/core#description": "The name of the resource group.",
  "http://a.ml/vocabularies/core#name": "resourceGroupName",
  "http://a.ml/vocabularies/shapes#schema": {
    "http://a.ml/vocabularies/core#description": "The name of the resource group.",
    "http://www.w3.org/ns/shacl#datatype": "http://www.w3.org/2001/XMLSchema#string",
    "http://www.w3.org/ns/shacl#name": "schema",
    "id": "file:///Users/abettati/sandbox/azure-rest-api-specs/specification/network/resource-manager/Microsoft.Network/stable/2017-06-01/networkWatcher.json#/web-api/end-points/%2Fsubscriptions%2F%7BsubscriptionId%7D%2FresourceGroups%2F%7BresourceGroupName%7D%2Fproviders%2FMicrosoft.Network%2FnetworkWatchers%2F%7BnetworkWatcherName%7D%2FpacketCaptures%2F%7BpacketCaptureName%7D/get/request/parameter/resourceGroupName/scalar/schema"
  },
  "id": "file:///Users/abettati/sandbox/azure-rest-api-specs/specification/network/resource-manager/Microsoft.Network/stable/2017-06-01/networkWatcher.json#/web-api/end-points/%2Fsubscriptions%2F%7BsubscriptionId%7D%2FresourceGroups%2F%7BresourceGroupName%7D%2Fproviders%2FMicrosoft.Network%2FnetworkWatchers%2F%7BnetworkWatcherName%7D%2FpacketCaptures%2F%7BpacketCaptureName%7D/get/request/parameter/resourceGroupName"
}, {
  "http://a.ml/vocabularies/apiContract#binding": "path",
  "http://a.ml/vocabularies/apiContract#paramName": "networkWatcherName",
  "http://a.ml/vocabularies/apiContract#required": "true",
  "http://a.ml/vocabularies/core#description": "The name of the network watcher.",
  "http://a.ml/vocabularies/core#name": "networkWatcherName",
  "http://a.ml/vocabularies/shapes#schema": {
    "http://a.ml/vocabularies/core#description": "The name of the network watcher.",
    "http://www.w3.org/ns/shacl#datatype": "http://www.w3.org/2001/XMLSchema#string",
    "http://www.w3.org/ns/shacl#name": "schema",
    "id": "file:///Users/abettati/sandbox/azure-rest-api-specs/specification/network/resource-manager/Microsoft.Network/stable/2017-06-01/networkWatcher.json#/web-api/end-points/%2Fsubscriptions%2F%7BsubscriptionId%7D%2FresourceGroups%2F%7BresourceGroupName%7D%2Fproviders%2FMicrosoft.Network%2FnetworkWatchers%2F%7BnetworkWatcherName%7D%2FpacketCaptures%2F%7BpacketCaptureName%7D/get/request/parameter/networkWatcherName/scalar/schema"
  },
  "id": "file:///Users/abettati/sandbox/azure-rest-api-specs/specification/network/resource-manager/Microsoft.Network/stable/2017-06-01/networkWatcher.json#/web-api/end-points/%2Fsubscriptions%2F%7BsubscriptionId%7D%2FresourceGroups%2F%7BresourceGroupName%7D%2Fproviders%2FMicrosoft.Network%2FnetworkWatchers%2F%7BnetworkWatcherName%7D%2FpacketCaptures%2F%7BpacketCaptureName%7D/get/request/parameter/networkWatcherName"
}, {
  "http://a.ml/vocabularies/apiContract#binding": "path",
  "http://a.ml/vocabularies/apiContract#paramName": "packetCaptureName",
  "http://a.ml/vocabularies/apiContract#required": "true",
  "http://a.ml/vocabularies/core#description": "The name of the packet capture session.",
  "http://a.ml/vocabularies/core#name": "packetCaptureName",
  "http://a.ml/vocabularies/shapes#schema": {
    "http://a.ml/vocabularies/core#description": "The name of the packet capture session.",
    "http://www.w3.org/ns/shacl#datatype": "http://www.w3.org/2001/XMLSchema#string",
    "http://www.w3.org/ns/shacl#name": "schema",
    "id": "file:///Users/abettati/sandbox/azure-rest-api-specs/specification/network/resource-manager/Microsoft.Network/stable/2017-06-01/networkWatcher.json#/web-api/end-points/%2Fsubscriptions%2F%7BsubscriptionId%7D%2FresourceGroups%2F%7BresourceGroupName%7D%2Fproviders%2FMicrosoft.Network%2FnetworkWatchers%2F%7BnetworkWatcherName%7D%2FpacketCaptures%2F%7BpacketCaptureName%7D/get/request/parameter/packetCaptureName/scalar/schema"
  },
  "id": "file:///Users/abettati/sandbox/azure-rest-api-specs/specification/network/resource-manager/Microsoft.Network/stable/2017-06-01/networkWatcher.json#/web-api/end-points/%2Fsubscriptions%2F%7BsubscriptionId%7D%2FresourceGroups%2F%7BresourceGroupName%7D%2Fproviders%2FMicrosoft.Network%2FnetworkWatchers%2F%7BnetworkWatcherName%7D%2FpacketCaptures%2F%7BpacketCaptureName%7D/get/request/parameter/packetCaptureName"
}, {
  "http://a.ml/vocabularies/apiContract#binding": "path",
  "http://a.ml/vocabularies/apiContract#paramName": "resourceGroupName",
  "http://a.ml/vocabularies/apiContract#required": "true",
  "http://a.ml/vocabularies/core#description": "The name of the resource group.",
  "http://a.ml/vocabularies/core#name": "resourceGroupName",
  "http://a.ml/vocabularies/shapes#schema": {
    "http://a.ml/vocabularies/core#description": "The name of the resource group.",
    "http://www.w3.org/ns/shacl#datatype": "http://www.w3.org/2001/XMLSchema#string",
    "http://www.w3.org/ns/shacl#name": "schema",
    "id": "file:///Users/abettati/sandbox/azure-rest-api-specs/specification/network/resource-manager/Microsoft.Network/stable/2017-06-01/networkWatcher.json#/web-api/end-points/%2Fsubscriptions%2F%7BsubscriptionId%7D%2FresourceGroups%2F%7BresourceGroupName%7D%2Fproviders%2FMicrosoft.Network%2FnetworkWatchers%2F%7BnetworkWatcherName%7D%2FpacketCaptures%2F%7BpacketCaptureName%7D/delete/request/parameter/resourceGroupName/scalar/schema"
  },
  "id": "file:///Users/abettati/sandbox/azure-rest-api-specs/specification/network/resource-manager/Microsoft.Network/stable/2017-06-01/networkWatcher.json#/web-api/end-points/%2Fsubscriptions%2F%7BsubscriptionId%7D%2FresourceGroups%2F%7BresourceGroupName%7D%2Fproviders%2FMicrosoft.Network%2FnetworkWatchers%2F%7BnetworkWatcherName%7D%2FpacketCaptures%2F%7BpacketCaptureName%7D/delete/request/parameter/resourceGroupName"
}, {
  "http://a.ml/vocabularies/apiContract#binding": "path",
  "http://a.ml/vocabularies/apiContract#paramName": "networkWatcherName",
  "http://a.ml/vocabularies/apiContract#required": "true",
  "http://a.ml/vocabularies/core#description": "The name of the network watcher.",
  "http://a.ml/vocabularies/core#name": "networkWatcherName",
  "http://a.ml/vocabularies/shapes#schema": {
    "http://a.ml/vocabularies/core#description": "The name of the network watcher.",
    "http://www.w3.org/ns/shacl#datatype": "http://www.w3.org/2001/XMLSchema#string",
    "http://www.w3.org/ns/shacl#name": "schema",
    "id": "file:///Users/abettati/sandbox/azure-rest-api-specs/specification/network/resource-manager/Microsoft.Network/stable/2017-06-01/networkWatcher.json#/web-api/end-points/%2Fsubscriptions%2F%7BsubscriptionId%7D%2FresourceGroups%2F%7BresourceGroupName%7D%2Fproviders%2FMicrosoft.Network%2FnetworkWatchers%2F%7BnetworkWatcherName%7D%2FpacketCaptures%2F%7BpacketCaptureName%7D/delete/request/parameter/networkWatcherName/scalar/schema"
  },
  "id": "file:///Users/abettati/sandbox/azure-rest-api-specs/specification/network/resource-manager/Microsoft.Network/stable/2017-06-01/networkWatcher.json#/web-api/end-points/%2Fsubscriptions%2F%7BsubscriptionId%7D%2FresourceGroups%2F%7BresourceGroupName%7D%2Fproviders%2FMicrosoft.Network%2FnetworkWatchers%2F%7BnetworkWatcherName%7D%2FpacketCaptures%2F%7BpacketCaptureName%7D/delete/request/parameter/networkWatcherName"
}, {
  "http://a.ml/vocabularies/apiContract#binding": "path",
  "http://a.ml/vocabularies/apiContract#paramName": "packetCaptureName",
  "http://a.ml/vocabularies/apiContract#required": "true",
  "http://a.ml/vocabularies/core#description": "The name of the packet capture session.",
  "http://a.ml/vocabularies/core#name": "packetCaptureName",
  "http://a.ml/vocabularies/shapes#schema": {
    "http://a.ml/vocabularies/core#description": "The name of the packet capture session.",
    "http://www.w3.org/ns/shacl#datatype": "http://www.w3.org/2001/XMLSchema#string",
    "http://www.w3.org/ns/shacl#name": "schema",
    "id": "file:///Users/abettati/sandbox/azure-rest-api-specs/specification/network/resource-manager/Microsoft.Network/stable/2017-06-01/networkWatcher.json#/web-api/end-points/%2Fsubscriptions%2F%7BsubscriptionId%7D%2FresourceGroups%2F%7BresourceGroupName%7D%2Fproviders%2FMicrosoft.Network%2FnetworkWatchers%2F%7BnetworkWatcherName%7D%2FpacketCaptures%2F%7BpacketCaptureName%7D/delete/request/parameter/packetCaptureName/scalar/schema"
  },
  "id": "file:///Users/abettati/sandbox/azure-rest-api-specs/specification/network/resource-manager/Microsoft.Network/stable/2017-06-01/networkWatcher.json#/web-api/end-points/%2Fsubscriptions%2F%7BsubscriptionId%7D%2FresourceGroups%2F%7BresourceGroupName%7D%2Fproviders%2FMicrosoft.Network%2FnetworkWatchers%2F%7BnetworkWatcherName%7D%2FpacketCaptures%2F%7BpacketCaptureName%7D/delete/request/parameter/packetCaptureName"
}, {
  "http://a.ml/vocabularies/apiContract#binding": "path",
  "http://a.ml/vocabularies/apiContract#paramName": "resourceGroupName",
  "http://a.ml/vocabularies/apiContract#required": "true",
  "http://a.ml/vocabularies/core#description": "The name of the resource group.",
  "http://a.ml/vocabularies/core#name": "resourceGroupName",
  "http://a.ml/vocabularies/shapes#schema": {
    "http://a.ml/vocabularies/core#description": "The name of the resource group.",
    "http://www.w3.org/ns/shacl#datatype": "http://www.w3.org/2001/XMLSchema#string",
    "http://www.w3.org/ns/shacl#name": "schema",
    "id": "file:///Users/abettati/sandbox/azure-rest-api-specs/specification/network/resource-manager/Microsoft.Network/stable/2017-06-01/networkWatcher.json#/web-api/end-points/%2Fsubscriptions%2F%7BsubscriptionId%7D%2FresourceGroups%2F%7BresourceGroupName%7D%2Fproviders%2FMicrosoft.Network%2FnetworkWatchers%2F%7BnetworkWatcherName%7D%2FpacketCaptures%2F%7BpacketCaptureName%7D%2Fstop/post/request/parameter/resourceGroupName/scalar/schema"
  },
  "id": "file:///Users/abettati/sandbox/azure-rest-api-specs/specification/network/resource-manager/Microsoft.Network/stable/2017-06-01/networkWatcher.json#/web-api/end-points/%2Fsubscriptions%2F%7BsubscriptionId%7D%2FresourceGroups%2F%7BresourceGroupName%7D%2Fproviders%2FMicrosoft.Network%2FnetworkWatchers%2F%7BnetworkWatcherName%7D%2FpacketCaptures%2F%7BpacketCaptureName%7D%2Fstop/post/request/parameter/resourceGroupName"
}, {
  "http://a.ml/vocabularies/apiContract#binding": "path",
  "http://a.ml/vocabularies/apiContract#paramName": "networkWatcherName",
  "http://a.ml/vocabularies/apiContract#required": "true",
  "http://a.ml/vocabularies/core#description": "The name of the network watcher.",
  "http://a.ml/vocabularies/core#name": "networkWatcherName",
  "http://a.ml/vocabularies/shapes#schema": {
    "http://a.ml/vocabularies/core#description": "The name of the network watcher.",
    "http://www.w3.org/ns/shacl#datatype": "http://www.w3.org/2001/XMLSchema#string",
    "http://www.w3.org/ns/shacl#name": "schema",
    "id": "file:///Users/abettati/sandbox/azure-rest-api-specs/specification/network/resource-manager/Microsoft.Network/stable/2017-06-01/networkWatcher.json#/web-api/end-points/%2Fsubscriptions%2F%7BsubscriptionId%7D%2FresourceGroups%2F%7BresourceGroupName%7D%2Fproviders%2FMicrosoft.Network%2FnetworkWatchers%2F%7BnetworkWatcherName%7D%2FpacketCaptures%2F%7BpacketCaptureName%7D%2Fstop/post/request/parameter/networkWatcherName/scalar/schema"
  },
  "id": "file:///Users/abettati/sandbox/azure-rest-api-specs/specification/network/resource-manager/Microsoft.Network/stable/2017-06-01/networkWatcher.json#/web-api/end-points/%2Fsubscriptions%2F%7BsubscriptionId%7D%2FresourceGroups%2F%7BresourceGroupName%7D%2Fproviders%2FMicrosoft.Network%2FnetworkWatchers%2F%7BnetworkWatcherName%7D%2FpacketCaptures%2F%7BpacketCaptureName%7D%2Fstop/post/request/parameter/networkWatcherName"
}, {
  "http://a.ml/vocabularies/apiContract#binding": "path",
  "http://a.ml/vocabularies/apiContract#paramName": "packetCaptureName",
  "http://a.ml/vocabularies/apiContract#required": "true",
  "http://a.ml/vocabularies/core#description": "The name of the packet capture session.",
  "http://a.ml/vocabularies/core#name": "packetCaptureName",
  "http://a.ml/vocabularies/shapes#schema": {
    "http://a.ml/vocabularies/core#description": "The name of the packet capture session.",
    "http://www.w3.org/ns/shacl#datatype": "http://www.w3.org/2001/XMLSchema#string",
    "http://www.w3.org/ns/shacl#name": "schema",
    "id": "file:///Users/abettati/sandbox/azure-rest-api-specs/specification/network/resource-manager/Microsoft.Network/stable/2017-06-01/networkWatcher.json#/web-api/end-points/%2Fsubscriptions%2F%7BsubscriptionId%7D%2FresourceGroups%2F%7BresourceGroupName%7D%2Fproviders%2FMicrosoft.Network%2FnetworkWatchers%2F%7BnetworkWatcherName%7D%2FpacketCaptures%2F%7BpacketCaptureName%7D%2Fstop/post/request/parameter/packetCaptureName/scalar/schema"
  },
  "id": "file:///Users/abettati/sandbox/azure-rest-api-specs/specification/network/resource-manager/Microsoft.Network/stable/2017-06-01/networkWatcher.json#/web-api/end-points/%2Fsubscriptions%2F%7BsubscriptionId%7D%2FresourceGroups%2F%7BresourceGroupName%7D%2Fproviders%2FMicrosoft.Network%2FnetworkWatchers%2F%7BnetworkWatcherName%7D%2FpacketCaptures%2F%7BpacketCaptureName%7D%2Fstop/post/request/parameter/packetCaptureName"
}, {
  "http://a.ml/vocabularies/apiContract#binding": "path",
  "http://a.ml/vocabularies/apiContract#paramName": "resourceGroupName",
  "http://a.ml/vocabularies/apiContract#required": "true",
  "http://a.ml/vocabularies/core#description": "The name of the resource group.",
  "http://a.ml/vocabularies/core#name": "resourceGroupName",
  "http://a.ml/vocabularies/shapes#schema": {
    "http://a.ml/vocabularies/core#description": "The name of the resource group.",
    "http://www.w3.org/ns/shacl#datatype": "http://www.w3.org/2001/XMLSchema#string",
    "http://www.w3.org/ns/shacl#name": "schema",
    "id": "file:///Users/abettati/sandbox/azure-rest-api-specs/specification/network/resource-manager/Microsoft.Network/stable/2017-06-01/networkWatcher.json#/web-api/end-points/%2Fsubscriptions%2F%7BsubscriptionId%7D%2FresourceGroups%2F%7BresourceGroupName%7D%2Fproviders%2FMicrosoft.Network%2FnetworkWatchers%2F%7BnetworkWatcherName%7D%2FpacketCaptures%2F%7BpacketCaptureName%7D%2FqueryStatus/post/request/parameter/resourceGroupName/scalar/schema"
  },
  "id": "file:///Users/abettati/sandbox/azure-rest-api-specs/specification/network/resource-manager/Microsoft.Network/stable/2017-06-01/networkWatcher.json#/web-api/end-points/%2Fsubscriptions%2F%7BsubscriptionId%7D%2FresourceGroups%2F%7BresourceGroupName%7D%2Fproviders%2FMicrosoft.Network%2FnetworkWatchers%2F%7BnetworkWatcherName%7D%2FpacketCaptures%2F%7BpacketCaptureName%7D%2FqueryStatus/post/request/parameter/resourceGroupName"
}, {
  "http://a.ml/vocabularies/apiContract#binding": "path",
  "http://a.ml/vocabularies/apiContract#paramName": "networkWatcherName",
  "http://a.ml/vocabularies/apiContract#required": "true",
  "http://a.ml/vocabularies/core#description": "The name of the Network Watcher resource.",
  "http://a.ml/vocabularies/core#name": "networkWatcherName",
  "http://a.ml/vocabularies/shapes#schema": {
    "http://a.ml/vocabularies/core#description": "The name of the Network Watcher resource.",
    "http://www.w3.org/ns/shacl#datatype": "http://www.w3.org/2001/XMLSchema#string",
    "http://www.w3.org/ns/shacl#name": "schema",
    "id": "file:///Users/abettati/sandbox/azure-rest-api-specs/specification/network/resource-manager/Microsoft.Network/stable/2017-06-01/networkWatcher.json#/web-api/end-points/%2Fsubscriptions%2F%7BsubscriptionId%7D%2FresourceGroups%2F%7BresourceGroupName%7D%2Fproviders%2FMicrosoft.Network%2FnetworkWatchers%2F%7BnetworkWatcherName%7D%2FpacketCaptures%2F%7BpacketCaptureName%7D%2FqueryStatus/post/request/parameter/networkWatcherName/scalar/schema"
  },
  "id": "file:///Users/abettati/sandbox/azure-rest-api-specs/specification/network/resource-manager/Microsoft.Network/stable/2017-06-01/networkWatcher.json#/web-api/end-points/%2Fsubscriptions%2F%7BsubscriptionId%7D%2FresourceGroups%2F%7BresourceGroupName%7D%2Fproviders%2FMicrosoft.Network%2FnetworkWatchers%2F%7BnetworkWatcherName%7D%2FpacketCaptures%2F%7BpacketCaptureName%7D%2FqueryStatus/post/request/parameter/networkWatcherName"
}, {
  "http://a.ml/vocabularies/apiContract#binding": "path",
  "http://a.ml/vocabularies/apiContract#paramName": "packetCaptureName",
  "http://a.ml/vocabularies/apiContract#required": "true",
  "http://a.ml/vocabularies/core#description": "The name given to the packet capture session.",
  "http://a.ml/vocabularies/core#name": "packetCaptureName",
  "http://a.ml/vocabularies/shapes#schema": {
    "http://a.ml/vocabularies/core#description": "The name given to the packet capture session.",
    "http://www.w3.org/ns/shacl#datatype": "http://www.w3.org/2001/XMLSchema#string",
    "http://www.w3.org/ns/shacl#name": "schema",
    "id": "file:///Users/abettati/sandbox/azure-rest-api-specs/specification/network/resource-manager/Microsoft.Network/stable/2017-06-01/networkWatcher.json#/web-api/end-points/%2Fsubscriptions%2F%7BsubscriptionId%7D%2FresourceGroups%2F%7BresourceGroupName%7D%2Fproviders%2FMicrosoft.Network%2FnetworkWatchers%2F%7BnetworkWatcherName%7D%2FpacketCaptures%2F%7BpacketCaptureName%7D%2FqueryStatus/post/request/parameter/packetCaptureName/scalar/schema"
  },
  "id": "file:///Users/abettati/sandbox/azure-rest-api-specs/specification/network/resource-manager/Microsoft.Network/stable/2017-06-01/networkWatcher.json#/web-api/end-points/%2Fsubscriptions%2F%7BsubscriptionId%7D%2FresourceGroups%2F%7BresourceGroupName%7D%2Fproviders%2FMicrosoft.Network%2FnetworkWatchers%2F%7BnetworkWatcherName%7D%2FpacketCaptures%2F%7BpacketCaptureName%7D%2FqueryStatus/post/request/parameter/packetCaptureName"
}, {
  "http://a.ml/vocabularies/apiContract#binding": "path",
  "http://a.ml/vocabularies/apiContract#paramName": "resourceGroupName",
  "http://a.ml/vocabularies/apiContract#required": "true",
  "http://a.ml/vocabularies/core#description": "The name of the resource group.",
  "http://a.ml/vocabularies/core#name": "resourceGroupName",
  "http://a.ml/vocabularies/shapes#schema": {
    "http://a.ml/vocabularies/core#description": "The name of the resource group.",
    "http://www.w3.org/ns/shacl#datatype": "http://www.w3.org/2001/XMLSchema#string",
    "http://www.w3.org/ns/shacl#name": "schema",
    "id": "file:///Users/abettati/sandbox/azure-rest-api-specs/specification/network/resource-manager/Microsoft.Network/stable/2017-06-01/networkWatcher.json#/web-api/end-points/%2Fsubscriptions%2F%7BsubscriptionId%7D%2FresourceGroups%2F%7BresourceGroupName%7D%2Fproviders%2FMicrosoft.Network%2FnetworkWatchers%2F%7BnetworkWatcherName%7D%2FpacketCaptures/get/request/parameter/resourceGroupName/scalar/schema"
  },
  "id": "file:///Users/abettati/sandbox/azure-rest-api-specs/specification/network/resource-manager/Microsoft.Network/stable/2017-06-01/networkWatcher.json#/web-api/end-points/%2Fsubscriptions%2F%7BsubscriptionId%7D%2FresourceGroups%2F%7BresourceGroupName%7D%2Fproviders%2FMicrosoft.Network%2FnetworkWatchers%2F%7BnetworkWatcherName%7D%2FpacketCaptures/get/request/parameter/resourceGroupName"
}, {
  "http://a.ml/vocabularies/apiContract#binding": "path",
  "http://a.ml/vocabularies/apiContract#paramName": "networkWatcherName",
  "http://a.ml/vocabularies/apiContract#required": "true",
  "http://a.ml/vocabularies/core#description": "The name of the Network Watcher resource.",
  "http://a.ml/vocabularies/core#name": "networkWatcherName",
  "http://a.ml/vocabularies/shapes#schema": {
    "http://a.ml/vocabularies/core#description": "The name of the Network Watcher resource.",
    "http://www.w3.org/ns/shacl#datatype": "http://www.w3.org/2001/XMLSchema#string",
    "http://www.w3.org/ns/shacl#name": "schema",
    "id": "file:///Users/abettati/sandbox/azure-rest-api-specs/specification/network/resource-manager/Microsoft.Network/stable/2017-06-01/networkWatcher.json#/web-api/end-points/%2Fsubscriptions%2F%7BsubscriptionId%7D%2FresourceGroups%2F%7BresourceGroupName%7D%2Fproviders%2FMicrosoft.Network%2FnetworkWatchers%2F%7BnetworkWatcherName%7D%2FpacketCaptures/get/request/parameter/networkWatcherName/scalar/schema"
  },
  "id": "file:///Users/abettati/sandbox/azure-rest-api-specs/specification/network/resource-manager/Microsoft.Network/stable/2017-06-01/networkWatcher.json#/web-api/end-points/%2Fsubscriptions%2F%7BsubscriptionId%7D%2FresourceGroups%2F%7BresourceGroupName%7D%2Fproviders%2FMicrosoft.Network%2FnetworkWatchers%2F%7BnetworkWatcherName%7D%2FpacketCaptures/get/request/parameter/networkWatcherName"
}, {
  "http://a.ml/vocabularies/apiContract#binding": "path",
  "http://a.ml/vocabularies/apiContract#paramName": "resourceGroupName",
  "http://a.ml/vocabularies/apiContract#required": "true",
  "http://a.ml/vocabularies/core#description": "The name of the resource group.",
  "http://a.ml/vocabularies/core#name": "resourceGroupName",
  "http://a.ml/vocabularies/shapes#schema": {
    "http://a.ml/vocabularies/core#description": "The name of the resource group.",
    "http://www.w3.org/ns/shacl#datatype": "http://www.w3.org/2001/XMLSchema#string",
    "http://www.w3.org/ns/shacl#name": "schema",
    "id": "file:///Users/abettati/sandbox/azure-rest-api-specs/specification/network/resource-manager/Microsoft.Network/stable/2017-06-01/networkWatcher.json#/web-api/end-points/%2Fsubscriptions%2F%7BsubscriptionId%7D%2FresourceGroups%2F%7BresourceGroupName%7D%2Fproviders%2FMicrosoft.Network%2FnetworkWatchers%2F%7BnetworkWatcherName%7D%2Ftroubleshoot/post/request/parameter/resourceGroupName/scalar/schema"
  },
  "id": "file:///Users/abettati/sandbox/azure-rest-api-specs/specification/network/resource-manager/Microsoft.Network/stable/2017-06-01/networkWatcher.json#/web-api/end-points/%2Fsubscriptions%2F%7BsubscriptionId%7D%2FresourceGroups%2F%7BresourceGroupName%7D%2Fproviders%2FMicrosoft.Network%2FnetworkWatchers%2F%7BnetworkWatcherName%7D%2Ftroubleshoot/post/request/parameter/resourceGroupName"
}, {
  "http://a.ml/vocabularies/apiContract#binding": "path",
  "http://a.ml/vocabularies/apiContract#paramName": "networkWatcherName",
  "http://a.ml/vocabularies/apiContract#required": "true",
  "http://a.ml/vocabularies/core#description": "The name of the network watcher resource.",
  "http://a.ml/vocabularies/core#name": "networkWatcherName",
  "http://a.ml/vocabularies/shapes#schema": {
    "http://a.ml/vocabularies/core#description": "The name of the network watcher resource.",
    "http://www.w3.org/ns/shacl#datatype": "http://www.w3.org/2001/XMLSchema#string",
    "http://www.w3.org/ns/shacl#name": "schema",
    "id": "file:///Users/abettati/sandbox/azure-rest-api-specs/specification/network/resource-manager/Microsoft.Network/stable/2017-06-01/networkWatcher.json#/web-api/end-points/%2Fsubscriptions%2F%7BsubscriptionId%7D%2FresourceGroups%2F%7BresourceGroupName%7D%2Fproviders%2FMicrosoft.Network%2FnetworkWatchers%2F%7BnetworkWatcherName%7D%2Ftroubleshoot/post/request/parameter/networkWatcherName/scalar/schema"
  },
  "id": "file:///Users/abettati/sandbox/azure-rest-api-specs/specification/network/resource-manager/Microsoft.Network/stable/2017-06-01/networkWatcher.json#/web-api/end-points/%2Fsubscriptions%2F%7BsubscriptionId%7D%2FresourceGroups%2F%7BresourceGroupName%7D%2Fproviders%2FMicrosoft.Network%2FnetworkWatchers%2F%7BnetworkWatcherName%7D%2Ftroubleshoot/post/request/parameter/networkWatcherName"
}, {
  "http://a.ml/vocabularies/apiContract#binding": "path",
  "http://a.ml/vocabularies/apiContract#paramName": "resourceGroupName",
  "http://a.ml/vocabularies/apiContract#required": "true",
  "http://a.ml/vocabularies/core#description": "The name of the resource group.",
  "http://a.ml/vocabularies/core#name": "resourceGroupName",
  "http://a.ml/vocabularies/shapes#schema": {
    "http://a.ml/vocabularies/core#description": "The name of the resource group.",
    "http://www.w3.org/ns/shacl#datatype": "http://www.w3.org/2001/XMLSchema#string",
    "http://www.w3.org/ns/shacl#name": "schema",
    "id": "file:///Users/abettati/sandbox/azure-rest-api-specs/specification/network/resource-manager/Microsoft.Network/stable/2017-06-01/networkWatcher.json#/web-api/end-points/%2Fsubscriptions%2F%7BsubscriptionId%7D%2FresourceGroups%2F%7BresourceGroupName%7D%2Fproviders%2FMicrosoft.Network%2FnetworkWatchers%2F%7BnetworkWatcherName%7D%2FqueryTroubleshootResult/post/request/parameter/resourceGroupName/scalar/schema"
  },
  "id": "file:///Users/abettati/sandbox/azure-rest-api-specs/specification/network/resource-manager/Microsoft.Network/stable/2017-06-01/networkWatcher.json#/web-api/end-points/%2Fsubscriptions%2F%7BsubscriptionId%7D%2FresourceGroups%2F%7BresourceGroupName%7D%2Fproviders%2FMicrosoft.Network%2FnetworkWatchers%2F%7BnetworkWatcherName%7D%2FqueryTroubleshootResult/post/request/parameter/resourceGroupName"
}, {
  "http://a.ml/vocabularies/apiContract#binding": "path",
  "http://a.ml/vocabularies/apiContract#paramName": "networkWatcherName",
  "http://a.ml/vocabularies/apiContract#required": "true",
  "http://a.ml/vocabularies/core#description": "The name of the network watcher resource.",
  "http://a.ml/vocabularies/core#name": "networkWatcherName",
  "http://a.ml/vocabularies/shapes#schema": {
    "http://a.ml/vocabularies/core#description": "The name of the network watcher resource.",
    "http://www.w3.org/ns/shacl#datatype": "http://www.w3.org/2001/XMLSchema#string",
    "http://www.w3.org/ns/shacl#name": "schema",
    "id": "file:///Users/abettati/sandbox/azure-rest-api-specs/specification/network/resource-manager/Microsoft.Network/stable/2017-06-01/networkWatcher.json#/web-api/end-points/%2Fsubscriptions%2F%7BsubscriptionId%7D%2FresourceGroups%2F%7BresourceGroupName%7D%2Fproviders%2FMicrosoft.Network%2FnetworkWatchers%2F%7BnetworkWatcherName%7D%2FqueryTroubleshootResult/post/request/parameter/networkWatcherName/scalar/schema"
  },
  "id": "file:///Users/abettati/sandbox/azure-rest-api-specs/specification/network/resource-manager/Microsoft.Network/stable/2017-06-01/networkWatcher.json#/web-api/end-points/%2Fsubscriptions%2F%7BsubscriptionId%7D%2FresourceGroups%2F%7BresourceGroupName%7D%2Fproviders%2FMicrosoft.Network%2FnetworkWatchers%2F%7BnetworkWatcherName%7D%2FqueryTroubleshootResult/post/request/parameter/networkWatcherName"
}, {
  "http://a.ml/vocabularies/apiContract#binding": "path",
  "http://a.ml/vocabularies/apiContract#paramName": "resourceGroupName",
  "http://a.ml/vocabularies/apiContract#required": "true",
  "http://a.ml/vocabularies/core#description": "The name of the network watcher resource group.",
  "http://a.ml/vocabularies/core#name": "resourceGroupName",
  "http://a.ml/vocabularies/shapes#schema": {
    "http://a.ml/vocabularies/core#description": "The name of the network watcher resource group.",
    "http://www.w3.org/ns/shacl#datatype": "http://www.w3.org/2001/XMLSchema#string",
    "http://www.w3.org/ns/shacl#name": "schema",
    "id": "file:///Users/abettati/sandbox/azure-rest-api-specs/specification/network/resource-manager/Microsoft.Network/stable/2017-06-01/networkWatcher.json#/web-api/end-points/%2Fsubscriptions%2F%7BsubscriptionId%7D%2FresourceGroups%2F%7BresourceGroupName%7D%2Fproviders%2FMicrosoft.Network%2FnetworkWatchers%2F%7BnetworkWatcherName%7D%2FconfigureFlowLog/post/request/parameter/resourceGroupName/scalar/schema"
  },
  "id": "file:///Users/abettati/sandbox/azure-rest-api-specs/specification/network/resource-manager/Microsoft.Network/stable/2017-06-01/networkWatcher.json#/web-api/end-points/%2Fsubscriptions%2F%7BsubscriptionId%7D%2FresourceGroups%2F%7BresourceGroupName%7D%2Fproviders%2FMicrosoft.Network%2FnetworkWatchers%2F%7BnetworkWatcherName%7D%2FconfigureFlowLog/post/request/parameter/resourceGroupName"
}, {
  "http://a.ml/vocabularies/apiContract#binding": "path",
  "http://a.ml/vocabularies/apiContract#paramName": "networkWatcherName",
  "http://a.ml/vocabularies/apiContract#required": "true",
  "http://a.ml/vocabularies/core#description": "The name of the network watcher resource.",
  "http://a.ml/vocabularies/core#name": "networkWatcherName",
  "http://a.ml/vocabularies/shapes#schema": {
    "http://a.ml/vocabularies/core#description": "The name of the network watcher resource.",
    "http://www.w3.org/ns/shacl#datatype": "http://www.w3.org/2001/XMLSchema#string",
    "http://www.w3.org/ns/shacl#name": "schema",
    "id": "file:///Users/abettati/sandbox/azure-rest-api-specs/specification/network/resource-manager/Microsoft.Network/stable/2017-06-01/networkWatcher.json#/web-api/end-points/%2Fsubscriptions%2F%7BsubscriptionId%7D%2FresourceGroups%2F%7BresourceGroupName%7D%2Fproviders%2FMicrosoft.Network%2FnetworkWatchers%2F%7BnetworkWatcherName%7D%2FconfigureFlowLog/post/request/parameter/networkWatcherName/scalar/schema"
  },
  "id": "file:///Users/abettati/sandbox/azure-rest-api-specs/specification/network/resource-manager/Microsoft.Network/stable/2017-06-01/networkWatcher.json#/web-api/end-points/%2Fsubscriptions%2F%7BsubscriptionId%7D%2FresourceGroups%2F%7BresourceGroupName%7D%2Fproviders%2FMicrosoft.Network%2FnetworkWatchers%2F%7BnetworkWatcherName%7D%2FconfigureFlowLog/post/request/parameter/networkWatcherName"
}, {
  "http://a.ml/vocabularies/apiContract#binding": "path",
  "http://a.ml/vocabularies/apiContract#paramName": "resourceGroupName",
  "http://a.ml/vocabularies/apiContract#required": "true",
  "http://a.ml/vocabularies/core#description": "The name of the network watcher resource group.",
  "http://a.ml/vocabularies/core#name": "resourceGroupName",
  "http://a.ml/vocabularies/shapes#schema": {
    "http://a.ml/vocabularies/core#description": "The name of the network watcher resource group.",
    "http://www.w3.org/ns/shacl#datatype": "http://www.w3.org/2001/XMLSchema#string",
    "http://www.w3.org/ns/shacl#name": "schema",
    "id": "file:///Users/abettati/sandbox/azure-rest-api-specs/specification/network/resource-manager/Microsoft.Network/stable/2017-06-01/networkWatcher.json#/web-api/end-points/%2Fsubscriptions%2F%7BsubscriptionId%7D%2FresourceGroups%2F%7BresourceGroupName%7D%2Fproviders%2FMicrosoft.Network%2FnetworkWatchers%2F%7BnetworkWatcherName%7D%2FqueryFlowLogStatus/post/request/parameter/resourceGroupName/scalar/schema"
  },
  "id": "file:///Users/abettati/sandbox/azure-rest-api-specs/specification/network/resource-manager/Microsoft.Network/stable/2017-06-01/networkWatcher.json#/web-api/end-points/%2Fsubscriptions%2F%7BsubscriptionId%7D%2FresourceGroups%2F%7BresourceGroupName%7D%2Fproviders%2FMicrosoft.Network%2FnetworkWatchers%2F%7BnetworkWatcherName%7D%2FqueryFlowLogStatus/post/request/parameter/resourceGroupName"
}, {
  "http://a.ml/vocabularies/apiContract#binding": "path",
  "http://a.ml/vocabularies/apiContract#paramName": "networkWatcherName",
  "http://a.ml/vocabularies/apiContract#required": "true",
  "http://a.ml/vocabularies/core#description": "The name of the network watcher resource.",
  "http://a.ml/vocabularies/core#name": "networkWatcherName",
  "http://a.ml/vocabularies/shapes#schema": {
    "http://a.ml/vocabularies/core#description": "The name of the network watcher resource.",
    "http://www.w3.org/ns/shacl#datatype": "http://www.w3.org/2001/XMLSchema#string",
    "http://www.w3.org/ns/shacl#name": "schema",
    "id": "file:///Users/abettati/sandbox/azure-rest-api-specs/specification/network/resource-manager/Microsoft.Network/stable/2017-06-01/networkWatcher.json#/web-api/end-points/%2Fsubscriptions%2F%7BsubscriptionId%7D%2FresourceGroups%2F%7BresourceGroupName%7D%2Fproviders%2FMicrosoft.Network%2FnetworkWatchers%2F%7BnetworkWatcherName%7D%2FqueryFlowLogStatus/post/request/parameter/networkWatcherName/scalar/schema"
  },
  "id": "file:///Users/abettati/sandbox/azure-rest-api-specs/specification/network/resource-manager/Microsoft.Network/stable/2017-06-01/networkWatcher.json#/web-api/end-points/%2Fsubscriptions%2F%7BsubscriptionId%7D%2FresourceGroups%2F%7BresourceGroupName%7D%2Fproviders%2FMicrosoft.Network%2FnetworkWatchers%2F%7BnetworkWatcherName%7D%2FqueryFlowLogStatus/post/request/parameter/networkWatcherName"
}, {
  "http://a.ml/vocabularies/apiContract#binding": "path",
  "http://a.ml/vocabularies/apiContract#paramName": "resourceGroupName",
  "http://a.ml/vocabularies/apiContract#required": "true",
  "http://a.ml/vocabularies/core#description": "The name of the network watcher resource group.",
  "http://a.ml/vocabularies/core#name": "resourceGroupName",
  "http://a.ml/vocabularies/shapes#schema": {
    "http://a.ml/vocabularies/core#description": "The name of the network watcher resource group.",
    "http://www.w3.org/ns/shacl#datatype": "http://www.w3.org/2001/XMLSchema#string",
    "http://www.w3.org/ns/shacl#name": "schema",
    "id": "file:///Users/abettati/sandbox/azure-rest-api-specs/specification/network/resource-manager/Microsoft.Network/stable/2017-06-01/networkWatcher.json#/web-api/end-points/%2Fsubscriptions%2F%7BsubscriptionId%7D%2FresourceGroups%2F%7BresourceGroupName%7D%2Fproviders%2FMicrosoft.Network%2FnetworkWatchers%2F%7BnetworkWatcherName%7D%2FconnectivityCheck/post/request/parameter/resourceGroupName/scalar/schema"
  },
  "id": "file:///Users/abettati/sandbox/azure-rest-api-specs/specification/network/resource-manager/Microsoft.Network/stable/2017-06-01/networkWatcher.json#/web-api/end-points/%2Fsubscriptions%2F%7BsubscriptionId%7D%2FresourceGroups%2F%7BresourceGroupName%7D%2Fproviders%2FMicrosoft.Network%2FnetworkWatchers%2F%7BnetworkWatcherName%7D%2FconnectivityCheck/post/request/parameter/resourceGroupName"
}, {
  "http://a.ml/vocabularies/apiContract#binding": "path",
  "http://a.ml/vocabularies/apiContract#paramName": "networkWatcherName",
  "http://a.ml/vocabularies/apiContract#required": "true",
  "http://a.ml/vocabularies/core#description": "The name of the network watcher resource.",
  "http://a.ml/vocabularies/core#name": "networkWatcherName",
  "http://a.ml/vocabularies/shapes#schema": {
    "http://a.ml/vocabularies/core#description": "The name of the network watcher resource.",
    "http://www.w3.org/ns/shacl#datatype": "http://www.w3.org/2001/XMLSchema#string",
    "http://www.w3.org/ns/shacl#name": "schema",
    "id": "file:///Users/abettati/sandbox/azure-rest-api-specs/specification/network/resource-manager/Microsoft.Network/stable/2017-06-01/networkWatcher.json#/web-api/end-points/%2Fsubscriptions%2F%7BsubscriptionId%7D%2FresourceGroups%2F%7BresourceGroupName%7D%2Fproviders%2FMicrosoft.Network%2FnetworkWatchers%2F%7BnetworkWatcherName%7D%2FconnectivityCheck/post/request/parameter/networkWatcherName/scalar/schema"
  },
  "id": "file:///Users/abettati/sandbox/azure-rest-api-specs/specification/network/resource-manager/Microsoft.Network/stable/2017-06-01/networkWatcher.json#/web-api/end-points/%2Fsubscriptions%2F%7BsubscriptionId%7D%2FresourceGroups%2F%7BresourceGroupName%7D%2Fproviders%2FMicrosoft.Network%2FnetworkWatchers%2F%7BnetworkWatcherName%7D%2FconnectivityCheck/post/request/parameter/networkWatcherName"
}]