[{
  "http://a.ml/vocabularies/apiContract#binding": "path",
  "http://a.ml/vocabularies/apiContract#paramName": "databaseName",
  "http://a.ml/vocabularies/apiContract#required": "true",
  "http://a.ml/vocabularies/core#description": "The name of the database.",
  "http://a.ml/vocabularies/core#name": "DatabaseNameParameter",
  "http://a.ml/vocabularies/document#customDomainProperties": [{
    "http://a.ml/vocabularies/core#extensionName": "ms-parameter-location",
    "http://a.ml/vocabularies/document#definedBy": {
      "http://a.ml/vocabularies/core#name": null,
      "id": "file:///Users/abettati/sandbox/azure-rest-api-specs/specification/sql/resource-manager/Microsoft.Sql/preview/2017-03-01-preview/longTermRetention.json#/declarations/parameters/parameter/DatabaseNameParameter/ms-parameter-location"
    },
    "http://a.ml/vocabularies/document#extension": {
      "http://a.ml/vocabularies/core#name": null,
      "http://a.ml/vocabularies/data#value": null,
      "http://www.w3.org/ns/shacl#datatype": null,
      "id": "file:///Users/abettati/sandbox/azure-rest-api-specs/specification/sql/resource-manager/Microsoft.Sql/preview/2017-03-01-preview/longTermRetention.json#/declarations/parameters/parameter/DatabaseNameParameter/ms-parameter-location/scalar_1"
    },
    "id": "file:///Users/abettati/sandbox/azure-rest-api-specs/specification/sql/resource-manager/Microsoft.Sql/preview/2017-03-01-preview/longTermRetention.json#/declarations/parameters/parameter/DatabaseNameParameter/extension/ms-parameter-location"
  }],
  "http://a.ml/vocabularies/shapes#schema": {
    "http://a.ml/vocabularies/core#description": "The name of the database.",
    "http://a.ml/vocabularies/document#customDomainProperties": [{
      "http://a.ml/vocabularies/core#extensionName": null,
      "http://a.ml/vocabularies/document#definedBy": null,
      "http://a.ml/vocabularies/document#extension": null,
      "id": "file:///Users/abettati/sandbox/azure-rest-api-specs/specification/sql/resource-manager/Microsoft.Sql/preview/2017-03-01-preview/longTermRetention.json#/declarations/parameters/parameter/DatabaseNameParameter/scalar/schema/extension/ms-parameter-location"
    }],
    "http://www.w3.org/ns/shacl#datatype": "http://www.w3.org/2001/XMLSchema#string",
    "http://www.w3.org/ns/shacl#name": "schema",
    "id": "file:///Users/abettati/sandbox/azure-rest-api-specs/specification/sql/resource-manager/Microsoft.Sql/preview/2017-03-01-preview/longTermRetention.json#/declarations/parameters/parameter/DatabaseNameParameter/scalar/schema"
  },
  "id": "file:///Users/abettati/sandbox/azure-rest-api-specs/specification/sql/resource-manager/Microsoft.Sql/preview/2017-03-01-preview/longTermRetention.json#/declarations/parameters/parameter/DatabaseNameParameter"
}, {
  "http://a.ml/vocabularies/apiContract#binding": "path",
  "http://a.ml/vocabularies/apiContract#paramName": "resourceGroupName",
  "http://a.ml/vocabularies/apiContract#required": "true",
  "http://a.ml/vocabularies/core#description": "The name of the resource group that contains the resource. You can obtain this value from the Azure Resource Manager API or the portal.",
  "http://a.ml/vocabularies/core#name": "ResourceGroupParameter",
  "http://a.ml/vocabularies/document#customDomainProperties": [{
    "http://a.ml/vocabularies/core#extensionName": "ms-parameter-location",
    "http://a.ml/vocabularies/document#definedBy": {
      "http://a.ml/vocabularies/core#name": null,
      "id": "file:///Users/abettati/sandbox/azure-rest-api-specs/specification/sql/resource-manager/Microsoft.Sql/preview/2017-03-01-preview/longTermRetention.json#/declarations/parameters/parameter/ResourceGroupParameter/ms-parameter-location"
    },
    "http://a.ml/vocabularies/document#extension": {
      "http://a.ml/vocabularies/core#name": null,
      "http://a.ml/vocabularies/data#value": null,
      "http://www.w3.org/ns/shacl#datatype": null,
      "id": "file:///Users/abettati/sandbox/azure-rest-api-specs/specification/sql/resource-manager/Microsoft.Sql/preview/2017-03-01-preview/longTermRetention.json#/declarations/parameters/parameter/ResourceGroupParameter/ms-parameter-location/scalar_1"
    },
    "id": "file:///Users/abettati/sandbox/azure-rest-api-specs/specification/sql/resource-manager/Microsoft.Sql/preview/2017-03-01-preview/longTermRetention.json#/declarations/parameters/parameter/ResourceGroupParameter/extension/ms-parameter-location"
  }],
  "http://a.ml/vocabularies/shapes#schema": {
    "http://a.ml/vocabularies/core#description": "The name of the resource group that contains the resource. You can obtain this value from the Azure Resource Manager API or the portal.",
    "http://a.ml/vocabularies/document#customDomainProperties": [{
      "http://a.ml/vocabularies/core#extensionName": null,
      "http://a.ml/vocabularies/document#definedBy": null,
      "http://a.ml/vocabularies/document#extension": null,
      "id": "file:///Users/abettati/sandbox/azure-rest-api-specs/specification/sql/resource-manager/Microsoft.Sql/preview/2017-03-01-preview/longTermRetention.json#/declarations/parameters/parameter/ResourceGroupParameter/scalar/schema/extension/ms-parameter-location"
    }],
    "http://www.w3.org/ns/shacl#datatype": "http://www.w3.org/2001/XMLSchema#string",
    "http://www.w3.org/ns/shacl#name": "schema",
    "id": "file:///Users/abettati/sandbox/azure-rest-api-specs/specification/sql/resource-manager/Microsoft.Sql/preview/2017-03-01-preview/longTermRetention.json#/declarations/parameters/parameter/ResourceGroupParameter/scalar/schema"
  },
  "id": "file:///Users/abettati/sandbox/azure-rest-api-specs/specification/sql/resource-manager/Microsoft.Sql/preview/2017-03-01-preview/longTermRetention.json#/declarations/parameters/parameter/ResourceGroupParameter"
}, {
  "http://a.ml/vocabularies/apiContract#binding": "path",
  "http://a.ml/vocabularies/apiContract#paramName": "serverName",
  "http://a.ml/vocabularies/apiContract#required": "true",
  "http://a.ml/vocabularies/core#description": "The name of the server.",
  "http://a.ml/vocabularies/core#name": "ServerNameParameter",
  "http://a.ml/vocabularies/document#customDomainProperties": [{
    "http://a.ml/vocabularies/core#extensionName": "ms-parameter-location",
    "http://a.ml/vocabularies/document#definedBy": {
      "http://a.ml/vocabularies/core#name": null,
      "id": "file:///Users/abettati/sandbox/azure-rest-api-specs/specification/sql/resource-manager/Microsoft.Sql/preview/2017-03-01-preview/longTermRetention.json#/declarations/parameters/parameter/ServerNameParameter/ms-parameter-location"
    },
    "http://a.ml/vocabularies/document#extension": {
      "http://a.ml/vocabularies/core#name": null,
      "http://a.ml/vocabularies/data#value": null,
      "http://www.w3.org/ns/shacl#datatype": null,
      "id": "file:///Users/abettati/sandbox/azure-rest-api-specs/specification/sql/resource-manager/Microsoft.Sql/preview/2017-03-01-preview/longTermRetention.json#/declarations/parameters/parameter/ServerNameParameter/ms-parameter-location/scalar_1"
    },
    "id": "file:///Users/abettati/sandbox/azure-rest-api-specs/specification/sql/resource-manager/Microsoft.Sql/preview/2017-03-01-preview/longTermRetention.json#/declarations/parameters/parameter/ServerNameParameter/extension/ms-parameter-location"
  }],
  "http://a.ml/vocabularies/shapes#schema": {
    "http://a.ml/vocabularies/core#description": "The name of the server.",
    "http://a.ml/vocabularies/document#customDomainProperties": [{
      "http://a.ml/vocabularies/core#extensionName": null,
      "http://a.ml/vocabularies/document#definedBy": null,
      "http://a.ml/vocabularies/document#extension": null,
      "id": "file:///Users/abettati/sandbox/azure-rest-api-specs/specification/sql/resource-manager/Microsoft.Sql/preview/2017-03-01-preview/longTermRetention.json#/declarations/parameters/parameter/ServerNameParameter/scalar/schema/extension/ms-parameter-location"
    }],
    "http://www.w3.org/ns/shacl#datatype": "http://www.w3.org/2001/XMLSchema#string",
    "http://www.w3.org/ns/shacl#name": "schema",
    "id": "file:///Users/abettati/sandbox/azure-rest-api-specs/specification/sql/resource-manager/Microsoft.Sql/preview/2017-03-01-preview/longTermRetention.json#/declarations/parameters/parameter/ServerNameParameter/scalar/schema"
  },
  "id": "file:///Users/abettati/sandbox/azure-rest-api-specs/specification/sql/resource-manager/Microsoft.Sql/preview/2017-03-01-preview/longTermRetention.json#/declarations/parameters/parameter/ServerNameParameter"
}, {
  "http://a.ml/vocabularies/apiContract#binding": "query",
  "http://a.ml/vocabularies/apiContract#paramName": "api-version",
  "http://a.ml/vocabularies/apiContract#required": "true",
  "http://a.ml/vocabularies/core#description": "The API version to use for the request.",
  "http://a.ml/vocabularies/core#name": "ApiVersionParameter",
  "http://a.ml/vocabularies/document#customDomainProperties": [{
    "http://a.ml/vocabularies/core#extensionName": "ms-parameter-location",
    "http://a.ml/vocabularies/document#definedBy": {
      "http://a.ml/vocabularies/core#name": null,
      "id": "file:///Users/abettati/sandbox/azure-rest-api-specs/specification/sql/resource-manager/Microsoft.Sql/preview/2017-03-01-preview/longTermRetention.json#/declarations/parameters/parameter/ApiVersionParameter/ms-parameter-location"
    },
    "http://a.ml/vocabularies/document#extension": {
      "http://a.ml/vocabularies/core#name": null,
      "http://a.ml/vocabularies/data#value": null,
      "http://www.w3.org/ns/shacl#datatype": null,
      "id": "file:///Users/abettati/sandbox/azure-rest-api-specs/specification/sql/resource-manager/Microsoft.Sql/preview/2017-03-01-preview/longTermRetention.json#/declarations/parameters/parameter/ApiVersionParameter/ms-parameter-location/scalar_1"
    },
    "id": "file:///Users/abettati/sandbox/azure-rest-api-specs/specification/sql/resource-manager/Microsoft.Sql/preview/2017-03-01-preview/longTermRetention.json#/declarations/parameters/parameter/ApiVersionParameter/extension/ms-parameter-location"
  }],
  "http://a.ml/vocabularies/shapes#schema": {
    "http://a.ml/vocabularies/core#description": "The API version to use for the request.",
    "http://a.ml/vocabularies/document#customDomainProperties": [{
      "http://a.ml/vocabularies/core#extensionName": null,
      "http://a.ml/vocabularies/document#definedBy": null,
      "http://a.ml/vocabularies/document#extension": null,
      "id": "file:///Users/abettati/sandbox/azure-rest-api-specs/specification/sql/resource-manager/Microsoft.Sql/preview/2017-03-01-preview/longTermRetention.json#/declarations/parameters/parameter/ApiVersionParameter/scalar/schema/extension/ms-parameter-location"
    }],
    "http://www.w3.org/ns/shacl#datatype": "http://www.w3.org/2001/XMLSchema#string",
    "http://www.w3.org/ns/shacl#name": "schema",
    "id": "file:///Users/abettati/sandbox/azure-rest-api-specs/specification/sql/resource-manager/Microsoft.Sql/preview/2017-03-01-preview/longTermRetention.json#/declarations/parameters/parameter/ApiVersionParameter/scalar/schema"
  },
  "id": "file:///Users/abettati/sandbox/azure-rest-api-specs/specification/sql/resource-manager/Microsoft.Sql/preview/2017-03-01-preview/longTermRetention.json#/declarations/parameters/parameter/ApiVersionParameter"
}, {
  "http://a.ml/vocabularies/apiContract#binding": "path",
  "http://a.ml/vocabularies/apiContract#paramName": "sqlVirtualMachineContainerName",
  "http://a.ml/vocabularies/apiContract#required": "true",
  "http://a.ml/vocabularies/core#description": "The name of the SqlVirtualMachineContainer.",
  "http://a.ml/vocabularies/core#name": "SqlVirtualMachineContainerNameParameter",
  "http://a.ml/vocabularies/document#customDomainProperties": [{
    "http://a.ml/vocabularies/core#extensionName": "ms-parameter-location",
    "http://a.ml/vocabularies/document#definedBy": {
      "http://a.ml/vocabularies/core#name": null,
      "id": "file:///Users/abettati/sandbox/azure-rest-api-specs/specification/sql/resource-manager/Microsoft.Sql/preview/2017-03-01-preview/longTermRetention.json#/declarations/parameters/parameter/SqlVirtualMachineContainerNameParameter/ms-parameter-location"
    },
    "http://a.ml/vocabularies/document#extension": {
      "http://a.ml/vocabularies/core#name": null,
      "http://a.ml/vocabularies/data#value": null,
      "http://www.w3.org/ns/shacl#datatype": null,
      "id": "file:///Users/abettati/sandbox/azure-rest-api-specs/specification/sql/resource-manager/Microsoft.Sql/preview/2017-03-01-preview/longTermRetention.json#/declarations/parameters/parameter/SqlVirtualMachineContainerNameParameter/ms-parameter-location/scalar_1"
    },
    "id": "file:///Users/abettati/sandbox/azure-rest-api-specs/specification/sql/resource-manager/Microsoft.Sql/preview/2017-03-01-preview/longTermRetention.json#/declarations/parameters/parameter/SqlVirtualMachineContainerNameParameter/extension/ms-parameter-location"
  }],
  "http://a.ml/vocabularies/shapes#schema": {
    "http://a.ml/vocabularies/core#description": "The name of the SqlVirtualMachineContainer.",
    "http://a.ml/vocabularies/document#customDomainProperties": [{
      "http://a.ml/vocabularies/core#extensionName": null,
      "http://a.ml/vocabularies/document#definedBy": null,
      "http://a.ml/vocabularies/document#extension": null,
      "id": "file:///Users/abettati/sandbox/azure-rest-api-specs/specification/sql/resource-manager/Microsoft.Sql/preview/2017-03-01-preview/longTermRetention.json#/declarations/parameters/parameter/SqlVirtualMachineContainerNameParameter/scalar/schema/extension/ms-parameter-location"
    }],
    "http://www.w3.org/ns/shacl#datatype": "http://www.w3.org/2001/XMLSchema#string",
    "http://www.w3.org/ns/shacl#name": "schema",
    "id": "file:///Users/abettati/sandbox/azure-rest-api-specs/specification/sql/resource-manager/Microsoft.Sql/preview/2017-03-01-preview/longTermRetention.json#/declarations/parameters/parameter/SqlVirtualMachineContainerNameParameter/scalar/schema"
  },
  "id": "file:///Users/abettati/sandbox/azure-rest-api-specs/specification/sql/resource-manager/Microsoft.Sql/preview/2017-03-01-preview/longTermRetention.json#/declarations/parameters/parameter/SqlVirtualMachineContainerNameParameter"
}, {
  "http://a.ml/vocabularies/apiContract#binding": "path",
  "http://a.ml/vocabularies/apiContract#paramName": "managedInstanceName",
  "http://a.ml/vocabularies/apiContract#required": "true",
  "http://a.ml/vocabularies/core#description": "The name of the managed instance.",
  "http://a.ml/vocabularies/core#name": "ManagedInstanceNameParameter",
  "http://a.ml/vocabularies/document#customDomainProperties": [{
    "http://a.ml/vocabularies/core#extensionName": "ms-parameter-location",
    "http://a.ml/vocabularies/document#definedBy": {
      "http://a.ml/vocabularies/core#name": null,
      "id": "file:///Users/abettati/sandbox/azure-rest-api-specs/specification/sql/resource-manager/Microsoft.Sql/preview/2017-03-01-preview/longTermRetention.json#/declarations/parameters/parameter/ManagedInstanceNameParameter/ms-parameter-location"
    },
    "http://a.ml/vocabularies/document#extension": {
      "http://a.ml/vocabularies/core#name": null,
      "http://a.ml/vocabularies/data#value": null,
      "http://www.w3.org/ns/shacl#datatype": null,
      "id": "file:///Users/abettati/sandbox/azure-rest-api-specs/specification/sql/resource-manager/Microsoft.Sql/preview/2017-03-01-preview/longTermRetention.json#/declarations/parameters/parameter/ManagedInstanceNameParameter/ms-parameter-location/scalar_1"
    },
    "id": "file:///Users/abettati/sandbox/azure-rest-api-specs/specification/sql/resource-manager/Microsoft.Sql/preview/2017-03-01-preview/longTermRetention.json#/declarations/parameters/parameter/ManagedInstanceNameParameter/extension/ms-parameter-location"
  }],
  "http://a.ml/vocabularies/shapes#schema": {
    "http://a.ml/vocabularies/core#description": "The name of the managed instance.",
    "http://a.ml/vocabularies/document#customDomainProperties": [{
      "http://a.ml/vocabularies/core#extensionName": null,
      "http://a.ml/vocabularies/document#definedBy": null,
      "http://a.ml/vocabularies/document#extension": null,
      "id": "file:///Users/abettati/sandbox/azure-rest-api-specs/specification/sql/resource-manager/Microsoft.Sql/preview/2017-03-01-preview/longTermRetention.json#/declarations/parameters/parameter/ManagedInstanceNameParameter/scalar/schema/extension/ms-parameter-location"
    }],
    "http://www.w3.org/ns/shacl#datatype": "http://www.w3.org/2001/XMLSchema#string",
    "http://www.w3.org/ns/shacl#name": "schema",
    "id": "file:///Users/abettati/sandbox/azure-rest-api-specs/specification/sql/resource-manager/Microsoft.Sql/preview/2017-03-01-preview/longTermRetention.json#/declarations/parameters/parameter/ManagedInstanceNameParameter/scalar/schema"
  },
  "id": "file:///Users/abettati/sandbox/azure-rest-api-specs/specification/sql/resource-manager/Microsoft.Sql/preview/2017-03-01-preview/longTermRetention.json#/declarations/parameters/parameter/ManagedInstanceNameParameter"
}, {
  "http://a.ml/vocabularies/apiContract#binding": "path",
  "http://a.ml/vocabularies/apiContract#paramName": "subscriptionId",
  "http://a.ml/vocabularies/apiContract#required": "true",
  "http://a.ml/vocabularies/core#description": "The subscription ID that identifies an Azure subscription.",
  "http://a.ml/vocabularies/core#name": "SubscriptionIdParameter",
  "http://a.ml/vocabularies/document#customDomainProperties": [{
    "http://a.ml/vocabularies/core#extensionName": "ms-parameter-location",
    "http://a.ml/vocabularies/document#definedBy": {
      "http://a.ml/vocabularies/core#name": null,
      "id": "file:///Users/abettati/sandbox/azure-rest-api-specs/specification/sql/resource-manager/Microsoft.Sql/preview/2017-03-01-preview/longTermRetention.json#/declarations/parameters/parameter/SubscriptionIdParameter/ms-parameter-location"
    },
    "http://a.ml/vocabularies/document#extension": {
      "http://a.ml/vocabularies/core#name": null,
      "http://a.ml/vocabularies/data#value": null,
      "http://www.w3.org/ns/shacl#datatype": null,
      "id": "file:///Users/abettati/sandbox/azure-rest-api-specs/specification/sql/resource-manager/Microsoft.Sql/preview/2017-03-01-preview/longTermRetention.json#/declarations/parameters/parameter/SubscriptionIdParameter/ms-parameter-location/scalar_1"
    },
    "id": "file:///Users/abettati/sandbox/azure-rest-api-specs/specification/sql/resource-manager/Microsoft.Sql/preview/2017-03-01-preview/longTermRetention.json#/declarations/parameters/parameter/SubscriptionIdParameter/extension/ms-parameter-location"
  }],
  "http://a.ml/vocabularies/shapes#schema": {
    "http://a.ml/vocabularies/core#description": "The subscription ID that identifies an Azure subscription.",
    "http://a.ml/vocabularies/document#customDomainProperties": [{
      "http://a.ml/vocabularies/core#extensionName": null,
      "http://a.ml/vocabularies/document#definedBy": null,
      "http://a.ml/vocabularies/document#extension": null,
      "id": "file:///Users/abettati/sandbox/azure-rest-api-specs/specification/sql/resource-manager/Microsoft.Sql/preview/2017-03-01-preview/longTermRetention.json#/declarations/parameters/parameter/SubscriptionIdParameter/scalar/schema/extension/ms-parameter-location"
    }],
    "http://www.w3.org/ns/shacl#datatype": "http://www.w3.org/2001/XMLSchema#string",
    "http://www.w3.org/ns/shacl#name": "schema",
    "id": "file:///Users/abettati/sandbox/azure-rest-api-specs/specification/sql/resource-manager/Microsoft.Sql/preview/2017-03-01-preview/longTermRetention.json#/declarations/parameters/parameter/SubscriptionIdParameter/scalar/schema"
  },
  "id": "file:///Users/abettati/sandbox/azure-rest-api-specs/specification/sql/resource-manager/Microsoft.Sql/preview/2017-03-01-preview/longTermRetention.json#/declarations/parameters/parameter/SubscriptionIdParameter"
}, {
  "http://a.ml/vocabularies/apiContract#binding": "path",
  "http://a.ml/vocabularies/apiContract#paramName": "virtualClusterName",
  "http://a.ml/vocabularies/apiContract#required": "true",
  "http://a.ml/vocabularies/core#description": "The name of the virtual cluster.",
  "http://a.ml/vocabularies/core#name": "VirtualClusterNameParameter",
  "http://a.ml/vocabularies/document#customDomainProperties": [{
    "http://a.ml/vocabularies/core#extensionName": "ms-parameter-location",
    "http://a.ml/vocabularies/document#definedBy": {
      "http://a.ml/vocabularies/core#name": null,
      "id": "file:///Users/abettati/sandbox/azure-rest-api-specs/specification/sql/resource-manager/Microsoft.Sql/preview/2017-03-01-preview/longTermRetention.json#/declarations/parameters/parameter/VirtualClusterNameParameter/ms-parameter-location"
    },
    "http://a.ml/vocabularies/document#extension": {
      "http://a.ml/vocabularies/core#name": null,
      "http://a.ml/vocabularies/data#value": null,
      "http://www.w3.org/ns/shacl#datatype": null,
      "id": "file:///Users/abettati/sandbox/azure-rest-api-specs/specification/sql/resource-manager/Microsoft.Sql/preview/2017-03-01-preview/longTermRetention.json#/declarations/parameters/parameter/VirtualClusterNameParameter/ms-parameter-location/scalar_1"
    },
    "id": "file:///Users/abettati/sandbox/azure-rest-api-specs/specification/sql/resource-manager/Microsoft.Sql/preview/2017-03-01-preview/longTermRetention.json#/declarations/parameters/parameter/VirtualClusterNameParameter/extension/ms-parameter-location"
  }],
  "http://a.ml/vocabularies/shapes#schema": {
    "http://a.ml/vocabularies/core#description": "The name of the virtual cluster.",
    "http://a.ml/vocabularies/document#customDomainProperties": [{
      "http://a.ml/vocabularies/core#extensionName": null,
      "http://a.ml/vocabularies/document#definedBy": null,
      "http://a.ml/vocabularies/document#extension": null,
      "id": "file:///Users/abettati/sandbox/azure-rest-api-specs/specification/sql/resource-manager/Microsoft.Sql/preview/2017-03-01-preview/longTermRetention.json#/declarations/parameters/parameter/VirtualClusterNameParameter/scalar/schema/extension/ms-parameter-location"
    }],
    "http://www.w3.org/ns/shacl#datatype": "http://www.w3.org/2001/XMLSchema#string",
    "http://www.w3.org/ns/shacl#name": "schema",
    "id": "file:///Users/abettati/sandbox/azure-rest-api-specs/specification/sql/resource-manager/Microsoft.Sql/preview/2017-03-01-preview/longTermRetention.json#/declarations/parameters/parameter/VirtualClusterNameParameter/scalar/schema"
  },
  "id": "file:///Users/abettati/sandbox/azure-rest-api-specs/specification/sql/resource-manager/Microsoft.Sql/preview/2017-03-01-preview/longTermRetention.json#/declarations/parameters/parameter/VirtualClusterNameParameter"
}, {
  "http://a.ml/vocabularies/apiContract#binding": "query",
  "http://a.ml/vocabularies/apiContract#paramName": "databaseState",
  "http://a.ml/vocabularies/apiContract#required": "false",
  "http://a.ml/vocabularies/core#description": "Whether to query against just live databases, just deleted databases, or all databases.",
  "http://a.ml/vocabularies/core#name": "LongTermRetentionDatabaseStateParameter",
  "http://a.ml/vocabularies/document#customDomainProperties": [{
    "http://a.ml/vocabularies/core#extensionName": "ms-enum",
    "http://a.ml/vocabularies/document#definedBy": {
      "http://a.ml/vocabularies/core#name": null,
      "id": "file:///Users/abettati/sandbox/azure-rest-api-specs/specification/sql/resource-manager/Microsoft.Sql/preview/2017-03-01-preview/longTermRetention.json#/declarations/parameters/parameter/LongTermRetentionDatabaseStateParameter/ms-enum"
    },
    "http://a.ml/vocabularies/document#extension": {
      "http://a.ml/vocabularies/core#name": null,
      "http://a.ml/vocabularies/data#modelAsString": null,
      "http://a.ml/vocabularies/data#name": null,
      "id": "file:///Users/abettati/sandbox/azure-rest-api-specs/specification/sql/resource-manager/Microsoft.Sql/preview/2017-03-01-preview/longTermRetention.json#/declarations/parameters/parameter/LongTermRetentionDatabaseStateParameter/ms-enum/object_1"
    },
    "id": "file:///Users/abettati/sandbox/azure-rest-api-specs/specification/sql/resource-manager/Microsoft.Sql/preview/2017-03-01-preview/longTermRetention.json#/declarations/parameters/parameter/LongTermRetentionDatabaseStateParameter/extension/ms-enum"
  }, {
    "http://a.ml/vocabularies/core#extensionName": "ms-parameter-location",
    "http://a.ml/vocabularies/document#definedBy": {
      "http://a.ml/vocabularies/core#name": null,
      "id": "file:///Users/abettati/sandbox/azure-rest-api-specs/specification/sql/resource-manager/Microsoft.Sql/preview/2017-03-01-preview/longTermRetention.json#/declarations/parameters/parameter/LongTermRetentionDatabaseStateParameter/ms-parameter-location"
    },
    "http://a.ml/vocabularies/document#extension": {
      "http://a.ml/vocabularies/core#name": null,
      "http://a.ml/vocabularies/data#value": null,
      "http://www.w3.org/ns/shacl#datatype": null,
      "id": "file:///Users/abettati/sandbox/azure-rest-api-specs/specification/sql/resource-manager/Microsoft.Sql/preview/2017-03-01-preview/longTermRetention.json#/declarations/parameters/parameter/LongTermRetentionDatabaseStateParameter/ms-parameter-location/scalar_1"
    },
    "id": "file:///Users/abettati/sandbox/azure-rest-api-specs/specification/sql/resource-manager/Microsoft.Sql/preview/2017-03-01-preview/longTermRetention.json#/declarations/parameters/parameter/LongTermRetentionDatabaseStateParameter/extension/ms-parameter-location"
  }],
  "http://a.ml/vocabularies/shapes#schema": {
    "http://a.ml/vocabularies/core#description": "Whether to query against just live databases, just deleted databases, or all databases.",
    "http://a.ml/vocabularies/document#customDomainProperties": [{
      "http://a.ml/vocabularies/core#extensionName": null,
      "http://a.ml/vocabularies/document#definedBy": null,
      "http://a.ml/vocabularies/document#extension": null,
      "id": "file:///Users/abettati/sandbox/azure-rest-api-specs/specification/sql/resource-manager/Microsoft.Sql/preview/2017-03-01-preview/longTermRetention.json#/declarations/parameters/parameter/LongTermRetentionDatabaseStateParameter/scalar/schema/extension/ms-enum"
    }, {
      "http://a.ml/vocabularies/core#extensionName": null,
      "http://a.ml/vocabularies/document#definedBy": null,
      "http://a.ml/vocabularies/document#extension": null,
      "id": "file:///Users/abettati/sandbox/azure-rest-api-specs/specification/sql/resource-manager/Microsoft.Sql/preview/2017-03-01-preview/longTermRetention.json#/declarations/parameters/parameter/LongTermRetentionDatabaseStateParameter/scalar/schema/extension/ms-parameter-location"
    }],
    "http://www.w3.org/ns/shacl#datatype": "http://www.w3.org/2001/XMLSchema#string",
    "http://www.w3.org/ns/shacl#in": [{
      "http://a.ml/vocabularies/core#name": null,
      "http://a.ml/vocabularies/data#value": null,
      "http://www.w3.org/ns/shacl#datatype": null,
      "id": "file:///Users/abettati/sandbox/azure-rest-api-specs/specification/sql/resource-manager/Microsoft.Sql/preview/2017-03-01-preview/longTermRetention.json#/declarations/parameters/parameter/LongTermRetentionDatabaseStateParameter/scalar/schema/enum/scalar_1"
    }, {
      "http://a.ml/vocabularies/core#name": null,
      "http://a.ml/vocabularies/data#value": null,
      "http://www.w3.org/ns/shacl#datatype": null,
      "id": "file:///Users/abettati/sandbox/azure-rest-api-specs/specification/sql/resource-manager/Microsoft.Sql/preview/2017-03-01-preview/longTermRetention.json#/declarations/parameters/parameter/LongTermRetentionDatabaseStateParameter/scalar/schema/enum/scalar_2"
    }, {
      "http://a.ml/vocabularies/core#name": null,
      "http://a.ml/vocabularies/data#value": null,
      "http://www.w3.org/ns/shacl#datatype": null,
      "id": "file:///Users/abettati/sandbox/azure-rest-api-specs/specification/sql/resource-manager/Microsoft.Sql/preview/2017-03-01-preview/longTermRetention.json#/declarations/parameters/parameter/LongTermRetentionDatabaseStateParameter/scalar/schema/enum/scalar_3"
    }],
    "http://www.w3.org/ns/shacl#name": "schema",
    "id": "file:///Users/abettati/sandbox/azure-rest-api-specs/specification/sql/resource-manager/Microsoft.Sql/preview/2017-03-01-preview/longTermRetention.json#/declarations/parameters/parameter/LongTermRetentionDatabaseStateParameter/scalar/schema"
  },
  "id": "file:///Users/abettati/sandbox/azure-rest-api-specs/specification/sql/resource-manager/Microsoft.Sql/preview/2017-03-01-preview/longTermRetention.json#/declarations/parameters/parameter/LongTermRetentionDatabaseStateParameter"
}, {
  "http://a.ml/vocabularies/apiContract#binding": "path",
  "http://a.ml/vocabularies/apiContract#paramName": "sqlVirtualMachineInstanceName",
  "http://a.ml/vocabularies/apiContract#required": "true",
  "http://a.ml/vocabularies/core#description": "The name of the SqlVirtualMachineInstance.",
  "http://a.ml/vocabularies/core#name": "SqlVirtualMachineInstanceNameParameter",
  "http://a.ml/vocabularies/document#customDomainProperties": [{
    "http://a.ml/vocabularies/core#extensionName": "ms-parameter-location",
    "http://a.ml/vocabularies/document#definedBy": {
      "http://a.ml/vocabularies/core#name": null,
      "id": "file:///Users/abettati/sandbox/azure-rest-api-specs/specification/sql/resource-manager/Microsoft.Sql/preview/2017-03-01-preview/longTermRetention.json#/declarations/parameters/parameter/SqlVirtualMachineInstanceNameParameter/ms-parameter-location"
    },
    "http://a.ml/vocabularies/document#extension": {
      "http://a.ml/vocabularies/core#name": null,
      "http://a.ml/vocabularies/data#value": null,
      "http://www.w3.org/ns/shacl#datatype": null,
      "id": "file:///Users/abettati/sandbox/azure-rest-api-specs/specification/sql/resource-manager/Microsoft.Sql/preview/2017-03-01-preview/longTermRetention.json#/declarations/parameters/parameter/SqlVirtualMachineInstanceNameParameter/ms-parameter-location/scalar_1"
    },
    "id": "file:///Users/abettati/sandbox/azure-rest-api-specs/specification/sql/resource-manager/Microsoft.Sql/preview/2017-03-01-preview/longTermRetention.json#/declarations/parameters/parameter/SqlVirtualMachineInstanceNameParameter/extension/ms-parameter-location"
  }],
  "http://a.ml/vocabularies/shapes#schema": {
    "http://a.ml/vocabularies/core#description": "The name of the SqlVirtualMachineInstance.",
    "http://a.ml/vocabularies/document#customDomainProperties": [{
      "http://a.ml/vocabularies/core#extensionName": null,
      "http://a.ml/vocabularies/document#definedBy": null,
      "http://a.ml/vocabularies/document#extension": null,
      "id": "file:///Users/abettati/sandbox/azure-rest-api-specs/specification/sql/resource-manager/Microsoft.Sql/preview/2017-03-01-preview/longTermRetention.json#/declarations/parameters/parameter/SqlVirtualMachineInstanceNameParameter/scalar/schema/extension/ms-parameter-location"
    }],
    "http://www.w3.org/ns/shacl#datatype": "http://www.w3.org/2001/XMLSchema#string",
    "http://www.w3.org/ns/shacl#name": "schema",
    "id": "file:///Users/abettati/sandbox/azure-rest-api-specs/specification/sql/resource-manager/Microsoft.Sql/preview/2017-03-01-preview/longTermRetention.json#/declarations/parameters/parameter/SqlVirtualMachineInstanceNameParameter/scalar/schema"
  },
  "id": "file:///Users/abettati/sandbox/azure-rest-api-specs/specification/sql/resource-manager/Microsoft.Sql/preview/2017-03-01-preview/longTermRetention.json#/declarations/parameters/parameter/SqlVirtualMachineInstanceNameParameter"
}, {
  "http://a.ml/vocabularies/apiContract#binding": "path",
  "http://a.ml/vocabularies/apiContract#paramName": "blobAuditingPolicyName",
  "http://a.ml/vocabularies/apiContract#required": "true",
  "http://a.ml/vocabularies/core#description": "The name of the blob auditing policy.",
  "http://a.ml/vocabularies/core#name": "BlobAuditingPolicyNameParameter",
  "http://a.ml/vocabularies/document#customDomainProperties": [{
    "http://a.ml/vocabularies/core#extensionName": "ms-parameter-location",
    "http://a.ml/vocabularies/document#definedBy": {
      "http://a.ml/vocabularies/core#name": null,
      "id": "file:///Users/abettati/sandbox/azure-rest-api-specs/specification/sql/resource-manager/Microsoft.Sql/preview/2017-03-01-preview/longTermRetention.json#/declarations/parameters/parameter/BlobAuditingPolicyNameParameter/ms-parameter-location"
    },
    "http://a.ml/vocabularies/document#extension": {
      "http://a.ml/vocabularies/core#name": null,
      "http://a.ml/vocabularies/data#value": null,
      "http://www.w3.org/ns/shacl#datatype": null,
      "id": "file:///Users/abettati/sandbox/azure-rest-api-specs/specification/sql/resource-manager/Microsoft.Sql/preview/2017-03-01-preview/longTermRetention.json#/declarations/parameters/parameter/BlobAuditingPolicyNameParameter/ms-parameter-location/scalar_1"
    },
    "id": "file:///Users/abettati/sandbox/azure-rest-api-specs/specification/sql/resource-manager/Microsoft.Sql/preview/2017-03-01-preview/longTermRetention.json#/declarations/parameters/parameter/BlobAuditingPolicyNameParameter/extension/ms-parameter-location"
  }],
  "http://a.ml/vocabularies/shapes#schema": {
    "http://a.ml/vocabularies/core#description": "The name of the blob auditing policy.",
    "http://a.ml/vocabularies/document#customDomainProperties": [{
      "http://a.ml/vocabularies/core#extensionName": null,
      "http://a.ml/vocabularies/document#definedBy": null,
      "http://a.ml/vocabularies/document#extension": null,
      "id": "file:///Users/abettati/sandbox/azure-rest-api-specs/specification/sql/resource-manager/Microsoft.Sql/preview/2017-03-01-preview/longTermRetention.json#/declarations/parameters/parameter/BlobAuditingPolicyNameParameter/scalar/schema/extension/ms-parameter-location"
    }],
    "http://www.w3.org/ns/shacl#datatype": "http://www.w3.org/2001/XMLSchema#string",
    "http://www.w3.org/ns/shacl#in": [{
      "http://a.ml/vocabularies/core#name": null,
      "http://a.ml/vocabularies/data#value": null,
      "http://www.w3.org/ns/shacl#datatype": null,
      "id": "file:///Users/abettati/sandbox/azure-rest-api-specs/specification/sql/resource-manager/Microsoft.Sql/preview/2017-03-01-preview/longTermRetention.json#/declarations/parameters/parameter/BlobAuditingPolicyNameParameter/scalar/schema/enum/scalar_1"
    }],
    "http://www.w3.org/ns/shacl#name": "schema",
    "id": "file:///Users/abettati/sandbox/azure-rest-api-specs/specification/sql/resource-manager/Microsoft.Sql/preview/2017-03-01-preview/longTermRetention.json#/declarations/parameters/parameter/BlobAuditingPolicyNameParameter/scalar/schema"
  },
  "id": "file:///Users/abettati/sandbox/azure-rest-api-specs/specification/sql/resource-manager/Microsoft.Sql/preview/2017-03-01-preview/longTermRetention.json#/declarations/parameters/parameter/BlobAuditingPolicyNameParameter"
}, {
  "http://a.ml/vocabularies/apiContract#binding": "path",
  "http://a.ml/vocabularies/apiContract#paramName": "backupName",
  "http://a.ml/vocabularies/apiContract#required": "true",
  "http://a.ml/vocabularies/core#description": "The backup name.",
  "http://a.ml/vocabularies/core#name": "backupName",
  "http://a.ml/vocabularies/shapes#schema": {
    "http://a.ml/vocabularies/core#description": "The backup name.",
    "http://www.w3.org/ns/shacl#datatype": "http://www.w3.org/2001/XMLSchema#string",
    "http://www.w3.org/ns/shacl#name": "schema",
    "id": "file:///Users/abettati/sandbox/azure-rest-api-specs/specification/sql/resource-manager/Microsoft.Sql/preview/2017-03-01-preview/longTermRetention.json#/web-api/end-points/%2Fsubscriptions%2F%7BsubscriptionId%7D%2FresourceGroups%2F%7BresourceGroupName%7D%2Fproviders%2FMicrosoft.Sql%2Flocations%2F%7BlocationName%7D%2FlongTermRetentionServers%2F%7BlongTermRetentionServerName%7D%2FlongTermRetentionDatabases%2F%7BlongTermRetentionDatabaseName%7D%2FlongTermRetentionBackups%2F%7BbackupName%7D/get/request/parameter/backupName/scalar/schema"
  },
  "id": "file:///Users/abettati/sandbox/azure-rest-api-specs/specification/sql/resource-manager/Microsoft.Sql/preview/2017-03-01-preview/longTermRetention.json#/web-api/end-points/%2Fsubscriptions%2F%7BsubscriptionId%7D%2FresourceGroups%2F%7BresourceGroupName%7D%2Fproviders%2FMicrosoft.Sql%2Flocations%2F%7BlocationName%7D%2FlongTermRetentionServers%2F%7BlongTermRetentionServerName%7D%2FlongTermRetentionDatabases%2F%7BlongTermRetentionDatabaseName%7D%2FlongTermRetentionBackups%2F%7BbackupName%7D/get/request/parameter/backupName"
}, {
  "http://a.ml/vocabularies/apiContract#binding": "path",
  "http://a.ml/vocabularies/apiContract#paramName": "longTermRetentionServerName",
  "http://a.ml/vocabularies/apiContract#required": "true",
  "http://a.ml/vocabularies/core#description": "The name of the server",
  "http://a.ml/vocabularies/core#name": "longTermRetentionServerName",
  "http://a.ml/vocabularies/shapes#schema": {
    "http://a.ml/vocabularies/core#description": "The name of the server",
    "http://www.w3.org/ns/shacl#datatype": "http://www.w3.org/2001/XMLSchema#string",
    "http://www.w3.org/ns/shacl#name": "schema",
    "id": "file:///Users/abettati/sandbox/azure-rest-api-specs/specification/sql/resource-manager/Microsoft.Sql/preview/2017-03-01-preview/longTermRetention.json#/web-api/end-points/%2Fsubscriptions%2F%7BsubscriptionId%7D%2FresourceGroups%2F%7BresourceGroupName%7D%2Fproviders%2FMicrosoft.Sql%2Flocations%2F%7BlocationName%7D%2FlongTermRetentionServers%2F%7BlongTermRetentionServerName%7D%2FlongTermRetentionDatabases%2F%7BlongTermRetentionDatabaseName%7D%2FlongTermRetentionBackups%2F%7BbackupName%7D/get/request/parameter/longTermRetentionServerName/scalar/schema"
  },
  "id": "file:///Users/abettati/sandbox/azure-rest-api-specs/specification/sql/resource-manager/Microsoft.Sql/preview/2017-03-01-preview/longTermRetention.json#/web-api/end-points/%2Fsubscriptions%2F%7BsubscriptionId%7D%2FresourceGroups%2F%7BresourceGroupName%7D%2Fproviders%2FMicrosoft.Sql%2Flocations%2F%7BlocationName%7D%2FlongTermRetentionServers%2F%7BlongTermRetentionServerName%7D%2FlongTermRetentionDatabases%2F%7BlongTermRetentionDatabaseName%7D%2FlongTermRetentionBackups%2F%7BbackupName%7D/get/request/parameter/longTermRetentionServerName"
}, {
  "http://a.ml/vocabularies/apiContract#binding": "path",
  "http://a.ml/vocabularies/apiContract#paramName": "longTermRetentionDatabaseName",
  "http://a.ml/vocabularies/apiContract#required": "true",
  "http://a.ml/vocabularies/core#description": "The name of the database",
  "http://a.ml/vocabularies/core#name": "longTermRetentionDatabaseName",
  "http://a.ml/vocabularies/shapes#schema": {
    "http://a.ml/vocabularies/core#description": "The name of the database",
    "http://www.w3.org/ns/shacl#datatype": "http://www.w3.org/2001/XMLSchema#string",
    "http://www.w3.org/ns/shacl#name": "schema",
    "id": "file:///Users/abettati/sandbox/azure-rest-api-specs/specification/sql/resource-manager/Microsoft.Sql/preview/2017-03-01-preview/longTermRetention.json#/web-api/end-points/%2Fsubscriptions%2F%7BsubscriptionId%7D%2FresourceGroups%2F%7BresourceGroupName%7D%2Fproviders%2FMicrosoft.Sql%2Flocations%2F%7BlocationName%7D%2FlongTermRetentionServers%2F%7BlongTermRetentionServerName%7D%2FlongTermRetentionDatabases%2F%7BlongTermRetentionDatabaseName%7D%2FlongTermRetentionBackups%2F%7BbackupName%7D/get/request/parameter/longTermRetentionDatabaseName/scalar/schema"
  },
  "id": "file:///Users/abettati/sandbox/azure-rest-api-specs/specification/sql/resource-manager/Microsoft.Sql/preview/2017-03-01-preview/longTermRetention.json#/web-api/end-points/%2Fsubscriptions%2F%7BsubscriptionId%7D%2FresourceGroups%2F%7BresourceGroupName%7D%2Fproviders%2FMicrosoft.Sql%2Flocations%2F%7BlocationName%7D%2FlongTermRetentionServers%2F%7BlongTermRetentionServerName%7D%2FlongTermRetentionDatabases%2F%7BlongTermRetentionDatabaseName%7D%2FlongTermRetentionBackups%2F%7BbackupName%7D/get/request/parameter/longTermRetentionDatabaseName"
}, {
  "http://a.ml/vocabularies/apiContract#binding": "path",
  "http://a.ml/vocabularies/apiContract#paramName": "locationName",
  "http://a.ml/vocabularies/apiContract#required": "true",
  "http://a.ml/vocabularies/core#description": "The location of the database.",
  "http://a.ml/vocabularies/core#name": "locationName",
  "http://a.ml/vocabularies/shapes#schema": {
    "http://a.ml/vocabularies/core#description": "The location of the database.",
    "http://www.w3.org/ns/shacl#datatype": "http://www.w3.org/2001/XMLSchema#string",
    "http://www.w3.org/ns/shacl#name": "schema",
    "id": "file:///Users/abettati/sandbox/azure-rest-api-specs/specification/sql/resource-manager/Microsoft.Sql/preview/2017-03-01-preview/longTermRetention.json#/web-api/end-points/%2Fsubscriptions%2F%7BsubscriptionId%7D%2FresourceGroups%2F%7BresourceGroupName%7D%2Fproviders%2FMicrosoft.Sql%2Flocations%2F%7BlocationName%7D%2FlongTermRetentionServers%2F%7BlongTermRetentionServerName%7D%2FlongTermRetentionDatabases%2F%7BlongTermRetentionDatabaseName%7D%2FlongTermRetentionBackups%2F%7BbackupName%7D/get/request/parameter/locationName/scalar/schema"
  },
  "id": "file:///Users/abettati/sandbox/azure-rest-api-specs/specification/sql/resource-manager/Microsoft.Sql/preview/2017-03-01-preview/longTermRetention.json#/web-api/end-points/%2Fsubscriptions%2F%7BsubscriptionId%7D%2FresourceGroups%2F%7BresourceGroupName%7D%2Fproviders%2FMicrosoft.Sql%2Flocations%2F%7BlocationName%7D%2FlongTermRetentionServers%2F%7BlongTermRetentionServerName%7D%2FlongTermRetentionDatabases%2F%7BlongTermRetentionDatabaseName%7D%2FlongTermRetentionBackups%2F%7BbackupName%7D/get/request/parameter/locationName"
}, {
  "http://a.ml/vocabularies/apiContract#binding": "path",
  "http://a.ml/vocabularies/apiContract#paramName": "backupName",
  "http://a.ml/vocabularies/apiContract#required": "true",
  "http://a.ml/vocabularies/core#description": "The backup name.",
  "http://a.ml/vocabularies/core#name": "backupName",
  "http://a.ml/vocabularies/shapes#schema": {
    "http://a.ml/vocabularies/core#description": "The backup name.",
    "http://www.w3.org/ns/shacl#datatype": "http://www.w3.org/2001/XMLSchema#string",
    "http://www.w3.org/ns/shacl#name": "schema",
    "id": "file:///Users/abettati/sandbox/azure-rest-api-specs/specification/sql/resource-manager/Microsoft.Sql/preview/2017-03-01-preview/longTermRetention.json#/web-api/end-points/%2Fsubscriptions%2F%7BsubscriptionId%7D%2FresourceGroups%2F%7BresourceGroupName%7D%2Fproviders%2FMicrosoft.Sql%2Flocations%2F%7BlocationName%7D%2FlongTermRetentionServers%2F%7BlongTermRetentionServerName%7D%2FlongTermRetentionDatabases%2F%7BlongTermRetentionDatabaseName%7D%2FlongTermRetentionBackups%2F%7BbackupName%7D/delete/request/parameter/backupName/scalar/schema"
  },
  "id": "file:///Users/abettati/sandbox/azure-rest-api-specs/specification/sql/resource-manager/Microsoft.Sql/preview/2017-03-01-preview/longTermRetention.json#/web-api/end-points/%2Fsubscriptions%2F%7BsubscriptionId%7D%2FresourceGroups%2F%7BresourceGroupName%7D%2Fproviders%2FMicrosoft.Sql%2Flocations%2F%7BlocationName%7D%2FlongTermRetentionServers%2F%7BlongTermRetentionServerName%7D%2FlongTermRetentionDatabases%2F%7BlongTermRetentionDatabaseName%7D%2FlongTermRetentionBackups%2F%7BbackupName%7D/delete/request/parameter/backupName"
}, {
  "http://a.ml/vocabularies/apiContract#binding": "path",
  "http://a.ml/vocabularies/apiContract#paramName": "longTermRetentionServerName",
  "http://a.ml/vocabularies/apiContract#required": "true",
  "http://a.ml/vocabularies/core#description": "The name of the server",
  "http://a.ml/vocabularies/core#name": "longTermRetentionServerName",
  "http://a.ml/vocabularies/shapes#schema": {
    "http://a.ml/vocabularies/core#description": "The name of the server",
    "http://www.w3.org/ns/shacl#datatype": "http://www.w3.org/2001/XMLSchema#string",
    "http://www.w3.org/ns/shacl#name": "schema",
    "id": "file:///Users/abettati/sandbox/azure-rest-api-specs/specification/sql/resource-manager/Microsoft.Sql/preview/2017-03-01-preview/longTermRetention.json#/web-api/end-points/%2Fsubscriptions%2F%7BsubscriptionId%7D%2FresourceGroups%2F%7BresourceGroupName%7D%2Fproviders%2FMicrosoft.Sql%2Flocations%2F%7BlocationName%7D%2FlongTermRetentionServers%2F%7BlongTermRetentionServerName%7D%2FlongTermRetentionDatabases%2F%7BlongTermRetentionDatabaseName%7D%2FlongTermRetentionBackups%2F%7BbackupName%7D/delete/request/parameter/longTermRetentionServerName/scalar/schema"
  },
  "id": "file:///Users/abettati/sandbox/azure-rest-api-specs/specification/sql/resource-manager/Microsoft.Sql/preview/2017-03-01-preview/longTermRetention.json#/web-api/end-points/%2Fsubscriptions%2F%7BsubscriptionId%7D%2FresourceGroups%2F%7BresourceGroupName%7D%2Fproviders%2FMicrosoft.Sql%2Flocations%2F%7BlocationName%7D%2FlongTermRetentionServers%2F%7BlongTermRetentionServerName%7D%2FlongTermRetentionDatabases%2F%7BlongTermRetentionDatabaseName%7D%2FlongTermRetentionBackups%2F%7BbackupName%7D/delete/request/parameter/longTermRetentionServerName"
}, {
  "http://a.ml/vocabularies/apiContract#binding": "path",
  "http://a.ml/vocabularies/apiContract#paramName": "longTermRetentionDatabaseName",
  "http://a.ml/vocabularies/apiContract#required": "true",
  "http://a.ml/vocabularies/core#description": "The name of the database",
  "http://a.ml/vocabularies/core#name": "longTermRetentionDatabaseName",
  "http://a.ml/vocabularies/shapes#schema": {
    "http://a.ml/vocabularies/core#description": "The name of the database",
    "http://www.w3.org/ns/shacl#datatype": "http://www.w3.org/2001/XMLSchema#string",
    "http://www.w3.org/ns/shacl#name": "schema",
    "id": "file:///Users/abettati/sandbox/azure-rest-api-specs/specification/sql/resource-manager/Microsoft.Sql/preview/2017-03-01-preview/longTermRetention.json#/web-api/end-points/%2Fsubscriptions%2F%7BsubscriptionId%7D%2FresourceGroups%2F%7BresourceGroupName%7D%2Fproviders%2FMicrosoft.Sql%2Flocations%2F%7BlocationName%7D%2FlongTermRetentionServers%2F%7BlongTermRetentionServerName%7D%2FlongTermRetentionDatabases%2F%7BlongTermRetentionDatabaseName%7D%2FlongTermRetentionBackups%2F%7BbackupName%7D/delete/request/parameter/longTermRetentionDatabaseName/scalar/schema"
  },
  "id": "file:///Users/abettati/sandbox/azure-rest-api-specs/specification/sql/resource-manager/Microsoft.Sql/preview/2017-03-01-preview/longTermRetention.json#/web-api/end-points/%2Fsubscriptions%2F%7BsubscriptionId%7D%2FresourceGroups%2F%7BresourceGroupName%7D%2Fproviders%2FMicrosoft.Sql%2Flocations%2F%7BlocationName%7D%2FlongTermRetentionServers%2F%7BlongTermRetentionServerName%7D%2FlongTermRetentionDatabases%2F%7BlongTermRetentionDatabaseName%7D%2FlongTermRetentionBackups%2F%7BbackupName%7D/delete/request/parameter/longTermRetentionDatabaseName"
}, {
  "http://a.ml/vocabularies/apiContract#binding": "path",
  "http://a.ml/vocabularies/apiContract#paramName": "locationName",
  "http://a.ml/vocabularies/apiContract#required": "true",
  "http://a.ml/vocabularies/core#description": "The location of the database",
  "http://a.ml/vocabularies/core#name": "locationName",
  "http://a.ml/vocabularies/shapes#schema": {
    "http://a.ml/vocabularies/core#description": "The location of the database",
    "http://www.w3.org/ns/shacl#datatype": "http://www.w3.org/2001/XMLSchema#string",
    "http://www.w3.org/ns/shacl#name": "schema",
    "id": "file:///Users/abettati/sandbox/azure-rest-api-specs/specification/sql/resource-manager/Microsoft.Sql/preview/2017-03-01-preview/longTermRetention.json#/web-api/end-points/%2Fsubscriptions%2F%7BsubscriptionId%7D%2FresourceGroups%2F%7BresourceGroupName%7D%2Fproviders%2FMicrosoft.Sql%2Flocations%2F%7BlocationName%7D%2FlongTermRetentionServers%2F%7BlongTermRetentionServerName%7D%2FlongTermRetentionDatabases%2F%7BlongTermRetentionDatabaseName%7D%2FlongTermRetentionBackups%2F%7BbackupName%7D/delete/request/parameter/locationName/scalar/schema"
  },
  "id": "file:///Users/abettati/sandbox/azure-rest-api-specs/specification/sql/resource-manager/Microsoft.Sql/preview/2017-03-01-preview/longTermRetention.json#/web-api/end-points/%2Fsubscriptions%2F%7BsubscriptionId%7D%2FresourceGroups%2F%7BresourceGroupName%7D%2Fproviders%2FMicrosoft.Sql%2Flocations%2F%7BlocationName%7D%2FlongTermRetentionServers%2F%7BlongTermRetentionServerName%7D%2FlongTermRetentionDatabases%2F%7BlongTermRetentionDatabaseName%7D%2FlongTermRetentionBackups%2F%7BbackupName%7D/delete/request/parameter/locationName"
}, {
  "http://a.ml/vocabularies/apiContract#binding": "query",
  "http://a.ml/vocabularies/apiContract#paramName": "onlyLatestPerDatabase",
  "http://a.ml/vocabularies/apiContract#required": "false",
  "http://a.ml/vocabularies/core#description": "Whether or not to only get the latest backup for each database.",
  "http://a.ml/vocabularies/core#name": "onlyLatestPerDatabase",
  "http://a.ml/vocabularies/shapes#schema": {
    "http://a.ml/vocabularies/core#description": "Whether or not to only get the latest backup for each database.",
    "http://www.w3.org/ns/shacl#datatype": "http://www.w3.org/2001/XMLSchema#boolean",
    "http://www.w3.org/ns/shacl#name": "schema",
    "id": "file:///Users/abettati/sandbox/azure-rest-api-specs/specification/sql/resource-manager/Microsoft.Sql/preview/2017-03-01-preview/longTermRetention.json#/web-api/end-points/%2Fsubscriptions%2F%7BsubscriptionId%7D%2FresourceGroups%2F%7BresourceGroupName%7D%2Fproviders%2FMicrosoft.Sql%2Flocations%2F%7BlocationName%7D%2FlongTermRetentionServers%2F%7BlongTermRetentionServerName%7D%2FlongTermRetentionDatabases%2F%7BlongTermRetentionDatabaseName%7D%2FlongTermRetentionBackups/get/request/parameter/onlyLatestPerDatabase/scalar/schema"
  },
  "id": "file:///Users/abettati/sandbox/azure-rest-api-specs/specification/sql/resource-manager/Microsoft.Sql/preview/2017-03-01-preview/longTermRetention.json#/web-api/end-points/%2Fsubscriptions%2F%7BsubscriptionId%7D%2FresourceGroups%2F%7BresourceGroupName%7D%2Fproviders%2FMicrosoft.Sql%2Flocations%2F%7BlocationName%7D%2FlongTermRetentionServers%2F%7BlongTermRetentionServerName%7D%2FlongTermRetentionDatabases%2F%7BlongTermRetentionDatabaseName%7D%2FlongTermRetentionBackups/get/request/parameter/onlyLatestPerDatabase"
}, {
  "http://a.ml/vocabularies/apiContract#binding": "path",
  "http://a.ml/vocabularies/apiContract#paramName": "longTermRetentionServerName",
  "http://a.ml/vocabularies/apiContract#required": "true",
  "http://a.ml/vocabularies/core#description": "The name of the server",
  "http://a.ml/vocabularies/core#name": "longTermRetentionServerName",
  "http://a.ml/vocabularies/shapes#schema": {
    "http://a.ml/vocabularies/core#description": "The name of the server",
    "http://www.w3.org/ns/shacl#datatype": "http://www.w3.org/2001/XMLSchema#string",
    "http://www.w3.org/ns/shacl#name": "schema",
    "id": "file:///Users/abettati/sandbox/azure-rest-api-specs/specification/sql/resource-manager/Microsoft.Sql/preview/2017-03-01-preview/longTermRetention.json#/web-api/end-points/%2Fsubscriptions%2F%7BsubscriptionId%7D%2FresourceGroups%2F%7BresourceGroupName%7D%2Fproviders%2FMicrosoft.Sql%2Flocations%2F%7BlocationName%7D%2FlongTermRetentionServers%2F%7BlongTermRetentionServerName%7D%2FlongTermRetentionDatabases%2F%7BlongTermRetentionDatabaseName%7D%2FlongTermRetentionBackups/get/request/parameter/longTermRetentionServerName/scalar/schema"
  },
  "id": "file:///Users/abettati/sandbox/azure-rest-api-specs/specification/sql/resource-manager/Microsoft.Sql/preview/2017-03-01-preview/longTermRetention.json#/web-api/end-points/%2Fsubscriptions%2F%7BsubscriptionId%7D%2FresourceGroups%2F%7BresourceGroupName%7D%2Fproviders%2FMicrosoft.Sql%2Flocations%2F%7BlocationName%7D%2FlongTermRetentionServers%2F%7BlongTermRetentionServerName%7D%2FlongTermRetentionDatabases%2F%7BlongTermRetentionDatabaseName%7D%2FlongTermRetentionBackups/get/request/parameter/longTermRetentionServerName"
}, {
  "http://a.ml/vocabularies/apiContract#binding": "path",
  "http://a.ml/vocabularies/apiContract#paramName": "longTermRetentionDatabaseName",
  "http://a.ml/vocabularies/apiContract#required": "true",
  "http://a.ml/vocabularies/core#description": "The name of the database",
  "http://a.ml/vocabularies/core#name": "longTermRetentionDatabaseName",
  "http://a.ml/vocabularies/shapes#schema": {
    "http://a.ml/vocabularies/core#description": "The name of the database",
    "http://www.w3.org/ns/shacl#datatype": "http://www.w3.org/2001/XMLSchema#string",
    "http://www.w3.org/ns/shacl#name": "schema",
    "id": "file:///Users/abettati/sandbox/azure-rest-api-specs/specification/sql/resource-manager/Microsoft.Sql/preview/2017-03-01-preview/longTermRetention.json#/web-api/end-points/%2Fsubscriptions%2F%7BsubscriptionId%7D%2FresourceGroups%2F%7BresourceGroupName%7D%2Fproviders%2FMicrosoft.Sql%2Flocations%2F%7BlocationName%7D%2FlongTermRetentionServers%2F%7BlongTermRetentionServerName%7D%2FlongTermRetentionDatabases%2F%7BlongTermRetentionDatabaseName%7D%2FlongTermRetentionBackups/get/request/parameter/longTermRetentionDatabaseName/scalar/schema"
  },
  "id": "file:///Users/abettati/sandbox/azure-rest-api-specs/specification/sql/resource-manager/Microsoft.Sql/preview/2017-03-01-preview/longTermRetention.json#/web-api/end-points/%2Fsubscriptions%2F%7BsubscriptionId%7D%2FresourceGroups%2F%7BresourceGroupName%7D%2Fproviders%2FMicrosoft.Sql%2Flocations%2F%7BlocationName%7D%2FlongTermRetentionServers%2F%7BlongTermRetentionServerName%7D%2FlongTermRetentionDatabases%2F%7BlongTermRetentionDatabaseName%7D%2FlongTermRetentionBackups/get/request/parameter/longTermRetentionDatabaseName"
}, {
  "http://a.ml/vocabularies/apiContract#binding": "path",
  "http://a.ml/vocabularies/apiContract#paramName": "locationName",
  "http://a.ml/vocabularies/apiContract#required": "true",
  "http://a.ml/vocabularies/core#description": "The location of the database",
  "http://a.ml/vocabularies/core#name": "locationName",
  "http://a.ml/vocabularies/shapes#schema": {
    "http://a.ml/vocabularies/core#description": "The location of the database",
    "http://www.w3.org/ns/shacl#datatype": "http://www.w3.org/2001/XMLSchema#string",
    "http://www.w3.org/ns/shacl#name": "schema",
    "id": "file:///Users/abettati/sandbox/azure-rest-api-specs/specification/sql/resource-manager/Microsoft.Sql/preview/2017-03-01-preview/longTermRetention.json#/web-api/end-points/%2Fsubscriptions%2F%7BsubscriptionId%7D%2FresourceGroups%2F%7BresourceGroupName%7D%2Fproviders%2FMicrosoft.Sql%2Flocations%2F%7BlocationName%7D%2FlongTermRetentionServers%2F%7BlongTermRetentionServerName%7D%2FlongTermRetentionDatabases%2F%7BlongTermRetentionDatabaseName%7D%2FlongTermRetentionBackups/get/request/parameter/locationName/scalar/schema"
  },
  "id": "file:///Users/abettati/sandbox/azure-rest-api-specs/specification/sql/resource-manager/Microsoft.Sql/preview/2017-03-01-preview/longTermRetention.json#/web-api/end-points/%2Fsubscriptions%2F%7BsubscriptionId%7D%2FresourceGroups%2F%7BresourceGroupName%7D%2Fproviders%2FMicrosoft.Sql%2Flocations%2F%7BlocationName%7D%2FlongTermRetentionServers%2F%7BlongTermRetentionServerName%7D%2FlongTermRetentionDatabases%2F%7BlongTermRetentionDatabaseName%7D%2FlongTermRetentionBackups/get/request/parameter/locationName"
}, {
  "http://a.ml/vocabularies/apiContract#binding": "query",
  "http://a.ml/vocabularies/apiContract#paramName": "onlyLatestPerDatabase",
  "http://a.ml/vocabularies/apiContract#required": "false",
  "http://a.ml/vocabularies/core#description": "Whether or not to only get the latest backup for each database.",
  "http://a.ml/vocabularies/core#name": "onlyLatestPerDatabase",
  "http://a.ml/vocabularies/shapes#schema": {
    "http://a.ml/vocabularies/core#description": "Whether or not to only get the latest backup for each database.",
    "http://www.w3.org/ns/shacl#datatype": "http://www.w3.org/2001/XMLSchema#boolean",
    "http://www.w3.org/ns/shacl#name": "schema",
    "id": "file:///Users/abettati/sandbox/azure-rest-api-specs/specification/sql/resource-manager/Microsoft.Sql/preview/2017-03-01-preview/longTermRetention.json#/web-api/end-points/%2Fsubscriptions%2F%7BsubscriptionId%7D%2FresourceGroups%2F%7BresourceGroupName%7D%2Fproviders%2FMicrosoft.Sql%2Flocations%2F%7BlocationName%7D%2FlongTermRetentionBackups/get/request/parameter/onlyLatestPerDatabase/scalar/schema"
  },
  "id": "file:///Users/abettati/sandbox/azure-rest-api-specs/specification/sql/resource-manager/Microsoft.Sql/preview/2017-03-01-preview/longTermRetention.json#/web-api/end-points/%2Fsubscriptions%2F%7BsubscriptionId%7D%2FresourceGroups%2F%7BresourceGroupName%7D%2Fproviders%2FMicrosoft.Sql%2Flocations%2F%7BlocationName%7D%2FlongTermRetentionBackups/get/request/parameter/onlyLatestPerDatabase"
}, {
  "http://a.ml/vocabularies/apiContract#binding": "path",
  "http://a.ml/vocabularies/apiContract#paramName": "locationName",
  "http://a.ml/vocabularies/apiContract#required": "true",
  "http://a.ml/vocabularies/core#description": "The location of the database",
  "http://a.ml/vocabularies/core#name": "locationName",
  "http://a.ml/vocabularies/shapes#schema": {
    "http://a.ml/vocabularies/core#description": "The location of the database",
    "http://www.w3.org/ns/shacl#datatype": "http://www.w3.org/2001/XMLSchema#string",
    "http://www.w3.org/ns/shacl#name": "schema",
    "id": "file:///Users/abettati/sandbox/azure-rest-api-specs/specification/sql/resource-manager/Microsoft.Sql/preview/2017-03-01-preview/longTermRetention.json#/web-api/end-points/%2Fsubscriptions%2F%7BsubscriptionId%7D%2FresourceGroups%2F%7BresourceGroupName%7D%2Fproviders%2FMicrosoft.Sql%2Flocations%2F%7BlocationName%7D%2FlongTermRetentionBackups/get/request/parameter/locationName/scalar/schema"
  },
  "id": "file:///Users/abettati/sandbox/azure-rest-api-specs/specification/sql/resource-manager/Microsoft.Sql/preview/2017-03-01-preview/longTermRetention.json#/web-api/end-points/%2Fsubscriptions%2F%7BsubscriptionId%7D%2FresourceGroups%2F%7BresourceGroupName%7D%2Fproviders%2FMicrosoft.Sql%2Flocations%2F%7BlocationName%7D%2FlongTermRetentionBackups/get/request/parameter/locationName"
}, {
  "http://a.ml/vocabularies/apiContract#binding": "query",
  "http://a.ml/vocabularies/apiContract#paramName": "onlyLatestPerDatabase",
  "http://a.ml/vocabularies/apiContract#required": "false",
  "http://a.ml/vocabularies/core#description": "Whether or not to only get the latest backup for each database.",
  "http://a.ml/vocabularies/core#name": "onlyLatestPerDatabase",
  "http://a.ml/vocabularies/shapes#schema": {
    "http://a.ml/vocabularies/core#description": "Whether or not to only get the latest backup for each database.",
    "http://www.w3.org/ns/shacl#datatype": "http://www.w3.org/2001/XMLSchema#boolean",
    "http://www.w3.org/ns/shacl#name": "schema",
    "id": "file:///Users/abettati/sandbox/azure-rest-api-specs/specification/sql/resource-manager/Microsoft.Sql/preview/2017-03-01-preview/longTermRetention.json#/web-api/end-points/%2Fsubscriptions%2F%7BsubscriptionId%7D%2FresourceGroups%2F%7BresourceGroupName%7D%2Fproviders%2FMicrosoft.Sql%2Flocations%2F%7BlocationName%7D%2FlongTermRetentionServers%2F%7BlongTermRetentionServerName%7D%2FlongTermRetentionBackups/get/request/parameter/onlyLatestPerDatabase/scalar/schema"
  },
  "id": "file:///Users/abettati/sandbox/azure-rest-api-specs/specification/sql/resource-manager/Microsoft.Sql/preview/2017-03-01-preview/longTermRetention.json#/web-api/end-points/%2Fsubscriptions%2F%7BsubscriptionId%7D%2FresourceGroups%2F%7BresourceGroupName%7D%2Fproviders%2FMicrosoft.Sql%2Flocations%2F%7BlocationName%7D%2FlongTermRetentionServers%2F%7BlongTermRetentionServerName%7D%2FlongTermRetentionBackups/get/request/parameter/onlyLatestPerDatabase"
}, {
  "http://a.ml/vocabularies/apiContract#binding": "path",
  "http://a.ml/vocabularies/apiContract#paramName": "locationName",
  "http://a.ml/vocabularies/apiContract#required": "true",
  "http://a.ml/vocabularies/core#description": "The location of the database",
  "http://a.ml/vocabularies/core#name": "locationName",
  "http://a.ml/vocabularies/shapes#schema": {
    "http://a.ml/vocabularies/core#description": "The location of the database",
    "http://www.w3.org/ns/shacl#datatype": "http://www.w3.org/2001/XMLSchema#string",
    "http://www.w3.org/ns/shacl#name": "schema",
    "id": "file:///Users/abettati/sandbox/azure-rest-api-specs/specification/sql/resource-manager/Microsoft.Sql/preview/2017-03-01-preview/longTermRetention.json#/web-api/end-points/%2Fsubscriptions%2F%7BsubscriptionId%7D%2FresourceGroups%2F%7BresourceGroupName%7D%2Fproviders%2FMicrosoft.Sql%2Flocations%2F%7BlocationName%7D%2FlongTermRetentionServers%2F%7BlongTermRetentionServerName%7D%2FlongTermRetentionBackups/get/request/parameter/locationName/scalar/schema"
  },
  "id": "file:///Users/abettati/sandbox/azure-rest-api-specs/specification/sql/resource-manager/Microsoft.Sql/preview/2017-03-01-preview/longTermRetention.json#/web-api/end-points/%2Fsubscriptions%2F%7BsubscriptionId%7D%2FresourceGroups%2F%7BresourceGroupName%7D%2Fproviders%2FMicrosoft.Sql%2Flocations%2F%7BlocationName%7D%2FlongTermRetentionServers%2F%7BlongTermRetentionServerName%7D%2FlongTermRetentionBackups/get/request/parameter/locationName"
}, {
  "http://a.ml/vocabularies/apiContract#binding": "path",
  "http://a.ml/vocabularies/apiContract#paramName": "longTermRetentionServerName",
  "http://a.ml/vocabularies/apiContract#required": "true",
  "http://a.ml/vocabularies/core#description": "The name of the server",
  "http://a.ml/vocabularies/core#name": "longTermRetentionServerName",
  "http://a.ml/vocabularies/shapes#schema": {
    "http://a.ml/vocabularies/core#description": "The name of the server",
    "http://www.w3.org/ns/shacl#datatype": "http://www.w3.org/2001/XMLSchema#string",
    "http://www.w3.org/ns/shacl#name": "schema",
    "id": "file:///Users/abettati/sandbox/azure-rest-api-specs/specification/sql/resource-manager/Microsoft.Sql/preview/2017-03-01-preview/longTermRetention.json#/web-api/end-points/%2Fsubscriptions%2F%7BsubscriptionId%7D%2FresourceGroups%2F%7BresourceGroupName%7D%2Fproviders%2FMicrosoft.Sql%2Flocations%2F%7BlocationName%7D%2FlongTermRetentionServers%2F%7BlongTermRetentionServerName%7D%2FlongTermRetentionBackups/get/request/parameter/longTermRetentionServerName/scalar/schema"
  },
  "id": "file:///Users/abettati/sandbox/azure-rest-api-specs/specification/sql/resource-manager/Microsoft.Sql/preview/2017-03-01-preview/longTermRetention.json#/web-api/end-points/%2Fsubscriptions%2F%7BsubscriptionId%7D%2FresourceGroups%2F%7BresourceGroupName%7D%2Fproviders%2FMicrosoft.Sql%2Flocations%2F%7BlocationName%7D%2FlongTermRetentionServers%2F%7BlongTermRetentionServerName%7D%2FlongTermRetentionBackups/get/request/parameter/longTermRetentionServerName"
}, {
  "http://a.ml/vocabularies/apiContract#binding": "path",
  "http://a.ml/vocabularies/apiContract#paramName": "backupName",
  "http://a.ml/vocabularies/apiContract#required": "true",
  "http://a.ml/vocabularies/core#description": "The backup name.",
  "http://a.ml/vocabularies/core#name": "backupName",
  "http://a.ml/vocabularies/shapes#schema": {
    "http://a.ml/vocabularies/core#description": "The backup name.",
    "http://www.w3.org/ns/shacl#datatype": "http://www.w3.org/2001/XMLSchema#string",
    "http://www.w3.org/ns/shacl#name": "schema",
    "id": "file:///Users/abettati/sandbox/azure-rest-api-specs/specification/sql/resource-manager/Microsoft.Sql/preview/2017-03-01-preview/longTermRetention.json#/web-api/end-points/%2Fsubscriptions%2F%7BsubscriptionId%7D%2Fproviders%2FMicrosoft.Sql%2Flocations%2F%7BlocationName%7D%2FlongTermRetentionServers%2F%7BlongTermRetentionServerName%7D%2FlongTermRetentionDatabases%2F%7BlongTermRetentionDatabaseName%7D%2FlongTermRetentionBackups%2F%7BbackupName%7D/get/request/parameter/backupName/scalar/schema"
  },
  "id": "file:///Users/abettati/sandbox/azure-rest-api-specs/specification/sql/resource-manager/Microsoft.Sql/preview/2017-03-01-preview/longTermRetention.json#/web-api/end-points/%2Fsubscriptions%2F%7BsubscriptionId%7D%2Fproviders%2FMicrosoft.Sql%2Flocations%2F%7BlocationName%7D%2FlongTermRetentionServers%2F%7BlongTermRetentionServerName%7D%2FlongTermRetentionDatabases%2F%7BlongTermRetentionDatabaseName%7D%2FlongTermRetentionBackups%2F%7BbackupName%7D/get/request/parameter/backupName"
}, {
  "http://a.ml/vocabularies/apiContract#binding": "path",
  "http://a.ml/vocabularies/apiContract#paramName": "longTermRetentionServerName",
  "http://a.ml/vocabularies/apiContract#required": "true",
  "http://a.ml/vocabularies/core#description": "The name of the server",
  "http://a.ml/vocabularies/core#name": "longTermRetentionServerName",
  "http://a.ml/vocabularies/shapes#schema": {
    "http://a.ml/vocabularies/core#description": "The name of the server",
    "http://www.w3.org/ns/shacl#datatype": "http://www.w3.org/2001/XMLSchema#string",
    "http://www.w3.org/ns/shacl#name": "schema",
    "id": "file:///Users/abettati/sandbox/azure-rest-api-specs/specification/sql/resource-manager/Microsoft.Sql/preview/2017-03-01-preview/longTermRetention.json#/web-api/end-points/%2Fsubscriptions%2F%7BsubscriptionId%7D%2Fproviders%2FMicrosoft.Sql%2Flocations%2F%7BlocationName%7D%2FlongTermRetentionServers%2F%7BlongTermRetentionServerName%7D%2FlongTermRetentionDatabases%2F%7BlongTermRetentionDatabaseName%7D%2FlongTermRetentionBackups%2F%7BbackupName%7D/get/request/parameter/longTermRetentionServerName/scalar/schema"
  },
  "id": "file:///Users/abettati/sandbox/azure-rest-api-specs/specification/sql/resource-manager/Microsoft.Sql/preview/2017-03-01-preview/longTermRetention.json#/web-api/end-points/%2Fsubscriptions%2F%7BsubscriptionId%7D%2Fproviders%2FMicrosoft.Sql%2Flocations%2F%7BlocationName%7D%2FlongTermRetentionServers%2F%7BlongTermRetentionServerName%7D%2FlongTermRetentionDatabases%2F%7BlongTermRetentionDatabaseName%7D%2FlongTermRetentionBackups%2F%7BbackupName%7D/get/request/parameter/longTermRetentionServerName"
}, {
  "http://a.ml/vocabularies/apiContract#binding": "path",
  "http://a.ml/vocabularies/apiContract#paramName": "longTermRetentionDatabaseName",
  "http://a.ml/vocabularies/apiContract#required": "true",
  "http://a.ml/vocabularies/core#description": "The name of the database",
  "http://a.ml/vocabularies/core#name": "longTermRetentionDatabaseName",
  "http://a.ml/vocabularies/shapes#schema": {
    "http://a.ml/vocabularies/core#description": "The name of the database",
    "http://www.w3.org/ns/shacl#datatype": "http://www.w3.org/2001/XMLSchema#string",
    "http://www.w3.org/ns/shacl#name": "schema",
    "id": "file:///Users/abettati/sandbox/azure-rest-api-specs/specification/sql/resource-manager/Microsoft.Sql/preview/2017-03-01-preview/longTermRetention.json#/web-api/end-points/%2Fsubscriptions%2F%7BsubscriptionId%7D%2Fproviders%2FMicrosoft.Sql%2Flocations%2F%7BlocationName%7D%2FlongTermRetentionServers%2F%7BlongTermRetentionServerName%7D%2FlongTermRetentionDatabases%2F%7BlongTermRetentionDatabaseName%7D%2FlongTermRetentionBackups%2F%7BbackupName%7D/get/request/parameter/longTermRetentionDatabaseName/scalar/schema"
  },
  "id": "file:///Users/abettati/sandbox/azure-rest-api-specs/specification/sql/resource-manager/Microsoft.Sql/preview/2017-03-01-preview/longTermRetention.json#/web-api/end-points/%2Fsubscriptions%2F%7BsubscriptionId%7D%2Fproviders%2FMicrosoft.Sql%2Flocations%2F%7BlocationName%7D%2FlongTermRetentionServers%2F%7BlongTermRetentionServerName%7D%2FlongTermRetentionDatabases%2F%7BlongTermRetentionDatabaseName%7D%2FlongTermRetentionBackups%2F%7BbackupName%7D/get/request/parameter/longTermRetentionDatabaseName"
}, {
  "http://a.ml/vocabularies/apiContract#binding": "path",
  "http://a.ml/vocabularies/apiContract#paramName": "locationName",
  "http://a.ml/vocabularies/apiContract#required": "true",
  "http://a.ml/vocabularies/core#description": "The location of the database.",
  "http://a.ml/vocabularies/core#name": "locationName",
  "http://a.ml/vocabularies/shapes#schema": {
    "http://a.ml/vocabularies/core#description": "The location of the database.",
    "http://www.w3.org/ns/shacl#datatype": "http://www.w3.org/2001/XMLSchema#string",
    "http://www.w3.org/ns/shacl#name": "schema",
    "id": "file:///Users/abettati/sandbox/azure-rest-api-specs/specification/sql/resource-manager/Microsoft.Sql/preview/2017-03-01-preview/longTermRetention.json#/web-api/end-points/%2Fsubscriptions%2F%7BsubscriptionId%7D%2Fproviders%2FMicrosoft.Sql%2Flocations%2F%7BlocationName%7D%2FlongTermRetentionServers%2F%7BlongTermRetentionServerName%7D%2FlongTermRetentionDatabases%2F%7BlongTermRetentionDatabaseName%7D%2FlongTermRetentionBackups%2F%7BbackupName%7D/get/request/parameter/locationName/scalar/schema"
  },
  "id": "file:///Users/abettati/sandbox/azure-rest-api-specs/specification/sql/resource-manager/Microsoft.Sql/preview/2017-03-01-preview/longTermRetention.json#/web-api/end-points/%2Fsubscriptions%2F%7BsubscriptionId%7D%2Fproviders%2FMicrosoft.Sql%2Flocations%2F%7BlocationName%7D%2FlongTermRetentionServers%2F%7BlongTermRetentionServerName%7D%2FlongTermRetentionDatabases%2F%7BlongTermRetentionDatabaseName%7D%2FlongTermRetentionBackups%2F%7BbackupName%7D/get/request/parameter/locationName"
}, {
  "http://a.ml/vocabularies/apiContract#binding": "path",
  "http://a.ml/vocabularies/apiContract#paramName": "backupName",
  "http://a.ml/vocabularies/apiContract#required": "true",
  "http://a.ml/vocabularies/core#description": "The backup name.",
  "http://a.ml/vocabularies/core#name": "backupName",
  "http://a.ml/vocabularies/shapes#schema": {
    "http://a.ml/vocabularies/core#description": "The backup name.",
    "http://www.w3.org/ns/shacl#datatype": "http://www.w3.org/2001/XMLSchema#string",
    "http://www.w3.org/ns/shacl#name": "schema",
    "id": "file:///Users/abettati/sandbox/azure-rest-api-specs/specification/sql/resource-manager/Microsoft.Sql/preview/2017-03-01-preview/longTermRetention.json#/web-api/end-points/%2Fsubscriptions%2F%7BsubscriptionId%7D%2Fproviders%2FMicrosoft.Sql%2Flocations%2F%7BlocationName%7D%2FlongTermRetentionServers%2F%7BlongTermRetentionServerName%7D%2FlongTermRetentionDatabases%2F%7BlongTermRetentionDatabaseName%7D%2FlongTermRetentionBackups%2F%7BbackupName%7D/delete/request/parameter/backupName/scalar/schema"
  },
  "id": "file:///Users/abettati/sandbox/azure-rest-api-specs/specification/sql/resource-manager/Microsoft.Sql/preview/2017-03-01-preview/longTermRetention.json#/web-api/end-points/%2Fsubscriptions%2F%7BsubscriptionId%7D%2Fproviders%2FMicrosoft.Sql%2Flocations%2F%7BlocationName%7D%2FlongTermRetentionServers%2F%7BlongTermRetentionServerName%7D%2FlongTermRetentionDatabases%2F%7BlongTermRetentionDatabaseName%7D%2FlongTermRetentionBackups%2F%7BbackupName%7D/delete/request/parameter/backupName"
}, {
  "http://a.ml/vocabularies/apiContract#binding": "path",
  "http://a.ml/vocabularies/apiContract#paramName": "longTermRetentionServerName",
  "http://a.ml/vocabularies/apiContract#required": "true",
  "http://a.ml/vocabularies/core#description": "The name of the server",
  "http://a.ml/vocabularies/core#name": "longTermRetentionServerName",
  "http://a.ml/vocabularies/shapes#schema": {
    "http://a.ml/vocabularies/core#description": "The name of the server",
    "http://www.w3.org/ns/shacl#datatype": "http://www.w3.org/2001/XMLSchema#string",
    "http://www.w3.org/ns/shacl#name": "schema",
    "id": "file:///Users/abettati/sandbox/azure-rest-api-specs/specification/sql/resource-manager/Microsoft.Sql/preview/2017-03-01-preview/longTermRetention.json#/web-api/end-points/%2Fsubscriptions%2F%7BsubscriptionId%7D%2Fproviders%2FMicrosoft.Sql%2Flocations%2F%7BlocationName%7D%2FlongTermRetentionServers%2F%7BlongTermRetentionServerName%7D%2FlongTermRetentionDatabases%2F%7BlongTermRetentionDatabaseName%7D%2FlongTermRetentionBackups%2F%7BbackupName%7D/delete/request/parameter/longTermRetentionServerName/scalar/schema"
  },
  "id": "file:///Users/abettati/sandbox/azure-rest-api-specs/specification/sql/resource-manager/Microsoft.Sql/preview/2017-03-01-preview/longTermRetention.json#/web-api/end-points/%2Fsubscriptions%2F%7BsubscriptionId%7D%2Fproviders%2FMicrosoft.Sql%2Flocations%2F%7BlocationName%7D%2FlongTermRetentionServers%2F%7BlongTermRetentionServerName%7D%2FlongTermRetentionDatabases%2F%7BlongTermRetentionDatabaseName%7D%2FlongTermRetentionBackups%2F%7BbackupName%7D/delete/request/parameter/longTermRetentionServerName"
}, {
  "http://a.ml/vocabularies/apiContract#binding": "path",
  "http://a.ml/vocabularies/apiContract#paramName": "longTermRetentionDatabaseName",
  "http://a.ml/vocabularies/apiContract#required": "true",
  "http://a.ml/vocabularies/core#description": "The name of the database",
  "http://a.ml/vocabularies/core#name": "longTermRetentionDatabaseName",
  "http://a.ml/vocabularies/shapes#schema": {
    "http://a.ml/vocabularies/core#description": "The name of the database",
    "http://www.w3.org/ns/shacl#datatype": "http://www.w3.org/2001/XMLSchema#string",
    "http://www.w3.org/ns/shacl#name": "schema",
    "id": "file:///Users/abettati/sandbox/azure-rest-api-specs/specification/sql/resource-manager/Microsoft.Sql/preview/2017-03-01-preview/longTermRetention.json#/web-api/end-points/%2Fsubscriptions%2F%7BsubscriptionId%7D%2Fproviders%2FMicrosoft.Sql%2Flocations%2F%7BlocationName%7D%2FlongTermRetentionServers%2F%7BlongTermRetentionServerName%7D%2FlongTermRetentionDatabases%2F%7BlongTermRetentionDatabaseName%7D%2FlongTermRetentionBackups%2F%7BbackupName%7D/delete/request/parameter/longTermRetentionDatabaseName/scalar/schema"
  },
  "id": "file:///Users/abettati/sandbox/azure-rest-api-specs/specification/sql/resource-manager/Microsoft.Sql/preview/2017-03-01-preview/longTermRetention.json#/web-api/end-points/%2Fsubscriptions%2F%7BsubscriptionId%7D%2Fproviders%2FMicrosoft.Sql%2Flocations%2F%7BlocationName%7D%2FlongTermRetentionServers%2F%7BlongTermRetentionServerName%7D%2FlongTermRetentionDatabases%2F%7BlongTermRetentionDatabaseName%7D%2FlongTermRetentionBackups%2F%7BbackupName%7D/delete/request/parameter/longTermRetentionDatabaseName"
}, {
  "http://a.ml/vocabularies/apiContract#binding": "path",
  "http://a.ml/vocabularies/apiContract#paramName": "locationName",
  "http://a.ml/vocabularies/apiContract#required": "true",
  "http://a.ml/vocabularies/core#description": "The location of the database",
  "http://a.ml/vocabularies/core#name": "locationName",
  "http://a.ml/vocabularies/shapes#schema": {
    "http://a.ml/vocabularies/core#description": "The location of the database",
    "http://www.w3.org/ns/shacl#datatype": "http://www.w3.org/2001/XMLSchema#string",
    "http://www.w3.org/ns/shacl#name": "schema",
    "id": "file:///Users/abettati/sandbox/azure-rest-api-specs/specification/sql/resource-manager/Microsoft.Sql/preview/2017-03-01-preview/longTermRetention.json#/web-api/end-points/%2Fsubscriptions%2F%7BsubscriptionId%7D%2Fproviders%2FMicrosoft.Sql%2Flocations%2F%7BlocationName%7D%2FlongTermRetentionServers%2F%7BlongTermRetentionServerName%7D%2FlongTermRetentionDatabases%2F%7BlongTermRetentionDatabaseName%7D%2FlongTermRetentionBackups%2F%7BbackupName%7D/delete/request/parameter/locationName/scalar/schema"
  },
  "id": "file:///Users/abettati/sandbox/azure-rest-api-specs/specification/sql/resource-manager/Microsoft.Sql/preview/2017-03-01-preview/longTermRetention.json#/web-api/end-points/%2Fsubscriptions%2F%7BsubscriptionId%7D%2Fproviders%2FMicrosoft.Sql%2Flocations%2F%7BlocationName%7D%2FlongTermRetentionServers%2F%7BlongTermRetentionServerName%7D%2FlongTermRetentionDatabases%2F%7BlongTermRetentionDatabaseName%7D%2FlongTermRetentionBackups%2F%7BbackupName%7D/delete/request/parameter/locationName"
}, {
  "http://a.ml/vocabularies/apiContract#binding": "query",
  "http://a.ml/vocabularies/apiContract#paramName": "onlyLatestPerDatabase",
  "http://a.ml/vocabularies/apiContract#required": "false",
  "http://a.ml/vocabularies/core#description": "Whether or not to only get the latest backup for each database.",
  "http://a.ml/vocabularies/core#name": "onlyLatestPerDatabase",
  "http://a.ml/vocabularies/shapes#schema": {
    "http://a.ml/vocabularies/core#description": "Whether or not to only get the latest backup for each database.",
    "http://www.w3.org/ns/shacl#datatype": "http://www.w3.org/2001/XMLSchema#boolean",
    "http://www.w3.org/ns/shacl#name": "schema",
    "id": "file:///Users/abettati/sandbox/azure-rest-api-specs/specification/sql/resource-manager/Microsoft.Sql/preview/2017-03-01-preview/longTermRetention.json#/web-api/end-points/%2Fsubscriptions%2F%7BsubscriptionId%7D%2Fproviders%2FMicrosoft.Sql%2Flocations%2F%7BlocationName%7D%2FlongTermRetentionServers%2F%7BlongTermRetentionServerName%7D%2FlongTermRetentionDatabases%2F%7BlongTermRetentionDatabaseName%7D%2FlongTermRetentionBackups/get/request/parameter/onlyLatestPerDatabase/scalar/schema"
  },
  "id": "file:///Users/abettati/sandbox/azure-rest-api-specs/specification/sql/resource-manager/Microsoft.Sql/preview/2017-03-01-preview/longTermRetention.json#/web-api/end-points/%2Fsubscriptions%2F%7BsubscriptionId%7D%2Fproviders%2FMicrosoft.Sql%2Flocations%2F%7BlocationName%7D%2FlongTermRetentionServers%2F%7BlongTermRetentionServerName%7D%2FlongTermRetentionDatabases%2F%7BlongTermRetentionDatabaseName%7D%2FlongTermRetentionBackups/get/request/parameter/onlyLatestPerDatabase"
}, {
  "http://a.ml/vocabularies/apiContract#binding": "path",
  "http://a.ml/vocabularies/apiContract#paramName": "locationName",
  "http://a.ml/vocabularies/apiContract#required": "true",
  "http://a.ml/vocabularies/core#description": "The location of the database",
  "http://a.ml/vocabularies/core#name": "locationName",
  "http://a.ml/vocabularies/shapes#schema": {
    "http://a.ml/vocabularies/core#description": "The location of the database",
    "http://www.w3.org/ns/shacl#datatype": "http://www.w3.org/2001/XMLSchema#string",
    "http://www.w3.org/ns/shacl#name": "schema",
    "id": "file:///Users/abettati/sandbox/azure-rest-api-specs/specification/sql/resource-manager/Microsoft.Sql/preview/2017-03-01-preview/longTermRetention.json#/web-api/end-points/%2Fsubscriptions%2F%7BsubscriptionId%7D%2Fproviders%2FMicrosoft.Sql%2Flocations%2F%7BlocationName%7D%2FlongTermRetentionServers%2F%7BlongTermRetentionServerName%7D%2FlongTermRetentionDatabases%2F%7BlongTermRetentionDatabaseName%7D%2FlongTermRetentionBackups/get/request/parameter/locationName/scalar/schema"
  },
  "id": "file:///Users/abettati/sandbox/azure-rest-api-specs/specification/sql/resource-manager/Microsoft.Sql/preview/2017-03-01-preview/longTermRetention.json#/web-api/end-points/%2Fsubscriptions%2F%7BsubscriptionId%7D%2Fproviders%2FMicrosoft.Sql%2Flocations%2F%7BlocationName%7D%2FlongTermRetentionServers%2F%7BlongTermRetentionServerName%7D%2FlongTermRetentionDatabases%2F%7BlongTermRetentionDatabaseName%7D%2FlongTermRetentionBackups/get/request/parameter/locationName"
}, {
  "http://a.ml/vocabularies/apiContract#binding": "path",
  "http://a.ml/vocabularies/apiContract#paramName": "longTermRetentionServerName",
  "http://a.ml/vocabularies/apiContract#required": "true",
  "http://a.ml/vocabularies/core#description": "The name of the server",
  "http://a.ml/vocabularies/core#name": "longTermRetentionServerName",
  "http://a.ml/vocabularies/shapes#schema": {
    "http://a.ml/vocabularies/core#description": "The name of the server",
    "http://www.w3.org/ns/shacl#datatype": "http://www.w3.org/2001/XMLSchema#string",
    "http://www.w3.org/ns/shacl#name": "schema",
    "id": "file:///Users/abettati/sandbox/azure-rest-api-specs/specification/sql/resource-manager/Microsoft.Sql/preview/2017-03-01-preview/longTermRetention.json#/web-api/end-points/%2Fsubscriptions%2F%7BsubscriptionId%7D%2Fproviders%2FMicrosoft.Sql%2Flocations%2F%7BlocationName%7D%2FlongTermRetentionServers%2F%7BlongTermRetentionServerName%7D%2FlongTermRetentionDatabases%2F%7BlongTermRetentionDatabaseName%7D%2FlongTermRetentionBackups/get/request/parameter/longTermRetentionServerName/scalar/schema"
  },
  "id": "file:///Users/abettati/sandbox/azure-rest-api-specs/specification/sql/resource-manager/Microsoft.Sql/preview/2017-03-01-preview/longTermRetention.json#/web-api/end-points/%2Fsubscriptions%2F%7BsubscriptionId%7D%2Fproviders%2FMicrosoft.Sql%2Flocations%2F%7BlocationName%7D%2FlongTermRetentionServers%2F%7BlongTermRetentionServerName%7D%2FlongTermRetentionDatabases%2F%7BlongTermRetentionDatabaseName%7D%2FlongTermRetentionBackups/get/request/parameter/longTermRetentionServerName"
}, {
  "http://a.ml/vocabularies/apiContract#binding": "path",
  "http://a.ml/vocabularies/apiContract#paramName": "longTermRetentionDatabaseName",
  "http://a.ml/vocabularies/apiContract#required": "true",
  "http://a.ml/vocabularies/core#description": "The name of the database",
  "http://a.ml/vocabularies/core#name": "longTermRetentionDatabaseName",
  "http://a.ml/vocabularies/shapes#schema": {
    "http://a.ml/vocabularies/core#description": "The name of the database",
    "http://www.w3.org/ns/shacl#datatype": "http://www.w3.org/2001/XMLSchema#string",
    "http://www.w3.org/ns/shacl#name": "schema",
    "id": "file:///Users/abettati/sandbox/azure-rest-api-specs/specification/sql/resource-manager/Microsoft.Sql/preview/2017-03-01-preview/longTermRetention.json#/web-api/end-points/%2Fsubscriptions%2F%7BsubscriptionId%7D%2Fproviders%2FMicrosoft.Sql%2Flocations%2F%7BlocationName%7D%2FlongTermRetentionServers%2F%7BlongTermRetentionServerName%7D%2FlongTermRetentionDatabases%2F%7BlongTermRetentionDatabaseName%7D%2FlongTermRetentionBackups/get/request/parameter/longTermRetentionDatabaseName/scalar/schema"
  },
  "id": "file:///Users/abettati/sandbox/azure-rest-api-specs/specification/sql/resource-manager/Microsoft.Sql/preview/2017-03-01-preview/longTermRetention.json#/web-api/end-points/%2Fsubscriptions%2F%7BsubscriptionId%7D%2Fproviders%2FMicrosoft.Sql%2Flocations%2F%7BlocationName%7D%2FlongTermRetentionServers%2F%7BlongTermRetentionServerName%7D%2FlongTermRetentionDatabases%2F%7BlongTermRetentionDatabaseName%7D%2FlongTermRetentionBackups/get/request/parameter/longTermRetentionDatabaseName"
}, {
  "http://a.ml/vocabularies/apiContract#binding": "query",
  "http://a.ml/vocabularies/apiContract#paramName": "onlyLatestPerDatabase",
  "http://a.ml/vocabularies/apiContract#required": "false",
  "http://a.ml/vocabularies/core#description": "Whether or not to only get the latest backup for each database.",
  "http://a.ml/vocabularies/core#name": "onlyLatestPerDatabase",
  "http://a.ml/vocabularies/shapes#schema": {
    "http://a.ml/vocabularies/core#description": "Whether or not to only get the latest backup for each database.",
    "http://www.w3.org/ns/shacl#datatype": "http://www.w3.org/2001/XMLSchema#boolean",
    "http://www.w3.org/ns/shacl#name": "schema",
    "id": "file:///Users/abettati/sandbox/azure-rest-api-specs/specification/sql/resource-manager/Microsoft.Sql/preview/2017-03-01-preview/longTermRetention.json#/web-api/end-points/%2Fsubscriptions%2F%7BsubscriptionId%7D%2Fproviders%2FMicrosoft.Sql%2Flocations%2F%7BlocationName%7D%2FlongTermRetentionBackups/get/request/parameter/onlyLatestPerDatabase/scalar/schema"
  },
  "id": "file:///Users/abettati/sandbox/azure-rest-api-specs/specification/sql/resource-manager/Microsoft.Sql/preview/2017-03-01-preview/longTermRetention.json#/web-api/end-points/%2Fsubscriptions%2F%7BsubscriptionId%7D%2Fproviders%2FMicrosoft.Sql%2Flocations%2F%7BlocationName%7D%2FlongTermRetentionBackups/get/request/parameter/onlyLatestPerDatabase"
}, {
  "http://a.ml/vocabularies/apiContract#binding": "path",
  "http://a.ml/vocabularies/apiContract#paramName": "locationName",
  "http://a.ml/vocabularies/apiContract#required": "true",
  "http://a.ml/vocabularies/core#description": "The location of the database",
  "http://a.ml/vocabularies/core#name": "locationName",
  "http://a.ml/vocabularies/shapes#schema": {
    "http://a.ml/vocabularies/core#description": "The location of the database",
    "http://www.w3.org/ns/shacl#datatype": "http://www.w3.org/2001/XMLSchema#string",
    "http://www.w3.org/ns/shacl#name": "schema",
    "id": "file:///Users/abettati/sandbox/azure-rest-api-specs/specification/sql/resource-manager/Microsoft.Sql/preview/2017-03-01-preview/longTermRetention.json#/web-api/end-points/%2Fsubscriptions%2F%7BsubscriptionId%7D%2Fproviders%2FMicrosoft.Sql%2Flocations%2F%7BlocationName%7D%2FlongTermRetentionBackups/get/request/parameter/locationName/scalar/schema"
  },
  "id": "file:///Users/abettati/sandbox/azure-rest-api-specs/specification/sql/resource-manager/Microsoft.Sql/preview/2017-03-01-preview/longTermRetention.json#/web-api/end-points/%2Fsubscriptions%2F%7BsubscriptionId%7D%2Fproviders%2FMicrosoft.Sql%2Flocations%2F%7BlocationName%7D%2FlongTermRetentionBackups/get/request/parameter/locationName"
}, {
  "http://a.ml/vocabularies/apiContract#binding": "query",
  "http://a.ml/vocabularies/apiContract#paramName": "onlyLatestPerDatabase",
  "http://a.ml/vocabularies/apiContract#required": "false",
  "http://a.ml/vocabularies/core#description": "Whether or not to only get the latest backup for each database.",
  "http://a.ml/vocabularies/core#name": "onlyLatestPerDatabase",
  "http://a.ml/vocabularies/shapes#schema": {
    "http://a.ml/vocabularies/core#description": "Whether or not to only get the latest backup for each database.",
    "http://www.w3.org/ns/shacl#datatype": "http://www.w3.org/2001/XMLSchema#boolean",
    "http://www.w3.org/ns/shacl#name": "schema",
    "id": "file:///Users/abettati/sandbox/azure-rest-api-specs/specification/sql/resource-manager/Microsoft.Sql/preview/2017-03-01-preview/longTermRetention.json#/web-api/end-points/%2Fsubscriptions%2F%7BsubscriptionId%7D%2Fproviders%2FMicrosoft.Sql%2Flocations%2F%7BlocationName%7D%2FlongTermRetentionServers%2F%7BlongTermRetentionServerName%7D%2FlongTermRetentionBackups/get/request/parameter/onlyLatestPerDatabase/scalar/schema"
  },
  "id": "file:///Users/abettati/sandbox/azure-rest-api-specs/specification/sql/resource-manager/Microsoft.Sql/preview/2017-03-01-preview/longTermRetention.json#/web-api/end-points/%2Fsubscriptions%2F%7BsubscriptionId%7D%2Fproviders%2FMicrosoft.Sql%2Flocations%2F%7BlocationName%7D%2FlongTermRetentionServers%2F%7BlongTermRetentionServerName%7D%2FlongTermRetentionBackups/get/request/parameter/onlyLatestPerDatabase"
}, {
  "http://a.ml/vocabularies/apiContract#binding": "path",
  "http://a.ml/vocabularies/apiContract#paramName": "locationName",
  "http://a.ml/vocabularies/apiContract#required": "true",
  "http://a.ml/vocabularies/core#description": "The location of the database",
  "http://a.ml/vocabularies/core#name": "locationName",
  "http://a.ml/vocabularies/shapes#schema": {
    "http://a.ml/vocabularies/core#description": "The location of the database",
    "http://www.w3.org/ns/shacl#datatype": "http://www.w3.org/2001/XMLSchema#string",
    "http://www.w3.org/ns/shacl#name": "schema",
    "id": "file:///Users/abettati/sandbox/azure-rest-api-specs/specification/sql/resource-manager/Microsoft.Sql/preview/2017-03-01-preview/longTermRetention.json#/web-api/end-points/%2Fsubscriptions%2F%7BsubscriptionId%7D%2Fproviders%2FMicrosoft.Sql%2Flocations%2F%7BlocationName%7D%2FlongTermRetentionServers%2F%7BlongTermRetentionServerName%7D%2FlongTermRetentionBackups/get/request/parameter/locationName/scalar/schema"
  },
  "id": "file:///Users/abettati/sandbox/azure-rest-api-specs/specification/sql/resource-manager/Microsoft.Sql/preview/2017-03-01-preview/longTermRetention.json#/web-api/end-points/%2Fsubscriptions%2F%7BsubscriptionId%7D%2Fproviders%2FMicrosoft.Sql%2Flocations%2F%7BlocationName%7D%2FlongTermRetentionServers%2F%7BlongTermRetentionServerName%7D%2FlongTermRetentionBackups/get/request/parameter/locationName"
}, {
  "http://a.ml/vocabularies/apiContract#binding": "path",
  "http://a.ml/vocabularies/apiContract#paramName": "longTermRetentionServerName",
  "http://a.ml/vocabularies/apiContract#required": "true",
  "http://a.ml/vocabularies/core#description": "The name of the server",
  "http://a.ml/vocabularies/core#name": "longTermRetentionServerName",
  "http://a.ml/vocabularies/shapes#schema": {
    "http://a.ml/vocabularies/core#description": "The name of the server",
    "http://www.w3.org/ns/shacl#datatype": "http://www.w3.org/2001/XMLSchema#string",
    "http://www.w3.org/ns/shacl#name": "schema",
    "id": "file:///Users/abettati/sandbox/azure-rest-api-specs/specification/sql/resource-manager/Microsoft.Sql/preview/2017-03-01-preview/longTermRetention.json#/web-api/end-points/%2Fsubscriptions%2F%7BsubscriptionId%7D%2Fproviders%2FMicrosoft.Sql%2Flocations%2F%7BlocationName%7D%2FlongTermRetentionServers%2F%7BlongTermRetentionServerName%7D%2FlongTermRetentionBackups/get/request/parameter/longTermRetentionServerName/scalar/schema"
  },
  "id": "file:///Users/abettati/sandbox/azure-rest-api-specs/specification/sql/resource-manager/Microsoft.Sql/preview/2017-03-01-preview/longTermRetention.json#/web-api/end-points/%2Fsubscriptions%2F%7BsubscriptionId%7D%2Fproviders%2FMicrosoft.Sql%2Flocations%2F%7BlocationName%7D%2FlongTermRetentionServers%2F%7BlongTermRetentionServerName%7D%2FlongTermRetentionBackups/get/request/parameter/longTermRetentionServerName"
}, {
  "http://a.ml/vocabularies/apiContract#binding": "path",
  "http://a.ml/vocabularies/apiContract#paramName": "policyName",
  "http://a.ml/vocabularies/apiContract#required": "true",
  "http://a.ml/vocabularies/core#description": "The policy name. Should always be Default.",
  "http://a.ml/vocabularies/core#name": "policyName",
  "http://a.ml/vocabularies/document#customDomainProperties": [{
    "http://a.ml/vocabularies/core#extensionName": "ms-enum",
    "http://a.ml/vocabularies/document#definedBy": {
      "http://a.ml/vocabularies/core#name": null,
      "id": "file:///Users/abettati/sandbox/azure-rest-api-specs/specification/sql/resource-manager/Microsoft.Sql/preview/2017-03-01-preview/longTermRetention.json#/web-api/end-points/%2Fsubscriptions%2F%7BsubscriptionId%7D%2FresourceGroups%2F%7BresourceGroupName%7D%2Fproviders%2FMicrosoft.Sql%2Fservers%2F%7BserverName%7D%2Fdatabases%2F%7BdatabaseName%7D%2FbackupLongTermRetentionPolicies%2F%7BpolicyName%7D/get/request/parameter/policyName/ms-enum"
    },
    "http://a.ml/vocabularies/document#extension": {
      "http://a.ml/vocabularies/core#name": null,
      "http://a.ml/vocabularies/data#modelAsString": null,
      "http://a.ml/vocabularies/data#name": null,
      "id": "file:///Users/abettati/sandbox/azure-rest-api-specs/specification/sql/resource-manager/Microsoft.Sql/preview/2017-03-01-preview/longTermRetention.json#/web-api/end-points/%2Fsubscriptions%2F%7BsubscriptionId%7D%2FresourceGroups%2F%7BresourceGroupName%7D%2Fproviders%2FMicrosoft.Sql%2Fservers%2F%7BserverName%7D%2Fdatabases%2F%7BdatabaseName%7D%2FbackupLongTermRetentionPolicies%2F%7BpolicyName%7D/get/request/parameter/policyName/ms-enum/object_1"
    },
    "id": "file:///Users/abettati/sandbox/azure-rest-api-specs/specification/sql/resource-manager/Microsoft.Sql/preview/2017-03-01-preview/longTermRetention.json#/web-api/end-points/%2Fsubscriptions%2F%7BsubscriptionId%7D%2FresourceGroups%2F%7BresourceGroupName%7D%2Fproviders%2FMicrosoft.Sql%2Fservers%2F%7BserverName%7D%2Fdatabases%2F%7BdatabaseName%7D%2FbackupLongTermRetentionPolicies%2F%7BpolicyName%7D/get/request/parameter/policyName/extension/ms-enum"
  }],
  "http://a.ml/vocabularies/shapes#schema": {
    "http://a.ml/vocabularies/core#description": "The policy name. Should always be Default.",
    "http://a.ml/vocabularies/document#customDomainProperties": [{
      "http://a.ml/vocabularies/core#extensionName": null,
      "http://a.ml/vocabularies/document#definedBy": null,
      "http://a.ml/vocabularies/document#extension": null,
      "id": "file:///Users/abettati/sandbox/azure-rest-api-specs/specification/sql/resource-manager/Microsoft.Sql/preview/2017-03-01-preview/longTermRetention.json#/web-api/end-points/%2Fsubscriptions%2F%7BsubscriptionId%7D%2FresourceGroups%2F%7BresourceGroupName%7D%2Fproviders%2FMicrosoft.Sql%2Fservers%2F%7BserverName%7D%2Fdatabases%2F%7BdatabaseName%7D%2FbackupLongTermRetentionPolicies%2F%7BpolicyName%7D/get/request/parameter/policyName/scalar/schema/extension/ms-enum"
    }],
    "http://www.w3.org/ns/shacl#datatype": "http://www.w3.org/2001/XMLSchema#string",
    "http://www.w3.org/ns/shacl#in": [{
      "http://a.ml/vocabularies/core#name": null,
      "http://a.ml/vocabularies/data#value": null,
      "http://www.w3.org/ns/shacl#datatype": null,
      "id": "file:///Users/abettati/sandbox/azure-rest-api-specs/specification/sql/resource-manager/Microsoft.Sql/preview/2017-03-01-preview/longTermRetention.json#/web-api/end-points/%2Fsubscriptions%2F%7BsubscriptionId%7D%2FresourceGroups%2F%7BresourceGroupName%7D%2Fproviders%2FMicrosoft.Sql%2Fservers%2F%7BserverName%7D%2Fdatabases%2F%7BdatabaseName%7D%2FbackupLongTermRetentionPolicies%2F%7BpolicyName%7D/get/request/parameter/policyName/scalar/schema/enum/scalar_1"
    }],
    "http://www.w3.org/ns/shacl#name": "schema",
    "id": "file:///Users/abettati/sandbox/azure-rest-api-specs/specification/sql/resource-manager/Microsoft.Sql/preview/2017-03-01-preview/longTermRetention.json#/web-api/end-points/%2Fsubscriptions%2F%7BsubscriptionId%7D%2FresourceGroups%2F%7BresourceGroupName%7D%2Fproviders%2FMicrosoft.Sql%2Fservers%2F%7BserverName%7D%2Fdatabases%2F%7BdatabaseName%7D%2FbackupLongTermRetentionPolicies%2F%7BpolicyName%7D/get/request/parameter/policyName/scalar/schema"
  },
  "id": "file:///Users/abettati/sandbox/azure-rest-api-specs/specification/sql/resource-manager/Microsoft.Sql/preview/2017-03-01-preview/longTermRetention.json#/web-api/end-points/%2Fsubscriptions%2F%7BsubscriptionId%7D%2FresourceGroups%2F%7BresourceGroupName%7D%2Fproviders%2FMicrosoft.Sql%2Fservers%2F%7BserverName%7D%2Fdatabases%2F%7BdatabaseName%7D%2FbackupLongTermRetentionPolicies%2F%7BpolicyName%7D/get/request/parameter/policyName"
}, {
  "http://a.ml/vocabularies/apiContract#binding": "path",
  "http://a.ml/vocabularies/apiContract#paramName": "policyName",
  "http://a.ml/vocabularies/apiContract#required": "true",
  "http://a.ml/vocabularies/core#description": "The policy name. Should always be Default.",
  "http://a.ml/vocabularies/core#name": "policyName",
  "http://a.ml/vocabularies/document#customDomainProperties": [{
    "http://a.ml/vocabularies/core#extensionName": "ms-enum",
    "http://a.ml/vocabularies/document#definedBy": {
      "http://a.ml/vocabularies/core#name": null,
      "id": "file:///Users/abettati/sandbox/azure-rest-api-specs/specification/sql/resource-manager/Microsoft.Sql/preview/2017-03-01-preview/longTermRetention.json#/web-api/end-points/%2Fsubscriptions%2F%7BsubscriptionId%7D%2FresourceGroups%2F%7BresourceGroupName%7D%2Fproviders%2FMicrosoft.Sql%2Fservers%2F%7BserverName%7D%2Fdatabases%2F%7BdatabaseName%7D%2FbackupLongTermRetentionPolicies%2F%7BpolicyName%7D/put/request/parameter/policyName/ms-enum"
    },
    "http://a.ml/vocabularies/document#extension": {
      "http://a.ml/vocabularies/core#name": null,
      "http://a.ml/vocabularies/data#modelAsString": null,
      "http://a.ml/vocabularies/data#name": null,
      "id": "file:///Users/abettati/sandbox/azure-rest-api-specs/specification/sql/resource-manager/Microsoft.Sql/preview/2017-03-01-preview/longTermRetention.json#/web-api/end-points/%2Fsubscriptions%2F%7BsubscriptionId%7D%2FresourceGroups%2F%7BresourceGroupName%7D%2Fproviders%2FMicrosoft.Sql%2Fservers%2F%7BserverName%7D%2Fdatabases%2F%7BdatabaseName%7D%2FbackupLongTermRetentionPolicies%2F%7BpolicyName%7D/put/request/parameter/policyName/ms-enum/object_1"
    },
    "id": "file:///Users/abettati/sandbox/azure-rest-api-specs/specification/sql/resource-manager/Microsoft.Sql/preview/2017-03-01-preview/longTermRetention.json#/web-api/end-points/%2Fsubscriptions%2F%7BsubscriptionId%7D%2FresourceGroups%2F%7BresourceGroupName%7D%2Fproviders%2FMicrosoft.Sql%2Fservers%2F%7BserverName%7D%2Fdatabases%2F%7BdatabaseName%7D%2FbackupLongTermRetentionPolicies%2F%7BpolicyName%7D/put/request/parameter/policyName/extension/ms-enum"
  }],
  "http://a.ml/vocabularies/shapes#schema": {
    "http://a.ml/vocabularies/core#description": "The policy name. Should always be Default.",
    "http://a.ml/vocabularies/document#customDomainProperties": [{
      "http://a.ml/vocabularies/core#extensionName": null,
      "http://a.ml/vocabularies/document#definedBy": null,
      "http://a.ml/vocabularies/document#extension": null,
      "id": "file:///Users/abettati/sandbox/azure-rest-api-specs/specification/sql/resource-manager/Microsoft.Sql/preview/2017-03-01-preview/longTermRetention.json#/web-api/end-points/%2Fsubscriptions%2F%7BsubscriptionId%7D%2FresourceGroups%2F%7BresourceGroupName%7D%2Fproviders%2FMicrosoft.Sql%2Fservers%2F%7BserverName%7D%2Fdatabases%2F%7BdatabaseName%7D%2FbackupLongTermRetentionPolicies%2F%7BpolicyName%7D/put/request/parameter/policyName/scalar/schema/extension/ms-enum"
    }],
    "http://www.w3.org/ns/shacl#datatype": "http://www.w3.org/2001/XMLSchema#string",
    "http://www.w3.org/ns/shacl#in": [{
      "http://a.ml/vocabularies/core#name": null,
      "http://a.ml/vocabularies/data#value": null,
      "http://www.w3.org/ns/shacl#datatype": null,
      "id": "file:///Users/abettati/sandbox/azure-rest-api-specs/specification/sql/resource-manager/Microsoft.Sql/preview/2017-03-01-preview/longTermRetention.json#/web-api/end-points/%2Fsubscriptions%2F%7BsubscriptionId%7D%2FresourceGroups%2F%7BresourceGroupName%7D%2Fproviders%2FMicrosoft.Sql%2Fservers%2F%7BserverName%7D%2Fdatabases%2F%7BdatabaseName%7D%2FbackupLongTermRetentionPolicies%2F%7BpolicyName%7D/put/request/parameter/policyName/scalar/schema/enum/scalar_1"
    }],
    "http://www.w3.org/ns/shacl#name": "schema",
    "id": "file:///Users/abettati/sandbox/azure-rest-api-specs/specification/sql/resource-manager/Microsoft.Sql/preview/2017-03-01-preview/longTermRetention.json#/web-api/end-points/%2Fsubscriptions%2F%7BsubscriptionId%7D%2FresourceGroups%2F%7BresourceGroupName%7D%2Fproviders%2FMicrosoft.Sql%2Fservers%2F%7BserverName%7D%2Fdatabases%2F%7BdatabaseName%7D%2FbackupLongTermRetentionPolicies%2F%7BpolicyName%7D/put/request/parameter/policyName/scalar/schema"
  },
  "id": "file:///Users/abettati/sandbox/azure-rest-api-specs/specification/sql/resource-manager/Microsoft.Sql/preview/2017-03-01-preview/longTermRetention.json#/web-api/end-points/%2Fsubscriptions%2F%7BsubscriptionId%7D%2FresourceGroups%2F%7BresourceGroupName%7D%2Fproviders%2FMicrosoft.Sql%2Fservers%2F%7BserverName%7D%2Fdatabases%2F%7BdatabaseName%7D%2FbackupLongTermRetentionPolicies%2F%7BpolicyName%7D/put/request/parameter/policyName"
}]