[{
  "http://a.ml/vocabularies/apiContract#binding": "path",
  "http://a.ml/vocabularies/apiContract#paramName": "managementGroupId",
  "http://a.ml/vocabularies/apiContract#required": "true",
  "http://a.ml/vocabularies/core#description": "The ID of the management group.",
  "http://a.ml/vocabularies/core#name": "ManagementGroupIdParameter",
  "http://a.ml/vocabularies/document#customDomainProperties": [{
    "http://a.ml/vocabularies/core#extensionName": "ms-parameter-location",
    "http://a.ml/vocabularies/document#definedBy": {
      "http://a.ml/vocabularies/core#name": null,
      "id": "file:///Users/abettati/sandbox/azure-rest-api-specs/specification/resources/resource-manager/Microsoft.Authorization/preview/2020-07-01-preview/policyExemptions.json#/declarations/parameters/parameter/ManagementGroupIdParameter/ms-parameter-location"
    },
    "http://a.ml/vocabularies/document#extension": {
      "http://a.ml/vocabularies/core#name": null,
      "http://a.ml/vocabularies/data#value": null,
      "http://www.w3.org/ns/shacl#datatype": null,
      "id": "file:///Users/abettati/sandbox/azure-rest-api-specs/specification/resources/resource-manager/Microsoft.Authorization/preview/2020-07-01-preview/policyExemptions.json#/declarations/parameters/parameter/ManagementGroupIdParameter/ms-parameter-location/scalar_1"
    },
    "id": "file:///Users/abettati/sandbox/azure-rest-api-specs/specification/resources/resource-manager/Microsoft.Authorization/preview/2020-07-01-preview/policyExemptions.json#/declarations/parameters/parameter/ManagementGroupIdParameter/extension/ms-parameter-location"
  }],
  "http://a.ml/vocabularies/shapes#schema": {
    "http://a.ml/vocabularies/core#description": "The ID of the management group.",
    "http://a.ml/vocabularies/document#customDomainProperties": [{
      "http://a.ml/vocabularies/core#extensionName": null,
      "http://a.ml/vocabularies/document#definedBy": null,
      "http://a.ml/vocabularies/document#extension": null,
      "id": "file:///Users/abettati/sandbox/azure-rest-api-specs/specification/resources/resource-manager/Microsoft.Authorization/preview/2020-07-01-preview/policyExemptions.json#/declarations/parameters/parameter/ManagementGroupIdParameter/scalar/schema/extension/ms-parameter-location"
    }],
    "http://www.w3.org/ns/shacl#datatype": "http://www.w3.org/2001/XMLSchema#string",
    "http://www.w3.org/ns/shacl#name": "schema",
    "id": "file:///Users/abettati/sandbox/azure-rest-api-specs/specification/resources/resource-manager/Microsoft.Authorization/preview/2020-07-01-preview/policyExemptions.json#/declarations/parameters/parameter/ManagementGroupIdParameter/scalar/schema"
  },
  "id": "file:///Users/abettati/sandbox/azure-rest-api-specs/specification/resources/resource-manager/Microsoft.Authorization/preview/2020-07-01-preview/policyExemptions.json#/declarations/parameters/parameter/ManagementGroupIdParameter"
}, {
  "http://a.ml/vocabularies/apiContract#binding": "query",
  "http://a.ml/vocabularies/apiContract#paramName": "api-version",
  "http://a.ml/vocabularies/apiContract#required": "true",
  "http://a.ml/vocabularies/core#description": "The API version to use for the operation.",
  "http://a.ml/vocabularies/core#name": "ApiVersionParameter",
  "http://a.ml/vocabularies/document#customDomainProperties": [{
    "http://a.ml/vocabularies/core#extensionName": "ms-parameter-location",
    "http://a.ml/vocabularies/document#definedBy": {
      "http://a.ml/vocabularies/core#name": null,
      "id": "file:///Users/abettati/sandbox/azure-rest-api-specs/specification/resources/resource-manager/Microsoft.Authorization/preview/2020-07-01-preview/policyExemptions.json#/declarations/parameters/parameter/ApiVersionParameter/ms-parameter-location"
    },
    "http://a.ml/vocabularies/document#extension": {
      "http://a.ml/vocabularies/core#name": null,
      "http://a.ml/vocabularies/data#value": null,
      "http://www.w3.org/ns/shacl#datatype": null,
      "id": "file:///Users/abettati/sandbox/azure-rest-api-specs/specification/resources/resource-manager/Microsoft.Authorization/preview/2020-07-01-preview/policyExemptions.json#/declarations/parameters/parameter/ApiVersionParameter/ms-parameter-location/scalar_1"
    },
    "id": "file:///Users/abettati/sandbox/azure-rest-api-specs/specification/resources/resource-manager/Microsoft.Authorization/preview/2020-07-01-preview/policyExemptions.json#/declarations/parameters/parameter/ApiVersionParameter/extension/ms-parameter-location"
  }],
  "http://a.ml/vocabularies/shapes#schema": {
    "http://a.ml/vocabularies/core#description": "The API version to use for the operation.",
    "http://a.ml/vocabularies/document#customDomainProperties": [{
      "http://a.ml/vocabularies/core#extensionName": null,
      "http://a.ml/vocabularies/document#definedBy": null,
      "http://a.ml/vocabularies/document#extension": null,
      "id": "file:///Users/abettati/sandbox/azure-rest-api-specs/specification/resources/resource-manager/Microsoft.Authorization/preview/2020-07-01-preview/policyExemptions.json#/declarations/parameters/parameter/ApiVersionParameter/scalar/schema/extension/ms-parameter-location"
    }],
    "http://www.w3.org/ns/shacl#datatype": "http://www.w3.org/2001/XMLSchema#string",
    "http://www.w3.org/ns/shacl#name": "schema",
    "id": "file:///Users/abettati/sandbox/azure-rest-api-specs/specification/resources/resource-manager/Microsoft.Authorization/preview/2020-07-01-preview/policyExemptions.json#/declarations/parameters/parameter/ApiVersionParameter/scalar/schema"
  },
  "id": "file:///Users/abettati/sandbox/azure-rest-api-specs/specification/resources/resource-manager/Microsoft.Authorization/preview/2020-07-01-preview/policyExemptions.json#/declarations/parameters/parameter/ApiVersionParameter"
}, {
  "http://a.ml/vocabularies/apiContract#binding": "path",
  "http://a.ml/vocabularies/apiContract#paramName": "subscriptionId",
  "http://a.ml/vocabularies/apiContract#required": "true",
  "http://a.ml/vocabularies/core#description": "The ID of the target subscription.",
  "http://a.ml/vocabularies/core#name": "SubscriptionIdParameter",
  "http://a.ml/vocabularies/document#customDomainProperties": [{
    "http://a.ml/vocabularies/core#extensionName": "ms-parameter-location",
    "http://a.ml/vocabularies/document#definedBy": {
      "http://a.ml/vocabularies/core#name": null,
      "id": "file:///Users/abettati/sandbox/azure-rest-api-specs/specification/resources/resource-manager/Microsoft.Authorization/preview/2020-07-01-preview/policyExemptions.json#/declarations/parameters/parameter/SubscriptionIdParameter/ms-parameter-location"
    },
    "http://a.ml/vocabularies/document#extension": {
      "http://a.ml/vocabularies/core#name": null,
      "http://a.ml/vocabularies/data#value": null,
      "http://www.w3.org/ns/shacl#datatype": null,
      "id": "file:///Users/abettati/sandbox/azure-rest-api-specs/specification/resources/resource-manager/Microsoft.Authorization/preview/2020-07-01-preview/policyExemptions.json#/declarations/parameters/parameter/SubscriptionIdParameter/ms-parameter-location/scalar_1"
    },
    "id": "file:///Users/abettati/sandbox/azure-rest-api-specs/specification/resources/resource-manager/Microsoft.Authorization/preview/2020-07-01-preview/policyExemptions.json#/declarations/parameters/parameter/SubscriptionIdParameter/extension/ms-parameter-location"
  }],
  "http://a.ml/vocabularies/shapes#schema": {
    "http://a.ml/vocabularies/core#description": "The ID of the target subscription.",
    "http://a.ml/vocabularies/document#customDomainProperties": [{
      "http://a.ml/vocabularies/core#extensionName": null,
      "http://a.ml/vocabularies/document#definedBy": null,
      "http://a.ml/vocabularies/document#extension": null,
      "id": "file:///Users/abettati/sandbox/azure-rest-api-specs/specification/resources/resource-manager/Microsoft.Authorization/preview/2020-07-01-preview/policyExemptions.json#/declarations/parameters/parameter/SubscriptionIdParameter/scalar/schema/extension/ms-parameter-location"
    }],
    "http://www.w3.org/ns/shacl#datatype": "http://www.w3.org/2001/XMLSchema#string",
    "http://www.w3.org/ns/shacl#name": "schema",
    "id": "file:///Users/abettati/sandbox/azure-rest-api-specs/specification/resources/resource-manager/Microsoft.Authorization/preview/2020-07-01-preview/policyExemptions.json#/declarations/parameters/parameter/SubscriptionIdParameter/scalar/schema"
  },
  "id": "file:///Users/abettati/sandbox/azure-rest-api-specs/specification/resources/resource-manager/Microsoft.Authorization/preview/2020-07-01-preview/policyExemptions.json#/declarations/parameters/parameter/SubscriptionIdParameter"
}, {
  "http://a.ml/vocabularies/apiContract#binding": "path",
  "http://a.ml/vocabularies/apiContract#paramName": "scope",
  "http://a.ml/vocabularies/apiContract#required": "true",
  "http://a.ml/vocabularies/core#description": "The scope of the policy exemption. Valid scopes are: management group (format: '/providers/Microsoft.Management/managementGroups/{managementGroup}'), subscription (format: '/subscriptions/{subscriptionId}'), resource group (format: '/subscriptions/{subscriptionId}/resourceGroups/{resourceGroupName}', or resource (format: '/subscriptions/{subscriptionId}/resourceGroups/{resourceGroupName}/providers/{resourceProviderNamespace}/[{parentResourcePath}/]{resourceType}/{resourceName}'",
  "http://a.ml/vocabularies/core#name": "ScopeParameter",
  "http://a.ml/vocabularies/document#customDomainProperties": [{
    "http://a.ml/vocabularies/core#extensionName": "ms-parameter-location",
    "http://a.ml/vocabularies/document#definedBy": {
      "http://a.ml/vocabularies/core#name": null,
      "id": "file:///Users/abettati/sandbox/azure-rest-api-specs/specification/resources/resource-manager/Microsoft.Authorization/preview/2020-07-01-preview/policyExemptions.json#/declarations/parameters/parameter/ScopeParameter/ms-parameter-location"
    },
    "http://a.ml/vocabularies/document#extension": {
      "http://a.ml/vocabularies/core#name": null,
      "http://a.ml/vocabularies/data#value": null,
      "http://www.w3.org/ns/shacl#datatype": null,
      "id": "file:///Users/abettati/sandbox/azure-rest-api-specs/specification/resources/resource-manager/Microsoft.Authorization/preview/2020-07-01-preview/policyExemptions.json#/declarations/parameters/parameter/ScopeParameter/ms-parameter-location/scalar_1"
    },
    "id": "file:///Users/abettati/sandbox/azure-rest-api-specs/specification/resources/resource-manager/Microsoft.Authorization/preview/2020-07-01-preview/policyExemptions.json#/declarations/parameters/parameter/ScopeParameter/extension/ms-parameter-location"
  }, {
    "http://a.ml/vocabularies/core#extensionName": "ms-skip-url-encoding",
    "http://a.ml/vocabularies/document#definedBy": {
      "http://a.ml/vocabularies/core#name": null,
      "id": "file:///Users/abettati/sandbox/azure-rest-api-specs/specification/resources/resource-manager/Microsoft.Authorization/preview/2020-07-01-preview/policyExemptions.json#/declarations/parameters/parameter/ScopeParameter/ms-skip-url-encoding"
    },
    "http://a.ml/vocabularies/document#extension": {
      "http://a.ml/vocabularies/core#name": null,
      "http://a.ml/vocabularies/data#value": null,
      "http://www.w3.org/ns/shacl#datatype": null,
      "id": "file:///Users/abettati/sandbox/azure-rest-api-specs/specification/resources/resource-manager/Microsoft.Authorization/preview/2020-07-01-preview/policyExemptions.json#/declarations/parameters/parameter/ScopeParameter/ms-skip-url-encoding/scalar_1"
    },
    "id": "file:///Users/abettati/sandbox/azure-rest-api-specs/specification/resources/resource-manager/Microsoft.Authorization/preview/2020-07-01-preview/policyExemptions.json#/declarations/parameters/parameter/ScopeParameter/extension/ms-skip-url-encoding"
  }],
  "http://a.ml/vocabularies/shapes#schema": {
    "http://a.ml/vocabularies/core#description": "The scope of the policy exemption. Valid scopes are: management group (format: '/providers/Microsoft.Management/managementGroups/{managementGroup}'), subscription (format: '/subscriptions/{subscriptionId}'), resource group (format: '/subscriptions/{subscriptionId}/resourceGroups/{resourceGroupName}', or resource (format: '/subscriptions/{subscriptionId}/resourceGroups/{resourceGroupName}/providers/{resourceProviderNamespace}/[{parentResourcePath}/]{resourceType}/{resourceName}'",
    "http://a.ml/vocabularies/document#customDomainProperties": [{
      "http://a.ml/vocabularies/core#extensionName": null,
      "http://a.ml/vocabularies/document#definedBy": null,
      "http://a.ml/vocabularies/document#extension": null,
      "id": "file:///Users/abettati/sandbox/azure-rest-api-specs/specification/resources/resource-manager/Microsoft.Authorization/preview/2020-07-01-preview/policyExemptions.json#/declarations/parameters/parameter/ScopeParameter/scalar/schema/extension/ms-parameter-location"
    }, {
      "http://a.ml/vocabularies/core#extensionName": null,
      "http://a.ml/vocabularies/document#definedBy": null,
      "http://a.ml/vocabularies/document#extension": null,
      "id": "file:///Users/abettati/sandbox/azure-rest-api-specs/specification/resources/resource-manager/Microsoft.Authorization/preview/2020-07-01-preview/policyExemptions.json#/declarations/parameters/parameter/ScopeParameter/scalar/schema/extension/ms-skip-url-encoding"
    }],
    "http://www.w3.org/ns/shacl#datatype": "http://www.w3.org/2001/XMLSchema#string",
    "http://www.w3.org/ns/shacl#name": "schema",
    "id": "file:///Users/abettati/sandbox/azure-rest-api-specs/specification/resources/resource-manager/Microsoft.Authorization/preview/2020-07-01-preview/policyExemptions.json#/declarations/parameters/parameter/ScopeParameter/scalar/schema"
  },
  "id": "file:///Users/abettati/sandbox/azure-rest-api-specs/specification/resources/resource-manager/Microsoft.Authorization/preview/2020-07-01-preview/policyExemptions.json#/declarations/parameters/parameter/ScopeParameter"
}, {
  "http://a.ml/vocabularies/apiContract#binding": "path",
  "http://a.ml/vocabularies/apiContract#paramName": "policyExemptionName",
  "http://a.ml/vocabularies/apiContract#required": "true",
  "http://a.ml/vocabularies/core#description": "The name of the policy exemption to delete.",
  "http://a.ml/vocabularies/core#name": "PolicyExemptionNameParameter",
  "http://a.ml/vocabularies/document#customDomainProperties": [{
    "http://a.ml/vocabularies/core#extensionName": "ms-parameter-location",
    "http://a.ml/vocabularies/document#definedBy": {
      "http://a.ml/vocabularies/core#name": null,
      "id": "file:///Users/abettati/sandbox/azure-rest-api-specs/specification/resources/resource-manager/Microsoft.Authorization/preview/2020-07-01-preview/policyExemptions.json#/declarations/parameters/parameter/PolicyExemptionNameParameter/ms-parameter-location"
    },
    "http://a.ml/vocabularies/document#extension": {
      "http://a.ml/vocabularies/core#name": null,
      "http://a.ml/vocabularies/data#value": null,
      "http://www.w3.org/ns/shacl#datatype": null,
      "id": "file:///Users/abettati/sandbox/azure-rest-api-specs/specification/resources/resource-manager/Microsoft.Authorization/preview/2020-07-01-preview/policyExemptions.json#/declarations/parameters/parameter/PolicyExemptionNameParameter/ms-parameter-location/scalar_1"
    },
    "id": "file:///Users/abettati/sandbox/azure-rest-api-specs/specification/resources/resource-manager/Microsoft.Authorization/preview/2020-07-01-preview/policyExemptions.json#/declarations/parameters/parameter/PolicyExemptionNameParameter/extension/ms-parameter-location"
  }],
  "http://a.ml/vocabularies/shapes#schema": {
    "http://a.ml/vocabularies/core#description": "The name of the policy exemption to delete.",
    "http://a.ml/vocabularies/document#customDomainProperties": [{
      "http://a.ml/vocabularies/core#extensionName": null,
      "http://a.ml/vocabularies/document#definedBy": null,
      "http://a.ml/vocabularies/document#extension": null,
      "id": "file:///Users/abettati/sandbox/azure-rest-api-specs/specification/resources/resource-manager/Microsoft.Authorization/preview/2020-07-01-preview/policyExemptions.json#/declarations/parameters/parameter/PolicyExemptionNameParameter/scalar/schema/extension/ms-parameter-location"
    }],
    "http://www.w3.org/ns/shacl#datatype": "http://www.w3.org/2001/XMLSchema#string",
    "http://www.w3.org/ns/shacl#name": "schema",
    "id": "file:///Users/abettati/sandbox/azure-rest-api-specs/specification/resources/resource-manager/Microsoft.Authorization/preview/2020-07-01-preview/policyExemptions.json#/declarations/parameters/parameter/PolicyExemptionNameParameter/scalar/schema"
  },
  "id": "file:///Users/abettati/sandbox/azure-rest-api-specs/specification/resources/resource-manager/Microsoft.Authorization/preview/2020-07-01-preview/policyExemptions.json#/declarations/parameters/parameter/PolicyExemptionNameParameter"
}, {
  "http://a.ml/vocabularies/apiContract#binding": "query",
  "http://a.ml/vocabularies/apiContract#paramName": "$filter",
  "http://a.ml/vocabularies/apiContract#required": "false",
  "http://a.ml/vocabularies/core#description": "The filter to apply on the operation. Valid values for $filter are: 'atScope()', 'atExactScope()', 'excludeExpired()' or 'policyAssignmentId eq '{value}''. If $filter is not provided, no filtering is performed. If $filter is not provided, the unfiltered list includes all policy exemptions associated with the scope, including those that apply directly or apply from containing scopes. If $filter=atScope() is provided, the returned list only includes all policy exemptions that apply to the scope, which is everything in the unfiltered list except those applied to sub scopes contained within the given scope. If $filter=atExactScope() is provided, the returned list only includes all policy exemptions that at the given scope. If $filter=excludeExpired() is provided, the returned list only includes all policy exemptions that either haven't expired or didn't set expiration date. If $filter=policyAssignmentId eq '{value}' is provided. the returned list only includes all policy exemptions that are associated with the give policyAssignmentId.",
  "http://a.ml/vocabularies/core#name": "PolicyExemptionFilterParameter",
  "http://a.ml/vocabularies/document#customDomainProperties": [{
    "http://a.ml/vocabularies/core#extensionName": "ms-skip-url-encoding",
    "http://a.ml/vocabularies/document#definedBy": {
      "http://a.ml/vocabularies/core#name": null,
      "id": "file:///Users/abettati/sandbox/azure-rest-api-specs/specification/resources/resource-manager/Microsoft.Authorization/preview/2020-07-01-preview/policyExemptions.json#/declarations/parameters/parameter/PolicyExemptionFilterParameter/ms-skip-url-encoding"
    },
    "http://a.ml/vocabularies/document#extension": {
      "http://a.ml/vocabularies/core#name": null,
      "http://a.ml/vocabularies/data#value": null,
      "http://www.w3.org/ns/shacl#datatype": null,
      "id": "file:///Users/abettati/sandbox/azure-rest-api-specs/specification/resources/resource-manager/Microsoft.Authorization/preview/2020-07-01-preview/policyExemptions.json#/declarations/parameters/parameter/PolicyExemptionFilterParameter/ms-skip-url-encoding/scalar_1"
    },
    "id": "file:///Users/abettati/sandbox/azure-rest-api-specs/specification/resources/resource-manager/Microsoft.Authorization/preview/2020-07-01-preview/policyExemptions.json#/declarations/parameters/parameter/PolicyExemptionFilterParameter/extension/ms-skip-url-encoding"
  }, {
    "http://a.ml/vocabularies/core#extensionName": "ms-parameter-location",
    "http://a.ml/vocabularies/document#definedBy": {
      "http://a.ml/vocabularies/core#name": null,
      "id": "file:///Users/abettati/sandbox/azure-rest-api-specs/specification/resources/resource-manager/Microsoft.Authorization/preview/2020-07-01-preview/policyExemptions.json#/declarations/parameters/parameter/PolicyExemptionFilterParameter/ms-parameter-location"
    },
    "http://a.ml/vocabularies/document#extension": {
      "http://a.ml/vocabularies/core#name": null,
      "http://a.ml/vocabularies/data#value": null,
      "http://www.w3.org/ns/shacl#datatype": null,
      "id": "file:///Users/abettati/sandbox/azure-rest-api-specs/specification/resources/resource-manager/Microsoft.Authorization/preview/2020-07-01-preview/policyExemptions.json#/declarations/parameters/parameter/PolicyExemptionFilterParameter/ms-parameter-location/scalar_1"
    },
    "id": "file:///Users/abettati/sandbox/azure-rest-api-specs/specification/resources/resource-manager/Microsoft.Authorization/preview/2020-07-01-preview/policyExemptions.json#/declarations/parameters/parameter/PolicyExemptionFilterParameter/extension/ms-parameter-location"
  }],
  "http://a.ml/vocabularies/shapes#schema": {
    "http://a.ml/vocabularies/core#description": "The filter to apply on the operation. Valid values for $filter are: 'atScope()', 'atExactScope()', 'excludeExpired()' or 'policyAssignmentId eq '{value}''. If $filter is not provided, no filtering is performed. If $filter is not provided, the unfiltered list includes all policy exemptions associated with the scope, including those that apply directly or apply from containing scopes. If $filter=atScope() is provided, the returned list only includes all policy exemptions that apply to the scope, which is everything in the unfiltered list except those applied to sub scopes contained within the given scope. If $filter=atExactScope() is provided, the returned list only includes all policy exemptions that at the given scope. If $filter=excludeExpired() is provided, the returned list only includes all policy exemptions that either haven't expired or didn't set expiration date. If $filter=policyAssignmentId eq '{value}' is provided. the returned list only includes all policy exemptions that are associated with the give policyAssignmentId.",
    "http://a.ml/vocabularies/document#customDomainProperties": [{
      "http://a.ml/vocabularies/core#extensionName": null,
      "http://a.ml/vocabularies/document#definedBy": null,
      "http://a.ml/vocabularies/document#extension": null,
      "id": "file:///Users/abettati/sandbox/azure-rest-api-specs/specification/resources/resource-manager/Microsoft.Authorization/preview/2020-07-01-preview/policyExemptions.json#/declarations/parameters/parameter/PolicyExemptionFilterParameter/scalar/schema/extension/ms-skip-url-encoding"
    }, {
      "http://a.ml/vocabularies/core#extensionName": null,
      "http://a.ml/vocabularies/document#definedBy": null,
      "http://a.ml/vocabularies/document#extension": null,
      "id": "file:///Users/abettati/sandbox/azure-rest-api-specs/specification/resources/resource-manager/Microsoft.Authorization/preview/2020-07-01-preview/policyExemptions.json#/declarations/parameters/parameter/PolicyExemptionFilterParameter/scalar/schema/extension/ms-parameter-location"
    }],
    "http://www.w3.org/ns/shacl#datatype": "http://www.w3.org/2001/XMLSchema#string",
    "http://www.w3.org/ns/shacl#name": "schema",
    "id": "file:///Users/abettati/sandbox/azure-rest-api-specs/specification/resources/resource-manager/Microsoft.Authorization/preview/2020-07-01-preview/policyExemptions.json#/declarations/parameters/parameter/PolicyExemptionFilterParameter/scalar/schema"
  },
  "id": "file:///Users/abettati/sandbox/azure-rest-api-specs/specification/resources/resource-manager/Microsoft.Authorization/preview/2020-07-01-preview/policyExemptions.json#/declarations/parameters/parameter/PolicyExemptionFilterParameter"
}, {
  "http://a.ml/vocabularies/apiContract#binding": "path",
  "http://a.ml/vocabularies/apiContract#paramName": "resourceGroupName",
  "http://a.ml/vocabularies/apiContract#required": "true",
  "http://a.ml/vocabularies/core#description": "The name of the resource group containing the resource.",
  "http://a.ml/vocabularies/core#name": "ResourceGroupNameParameter",
  "http://a.ml/vocabularies/document#customDomainProperties": [{
    "http://a.ml/vocabularies/core#extensionName": "ms-parameter-location",
    "http://a.ml/vocabularies/document#definedBy": {
      "http://a.ml/vocabularies/core#name": null,
      "id": "file:///Users/abettati/sandbox/azure-rest-api-specs/specification/resources/resource-manager/Microsoft.Authorization/preview/2020-07-01-preview/policyExemptions.json#/declarations/parameters/parameter/ResourceGroupNameParameter/ms-parameter-location"
    },
    "http://a.ml/vocabularies/document#extension": {
      "http://a.ml/vocabularies/core#name": null,
      "http://a.ml/vocabularies/data#value": null,
      "http://www.w3.org/ns/shacl#datatype": null,
      "id": "file:///Users/abettati/sandbox/azure-rest-api-specs/specification/resources/resource-manager/Microsoft.Authorization/preview/2020-07-01-preview/policyExemptions.json#/declarations/parameters/parameter/ResourceGroupNameParameter/ms-parameter-location/scalar_1"
    },
    "id": "file:///Users/abettati/sandbox/azure-rest-api-specs/specification/resources/resource-manager/Microsoft.Authorization/preview/2020-07-01-preview/policyExemptions.json#/declarations/parameters/parameter/ResourceGroupNameParameter/extension/ms-parameter-location"
  }],
  "http://a.ml/vocabularies/shapes#schema": {
    "http://a.ml/vocabularies/core#description": "The name of the resource group containing the resource.",
    "http://a.ml/vocabularies/document#customDomainProperties": [{
      "http://a.ml/vocabularies/core#extensionName": null,
      "http://a.ml/vocabularies/document#definedBy": null,
      "http://a.ml/vocabularies/document#extension": null,
      "id": "file:///Users/abettati/sandbox/azure-rest-api-specs/specification/resources/resource-manager/Microsoft.Authorization/preview/2020-07-01-preview/policyExemptions.json#/declarations/parameters/parameter/ResourceGroupNameParameter/scalar/schema/extension/ms-parameter-location"
    }],
    "http://www.w3.org/ns/shacl#datatype": "http://www.w3.org/2001/XMLSchema#string",
    "http://www.w3.org/ns/shacl#maxLength": "90",
    "http://www.w3.org/ns/shacl#minLength": "1",
    "http://www.w3.org/ns/shacl#name": "schema",
    "http://www.w3.org/ns/shacl#pattern": "^[-\\w\\._\\(\\)]+$",
    "id": "file:///Users/abettati/sandbox/azure-rest-api-specs/specification/resources/resource-manager/Microsoft.Authorization/preview/2020-07-01-preview/policyExemptions.json#/declarations/parameters/parameter/ResourceGroupNameParameter/scalar/schema"
  },
  "id": "file:///Users/abettati/sandbox/azure-rest-api-specs/specification/resources/resource-manager/Microsoft.Authorization/preview/2020-07-01-preview/policyExemptions.json#/declarations/parameters/parameter/ResourceGroupNameParameter"
}, {
  "http://a.ml/vocabularies/apiContract#binding": "path",
  "http://a.ml/vocabularies/apiContract#paramName": "parentResourcePath",
  "http://a.ml/vocabularies/apiContract#required": "true",
  "http://a.ml/vocabularies/core#description": "The parent resource path. Use empty string if there is none.",
  "http://a.ml/vocabularies/core#name": "parentResourcePath",
  "http://a.ml/vocabularies/document#customDomainProperties": [{
    "http://a.ml/vocabularies/core#extensionName": "ms-skip-url-encoding",
    "http://a.ml/vocabularies/document#definedBy": {
      "http://a.ml/vocabularies/core#name": null,
      "id": "file:///Users/abettati/sandbox/azure-rest-api-specs/specification/resources/resource-manager/Microsoft.Authorization/preview/2020-07-01-preview/policyExemptions.json#/web-api/end-points/%2Fsubscriptions%2F%7BsubscriptionId%7D%2FresourceGroups%2F%7BresourceGroupName%7D%2Fproviders%2F%7BresourceProviderNamespace%7D%2F%7BparentResourcePath%7D%2F%7BresourceType%7D%2F%7BresourceName%7D%2Fproviders%2FMicrosoft.Authorization%2FpolicyExemptions/get/request/parameter/parentResourcePath/ms-skip-url-encoding"
    },
    "http://a.ml/vocabularies/document#extension": {
      "http://a.ml/vocabularies/core#name": null,
      "http://a.ml/vocabularies/data#value": null,
      "http://www.w3.org/ns/shacl#datatype": null,
      "id": "file:///Users/abettati/sandbox/azure-rest-api-specs/specification/resources/resource-manager/Microsoft.Authorization/preview/2020-07-01-preview/policyExemptions.json#/web-api/end-points/%2Fsubscriptions%2F%7BsubscriptionId%7D%2FresourceGroups%2F%7BresourceGroupName%7D%2Fproviders%2F%7BresourceProviderNamespace%7D%2F%7BparentResourcePath%7D%2F%7BresourceType%7D%2F%7BresourceName%7D%2Fproviders%2FMicrosoft.Authorization%2FpolicyExemptions/get/request/parameter/parentResourcePath/ms-skip-url-encoding/scalar_1"
    },
    "id": "file:///Users/abettati/sandbox/azure-rest-api-specs/specification/resources/resource-manager/Microsoft.Authorization/preview/2020-07-01-preview/policyExemptions.json#/web-api/end-points/%2Fsubscriptions%2F%7BsubscriptionId%7D%2FresourceGroups%2F%7BresourceGroupName%7D%2Fproviders%2F%7BresourceProviderNamespace%7D%2F%7BparentResourcePath%7D%2F%7BresourceType%7D%2F%7BresourceName%7D%2Fproviders%2FMicrosoft.Authorization%2FpolicyExemptions/get/request/parameter/parentResourcePath/extension/ms-skip-url-encoding"
  }],
  "http://a.ml/vocabularies/shapes#schema": {
    "http://a.ml/vocabularies/core#description": "The parent resource path. Use empty string if there is none.",
    "http://a.ml/vocabularies/document#customDomainProperties": [{
      "http://a.ml/vocabularies/core#extensionName": null,
      "http://a.ml/vocabularies/document#definedBy": null,
      "http://a.ml/vocabularies/document#extension": null,
      "id": "file:///Users/abettati/sandbox/azure-rest-api-specs/specification/resources/resource-manager/Microsoft.Authorization/preview/2020-07-01-preview/policyExemptions.json#/web-api/end-points/%2Fsubscriptions%2F%7BsubscriptionId%7D%2FresourceGroups%2F%7BresourceGroupName%7D%2Fproviders%2F%7BresourceProviderNamespace%7D%2F%7BparentResourcePath%7D%2F%7BresourceType%7D%2F%7BresourceName%7D%2Fproviders%2FMicrosoft.Authorization%2FpolicyExemptions/get/request/parameter/parentResourcePath/scalar/schema/extension/ms-skip-url-encoding"
    }],
    "http://www.w3.org/ns/shacl#datatype": "http://www.w3.org/2001/XMLSchema#string",
    "http://www.w3.org/ns/shacl#name": "schema",
    "id": "file:///Users/abettati/sandbox/azure-rest-api-specs/specification/resources/resource-manager/Microsoft.Authorization/preview/2020-07-01-preview/policyExemptions.json#/web-api/end-points/%2Fsubscriptions%2F%7BsubscriptionId%7D%2FresourceGroups%2F%7BresourceGroupName%7D%2Fproviders%2F%7BresourceProviderNamespace%7D%2F%7BparentResourcePath%7D%2F%7BresourceType%7D%2F%7BresourceName%7D%2Fproviders%2FMicrosoft.Authorization%2FpolicyExemptions/get/request/parameter/parentResourcePath/scalar/schema"
  },
  "id": "file:///Users/abettati/sandbox/azure-rest-api-specs/specification/resources/resource-manager/Microsoft.Authorization/preview/2020-07-01-preview/policyExemptions.json#/web-api/end-points/%2Fsubscriptions%2F%7BsubscriptionId%7D%2FresourceGroups%2F%7BresourceGroupName%7D%2Fproviders%2F%7BresourceProviderNamespace%7D%2F%7BparentResourcePath%7D%2F%7BresourceType%7D%2F%7BresourceName%7D%2Fproviders%2FMicrosoft.Authorization%2FpolicyExemptions/get/request/parameter/parentResourcePath"
}, {
  "http://a.ml/vocabularies/apiContract#binding": "path",
  "http://a.ml/vocabularies/apiContract#paramName": "resourceType",
  "http://a.ml/vocabularies/apiContract#required": "true",
  "http://a.ml/vocabularies/core#description": "The resource type name. For example the type name of a web app is 'sites' (from Microsoft.Web/sites).",
  "http://a.ml/vocabularies/core#name": "resourceType",
  "http://a.ml/vocabularies/document#customDomainProperties": [{
    "http://a.ml/vocabularies/core#extensionName": "ms-skip-url-encoding",
    "http://a.ml/vocabularies/document#definedBy": {
      "http://a.ml/vocabularies/core#name": null,
      "id": "file:///Users/abettati/sandbox/azure-rest-api-specs/specification/resources/resource-manager/Microsoft.Authorization/preview/2020-07-01-preview/policyExemptions.json#/web-api/end-points/%2Fsubscriptions%2F%7BsubscriptionId%7D%2FresourceGroups%2F%7BresourceGroupName%7D%2Fproviders%2F%7BresourceProviderNamespace%7D%2F%7BparentResourcePath%7D%2F%7BresourceType%7D%2F%7BresourceName%7D%2Fproviders%2FMicrosoft.Authorization%2FpolicyExemptions/get/request/parameter/resourceType/ms-skip-url-encoding"
    },
    "http://a.ml/vocabularies/document#extension": {
      "http://a.ml/vocabularies/core#name": null,
      "http://a.ml/vocabularies/data#value": null,
      "http://www.w3.org/ns/shacl#datatype": null,
      "id": "file:///Users/abettati/sandbox/azure-rest-api-specs/specification/resources/resource-manager/Microsoft.Authorization/preview/2020-07-01-preview/policyExemptions.json#/web-api/end-points/%2Fsubscriptions%2F%7BsubscriptionId%7D%2FresourceGroups%2F%7BresourceGroupName%7D%2Fproviders%2F%7BresourceProviderNamespace%7D%2F%7BparentResourcePath%7D%2F%7BresourceType%7D%2F%7BresourceName%7D%2Fproviders%2FMicrosoft.Authorization%2FpolicyExemptions/get/request/parameter/resourceType/ms-skip-url-encoding/scalar_1"
    },
    "id": "file:///Users/abettati/sandbox/azure-rest-api-specs/specification/resources/resource-manager/Microsoft.Authorization/preview/2020-07-01-preview/policyExemptions.json#/web-api/end-points/%2Fsubscriptions%2F%7BsubscriptionId%7D%2FresourceGroups%2F%7BresourceGroupName%7D%2Fproviders%2F%7BresourceProviderNamespace%7D%2F%7BparentResourcePath%7D%2F%7BresourceType%7D%2F%7BresourceName%7D%2Fproviders%2FMicrosoft.Authorization%2FpolicyExemptions/get/request/parameter/resourceType/extension/ms-skip-url-encoding"
  }],
  "http://a.ml/vocabularies/shapes#schema": {
    "http://a.ml/vocabularies/core#description": "The resource type name. For example the type name of a web app is 'sites' (from Microsoft.Web/sites).",
    "http://a.ml/vocabularies/document#customDomainProperties": [{
      "http://a.ml/vocabularies/core#extensionName": null,
      "http://a.ml/vocabularies/document#definedBy": null,
      "http://a.ml/vocabularies/document#extension": null,
      "id": "file:///Users/abettati/sandbox/azure-rest-api-specs/specification/resources/resource-manager/Microsoft.Authorization/preview/2020-07-01-preview/policyExemptions.json#/web-api/end-points/%2Fsubscriptions%2F%7BsubscriptionId%7D%2FresourceGroups%2F%7BresourceGroupName%7D%2Fproviders%2F%7BresourceProviderNamespace%7D%2F%7BparentResourcePath%7D%2F%7BresourceType%7D%2F%7BresourceName%7D%2Fproviders%2FMicrosoft.Authorization%2FpolicyExemptions/get/request/parameter/resourceType/scalar/schema/extension/ms-skip-url-encoding"
    }],
    "http://www.w3.org/ns/shacl#datatype": "http://www.w3.org/2001/XMLSchema#string",
    "http://www.w3.org/ns/shacl#name": "schema",
    "id": "file:///Users/abettati/sandbox/azure-rest-api-specs/specification/resources/resource-manager/Microsoft.Authorization/preview/2020-07-01-preview/policyExemptions.json#/web-api/end-points/%2Fsubscriptions%2F%7BsubscriptionId%7D%2FresourceGroups%2F%7BresourceGroupName%7D%2Fproviders%2F%7BresourceProviderNamespace%7D%2F%7BparentResourcePath%7D%2F%7BresourceType%7D%2F%7BresourceName%7D%2Fproviders%2FMicrosoft.Authorization%2FpolicyExemptions/get/request/parameter/resourceType/scalar/schema"
  },
  "id": "file:///Users/abettati/sandbox/azure-rest-api-specs/specification/resources/resource-manager/Microsoft.Authorization/preview/2020-07-01-preview/policyExemptions.json#/web-api/end-points/%2Fsubscriptions%2F%7BsubscriptionId%7D%2FresourceGroups%2F%7BresourceGroupName%7D%2Fproviders%2F%7BresourceProviderNamespace%7D%2F%7BparentResourcePath%7D%2F%7BresourceType%7D%2F%7BresourceName%7D%2Fproviders%2FMicrosoft.Authorization%2FpolicyExemptions/get/request/parameter/resourceType"
}, {
  "http://a.ml/vocabularies/apiContract#binding": "path",
  "http://a.ml/vocabularies/apiContract#paramName": "resourceName",
  "http://a.ml/vocabularies/apiContract#required": "true",
  "http://a.ml/vocabularies/core#description": "The name of the resource.",
  "http://a.ml/vocabularies/core#name": "resourceName",
  "http://a.ml/vocabularies/shapes#schema": {
    "http://a.ml/vocabularies/core#description": "The name of the resource.",
    "http://www.w3.org/ns/shacl#datatype": "http://www.w3.org/2001/XMLSchema#string",
    "http://www.w3.org/ns/shacl#name": "schema",
    "id": "file:///Users/abettati/sandbox/azure-rest-api-specs/specification/resources/resource-manager/Microsoft.Authorization/preview/2020-07-01-preview/policyExemptions.json#/web-api/end-points/%2Fsubscriptions%2F%7BsubscriptionId%7D%2FresourceGroups%2F%7BresourceGroupName%7D%2Fproviders%2F%7BresourceProviderNamespace%7D%2F%7BparentResourcePath%7D%2F%7BresourceType%7D%2F%7BresourceName%7D%2Fproviders%2FMicrosoft.Authorization%2FpolicyExemptions/get/request/parameter/resourceName/scalar/schema"
  },
  "id": "file:///Users/abettati/sandbox/azure-rest-api-specs/specification/resources/resource-manager/Microsoft.Authorization/preview/2020-07-01-preview/policyExemptions.json#/web-api/end-points/%2Fsubscriptions%2F%7BsubscriptionId%7D%2FresourceGroups%2F%7BresourceGroupName%7D%2Fproviders%2F%7BresourceProviderNamespace%7D%2F%7BparentResourcePath%7D%2F%7BresourceType%7D%2F%7BresourceName%7D%2Fproviders%2FMicrosoft.Authorization%2FpolicyExemptions/get/request/parameter/resourceName"
}, {
  "http://a.ml/vocabularies/apiContract#binding": "path",
  "http://a.ml/vocabularies/apiContract#paramName": "resourceProviderNamespace",
  "http://a.ml/vocabularies/apiContract#required": "true",
  "http://a.ml/vocabularies/core#description": "The namespace of the resource provider. For example, the namespace of a virtual machine is Microsoft.Compute (from Microsoft.Compute/virtualMachines)",
  "http://a.ml/vocabularies/core#name": "resourceProviderNamespace",
  "http://a.ml/vocabularies/shapes#schema": {
    "http://a.ml/vocabularies/core#description": "The namespace of the resource provider. For example, the namespace of a virtual machine is Microsoft.Compute (from Microsoft.Compute/virtualMachines)",
    "http://www.w3.org/ns/shacl#datatype": "http://www.w3.org/2001/XMLSchema#string",
    "http://www.w3.org/ns/shacl#name": "schema",
    "id": "file:///Users/abettati/sandbox/azure-rest-api-specs/specification/resources/resource-manager/Microsoft.Authorization/preview/2020-07-01-preview/policyExemptions.json#/web-api/end-points/%2Fsubscriptions%2F%7BsubscriptionId%7D%2FresourceGroups%2F%7BresourceGroupName%7D%2Fproviders%2F%7BresourceProviderNamespace%7D%2F%7BparentResourcePath%7D%2F%7BresourceType%7D%2F%7BresourceName%7D%2Fproviders%2FMicrosoft.Authorization%2FpolicyExemptions/get/request/parameter/resourceProviderNamespace/scalar/schema"
  },
  "id": "file:///Users/abettati/sandbox/azure-rest-api-specs/specification/resources/resource-manager/Microsoft.Authorization/preview/2020-07-01-preview/policyExemptions.json#/web-api/end-points/%2Fsubscriptions%2F%7BsubscriptionId%7D%2FresourceGroups%2F%7BresourceGroupName%7D%2Fproviders%2F%7BresourceProviderNamespace%7D%2F%7BparentResourcePath%7D%2F%7BresourceType%7D%2F%7BresourceName%7D%2Fproviders%2FMicrosoft.Authorization%2FpolicyExemptions/get/request/parameter/resourceProviderNamespace"
}]