[{
  "http://a.ml/vocabularies/apiContract#binding": "path",
  "http://a.ml/vocabularies/apiContract#paramName": "type",
  "http://a.ml/vocabularies/apiContract#required": "true",
  "http://a.ml/vocabularies/core#description": "Type of extension.",
  "http://a.ml/vocabularies/core#name": "TypeParameter",
  "http://a.ml/vocabularies/document#customDomainProperties": [{
    "http://a.ml/vocabularies/core#extensionName": "ms-parameter-location",
    "http://a.ml/vocabularies/document#definedBy": {
      "http://a.ml/vocabularies/core#name": null,
      "id": "file:///Users/abettati/sandbox/azure-rest-api-specs/specification/azsadmin/resource-manager/compute/Microsoft.Compute.Admin/preview/2015-12-01-preview/VMExtensions.json#/declarations/parameters/parameter/TypeParameter/ms-parameter-location"
    },
    "http://a.ml/vocabularies/document#extension": {
      "http://a.ml/vocabularies/core#name": null,
      "http://a.ml/vocabularies/data#value": null,
      "http://www.w3.org/ns/shacl#datatype": null,
      "id": "file:///Users/abettati/sandbox/azure-rest-api-specs/specification/azsadmin/resource-manager/compute/Microsoft.Compute.Admin/preview/2015-12-01-preview/VMExtensions.json#/declarations/parameters/parameter/TypeParameter/ms-parameter-location/scalar_1"
    },
    "id": "file:///Users/abettati/sandbox/azure-rest-api-specs/specification/azsadmin/resource-manager/compute/Microsoft.Compute.Admin/preview/2015-12-01-preview/VMExtensions.json#/declarations/parameters/parameter/TypeParameter/extension/ms-parameter-location"
  }],
  "http://a.ml/vocabularies/shapes#schema": {
    "http://a.ml/vocabularies/core#description": "Type of extension.",
    "http://a.ml/vocabularies/document#customDomainProperties": [{
      "http://a.ml/vocabularies/core#extensionName": null,
      "http://a.ml/vocabularies/document#definedBy": null,
      "http://a.ml/vocabularies/document#extension": null,
      "id": "file:///Users/abettati/sandbox/azure-rest-api-specs/specification/azsadmin/resource-manager/compute/Microsoft.Compute.Admin/preview/2015-12-01-preview/VMExtensions.json#/declarations/parameters/parameter/TypeParameter/scalar/schema/extension/ms-parameter-location"
    }],
    "http://www.w3.org/ns/shacl#datatype": "http://www.w3.org/2001/XMLSchema#string",
    "http://www.w3.org/ns/shacl#name": "schema",
    "id": "file:///Users/abettati/sandbox/azure-rest-api-specs/specification/azsadmin/resource-manager/compute/Microsoft.Compute.Admin/preview/2015-12-01-preview/VMExtensions.json#/declarations/parameters/parameter/TypeParameter/scalar/schema"
  },
  "id": "file:///Users/abettati/sandbox/azure-rest-api-specs/specification/azsadmin/resource-manager/compute/Microsoft.Compute.Admin/preview/2015-12-01-preview/VMExtensions.json#/declarations/parameters/parameter/TypeParameter"
}, {
  "http://a.ml/vocabularies/apiContract#binding": "query",
  "http://a.ml/vocabularies/apiContract#paramName": "api-version",
  "http://a.ml/vocabularies/apiContract#required": "true",
  "http://a.ml/vocabularies/core#description": "Client API Version.",
  "http://a.ml/vocabularies/core#name": "api-version",
  "http://a.ml/vocabularies/shapes#schema": {
    "http://a.ml/vocabularies/core#description": "Client API Version.",
    "http://www.w3.org/ns/shacl#datatype": "http://www.w3.org/2001/XMLSchema#string",
    "http://www.w3.org/ns/shacl#defaultValue": {
      "http://a.ml/vocabularies/core#name": "scalar_1",
      "http://a.ml/vocabularies/data#value": "2015-12-01-preview",
      "http://www.w3.org/ns/shacl#datatype": "http://www.w3.org/2001/XMLSchema#string",
      "id": "file:///Users/abettati/sandbox/azure-rest-api-specs/specification/azsadmin/resource-manager/compute/Microsoft.Compute.Admin/preview/2015-12-01-preview/VMExtensions.json#/web-api/end-points/%2Fsubscriptions%2F%7BsubscriptionId%7D%2Fproviders%2FMicrosoft.Compute.Admin%2Flocations%2F%7Blocation%7D%2FartifactTypes%2FVMExtension%2Fpublishers%2F%7Bpublisher%7D%2Ftypes%2F%7Btype%7D%2Fversions%2F%7Bversion%7D/get/request/parameter/api-version/scalar/schema/scalar_1"
    },
    "http://www.w3.org/ns/shacl#defaultValueStr": "2015-12-01-preview",
    "http://www.w3.org/ns/shacl#name": "schema",
    "id": "file:///Users/abettati/sandbox/azure-rest-api-specs/specification/azsadmin/resource-manager/compute/Microsoft.Compute.Admin/preview/2015-12-01-preview/VMExtensions.json#/web-api/end-points/%2Fsubscriptions%2F%7BsubscriptionId%7D%2Fproviders%2FMicrosoft.Compute.Admin%2Flocations%2F%7Blocation%7D%2FartifactTypes%2FVMExtension%2Fpublishers%2F%7Bpublisher%7D%2Ftypes%2F%7Btype%7D%2Fversions%2F%7Bversion%7D/get/request/parameter/api-version/scalar/schema"
  },
  "id": "file:///Users/abettati/sandbox/azure-rest-api-specs/specification/azsadmin/resource-manager/compute/Microsoft.Compute.Admin/preview/2015-12-01-preview/VMExtensions.json#/web-api/end-points/%2Fsubscriptions%2F%7BsubscriptionId%7D%2Fproviders%2FMicrosoft.Compute.Admin%2Flocations%2F%7Blocation%7D%2FartifactTypes%2FVMExtension%2Fpublishers%2F%7Bpublisher%7D%2Ftypes%2F%7Btype%7D%2Fversions%2F%7Bversion%7D/get/request/parameter/api-version"
}, {
  "http://a.ml/vocabularies/apiContract#binding": "path",
  "http://a.ml/vocabularies/apiContract#paramName": "location",
  "http://a.ml/vocabularies/apiContract#required": "true",
  "http://a.ml/vocabularies/core#description": "Location of the resource.",
  "http://a.ml/vocabularies/core#name": "location",
  "http://a.ml/vocabularies/document#customDomainProperties": [{
    "http://a.ml/vocabularies/core#extensionName": "ms-parameter-location",
    "http://a.ml/vocabularies/document#definedBy": {
      "http://a.ml/vocabularies/core#name": null,
      "id": "file:///Users/abettati/sandbox/azure-rest-api-specs/specification/azsadmin/resource-manager/compute/Microsoft.Compute.Admin/preview/2015-12-01-preview/VMExtensions.json#/web-api/end-points/%2Fsubscriptions%2F%7BsubscriptionId%7D%2Fproviders%2FMicrosoft.Compute.Admin%2Flocations%2F%7Blocation%7D%2FartifactTypes%2FVMExtension%2Fpublishers%2F%7Bpublisher%7D%2Ftypes%2F%7Btype%7D%2Fversions%2F%7Bversion%7D/get/request/parameter/location/ms-parameter-location"
    },
    "http://a.ml/vocabularies/document#extension": {
      "http://a.ml/vocabularies/core#name": null,
      "http://a.ml/vocabularies/data#value": null,
      "http://www.w3.org/ns/shacl#datatype": null,
      "id": "file:///Users/abettati/sandbox/azure-rest-api-specs/specification/azsadmin/resource-manager/compute/Microsoft.Compute.Admin/preview/2015-12-01-preview/VMExtensions.json#/web-api/end-points/%2Fsubscriptions%2F%7BsubscriptionId%7D%2Fproviders%2FMicrosoft.Compute.Admin%2Flocations%2F%7Blocation%7D%2FartifactTypes%2FVMExtension%2Fpublishers%2F%7Bpublisher%7D%2Ftypes%2F%7Btype%7D%2Fversions%2F%7Bversion%7D/get/request/parameter/location/ms-parameter-location/scalar_1"
    },
    "id": "file:///Users/abettati/sandbox/azure-rest-api-specs/specification/azsadmin/resource-manager/compute/Microsoft.Compute.Admin/preview/2015-12-01-preview/VMExtensions.json#/web-api/end-points/%2Fsubscriptions%2F%7BsubscriptionId%7D%2Fproviders%2FMicrosoft.Compute.Admin%2Flocations%2F%7Blocation%7D%2FartifactTypes%2FVMExtension%2Fpublishers%2F%7Bpublisher%7D%2Ftypes%2F%7Btype%7D%2Fversions%2F%7Bversion%7D/get/request/parameter/location/extension/ms-parameter-location"
  }],
  "http://a.ml/vocabularies/shapes#schema": {
    "http://a.ml/vocabularies/core#description": "Location of the resource.",
    "http://a.ml/vocabularies/document#customDomainProperties": [{
      "http://a.ml/vocabularies/core#extensionName": null,
      "http://a.ml/vocabularies/document#definedBy": null,
      "http://a.ml/vocabularies/document#extension": null,
      "id": "file:///Users/abettati/sandbox/azure-rest-api-specs/specification/azsadmin/resource-manager/compute/Microsoft.Compute.Admin/preview/2015-12-01-preview/VMExtensions.json#/web-api/end-points/%2Fsubscriptions%2F%7BsubscriptionId%7D%2Fproviders%2FMicrosoft.Compute.Admin%2Flocations%2F%7Blocation%7D%2FartifactTypes%2FVMExtension%2Fpublishers%2F%7Bpublisher%7D%2Ftypes%2F%7Btype%7D%2Fversions%2F%7Bversion%7D/get/request/parameter/location/scalar/schema/extension/ms-parameter-location"
    }],
    "http://www.w3.org/ns/shacl#datatype": "http://www.w3.org/2001/XMLSchema#string",
    "http://www.w3.org/ns/shacl#name": "schema",
    "id": "file:///Users/abettati/sandbox/azure-rest-api-specs/specification/azsadmin/resource-manager/compute/Microsoft.Compute.Admin/preview/2015-12-01-preview/VMExtensions.json#/web-api/end-points/%2Fsubscriptions%2F%7BsubscriptionId%7D%2Fproviders%2FMicrosoft.Compute.Admin%2Flocations%2F%7Blocation%7D%2FartifactTypes%2FVMExtension%2Fpublishers%2F%7Bpublisher%7D%2Ftypes%2F%7Btype%7D%2Fversions%2F%7Bversion%7D/get/request/parameter/location/scalar/schema"
  },
  "id": "file:///Users/abettati/sandbox/azure-rest-api-specs/specification/azsadmin/resource-manager/compute/Microsoft.Compute.Admin/preview/2015-12-01-preview/VMExtensions.json#/web-api/end-points/%2Fsubscriptions%2F%7BsubscriptionId%7D%2Fproviders%2FMicrosoft.Compute.Admin%2Flocations%2F%7Blocation%7D%2FartifactTypes%2FVMExtension%2Fpublishers%2F%7Bpublisher%7D%2Ftypes%2F%7Btype%7D%2Fversions%2F%7Bversion%7D/get/request/parameter/location"
}, {
  "http://a.ml/vocabularies/apiContract#binding": "path",
  "http://a.ml/vocabularies/apiContract#paramName": "subscriptionId",
  "http://a.ml/vocabularies/apiContract#required": "true",
  "http://a.ml/vocabularies/core#description": "Subscription credentials that uniquely identify Microsoft Azure subscription. The subscription ID forms part of the URI for every service call.",
  "http://a.ml/vocabularies/core#name": "subscriptionId",
  "http://a.ml/vocabularies/shapes#schema": {
    "http://a.ml/vocabularies/core#description": "Subscription credentials that uniquely identify Microsoft Azure subscription. The subscription ID forms part of the URI for every service call.",
    "http://www.w3.org/ns/shacl#datatype": "http://www.w3.org/2001/XMLSchema#string",
    "http://www.w3.org/ns/shacl#name": "schema",
    "id": "file:///Users/abettati/sandbox/azure-rest-api-specs/specification/azsadmin/resource-manager/compute/Microsoft.Compute.Admin/preview/2015-12-01-preview/VMExtensions.json#/web-api/end-points/%2Fsubscriptions%2F%7BsubscriptionId%7D%2Fproviders%2FMicrosoft.Compute.Admin%2Flocations%2F%7Blocation%7D%2FartifactTypes%2FVMExtension%2Fpublishers%2F%7Bpublisher%7D%2Ftypes%2F%7Btype%7D%2Fversions%2F%7Bversion%7D/get/request/parameter/subscriptionId/scalar/schema"
  },
  "id": "file:///Users/abettati/sandbox/azure-rest-api-specs/specification/azsadmin/resource-manager/compute/Microsoft.Compute.Admin/preview/2015-12-01-preview/VMExtensions.json#/web-api/end-points/%2Fsubscriptions%2F%7BsubscriptionId%7D%2Fproviders%2FMicrosoft.Compute.Admin%2Flocations%2F%7Blocation%7D%2FartifactTypes%2FVMExtension%2Fpublishers%2F%7Bpublisher%7D%2Ftypes%2F%7Btype%7D%2Fversions%2F%7Bversion%7D/get/request/parameter/subscriptionId"
}, {
  "http://a.ml/vocabularies/apiContract#binding": "path",
  "http://a.ml/vocabularies/apiContract#paramName": "version",
  "http://a.ml/vocabularies/apiContract#required": "true",
  "http://a.ml/vocabularies/core#description": "The version of the resource.",
  "http://a.ml/vocabularies/core#name": "version",
  "http://a.ml/vocabularies/document#customDomainProperties": [{
    "http://a.ml/vocabularies/core#extensionName": "ms-parameter-location",
    "http://a.ml/vocabularies/document#definedBy": {
      "http://a.ml/vocabularies/core#name": null,
      "id": "file:///Users/abettati/sandbox/azure-rest-api-specs/specification/azsadmin/resource-manager/compute/Microsoft.Compute.Admin/preview/2015-12-01-preview/VMExtensions.json#/web-api/end-points/%2Fsubscriptions%2F%7BsubscriptionId%7D%2Fproviders%2FMicrosoft.Compute.Admin%2Flocations%2F%7Blocation%7D%2FartifactTypes%2FVMExtension%2Fpublishers%2F%7Bpublisher%7D%2Ftypes%2F%7Btype%7D%2Fversions%2F%7Bversion%7D/get/request/parameter/version/ms-parameter-location"
    },
    "http://a.ml/vocabularies/document#extension": {
      "http://a.ml/vocabularies/core#name": null,
      "http://a.ml/vocabularies/data#value": null,
      "http://www.w3.org/ns/shacl#datatype": null,
      "id": "file:///Users/abettati/sandbox/azure-rest-api-specs/specification/azsadmin/resource-manager/compute/Microsoft.Compute.Admin/preview/2015-12-01-preview/VMExtensions.json#/web-api/end-points/%2Fsubscriptions%2F%7BsubscriptionId%7D%2Fproviders%2FMicrosoft.Compute.Admin%2Flocations%2F%7Blocation%7D%2FartifactTypes%2FVMExtension%2Fpublishers%2F%7Bpublisher%7D%2Ftypes%2F%7Btype%7D%2Fversions%2F%7Bversion%7D/get/request/parameter/version/ms-parameter-location/scalar_1"
    },
    "id": "file:///Users/abettati/sandbox/azure-rest-api-specs/specification/azsadmin/resource-manager/compute/Microsoft.Compute.Admin/preview/2015-12-01-preview/VMExtensions.json#/web-api/end-points/%2Fsubscriptions%2F%7BsubscriptionId%7D%2Fproviders%2FMicrosoft.Compute.Admin%2Flocations%2F%7Blocation%7D%2FartifactTypes%2FVMExtension%2Fpublishers%2F%7Bpublisher%7D%2Ftypes%2F%7Btype%7D%2Fversions%2F%7Bversion%7D/get/request/parameter/version/extension/ms-parameter-location"
  }],
  "http://a.ml/vocabularies/shapes#schema": {
    "http://a.ml/vocabularies/core#description": "The version of the resource.",
    "http://a.ml/vocabularies/document#customDomainProperties": [{
      "http://a.ml/vocabularies/core#extensionName": null,
      "http://a.ml/vocabularies/document#definedBy": null,
      "http://a.ml/vocabularies/document#extension": null,
      "id": "file:///Users/abettati/sandbox/azure-rest-api-specs/specification/azsadmin/resource-manager/compute/Microsoft.Compute.Admin/preview/2015-12-01-preview/VMExtensions.json#/web-api/end-points/%2Fsubscriptions%2F%7BsubscriptionId%7D%2Fproviders%2FMicrosoft.Compute.Admin%2Flocations%2F%7Blocation%7D%2FartifactTypes%2FVMExtension%2Fpublishers%2F%7Bpublisher%7D%2Ftypes%2F%7Btype%7D%2Fversions%2F%7Bversion%7D/get/request/parameter/version/scalar/schema/extension/ms-parameter-location"
    }],
    "http://www.w3.org/ns/shacl#datatype": "http://www.w3.org/2001/XMLSchema#string",
    "http://www.w3.org/ns/shacl#name": "schema",
    "id": "file:///Users/abettati/sandbox/azure-rest-api-specs/specification/azsadmin/resource-manager/compute/Microsoft.Compute.Admin/preview/2015-12-01-preview/VMExtensions.json#/web-api/end-points/%2Fsubscriptions%2F%7BsubscriptionId%7D%2Fproviders%2FMicrosoft.Compute.Admin%2Flocations%2F%7Blocation%7D%2FartifactTypes%2FVMExtension%2Fpublishers%2F%7Bpublisher%7D%2Ftypes%2F%7Btype%7D%2Fversions%2F%7Bversion%7D/get/request/parameter/version/scalar/schema"
  },
  "id": "file:///Users/abettati/sandbox/azure-rest-api-specs/specification/azsadmin/resource-manager/compute/Microsoft.Compute.Admin/preview/2015-12-01-preview/VMExtensions.json#/web-api/end-points/%2Fsubscriptions%2F%7BsubscriptionId%7D%2Fproviders%2FMicrosoft.Compute.Admin%2Flocations%2F%7Blocation%7D%2FartifactTypes%2FVMExtension%2Fpublishers%2F%7Bpublisher%7D%2Ftypes%2F%7Btype%7D%2Fversions%2F%7Bversion%7D/get/request/parameter/version"
}, {
  "http://a.ml/vocabularies/apiContract#binding": "path",
  "http://a.ml/vocabularies/apiContract#paramName": "publisher",
  "http://a.ml/vocabularies/apiContract#required": "true",
  "http://a.ml/vocabularies/core#description": "Name of the publisher.",
  "http://a.ml/vocabularies/core#name": "publisher",
  "http://a.ml/vocabularies/document#customDomainProperties": [{
    "http://a.ml/vocabularies/core#extensionName": "ms-parameter-location",
    "http://a.ml/vocabularies/document#definedBy": {
      "http://a.ml/vocabularies/core#name": null,
      "id": "file:///Users/abettati/sandbox/azure-rest-api-specs/specification/azsadmin/resource-manager/compute/Microsoft.Compute.Admin/preview/2015-12-01-preview/VMExtensions.json#/web-api/end-points/%2Fsubscriptions%2F%7BsubscriptionId%7D%2Fproviders%2FMicrosoft.Compute.Admin%2Flocations%2F%7Blocation%7D%2FartifactTypes%2FVMExtension%2Fpublishers%2F%7Bpublisher%7D%2Ftypes%2F%7Btype%7D%2Fversions%2F%7Bversion%7D/get/request/parameter/publisher/ms-parameter-location"
    },
    "http://a.ml/vocabularies/document#extension": {
      "http://a.ml/vocabularies/core#name": null,
      "http://a.ml/vocabularies/data#value": null,
      "http://www.w3.org/ns/shacl#datatype": null,
      "id": "file:///Users/abettati/sandbox/azure-rest-api-specs/specification/azsadmin/resource-manager/compute/Microsoft.Compute.Admin/preview/2015-12-01-preview/VMExtensions.json#/web-api/end-points/%2Fsubscriptions%2F%7BsubscriptionId%7D%2Fproviders%2FMicrosoft.Compute.Admin%2Flocations%2F%7Blocation%7D%2FartifactTypes%2FVMExtension%2Fpublishers%2F%7Bpublisher%7D%2Ftypes%2F%7Btype%7D%2Fversions%2F%7Bversion%7D/get/request/parameter/publisher/ms-parameter-location/scalar_1"
    },
    "id": "file:///Users/abettati/sandbox/azure-rest-api-specs/specification/azsadmin/resource-manager/compute/Microsoft.Compute.Admin/preview/2015-12-01-preview/VMExtensions.json#/web-api/end-points/%2Fsubscriptions%2F%7BsubscriptionId%7D%2Fproviders%2FMicrosoft.Compute.Admin%2Flocations%2F%7Blocation%7D%2FartifactTypes%2FVMExtension%2Fpublishers%2F%7Bpublisher%7D%2Ftypes%2F%7Btype%7D%2Fversions%2F%7Bversion%7D/get/request/parameter/publisher/extension/ms-parameter-location"
  }],
  "http://a.ml/vocabularies/shapes#schema": {
    "http://a.ml/vocabularies/core#description": "Name of the publisher.",
    "http://a.ml/vocabularies/document#customDomainProperties": [{
      "http://a.ml/vocabularies/core#extensionName": null,
      "http://a.ml/vocabularies/document#definedBy": null,
      "http://a.ml/vocabularies/document#extension": null,
      "id": "file:///Users/abettati/sandbox/azure-rest-api-specs/specification/azsadmin/resource-manager/compute/Microsoft.Compute.Admin/preview/2015-12-01-preview/VMExtensions.json#/web-api/end-points/%2Fsubscriptions%2F%7BsubscriptionId%7D%2Fproviders%2FMicrosoft.Compute.Admin%2Flocations%2F%7Blocation%7D%2FartifactTypes%2FVMExtension%2Fpublishers%2F%7Bpublisher%7D%2Ftypes%2F%7Btype%7D%2Fversions%2F%7Bversion%7D/get/request/parameter/publisher/scalar/schema/extension/ms-parameter-location"
    }],
    "http://www.w3.org/ns/shacl#datatype": "http://www.w3.org/2001/XMLSchema#string",
    "http://www.w3.org/ns/shacl#name": "schema",
    "id": "file:///Users/abettati/sandbox/azure-rest-api-specs/specification/azsadmin/resource-manager/compute/Microsoft.Compute.Admin/preview/2015-12-01-preview/VMExtensions.json#/web-api/end-points/%2Fsubscriptions%2F%7BsubscriptionId%7D%2Fproviders%2FMicrosoft.Compute.Admin%2Flocations%2F%7Blocation%7D%2FartifactTypes%2FVMExtension%2Fpublishers%2F%7Bpublisher%7D%2Ftypes%2F%7Btype%7D%2Fversions%2F%7Bversion%7D/get/request/parameter/publisher/scalar/schema"
  },
  "id": "file:///Users/abettati/sandbox/azure-rest-api-specs/specification/azsadmin/resource-manager/compute/Microsoft.Compute.Admin/preview/2015-12-01-preview/VMExtensions.json#/web-api/end-points/%2Fsubscriptions%2F%7BsubscriptionId%7D%2Fproviders%2FMicrosoft.Compute.Admin%2Flocations%2F%7Blocation%7D%2FartifactTypes%2FVMExtension%2Fpublishers%2F%7Bpublisher%7D%2Ftypes%2F%7Btype%7D%2Fversions%2F%7Bversion%7D/get/request/parameter/publisher"
}, {
  "http://a.ml/vocabularies/apiContract#binding": "query",
  "http://a.ml/vocabularies/apiContract#paramName": "api-version",
  "http://a.ml/vocabularies/apiContract#required": "true",
  "http://a.ml/vocabularies/core#description": "Client API Version.",
  "http://a.ml/vocabularies/core#name": "api-version",
  "http://a.ml/vocabularies/shapes#schema": {
    "http://a.ml/vocabularies/core#description": "Client API Version.",
    "http://www.w3.org/ns/shacl#datatype": "http://www.w3.org/2001/XMLSchema#string",
    "http://www.w3.org/ns/shacl#defaultValue": {
      "http://a.ml/vocabularies/core#name": "scalar_1",
      "http://a.ml/vocabularies/data#value": "2015-12-01-preview",
      "http://www.w3.org/ns/shacl#datatype": "http://www.w3.org/2001/XMLSchema#string",
      "id": "file:///Users/abettati/sandbox/azure-rest-api-specs/specification/azsadmin/resource-manager/compute/Microsoft.Compute.Admin/preview/2015-12-01-preview/VMExtensions.json#/web-api/end-points/%2Fsubscriptions%2F%7BsubscriptionId%7D%2Fproviders%2FMicrosoft.Compute.Admin%2Flocations%2F%7Blocation%7D%2FartifactTypes%2FVMExtension%2Fpublishers%2F%7Bpublisher%7D%2Ftypes%2F%7Btype%7D%2Fversions%2F%7Bversion%7D/put/request/parameter/api-version/scalar/schema/scalar_1"
    },
    "http://www.w3.org/ns/shacl#defaultValueStr": "2015-12-01-preview",
    "http://www.w3.org/ns/shacl#name": "schema",
    "id": "file:///Users/abettati/sandbox/azure-rest-api-specs/specification/azsadmin/resource-manager/compute/Microsoft.Compute.Admin/preview/2015-12-01-preview/VMExtensions.json#/web-api/end-points/%2Fsubscriptions%2F%7BsubscriptionId%7D%2Fproviders%2FMicrosoft.Compute.Admin%2Flocations%2F%7Blocation%7D%2FartifactTypes%2FVMExtension%2Fpublishers%2F%7Bpublisher%7D%2Ftypes%2F%7Btype%7D%2Fversions%2F%7Bversion%7D/put/request/parameter/api-version/scalar/schema"
  },
  "id": "file:///Users/abettati/sandbox/azure-rest-api-specs/specification/azsadmin/resource-manager/compute/Microsoft.Compute.Admin/preview/2015-12-01-preview/VMExtensions.json#/web-api/end-points/%2Fsubscriptions%2F%7BsubscriptionId%7D%2Fproviders%2FMicrosoft.Compute.Admin%2Flocations%2F%7Blocation%7D%2FartifactTypes%2FVMExtension%2Fpublishers%2F%7Bpublisher%7D%2Ftypes%2F%7Btype%7D%2Fversions%2F%7Bversion%7D/put/request/parameter/api-version"
}, {
  "http://a.ml/vocabularies/apiContract#binding": "path",
  "http://a.ml/vocabularies/apiContract#paramName": "location",
  "http://a.ml/vocabularies/apiContract#required": "true",
  "http://a.ml/vocabularies/core#description": "Location of the resource.",
  "http://a.ml/vocabularies/core#name": "location",
  "http://a.ml/vocabularies/document#customDomainProperties": [{
    "http://a.ml/vocabularies/core#extensionName": "ms-parameter-location",
    "http://a.ml/vocabularies/document#definedBy": {
      "http://a.ml/vocabularies/core#name": null,
      "id": "file:///Users/abettati/sandbox/azure-rest-api-specs/specification/azsadmin/resource-manager/compute/Microsoft.Compute.Admin/preview/2015-12-01-preview/VMExtensions.json#/web-api/end-points/%2Fsubscriptions%2F%7BsubscriptionId%7D%2Fproviders%2FMicrosoft.Compute.Admin%2Flocations%2F%7Blocation%7D%2FartifactTypes%2FVMExtension%2Fpublishers%2F%7Bpublisher%7D%2Ftypes%2F%7Btype%7D%2Fversions%2F%7Bversion%7D/put/request/parameter/location/ms-parameter-location"
    },
    "http://a.ml/vocabularies/document#extension": {
      "http://a.ml/vocabularies/core#name": null,
      "http://a.ml/vocabularies/data#value": null,
      "http://www.w3.org/ns/shacl#datatype": null,
      "id": "file:///Users/abettati/sandbox/azure-rest-api-specs/specification/azsadmin/resource-manager/compute/Microsoft.Compute.Admin/preview/2015-12-01-preview/VMExtensions.json#/web-api/end-points/%2Fsubscriptions%2F%7BsubscriptionId%7D%2Fproviders%2FMicrosoft.Compute.Admin%2Flocations%2F%7Blocation%7D%2FartifactTypes%2FVMExtension%2Fpublishers%2F%7Bpublisher%7D%2Ftypes%2F%7Btype%7D%2Fversions%2F%7Bversion%7D/put/request/parameter/location/ms-parameter-location/scalar_1"
    },
    "id": "file:///Users/abettati/sandbox/azure-rest-api-specs/specification/azsadmin/resource-manager/compute/Microsoft.Compute.Admin/preview/2015-12-01-preview/VMExtensions.json#/web-api/end-points/%2Fsubscriptions%2F%7BsubscriptionId%7D%2Fproviders%2FMicrosoft.Compute.Admin%2Flocations%2F%7Blocation%7D%2FartifactTypes%2FVMExtension%2Fpublishers%2F%7Bpublisher%7D%2Ftypes%2F%7Btype%7D%2Fversions%2F%7Bversion%7D/put/request/parameter/location/extension/ms-parameter-location"
  }],
  "http://a.ml/vocabularies/shapes#schema": {
    "http://a.ml/vocabularies/core#description": "Location of the resource.",
    "http://a.ml/vocabularies/document#customDomainProperties": [{
      "http://a.ml/vocabularies/core#extensionName": null,
      "http://a.ml/vocabularies/document#definedBy": null,
      "http://a.ml/vocabularies/document#extension": null,
      "id": "file:///Users/abettati/sandbox/azure-rest-api-specs/specification/azsadmin/resource-manager/compute/Microsoft.Compute.Admin/preview/2015-12-01-preview/VMExtensions.json#/web-api/end-points/%2Fsubscriptions%2F%7BsubscriptionId%7D%2Fproviders%2FMicrosoft.Compute.Admin%2Flocations%2F%7Blocation%7D%2FartifactTypes%2FVMExtension%2Fpublishers%2F%7Bpublisher%7D%2Ftypes%2F%7Btype%7D%2Fversions%2F%7Bversion%7D/put/request/parameter/location/scalar/schema/extension/ms-parameter-location"
    }],
    "http://www.w3.org/ns/shacl#datatype": "http://www.w3.org/2001/XMLSchema#string",
    "http://www.w3.org/ns/shacl#name": "schema",
    "id": "file:///Users/abettati/sandbox/azure-rest-api-specs/specification/azsadmin/resource-manager/compute/Microsoft.Compute.Admin/preview/2015-12-01-preview/VMExtensions.json#/web-api/end-points/%2Fsubscriptions%2F%7BsubscriptionId%7D%2Fproviders%2FMicrosoft.Compute.Admin%2Flocations%2F%7Blocation%7D%2FartifactTypes%2FVMExtension%2Fpublishers%2F%7Bpublisher%7D%2Ftypes%2F%7Btype%7D%2Fversions%2F%7Bversion%7D/put/request/parameter/location/scalar/schema"
  },
  "id": "file:///Users/abettati/sandbox/azure-rest-api-specs/specification/azsadmin/resource-manager/compute/Microsoft.Compute.Admin/preview/2015-12-01-preview/VMExtensions.json#/web-api/end-points/%2Fsubscriptions%2F%7BsubscriptionId%7D%2Fproviders%2FMicrosoft.Compute.Admin%2Flocations%2F%7Blocation%7D%2FartifactTypes%2FVMExtension%2Fpublishers%2F%7Bpublisher%7D%2Ftypes%2F%7Btype%7D%2Fversions%2F%7Bversion%7D/put/request/parameter/location"
}, {
  "http://a.ml/vocabularies/apiContract#binding": "path",
  "http://a.ml/vocabularies/apiContract#paramName": "subscriptionId",
  "http://a.ml/vocabularies/apiContract#required": "true",
  "http://a.ml/vocabularies/core#description": "Subscription credentials that uniquely identify Microsoft Azure subscription. The subscription ID forms part of the URI for every service call.",
  "http://a.ml/vocabularies/core#name": "subscriptionId",
  "http://a.ml/vocabularies/shapes#schema": {
    "http://a.ml/vocabularies/core#description": "Subscription credentials that uniquely identify Microsoft Azure subscription. The subscription ID forms part of the URI for every service call.",
    "http://www.w3.org/ns/shacl#datatype": "http://www.w3.org/2001/XMLSchema#string",
    "http://www.w3.org/ns/shacl#name": "schema",
    "id": "file:///Users/abettati/sandbox/azure-rest-api-specs/specification/azsadmin/resource-manager/compute/Microsoft.Compute.Admin/preview/2015-12-01-preview/VMExtensions.json#/web-api/end-points/%2Fsubscriptions%2F%7BsubscriptionId%7D%2Fproviders%2FMicrosoft.Compute.Admin%2Flocations%2F%7Blocation%7D%2FartifactTypes%2FVMExtension%2Fpublishers%2F%7Bpublisher%7D%2Ftypes%2F%7Btype%7D%2Fversions%2F%7Bversion%7D/put/request/parameter/subscriptionId/scalar/schema"
  },
  "id": "file:///Users/abettati/sandbox/azure-rest-api-specs/specification/azsadmin/resource-manager/compute/Microsoft.Compute.Admin/preview/2015-12-01-preview/VMExtensions.json#/web-api/end-points/%2Fsubscriptions%2F%7BsubscriptionId%7D%2Fproviders%2FMicrosoft.Compute.Admin%2Flocations%2F%7Blocation%7D%2FartifactTypes%2FVMExtension%2Fpublishers%2F%7Bpublisher%7D%2Ftypes%2F%7Btype%7D%2Fversions%2F%7Bversion%7D/put/request/parameter/subscriptionId"
}, {
  "http://a.ml/vocabularies/apiContract#binding": "path",
  "http://a.ml/vocabularies/apiContract#paramName": "version",
  "http://a.ml/vocabularies/apiContract#required": "true",
  "http://a.ml/vocabularies/core#description": "The version of the resource.",
  "http://a.ml/vocabularies/core#name": "version",
  "http://a.ml/vocabularies/document#customDomainProperties": [{
    "http://a.ml/vocabularies/core#extensionName": "ms-parameter-location",
    "http://a.ml/vocabularies/document#definedBy": {
      "http://a.ml/vocabularies/core#name": null,
      "id": "file:///Users/abettati/sandbox/azure-rest-api-specs/specification/azsadmin/resource-manager/compute/Microsoft.Compute.Admin/preview/2015-12-01-preview/VMExtensions.json#/web-api/end-points/%2Fsubscriptions%2F%7BsubscriptionId%7D%2Fproviders%2FMicrosoft.Compute.Admin%2Flocations%2F%7Blocation%7D%2FartifactTypes%2FVMExtension%2Fpublishers%2F%7Bpublisher%7D%2Ftypes%2F%7Btype%7D%2Fversions%2F%7Bversion%7D/put/request/parameter/version/ms-parameter-location"
    },
    "http://a.ml/vocabularies/document#extension": {
      "http://a.ml/vocabularies/core#name": null,
      "http://a.ml/vocabularies/data#value": null,
      "http://www.w3.org/ns/shacl#datatype": null,
      "id": "file:///Users/abettati/sandbox/azure-rest-api-specs/specification/azsadmin/resource-manager/compute/Microsoft.Compute.Admin/preview/2015-12-01-preview/VMExtensions.json#/web-api/end-points/%2Fsubscriptions%2F%7BsubscriptionId%7D%2Fproviders%2FMicrosoft.Compute.Admin%2Flocations%2F%7Blocation%7D%2FartifactTypes%2FVMExtension%2Fpublishers%2F%7Bpublisher%7D%2Ftypes%2F%7Btype%7D%2Fversions%2F%7Bversion%7D/put/request/parameter/version/ms-parameter-location/scalar_1"
    },
    "id": "file:///Users/abettati/sandbox/azure-rest-api-specs/specification/azsadmin/resource-manager/compute/Microsoft.Compute.Admin/preview/2015-12-01-preview/VMExtensions.json#/web-api/end-points/%2Fsubscriptions%2F%7BsubscriptionId%7D%2Fproviders%2FMicrosoft.Compute.Admin%2Flocations%2F%7Blocation%7D%2FartifactTypes%2FVMExtension%2Fpublishers%2F%7Bpublisher%7D%2Ftypes%2F%7Btype%7D%2Fversions%2F%7Bversion%7D/put/request/parameter/version/extension/ms-parameter-location"
  }],
  "http://a.ml/vocabularies/shapes#schema": {
    "http://a.ml/vocabularies/core#description": "The version of the resource.",
    "http://a.ml/vocabularies/document#customDomainProperties": [{
      "http://a.ml/vocabularies/core#extensionName": null,
      "http://a.ml/vocabularies/document#definedBy": null,
      "http://a.ml/vocabularies/document#extension": null,
      "id": "file:///Users/abettati/sandbox/azure-rest-api-specs/specification/azsadmin/resource-manager/compute/Microsoft.Compute.Admin/preview/2015-12-01-preview/VMExtensions.json#/web-api/end-points/%2Fsubscriptions%2F%7BsubscriptionId%7D%2Fproviders%2FMicrosoft.Compute.Admin%2Flocations%2F%7Blocation%7D%2FartifactTypes%2FVMExtension%2Fpublishers%2F%7Bpublisher%7D%2Ftypes%2F%7Btype%7D%2Fversions%2F%7Bversion%7D/put/request/parameter/version/scalar/schema/extension/ms-parameter-location"
    }],
    "http://www.w3.org/ns/shacl#datatype": "http://www.w3.org/2001/XMLSchema#string",
    "http://www.w3.org/ns/shacl#name": "schema",
    "id": "file:///Users/abettati/sandbox/azure-rest-api-specs/specification/azsadmin/resource-manager/compute/Microsoft.Compute.Admin/preview/2015-12-01-preview/VMExtensions.json#/web-api/end-points/%2Fsubscriptions%2F%7BsubscriptionId%7D%2Fproviders%2FMicrosoft.Compute.Admin%2Flocations%2F%7Blocation%7D%2FartifactTypes%2FVMExtension%2Fpublishers%2F%7Bpublisher%7D%2Ftypes%2F%7Btype%7D%2Fversions%2F%7Bversion%7D/put/request/parameter/version/scalar/schema"
  },
  "id": "file:///Users/abettati/sandbox/azure-rest-api-specs/specification/azsadmin/resource-manager/compute/Microsoft.Compute.Admin/preview/2015-12-01-preview/VMExtensions.json#/web-api/end-points/%2Fsubscriptions%2F%7BsubscriptionId%7D%2Fproviders%2FMicrosoft.Compute.Admin%2Flocations%2F%7Blocation%7D%2FartifactTypes%2FVMExtension%2Fpublishers%2F%7Bpublisher%7D%2Ftypes%2F%7Btype%7D%2Fversions%2F%7Bversion%7D/put/request/parameter/version"
}, {
  "http://a.ml/vocabularies/apiContract#binding": "path",
  "http://a.ml/vocabularies/apiContract#paramName": "publisher",
  "http://a.ml/vocabularies/apiContract#required": "true",
  "http://a.ml/vocabularies/core#description": "Name of the publisher.",
  "http://a.ml/vocabularies/core#name": "publisher",
  "http://a.ml/vocabularies/document#customDomainProperties": [{
    "http://a.ml/vocabularies/core#extensionName": "ms-parameter-location",
    "http://a.ml/vocabularies/document#definedBy": {
      "http://a.ml/vocabularies/core#name": null,
      "id": "file:///Users/abettati/sandbox/azure-rest-api-specs/specification/azsadmin/resource-manager/compute/Microsoft.Compute.Admin/preview/2015-12-01-preview/VMExtensions.json#/web-api/end-points/%2Fsubscriptions%2F%7BsubscriptionId%7D%2Fproviders%2FMicrosoft.Compute.Admin%2Flocations%2F%7Blocation%7D%2FartifactTypes%2FVMExtension%2Fpublishers%2F%7Bpublisher%7D%2Ftypes%2F%7Btype%7D%2Fversions%2F%7Bversion%7D/put/request/parameter/publisher/ms-parameter-location"
    },
    "http://a.ml/vocabularies/document#extension": {
      "http://a.ml/vocabularies/core#name": null,
      "http://a.ml/vocabularies/data#value": null,
      "http://www.w3.org/ns/shacl#datatype": null,
      "id": "file:///Users/abettati/sandbox/azure-rest-api-specs/specification/azsadmin/resource-manager/compute/Microsoft.Compute.Admin/preview/2015-12-01-preview/VMExtensions.json#/web-api/end-points/%2Fsubscriptions%2F%7BsubscriptionId%7D%2Fproviders%2FMicrosoft.Compute.Admin%2Flocations%2F%7Blocation%7D%2FartifactTypes%2FVMExtension%2Fpublishers%2F%7Bpublisher%7D%2Ftypes%2F%7Btype%7D%2Fversions%2F%7Bversion%7D/put/request/parameter/publisher/ms-parameter-location/scalar_1"
    },
    "id": "file:///Users/abettati/sandbox/azure-rest-api-specs/specification/azsadmin/resource-manager/compute/Microsoft.Compute.Admin/preview/2015-12-01-preview/VMExtensions.json#/web-api/end-points/%2Fsubscriptions%2F%7BsubscriptionId%7D%2Fproviders%2FMicrosoft.Compute.Admin%2Flocations%2F%7Blocation%7D%2FartifactTypes%2FVMExtension%2Fpublishers%2F%7Bpublisher%7D%2Ftypes%2F%7Btype%7D%2Fversions%2F%7Bversion%7D/put/request/parameter/publisher/extension/ms-parameter-location"
  }],
  "http://a.ml/vocabularies/shapes#schema": {
    "http://a.ml/vocabularies/core#description": "Name of the publisher.",
    "http://a.ml/vocabularies/document#customDomainProperties": [{
      "http://a.ml/vocabularies/core#extensionName": null,
      "http://a.ml/vocabularies/document#definedBy": null,
      "http://a.ml/vocabularies/document#extension": null,
      "id": "file:///Users/abettati/sandbox/azure-rest-api-specs/specification/azsadmin/resource-manager/compute/Microsoft.Compute.Admin/preview/2015-12-01-preview/VMExtensions.json#/web-api/end-points/%2Fsubscriptions%2F%7BsubscriptionId%7D%2Fproviders%2FMicrosoft.Compute.Admin%2Flocations%2F%7Blocation%7D%2FartifactTypes%2FVMExtension%2Fpublishers%2F%7Bpublisher%7D%2Ftypes%2F%7Btype%7D%2Fversions%2F%7Bversion%7D/put/request/parameter/publisher/scalar/schema/extension/ms-parameter-location"
    }],
    "http://www.w3.org/ns/shacl#datatype": "http://www.w3.org/2001/XMLSchema#string",
    "http://www.w3.org/ns/shacl#name": "schema",
    "id": "file:///Users/abettati/sandbox/azure-rest-api-specs/specification/azsadmin/resource-manager/compute/Microsoft.Compute.Admin/preview/2015-12-01-preview/VMExtensions.json#/web-api/end-points/%2Fsubscriptions%2F%7BsubscriptionId%7D%2Fproviders%2FMicrosoft.Compute.Admin%2Flocations%2F%7Blocation%7D%2FartifactTypes%2FVMExtension%2Fpublishers%2F%7Bpublisher%7D%2Ftypes%2F%7Btype%7D%2Fversions%2F%7Bversion%7D/put/request/parameter/publisher/scalar/schema"
  },
  "id": "file:///Users/abettati/sandbox/azure-rest-api-specs/specification/azsadmin/resource-manager/compute/Microsoft.Compute.Admin/preview/2015-12-01-preview/VMExtensions.json#/web-api/end-points/%2Fsubscriptions%2F%7BsubscriptionId%7D%2Fproviders%2FMicrosoft.Compute.Admin%2Flocations%2F%7Blocation%7D%2FartifactTypes%2FVMExtension%2Fpublishers%2F%7Bpublisher%7D%2Ftypes%2F%7Btype%7D%2Fversions%2F%7Bversion%7D/put/request/parameter/publisher"
}, {
  "http://a.ml/vocabularies/apiContract#binding": "query",
  "http://a.ml/vocabularies/apiContract#paramName": "api-version",
  "http://a.ml/vocabularies/apiContract#required": "true",
  "http://a.ml/vocabularies/core#description": "Client API Version.",
  "http://a.ml/vocabularies/core#name": "api-version",
  "http://a.ml/vocabularies/shapes#schema": {
    "http://a.ml/vocabularies/core#description": "Client API Version.",
    "http://www.w3.org/ns/shacl#datatype": "http://www.w3.org/2001/XMLSchema#string",
    "http://www.w3.org/ns/shacl#defaultValue": {
      "http://a.ml/vocabularies/core#name": "scalar_1",
      "http://a.ml/vocabularies/data#value": "2015-12-01-preview",
      "http://www.w3.org/ns/shacl#datatype": "http://www.w3.org/2001/XMLSchema#string",
      "id": "file:///Users/abettati/sandbox/azure-rest-api-specs/specification/azsadmin/resource-manager/compute/Microsoft.Compute.Admin/preview/2015-12-01-preview/VMExtensions.json#/web-api/end-points/%2Fsubscriptions%2F%7BsubscriptionId%7D%2Fproviders%2FMicrosoft.Compute.Admin%2Flocations%2F%7Blocation%7D%2FartifactTypes%2FVMExtension%2Fpublishers%2F%7Bpublisher%7D%2Ftypes%2F%7Btype%7D%2Fversions%2F%7Bversion%7D/delete/request/parameter/api-version/scalar/schema/scalar_1"
    },
    "http://www.w3.org/ns/shacl#defaultValueStr": "2015-12-01-preview",
    "http://www.w3.org/ns/shacl#name": "schema",
    "id": "file:///Users/abettati/sandbox/azure-rest-api-specs/specification/azsadmin/resource-manager/compute/Microsoft.Compute.Admin/preview/2015-12-01-preview/VMExtensions.json#/web-api/end-points/%2Fsubscriptions%2F%7BsubscriptionId%7D%2Fproviders%2FMicrosoft.Compute.Admin%2Flocations%2F%7Blocation%7D%2FartifactTypes%2FVMExtension%2Fpublishers%2F%7Bpublisher%7D%2Ftypes%2F%7Btype%7D%2Fversions%2F%7Bversion%7D/delete/request/parameter/api-version/scalar/schema"
  },
  "id": "file:///Users/abettati/sandbox/azure-rest-api-specs/specification/azsadmin/resource-manager/compute/Microsoft.Compute.Admin/preview/2015-12-01-preview/VMExtensions.json#/web-api/end-points/%2Fsubscriptions%2F%7BsubscriptionId%7D%2Fproviders%2FMicrosoft.Compute.Admin%2Flocations%2F%7Blocation%7D%2FartifactTypes%2FVMExtension%2Fpublishers%2F%7Bpublisher%7D%2Ftypes%2F%7Btype%7D%2Fversions%2F%7Bversion%7D/delete/request/parameter/api-version"
}, {
  "http://a.ml/vocabularies/apiContract#binding": "path",
  "http://a.ml/vocabularies/apiContract#paramName": "location",
  "http://a.ml/vocabularies/apiContract#required": "true",
  "http://a.ml/vocabularies/core#description": "Location of the resource.",
  "http://a.ml/vocabularies/core#name": "location",
  "http://a.ml/vocabularies/document#customDomainProperties": [{
    "http://a.ml/vocabularies/core#extensionName": "ms-parameter-location",
    "http://a.ml/vocabularies/document#definedBy": {
      "http://a.ml/vocabularies/core#name": null,
      "id": "file:///Users/abettati/sandbox/azure-rest-api-specs/specification/azsadmin/resource-manager/compute/Microsoft.Compute.Admin/preview/2015-12-01-preview/VMExtensions.json#/web-api/end-points/%2Fsubscriptions%2F%7BsubscriptionId%7D%2Fproviders%2FMicrosoft.Compute.Admin%2Flocations%2F%7Blocation%7D%2FartifactTypes%2FVMExtension%2Fpublishers%2F%7Bpublisher%7D%2Ftypes%2F%7Btype%7D%2Fversions%2F%7Bversion%7D/delete/request/parameter/location/ms-parameter-location"
    },
    "http://a.ml/vocabularies/document#extension": {
      "http://a.ml/vocabularies/core#name": null,
      "http://a.ml/vocabularies/data#value": null,
      "http://www.w3.org/ns/shacl#datatype": null,
      "id": "file:///Users/abettati/sandbox/azure-rest-api-specs/specification/azsadmin/resource-manager/compute/Microsoft.Compute.Admin/preview/2015-12-01-preview/VMExtensions.json#/web-api/end-points/%2Fsubscriptions%2F%7BsubscriptionId%7D%2Fproviders%2FMicrosoft.Compute.Admin%2Flocations%2F%7Blocation%7D%2FartifactTypes%2FVMExtension%2Fpublishers%2F%7Bpublisher%7D%2Ftypes%2F%7Btype%7D%2Fversions%2F%7Bversion%7D/delete/request/parameter/location/ms-parameter-location/scalar_1"
    },
    "id": "file:///Users/abettati/sandbox/azure-rest-api-specs/specification/azsadmin/resource-manager/compute/Microsoft.Compute.Admin/preview/2015-12-01-preview/VMExtensions.json#/web-api/end-points/%2Fsubscriptions%2F%7BsubscriptionId%7D%2Fproviders%2FMicrosoft.Compute.Admin%2Flocations%2F%7Blocation%7D%2FartifactTypes%2FVMExtension%2Fpublishers%2F%7Bpublisher%7D%2Ftypes%2F%7Btype%7D%2Fversions%2F%7Bversion%7D/delete/request/parameter/location/extension/ms-parameter-location"
  }],
  "http://a.ml/vocabularies/shapes#schema": {
    "http://a.ml/vocabularies/core#description": "Location of the resource.",
    "http://a.ml/vocabularies/document#customDomainProperties": [{
      "http://a.ml/vocabularies/core#extensionName": null,
      "http://a.ml/vocabularies/document#definedBy": null,
      "http://a.ml/vocabularies/document#extension": null,
      "id": "file:///Users/abettati/sandbox/azure-rest-api-specs/specification/azsadmin/resource-manager/compute/Microsoft.Compute.Admin/preview/2015-12-01-preview/VMExtensions.json#/web-api/end-points/%2Fsubscriptions%2F%7BsubscriptionId%7D%2Fproviders%2FMicrosoft.Compute.Admin%2Flocations%2F%7Blocation%7D%2FartifactTypes%2FVMExtension%2Fpublishers%2F%7Bpublisher%7D%2Ftypes%2F%7Btype%7D%2Fversions%2F%7Bversion%7D/delete/request/parameter/location/scalar/schema/extension/ms-parameter-location"
    }],
    "http://www.w3.org/ns/shacl#datatype": "http://www.w3.org/2001/XMLSchema#string",
    "http://www.w3.org/ns/shacl#name": "schema",
    "id": "file:///Users/abettati/sandbox/azure-rest-api-specs/specification/azsadmin/resource-manager/compute/Microsoft.Compute.Admin/preview/2015-12-01-preview/VMExtensions.json#/web-api/end-points/%2Fsubscriptions%2F%7BsubscriptionId%7D%2Fproviders%2FMicrosoft.Compute.Admin%2Flocations%2F%7Blocation%7D%2FartifactTypes%2FVMExtension%2Fpublishers%2F%7Bpublisher%7D%2Ftypes%2F%7Btype%7D%2Fversions%2F%7Bversion%7D/delete/request/parameter/location/scalar/schema"
  },
  "id": "file:///Users/abettati/sandbox/azure-rest-api-specs/specification/azsadmin/resource-manager/compute/Microsoft.Compute.Admin/preview/2015-12-01-preview/VMExtensions.json#/web-api/end-points/%2Fsubscriptions%2F%7BsubscriptionId%7D%2Fproviders%2FMicrosoft.Compute.Admin%2Flocations%2F%7Blocation%7D%2FartifactTypes%2FVMExtension%2Fpublishers%2F%7Bpublisher%7D%2Ftypes%2F%7Btype%7D%2Fversions%2F%7Bversion%7D/delete/request/parameter/location"
}, {
  "http://a.ml/vocabularies/apiContract#binding": "path",
  "http://a.ml/vocabularies/apiContract#paramName": "subscriptionId",
  "http://a.ml/vocabularies/apiContract#required": "true",
  "http://a.ml/vocabularies/core#description": "Subscription credentials that uniquely identify Microsoft Azure subscription. The subscription ID forms part of the URI for every service call.",
  "http://a.ml/vocabularies/core#name": "subscriptionId",
  "http://a.ml/vocabularies/shapes#schema": {
    "http://a.ml/vocabularies/core#description": "Subscription credentials that uniquely identify Microsoft Azure subscription. The subscription ID forms part of the URI for every service call.",
    "http://www.w3.org/ns/shacl#datatype": "http://www.w3.org/2001/XMLSchema#string",
    "http://www.w3.org/ns/shacl#name": "schema",
    "id": "file:///Users/abettati/sandbox/azure-rest-api-specs/specification/azsadmin/resource-manager/compute/Microsoft.Compute.Admin/preview/2015-12-01-preview/VMExtensions.json#/web-api/end-points/%2Fsubscriptions%2F%7BsubscriptionId%7D%2Fproviders%2FMicrosoft.Compute.Admin%2Flocations%2F%7Blocation%7D%2FartifactTypes%2FVMExtension%2Fpublishers%2F%7Bpublisher%7D%2Ftypes%2F%7Btype%7D%2Fversions%2F%7Bversion%7D/delete/request/parameter/subscriptionId/scalar/schema"
  },
  "id": "file:///Users/abettati/sandbox/azure-rest-api-specs/specification/azsadmin/resource-manager/compute/Microsoft.Compute.Admin/preview/2015-12-01-preview/VMExtensions.json#/web-api/end-points/%2Fsubscriptions%2F%7BsubscriptionId%7D%2Fproviders%2FMicrosoft.Compute.Admin%2Flocations%2F%7Blocation%7D%2FartifactTypes%2FVMExtension%2Fpublishers%2F%7Bpublisher%7D%2Ftypes%2F%7Btype%7D%2Fversions%2F%7Bversion%7D/delete/request/parameter/subscriptionId"
}, {
  "http://a.ml/vocabularies/apiContract#binding": "path",
  "http://a.ml/vocabularies/apiContract#paramName": "version",
  "http://a.ml/vocabularies/apiContract#required": "true",
  "http://a.ml/vocabularies/core#description": "The version of the resource.",
  "http://a.ml/vocabularies/core#name": "version",
  "http://a.ml/vocabularies/document#customDomainProperties": [{
    "http://a.ml/vocabularies/core#extensionName": "ms-parameter-location",
    "http://a.ml/vocabularies/document#definedBy": {
      "http://a.ml/vocabularies/core#name": null,
      "id": "file:///Users/abettati/sandbox/azure-rest-api-specs/specification/azsadmin/resource-manager/compute/Microsoft.Compute.Admin/preview/2015-12-01-preview/VMExtensions.json#/web-api/end-points/%2Fsubscriptions%2F%7BsubscriptionId%7D%2Fproviders%2FMicrosoft.Compute.Admin%2Flocations%2F%7Blocation%7D%2FartifactTypes%2FVMExtension%2Fpublishers%2F%7Bpublisher%7D%2Ftypes%2F%7Btype%7D%2Fversions%2F%7Bversion%7D/delete/request/parameter/version/ms-parameter-location"
    },
    "http://a.ml/vocabularies/document#extension": {
      "http://a.ml/vocabularies/core#name": null,
      "http://a.ml/vocabularies/data#value": null,
      "http://www.w3.org/ns/shacl#datatype": null,
      "id": "file:///Users/abettati/sandbox/azure-rest-api-specs/specification/azsadmin/resource-manager/compute/Microsoft.Compute.Admin/preview/2015-12-01-preview/VMExtensions.json#/web-api/end-points/%2Fsubscriptions%2F%7BsubscriptionId%7D%2Fproviders%2FMicrosoft.Compute.Admin%2Flocations%2F%7Blocation%7D%2FartifactTypes%2FVMExtension%2Fpublishers%2F%7Bpublisher%7D%2Ftypes%2F%7Btype%7D%2Fversions%2F%7Bversion%7D/delete/request/parameter/version/ms-parameter-location/scalar_1"
    },
    "id": "file:///Users/abettati/sandbox/azure-rest-api-specs/specification/azsadmin/resource-manager/compute/Microsoft.Compute.Admin/preview/2015-12-01-preview/VMExtensions.json#/web-api/end-points/%2Fsubscriptions%2F%7BsubscriptionId%7D%2Fproviders%2FMicrosoft.Compute.Admin%2Flocations%2F%7Blocation%7D%2FartifactTypes%2FVMExtension%2Fpublishers%2F%7Bpublisher%7D%2Ftypes%2F%7Btype%7D%2Fversions%2F%7Bversion%7D/delete/request/parameter/version/extension/ms-parameter-location"
  }],
  "http://a.ml/vocabularies/shapes#schema": {
    "http://a.ml/vocabularies/core#description": "The version of the resource.",
    "http://a.ml/vocabularies/document#customDomainProperties": [{
      "http://a.ml/vocabularies/core#extensionName": null,
      "http://a.ml/vocabularies/document#definedBy": null,
      "http://a.ml/vocabularies/document#extension": null,
      "id": "file:///Users/abettati/sandbox/azure-rest-api-specs/specification/azsadmin/resource-manager/compute/Microsoft.Compute.Admin/preview/2015-12-01-preview/VMExtensions.json#/web-api/end-points/%2Fsubscriptions%2F%7BsubscriptionId%7D%2Fproviders%2FMicrosoft.Compute.Admin%2Flocations%2F%7Blocation%7D%2FartifactTypes%2FVMExtension%2Fpublishers%2F%7Bpublisher%7D%2Ftypes%2F%7Btype%7D%2Fversions%2F%7Bversion%7D/delete/request/parameter/version/scalar/schema/extension/ms-parameter-location"
    }],
    "http://www.w3.org/ns/shacl#datatype": "http://www.w3.org/2001/XMLSchema#string",
    "http://www.w3.org/ns/shacl#name": "schema",
    "id": "file:///Users/abettati/sandbox/azure-rest-api-specs/specification/azsadmin/resource-manager/compute/Microsoft.Compute.Admin/preview/2015-12-01-preview/VMExtensions.json#/web-api/end-points/%2Fsubscriptions%2F%7BsubscriptionId%7D%2Fproviders%2FMicrosoft.Compute.Admin%2Flocations%2F%7Blocation%7D%2FartifactTypes%2FVMExtension%2Fpublishers%2F%7Bpublisher%7D%2Ftypes%2F%7Btype%7D%2Fversions%2F%7Bversion%7D/delete/request/parameter/version/scalar/schema"
  },
  "id": "file:///Users/abettati/sandbox/azure-rest-api-specs/specification/azsadmin/resource-manager/compute/Microsoft.Compute.Admin/preview/2015-12-01-preview/VMExtensions.json#/web-api/end-points/%2Fsubscriptions%2F%7BsubscriptionId%7D%2Fproviders%2FMicrosoft.Compute.Admin%2Flocations%2F%7Blocation%7D%2FartifactTypes%2FVMExtension%2Fpublishers%2F%7Bpublisher%7D%2Ftypes%2F%7Btype%7D%2Fversions%2F%7Bversion%7D/delete/request/parameter/version"
}, {
  "http://a.ml/vocabularies/apiContract#binding": "path",
  "http://a.ml/vocabularies/apiContract#paramName": "publisher",
  "http://a.ml/vocabularies/apiContract#required": "true",
  "http://a.ml/vocabularies/core#description": "Name of the publisher.",
  "http://a.ml/vocabularies/core#name": "publisher",
  "http://a.ml/vocabularies/document#customDomainProperties": [{
    "http://a.ml/vocabularies/core#extensionName": "ms-parameter-location",
    "http://a.ml/vocabularies/document#definedBy": {
      "http://a.ml/vocabularies/core#name": null,
      "id": "file:///Users/abettati/sandbox/azure-rest-api-specs/specification/azsadmin/resource-manager/compute/Microsoft.Compute.Admin/preview/2015-12-01-preview/VMExtensions.json#/web-api/end-points/%2Fsubscriptions%2F%7BsubscriptionId%7D%2Fproviders%2FMicrosoft.Compute.Admin%2Flocations%2F%7Blocation%7D%2FartifactTypes%2FVMExtension%2Fpublishers%2F%7Bpublisher%7D%2Ftypes%2F%7Btype%7D%2Fversions%2F%7Bversion%7D/delete/request/parameter/publisher/ms-parameter-location"
    },
    "http://a.ml/vocabularies/document#extension": {
      "http://a.ml/vocabularies/core#name": null,
      "http://a.ml/vocabularies/data#value": null,
      "http://www.w3.org/ns/shacl#datatype": null,
      "id": "file:///Users/abettati/sandbox/azure-rest-api-specs/specification/azsadmin/resource-manager/compute/Microsoft.Compute.Admin/preview/2015-12-01-preview/VMExtensions.json#/web-api/end-points/%2Fsubscriptions%2F%7BsubscriptionId%7D%2Fproviders%2FMicrosoft.Compute.Admin%2Flocations%2F%7Blocation%7D%2FartifactTypes%2FVMExtension%2Fpublishers%2F%7Bpublisher%7D%2Ftypes%2F%7Btype%7D%2Fversions%2F%7Bversion%7D/delete/request/parameter/publisher/ms-parameter-location/scalar_1"
    },
    "id": "file:///Users/abettati/sandbox/azure-rest-api-specs/specification/azsadmin/resource-manager/compute/Microsoft.Compute.Admin/preview/2015-12-01-preview/VMExtensions.json#/web-api/end-points/%2Fsubscriptions%2F%7BsubscriptionId%7D%2Fproviders%2FMicrosoft.Compute.Admin%2Flocations%2F%7Blocation%7D%2FartifactTypes%2FVMExtension%2Fpublishers%2F%7Bpublisher%7D%2Ftypes%2F%7Btype%7D%2Fversions%2F%7Bversion%7D/delete/request/parameter/publisher/extension/ms-parameter-location"
  }],
  "http://a.ml/vocabularies/shapes#schema": {
    "http://a.ml/vocabularies/core#description": "Name of the publisher.",
    "http://a.ml/vocabularies/document#customDomainProperties": [{
      "http://a.ml/vocabularies/core#extensionName": null,
      "http://a.ml/vocabularies/document#definedBy": null,
      "http://a.ml/vocabularies/document#extension": null,
      "id": "file:///Users/abettati/sandbox/azure-rest-api-specs/specification/azsadmin/resource-manager/compute/Microsoft.Compute.Admin/preview/2015-12-01-preview/VMExtensions.json#/web-api/end-points/%2Fsubscriptions%2F%7BsubscriptionId%7D%2Fproviders%2FMicrosoft.Compute.Admin%2Flocations%2F%7Blocation%7D%2FartifactTypes%2FVMExtension%2Fpublishers%2F%7Bpublisher%7D%2Ftypes%2F%7Btype%7D%2Fversions%2F%7Bversion%7D/delete/request/parameter/publisher/scalar/schema/extension/ms-parameter-location"
    }],
    "http://www.w3.org/ns/shacl#datatype": "http://www.w3.org/2001/XMLSchema#string",
    "http://www.w3.org/ns/shacl#name": "schema",
    "id": "file:///Users/abettati/sandbox/azure-rest-api-specs/specification/azsadmin/resource-manager/compute/Microsoft.Compute.Admin/preview/2015-12-01-preview/VMExtensions.json#/web-api/end-points/%2Fsubscriptions%2F%7BsubscriptionId%7D%2Fproviders%2FMicrosoft.Compute.Admin%2Flocations%2F%7Blocation%7D%2FartifactTypes%2FVMExtension%2Fpublishers%2F%7Bpublisher%7D%2Ftypes%2F%7Btype%7D%2Fversions%2F%7Bversion%7D/delete/request/parameter/publisher/scalar/schema"
  },
  "id": "file:///Users/abettati/sandbox/azure-rest-api-specs/specification/azsadmin/resource-manager/compute/Microsoft.Compute.Admin/preview/2015-12-01-preview/VMExtensions.json#/web-api/end-points/%2Fsubscriptions%2F%7BsubscriptionId%7D%2Fproviders%2FMicrosoft.Compute.Admin%2Flocations%2F%7Blocation%7D%2FartifactTypes%2FVMExtension%2Fpublishers%2F%7Bpublisher%7D%2Ftypes%2F%7Btype%7D%2Fversions%2F%7Bversion%7D/delete/request/parameter/publisher"
}, {
  "http://a.ml/vocabularies/apiContract#binding": "query",
  "http://a.ml/vocabularies/apiContract#paramName": "api-version",
  "http://a.ml/vocabularies/apiContract#required": "true",
  "http://a.ml/vocabularies/core#description": "Client API Version.",
  "http://a.ml/vocabularies/core#name": "api-version",
  "http://a.ml/vocabularies/shapes#schema": {
    "http://a.ml/vocabularies/core#description": "Client API Version.",
    "http://www.w3.org/ns/shacl#datatype": "http://www.w3.org/2001/XMLSchema#string",
    "http://www.w3.org/ns/shacl#defaultValue": {
      "http://a.ml/vocabularies/core#name": "scalar_1",
      "http://a.ml/vocabularies/data#value": "2015-12-01-preview",
      "http://www.w3.org/ns/shacl#datatype": "http://www.w3.org/2001/XMLSchema#string",
      "id": "file:///Users/abettati/sandbox/azure-rest-api-specs/specification/azsadmin/resource-manager/compute/Microsoft.Compute.Admin/preview/2015-12-01-preview/VMExtensions.json#/web-api/end-points/%2Fsubscriptions%2F%7BsubscriptionId%7D%2Fproviders%2FMicrosoft.Compute.Admin%2Flocations%2F%7Blocation%7D%2FartifactTypes%2FVMExtension/get/request/parameter/api-version/scalar/schema/scalar_1"
    },
    "http://www.w3.org/ns/shacl#defaultValueStr": "2015-12-01-preview",
    "http://www.w3.org/ns/shacl#name": "schema",
    "id": "file:///Users/abettati/sandbox/azure-rest-api-specs/specification/azsadmin/resource-manager/compute/Microsoft.Compute.Admin/preview/2015-12-01-preview/VMExtensions.json#/web-api/end-points/%2Fsubscriptions%2F%7BsubscriptionId%7D%2Fproviders%2FMicrosoft.Compute.Admin%2Flocations%2F%7Blocation%7D%2FartifactTypes%2FVMExtension/get/request/parameter/api-version/scalar/schema"
  },
  "id": "file:///Users/abettati/sandbox/azure-rest-api-specs/specification/azsadmin/resource-manager/compute/Microsoft.Compute.Admin/preview/2015-12-01-preview/VMExtensions.json#/web-api/end-points/%2Fsubscriptions%2F%7BsubscriptionId%7D%2Fproviders%2FMicrosoft.Compute.Admin%2Flocations%2F%7Blocation%7D%2FartifactTypes%2FVMExtension/get/request/parameter/api-version"
}, {
  "http://a.ml/vocabularies/apiContract#binding": "path",
  "http://a.ml/vocabularies/apiContract#paramName": "subscriptionId",
  "http://a.ml/vocabularies/apiContract#required": "true",
  "http://a.ml/vocabularies/core#description": "Subscription credentials that uniquely identify Microsoft Azure subscription. The subscription ID forms part of the URI for every service call.",
  "http://a.ml/vocabularies/core#name": "subscriptionId",
  "http://a.ml/vocabularies/shapes#schema": {
    "http://a.ml/vocabularies/core#description": "Subscription credentials that uniquely identify Microsoft Azure subscription. The subscription ID forms part of the URI for every service call.",
    "http://www.w3.org/ns/shacl#datatype": "http://www.w3.org/2001/XMLSchema#string",
    "http://www.w3.org/ns/shacl#name": "schema",
    "id": "file:///Users/abettati/sandbox/azure-rest-api-specs/specification/azsadmin/resource-manager/compute/Microsoft.Compute.Admin/preview/2015-12-01-preview/VMExtensions.json#/web-api/end-points/%2Fsubscriptions%2F%7BsubscriptionId%7D%2Fproviders%2FMicrosoft.Compute.Admin%2Flocations%2F%7Blocation%7D%2FartifactTypes%2FVMExtension/get/request/parameter/subscriptionId/scalar/schema"
  },
  "id": "file:///Users/abettati/sandbox/azure-rest-api-specs/specification/azsadmin/resource-manager/compute/Microsoft.Compute.Admin/preview/2015-12-01-preview/VMExtensions.json#/web-api/end-points/%2Fsubscriptions%2F%7BsubscriptionId%7D%2Fproviders%2FMicrosoft.Compute.Admin%2Flocations%2F%7Blocation%7D%2FartifactTypes%2FVMExtension/get/request/parameter/subscriptionId"
}, {
  "http://a.ml/vocabularies/apiContract#binding": "path",
  "http://a.ml/vocabularies/apiContract#paramName": "location",
  "http://a.ml/vocabularies/apiContract#required": "true",
  "http://a.ml/vocabularies/core#description": "Location of the resource.",
  "http://a.ml/vocabularies/core#name": "location",
  "http://a.ml/vocabularies/document#customDomainProperties": [{
    "http://a.ml/vocabularies/core#extensionName": "ms-parameter-location",
    "http://a.ml/vocabularies/document#definedBy": {
      "http://a.ml/vocabularies/core#name": null,
      "id": "file:///Users/abettati/sandbox/azure-rest-api-specs/specification/azsadmin/resource-manager/compute/Microsoft.Compute.Admin/preview/2015-12-01-preview/VMExtensions.json#/web-api/end-points/%2Fsubscriptions%2F%7BsubscriptionId%7D%2Fproviders%2FMicrosoft.Compute.Admin%2Flocations%2F%7Blocation%7D%2FartifactTypes%2FVMExtension/get/request/parameter/location/ms-parameter-location"
    },
    "http://a.ml/vocabularies/document#extension": {
      "http://a.ml/vocabularies/core#name": null,
      "http://a.ml/vocabularies/data#value": null,
      "http://www.w3.org/ns/shacl#datatype": null,
      "id": "file:///Users/abettati/sandbox/azure-rest-api-specs/specification/azsadmin/resource-manager/compute/Microsoft.Compute.Admin/preview/2015-12-01-preview/VMExtensions.json#/web-api/end-points/%2Fsubscriptions%2F%7BsubscriptionId%7D%2Fproviders%2FMicrosoft.Compute.Admin%2Flocations%2F%7Blocation%7D%2FartifactTypes%2FVMExtension/get/request/parameter/location/ms-parameter-location/scalar_1"
    },
    "id": "file:///Users/abettati/sandbox/azure-rest-api-specs/specification/azsadmin/resource-manager/compute/Microsoft.Compute.Admin/preview/2015-12-01-preview/VMExtensions.json#/web-api/end-points/%2Fsubscriptions%2F%7BsubscriptionId%7D%2Fproviders%2FMicrosoft.Compute.Admin%2Flocations%2F%7Blocation%7D%2FartifactTypes%2FVMExtension/get/request/parameter/location/extension/ms-parameter-location"
  }],
  "http://a.ml/vocabularies/shapes#schema": {
    "http://a.ml/vocabularies/core#description": "Location of the resource.",
    "http://a.ml/vocabularies/document#customDomainProperties": [{
      "http://a.ml/vocabularies/core#extensionName": null,
      "http://a.ml/vocabularies/document#definedBy": null,
      "http://a.ml/vocabularies/document#extension": null,
      "id": "file:///Users/abettati/sandbox/azure-rest-api-specs/specification/azsadmin/resource-manager/compute/Microsoft.Compute.Admin/preview/2015-12-01-preview/VMExtensions.json#/web-api/end-points/%2Fsubscriptions%2F%7BsubscriptionId%7D%2Fproviders%2FMicrosoft.Compute.Admin%2Flocations%2F%7Blocation%7D%2FartifactTypes%2FVMExtension/get/request/parameter/location/scalar/schema/extension/ms-parameter-location"
    }],
    "http://www.w3.org/ns/shacl#datatype": "http://www.w3.org/2001/XMLSchema#string",
    "http://www.w3.org/ns/shacl#name": "schema",
    "id": "file:///Users/abettati/sandbox/azure-rest-api-specs/specification/azsadmin/resource-manager/compute/Microsoft.Compute.Admin/preview/2015-12-01-preview/VMExtensions.json#/web-api/end-points/%2Fsubscriptions%2F%7BsubscriptionId%7D%2Fproviders%2FMicrosoft.Compute.Admin%2Flocations%2F%7Blocation%7D%2FartifactTypes%2FVMExtension/get/request/parameter/location/scalar/schema"
  },
  "id": "file:///Users/abettati/sandbox/azure-rest-api-specs/specification/azsadmin/resource-manager/compute/Microsoft.Compute.Admin/preview/2015-12-01-preview/VMExtensions.json#/web-api/end-points/%2Fsubscriptions%2F%7BsubscriptionId%7D%2Fproviders%2FMicrosoft.Compute.Admin%2Flocations%2F%7Blocation%7D%2FartifactTypes%2FVMExtension/get/request/parameter/location"
}]