[{
  "http://a.ml/vocabularies/apiContract#binding": "query",
  "http://a.ml/vocabularies/apiContract#paramName": "api-version",
  "http://a.ml/vocabularies/apiContract#required": "true",
  "http://a.ml/vocabularies/core#description": "Version of the API to be used with the client request. The current version is 2018-03-01-preview.",
  "http://a.ml/vocabularies/core#name": "apiVersionParameter",
  "http://a.ml/vocabularies/shapes#schema": {
    "http://a.ml/vocabularies/core#description": "Version of the API to be used with the client request. The current version is 2018-03-01-preview.",
    "http://www.w3.org/ns/shacl#datatype": "http://www.w3.org/2001/XMLSchema#string",
    "http://www.w3.org/ns/shacl#name": "schema",
    "id": "file:///Users/abettati/sandbox/azure-rest-api-specs/specification/billing/resource-manager/Microsoft.Billing/preview/2018-03-01-preview/billingV2.json#/declarations/parameters/parameter/apiVersionParameter/scalar/schema"
  },
  "id": "file:///Users/abettati/sandbox/azure-rest-api-specs/specification/billing/resource-manager/Microsoft.Billing/preview/2018-03-01-preview/billingV2.json#/declarations/parameters/parameter/apiVersionParameter"
}, {
  "http://a.ml/vocabularies/apiContract#binding": "path",
  "http://a.ml/vocabularies/apiContract#paramName": "subscriptionId",
  "http://a.ml/vocabularies/apiContract#required": "true",
  "http://a.ml/vocabularies/core#description": "The ID that uniquely identifies an Azure subscription.",
  "http://a.ml/vocabularies/core#name": "subscriptionIdParameter",
  "http://a.ml/vocabularies/shapes#schema": {
    "http://a.ml/vocabularies/core#description": "The ID that uniquely identifies an Azure subscription.",
    "http://www.w3.org/ns/shacl#datatype": "http://www.w3.org/2001/XMLSchema#string",
    "http://www.w3.org/ns/shacl#name": "schema",
    "id": "file:///Users/abettati/sandbox/azure-rest-api-specs/specification/billing/resource-manager/Microsoft.Billing/preview/2018-03-01-preview/billingV2.json#/declarations/parameters/parameter/subscriptionIdParameter/scalar/schema"
  },
  "id": "file:///Users/abettati/sandbox/azure-rest-api-specs/specification/billing/resource-manager/Microsoft.Billing/preview/2018-03-01-preview/billingV2.json#/declarations/parameters/parameter/subscriptionIdParameter"
}, {
  "http://a.ml/vocabularies/apiContract#binding": "path",
  "http://a.ml/vocabularies/apiContract#paramName": "name",
  "http://a.ml/vocabularies/apiContract#required": "true",
  "http://a.ml/vocabularies/core#description": "Enrollment Account name.",
  "http://a.ml/vocabularies/core#name": "name",
  "http://a.ml/vocabularies/shapes#schema": {
    "http://a.ml/vocabularies/core#description": "Enrollment Account name.",
    "http://www.w3.org/ns/shacl#datatype": "http://www.w3.org/2001/XMLSchema#string",
    "http://www.w3.org/ns/shacl#name": "schema",
    "id": "file:///Users/abettati/sandbox/azure-rest-api-specs/specification/billing/resource-manager/Microsoft.Billing/preview/2018-03-01-preview/billingV2.json#/web-api/end-points/%2Fproviders%2FMicrosoft.Billing%2FenrollmentAccounts%2F%7Bname%7D/get/request/parameter/name/scalar/schema"
  },
  "id": "file:///Users/abettati/sandbox/azure-rest-api-specs/specification/billing/resource-manager/Microsoft.Billing/preview/2018-03-01-preview/billingV2.json#/web-api/end-points/%2Fproviders%2FMicrosoft.Billing%2FenrollmentAccounts%2F%7Bname%7D/get/request/parameter/name"
}, {
  "http://a.ml/vocabularies/apiContract#binding": "query",
  "http://a.ml/vocabularies/apiContract#paramName": "$filter",
  "http://a.ml/vocabularies/apiContract#required": "false",
  "http://a.ml/vocabularies/core#description": "May be used to filter billing periods by billingPeriodEndDate. The filter supports 'eq', 'lt', 'gt', 'le', 'ge', and 'and'. It does not currently support 'ne', 'or', or 'not'.",
  "http://a.ml/vocabularies/core#name": "$filter",
  "http://a.ml/vocabularies/shapes#schema": {
    "http://a.ml/vocabularies/core#description": "May be used to filter billing periods by billingPeriodEndDate. The filter supports 'eq', 'lt', 'gt', 'le', 'ge', and 'and'. It does not currently support 'ne', 'or', or 'not'.",
    "http://www.w3.org/ns/shacl#datatype": "http://www.w3.org/2001/XMLSchema#string",
    "http://www.w3.org/ns/shacl#name": "schema",
    "id": "file:///Users/abettati/sandbox/azure-rest-api-specs/specification/billing/resource-manager/Microsoft.Billing/preview/2018-03-01-preview/billingV2.json#/web-api/end-points/%2Fsubscriptions%2F%7BsubscriptionId%7D%2Fproviders%2FMicrosoft.Billing%2FbillingPeriods/get/request/parameter/%24filter/scalar/schema"
  },
  "id": "file:///Users/abettati/sandbox/azure-rest-api-specs/specification/billing/resource-manager/Microsoft.Billing/preview/2018-03-01-preview/billingV2.json#/web-api/end-points/%2Fsubscriptions%2F%7BsubscriptionId%7D%2Fproviders%2FMicrosoft.Billing%2FbillingPeriods/get/request/parameter/%24filter"
}, {
  "http://a.ml/vocabularies/apiContract#binding": "query",
  "http://a.ml/vocabularies/apiContract#paramName": "$skiptoken",
  "http://a.ml/vocabularies/apiContract#required": "false",
  "http://a.ml/vocabularies/core#description": "Skiptoken is only used if a previous operation returned a partial result. If a previous response contains a nextLink element, the value of the nextLink element will include a skiptoken parameter that specifies a starting point to use for subsequent calls.",
  "http://a.ml/vocabularies/core#name": "$skiptoken",
  "http://a.ml/vocabularies/shapes#schema": {
    "http://a.ml/vocabularies/core#description": "Skiptoken is only used if a previous operation returned a partial result. If a previous response contains a nextLink element, the value of the nextLink element will include a skiptoken parameter that specifies a starting point to use for subsequent calls.",
    "http://www.w3.org/ns/shacl#datatype": "http://www.w3.org/2001/XMLSchema#string",
    "http://www.w3.org/ns/shacl#name": "schema",
    "id": "file:///Users/abettati/sandbox/azure-rest-api-specs/specification/billing/resource-manager/Microsoft.Billing/preview/2018-03-01-preview/billingV2.json#/web-api/end-points/%2Fsubscriptions%2F%7BsubscriptionId%7D%2Fproviders%2FMicrosoft.Billing%2FbillingPeriods/get/request/parameter/%24skiptoken/scalar/schema"
  },
  "id": "file:///Users/abettati/sandbox/azure-rest-api-specs/specification/billing/resource-manager/Microsoft.Billing/preview/2018-03-01-preview/billingV2.json#/web-api/end-points/%2Fsubscriptions%2F%7BsubscriptionId%7D%2Fproviders%2FMicrosoft.Billing%2FbillingPeriods/get/request/parameter/%24skiptoken"
}, {
  "http://a.ml/vocabularies/apiContract#binding": "query",
  "http://a.ml/vocabularies/apiContract#paramName": "$top",
  "http://a.ml/vocabularies/apiContract#required": "false",
  "http://a.ml/vocabularies/core#description": "May be used to limit the number of results to the most recent N billing periods.",
  "http://a.ml/vocabularies/core#name": "$top",
  "http://a.ml/vocabularies/shapes#schema": {
    "http://a.ml/vocabularies/core#description": "May be used to limit the number of results to the most recent N billing periods.",
    "http://a.ml/vocabularies/shapes#format": "int32",
    "http://www.w3.org/ns/shacl#datatype": "http://www.w3.org/2001/XMLSchema#integer",
    "http://www.w3.org/ns/shacl#maxInclusive": "100",
    "http://www.w3.org/ns/shacl#minInclusive": "1",
    "http://www.w3.org/ns/shacl#name": "schema",
    "id": "file:///Users/abettati/sandbox/azure-rest-api-specs/specification/billing/resource-manager/Microsoft.Billing/preview/2018-03-01-preview/billingV2.json#/web-api/end-points/%2Fsubscriptions%2F%7BsubscriptionId%7D%2Fproviders%2FMicrosoft.Billing%2FbillingPeriods/get/request/parameter/%24top/scalar/schema"
  },
  "id": "file:///Users/abettati/sandbox/azure-rest-api-specs/specification/billing/resource-manager/Microsoft.Billing/preview/2018-03-01-preview/billingV2.json#/web-api/end-points/%2Fsubscriptions%2F%7BsubscriptionId%7D%2Fproviders%2FMicrosoft.Billing%2FbillingPeriods/get/request/parameter/%24top"
}, {
  "http://a.ml/vocabularies/apiContract#binding": "path",
  "http://a.ml/vocabularies/apiContract#paramName": "billingPeriodName",
  "http://a.ml/vocabularies/apiContract#required": "true",
  "http://a.ml/vocabularies/core#description": "The name of a BillingPeriod resource.",
  "http://a.ml/vocabularies/core#name": "billingPeriodName",
  "http://a.ml/vocabularies/shapes#schema": {
    "http://a.ml/vocabularies/core#description": "The name of a BillingPeriod resource.",
    "http://www.w3.org/ns/shacl#datatype": "http://www.w3.org/2001/XMLSchema#string",
    "http://www.w3.org/ns/shacl#name": "schema",
    "id": "file:///Users/abettati/sandbox/azure-rest-api-specs/specification/billing/resource-manager/Microsoft.Billing/preview/2018-03-01-preview/billingV2.json#/web-api/end-points/%2Fsubscriptions%2F%7BsubscriptionId%7D%2Fproviders%2FMicrosoft.Billing%2FbillingPeriods%2F%7BbillingPeriodName%7D/get/request/parameter/billingPeriodName/scalar/schema"
  },
  "id": "file:///Users/abettati/sandbox/azure-rest-api-specs/specification/billing/resource-manager/Microsoft.Billing/preview/2018-03-01-preview/billingV2.json#/web-api/end-points/%2Fsubscriptions%2F%7BsubscriptionId%7D%2Fproviders%2FMicrosoft.Billing%2FbillingPeriods%2F%7BbillingPeriodName%7D/get/request/parameter/billingPeriodName"
}]