[{
  "http://a.ml/vocabularies/apiContract#binding": "path",
  "http://a.ml/vocabularies/apiContract#paramName": "subscriptionId",
  "http://a.ml/vocabularies/apiContract#required": "true",
  "http://a.ml/vocabularies/core#description": "Gets subscription credentials which uniquely identify Microsoft Azure subscription. The subscription ID forms part of the URI for every service call.",
  "http://a.ml/vocabularies/core#name": "SubscriptionIdParameter",
  "http://a.ml/vocabularies/shapes#schema": {
    "http://a.ml/vocabularies/core#description": "Gets subscription credentials which uniquely identify Microsoft Azure subscription. The subscription ID forms part of the URI for every service call.",
    "http://www.w3.org/ns/shacl#datatype": "http://www.w3.org/2001/XMLSchema#string",
    "http://www.w3.org/ns/shacl#name": "schema",
    "id": "file:///Users/abettati/sandbox/azure-rest-api-specs/specification/trafficmanager/resource-manager/Microsoft.Network/stable/2018-03-01/trafficmanager.json#/declarations/parameters/parameter/SubscriptionIdParameter/scalar/schema"
  },
  "id": "file:///Users/abettati/sandbox/azure-rest-api-specs/specification/trafficmanager/resource-manager/Microsoft.Network/stable/2018-03-01/trafficmanager.json#/declarations/parameters/parameter/SubscriptionIdParameter"
}, {
  "http://a.ml/vocabularies/apiContract#binding": "query",
  "http://a.ml/vocabularies/apiContract#paramName": "api-version",
  "http://a.ml/vocabularies/apiContract#required": "true",
  "http://a.ml/vocabularies/core#description": "Client Api Version.",
  "http://a.ml/vocabularies/core#name": "ApiVersionParameter",
  "http://a.ml/vocabularies/shapes#schema": {
    "http://a.ml/vocabularies/core#description": "Client Api Version.",
    "http://www.w3.org/ns/shacl#datatype": "http://www.w3.org/2001/XMLSchema#string",
    "http://www.w3.org/ns/shacl#name": "schema",
    "id": "file:///Users/abettati/sandbox/azure-rest-api-specs/specification/trafficmanager/resource-manager/Microsoft.Network/stable/2018-03-01/trafficmanager.json#/declarations/parameters/parameter/ApiVersionParameter/scalar/schema"
  },
  "id": "file:///Users/abettati/sandbox/azure-rest-api-specs/specification/trafficmanager/resource-manager/Microsoft.Network/stable/2018-03-01/trafficmanager.json#/declarations/parameters/parameter/ApiVersionParameter"
}, {
  "http://a.ml/vocabularies/apiContract#binding": "path",
  "http://a.ml/vocabularies/apiContract#paramName": "profileName",
  "http://a.ml/vocabularies/apiContract#required": "true",
  "http://a.ml/vocabularies/core#description": "The name of the Traffic Manager profile.",
  "http://a.ml/vocabularies/core#name": "profileName",
  "http://a.ml/vocabularies/shapes#schema": {
    "http://a.ml/vocabularies/core#description": "The name of the Traffic Manager profile.",
    "http://www.w3.org/ns/shacl#datatype": "http://www.w3.org/2001/XMLSchema#string",
    "http://www.w3.org/ns/shacl#name": "schema",
    "id": "file:///Users/abettati/sandbox/azure-rest-api-specs/specification/trafficmanager/resource-manager/Microsoft.Network/stable/2018-03-01/trafficmanager.json#/web-api/end-points/%2Fsubscriptions%2F%7BsubscriptionId%7D%2FresourceGroups%2F%7BresourceGroupName%7D%2Fproviders%2FMicrosoft.Network%2Ftrafficmanagerprofiles%2F%7BprofileName%7D%2F%7BendpointType%7D%2F%7BendpointName%7D/patch/request/parameter/profileName/scalar/schema"
  },
  "id": "file:///Users/abettati/sandbox/azure-rest-api-specs/specification/trafficmanager/resource-manager/Microsoft.Network/stable/2018-03-01/trafficmanager.json#/web-api/end-points/%2Fsubscriptions%2F%7BsubscriptionId%7D%2FresourceGroups%2F%7BresourceGroupName%7D%2Fproviders%2FMicrosoft.Network%2Ftrafficmanagerprofiles%2F%7BprofileName%7D%2F%7BendpointType%7D%2F%7BendpointName%7D/patch/request/parameter/profileName"
}, {
  "http://a.ml/vocabularies/apiContract#binding": "path",
  "http://a.ml/vocabularies/apiContract#paramName": "resourceGroupName",
  "http://a.ml/vocabularies/apiContract#required": "true",
  "http://a.ml/vocabularies/core#description": "The name of the resource group containing the Traffic Manager endpoint to be updated.",
  "http://a.ml/vocabularies/core#name": "resourceGroupName",
  "http://a.ml/vocabularies/shapes#schema": {
    "http://a.ml/vocabularies/core#description": "The name of the resource group containing the Traffic Manager endpoint to be updated.",
    "http://www.w3.org/ns/shacl#datatype": "http://www.w3.org/2001/XMLSchema#string",
    "http://www.w3.org/ns/shacl#name": "schema",
    "id": "file:///Users/abettati/sandbox/azure-rest-api-specs/specification/trafficmanager/resource-manager/Microsoft.Network/stable/2018-03-01/trafficmanager.json#/web-api/end-points/%2Fsubscriptions%2F%7BsubscriptionId%7D%2FresourceGroups%2F%7BresourceGroupName%7D%2Fproviders%2FMicrosoft.Network%2Ftrafficmanagerprofiles%2F%7BprofileName%7D%2F%7BendpointType%7D%2F%7BendpointName%7D/patch/request/parameter/resourceGroupName/scalar/schema"
  },
  "id": "file:///Users/abettati/sandbox/azure-rest-api-specs/specification/trafficmanager/resource-manager/Microsoft.Network/stable/2018-03-01/trafficmanager.json#/web-api/end-points/%2Fsubscriptions%2F%7BsubscriptionId%7D%2FresourceGroups%2F%7BresourceGroupName%7D%2Fproviders%2FMicrosoft.Network%2Ftrafficmanagerprofiles%2F%7BprofileName%7D%2F%7BendpointType%7D%2F%7BendpointName%7D/patch/request/parameter/resourceGroupName"
}, {
  "http://a.ml/vocabularies/apiContract#binding": "path",
  "http://a.ml/vocabularies/apiContract#paramName": "endpointType",
  "http://a.ml/vocabularies/apiContract#required": "true",
  "http://a.ml/vocabularies/core#description": "The type of the Traffic Manager endpoint to be updated.",
  "http://a.ml/vocabularies/core#name": "endpointType",
  "http://a.ml/vocabularies/shapes#schema": {
    "http://a.ml/vocabularies/core#description": "The type of the Traffic Manager endpoint to be updated.",
    "http://www.w3.org/ns/shacl#datatype": "http://www.w3.org/2001/XMLSchema#string",
    "http://www.w3.org/ns/shacl#name": "schema",
    "id": "file:///Users/abettati/sandbox/azure-rest-api-specs/specification/trafficmanager/resource-manager/Microsoft.Network/stable/2018-03-01/trafficmanager.json#/web-api/end-points/%2Fsubscriptions%2F%7BsubscriptionId%7D%2FresourceGroups%2F%7BresourceGroupName%7D%2Fproviders%2FMicrosoft.Network%2Ftrafficmanagerprofiles%2F%7BprofileName%7D%2F%7BendpointType%7D%2F%7BendpointName%7D/patch/request/parameter/endpointType/scalar/schema"
  },
  "id": "file:///Users/abettati/sandbox/azure-rest-api-specs/specification/trafficmanager/resource-manager/Microsoft.Network/stable/2018-03-01/trafficmanager.json#/web-api/end-points/%2Fsubscriptions%2F%7BsubscriptionId%7D%2FresourceGroups%2F%7BresourceGroupName%7D%2Fproviders%2FMicrosoft.Network%2Ftrafficmanagerprofiles%2F%7BprofileName%7D%2F%7BendpointType%7D%2F%7BendpointName%7D/patch/request/parameter/endpointType"
}, {
  "http://a.ml/vocabularies/apiContract#binding": "path",
  "http://a.ml/vocabularies/apiContract#paramName": "endpointName",
  "http://a.ml/vocabularies/apiContract#required": "true",
  "http://a.ml/vocabularies/core#description": "The name of the Traffic Manager endpoint to be updated.",
  "http://a.ml/vocabularies/core#name": "endpointName",
  "http://a.ml/vocabularies/shapes#schema": {
    "http://a.ml/vocabularies/core#description": "The name of the Traffic Manager endpoint to be updated.",
    "http://www.w3.org/ns/shacl#datatype": "http://www.w3.org/2001/XMLSchema#string",
    "http://www.w3.org/ns/shacl#name": "schema",
    "id": "file:///Users/abettati/sandbox/azure-rest-api-specs/specification/trafficmanager/resource-manager/Microsoft.Network/stable/2018-03-01/trafficmanager.json#/web-api/end-points/%2Fsubscriptions%2F%7BsubscriptionId%7D%2FresourceGroups%2F%7BresourceGroupName%7D%2Fproviders%2FMicrosoft.Network%2Ftrafficmanagerprofiles%2F%7BprofileName%7D%2F%7BendpointType%7D%2F%7BendpointName%7D/patch/request/parameter/endpointName/scalar/schema"
  },
  "id": "file:///Users/abettati/sandbox/azure-rest-api-specs/specification/trafficmanager/resource-manager/Microsoft.Network/stable/2018-03-01/trafficmanager.json#/web-api/end-points/%2Fsubscriptions%2F%7BsubscriptionId%7D%2FresourceGroups%2F%7BresourceGroupName%7D%2Fproviders%2FMicrosoft.Network%2Ftrafficmanagerprofiles%2F%7BprofileName%7D%2F%7BendpointType%7D%2F%7BendpointName%7D/patch/request/parameter/endpointName"
}, {
  "http://a.ml/vocabularies/apiContract#binding": "path",
  "http://a.ml/vocabularies/apiContract#paramName": "profileName",
  "http://a.ml/vocabularies/apiContract#required": "true",
  "http://a.ml/vocabularies/core#description": "The name of the Traffic Manager profile.",
  "http://a.ml/vocabularies/core#name": "profileName",
  "http://a.ml/vocabularies/shapes#schema": {
    "http://a.ml/vocabularies/core#description": "The name of the Traffic Manager profile.",
    "http://www.w3.org/ns/shacl#datatype": "http://www.w3.org/2001/XMLSchema#string",
    "http://www.w3.org/ns/shacl#name": "schema",
    "id": "file:///Users/abettati/sandbox/azure-rest-api-specs/specification/trafficmanager/resource-manager/Microsoft.Network/stable/2018-03-01/trafficmanager.json#/web-api/end-points/%2Fsubscriptions%2F%7BsubscriptionId%7D%2FresourceGroups%2F%7BresourceGroupName%7D%2Fproviders%2FMicrosoft.Network%2Ftrafficmanagerprofiles%2F%7BprofileName%7D%2F%7BendpointType%7D%2F%7BendpointName%7D/get/request/parameter/profileName/scalar/schema"
  },
  "id": "file:///Users/abettati/sandbox/azure-rest-api-specs/specification/trafficmanager/resource-manager/Microsoft.Network/stable/2018-03-01/trafficmanager.json#/web-api/end-points/%2Fsubscriptions%2F%7BsubscriptionId%7D%2FresourceGroups%2F%7BresourceGroupName%7D%2Fproviders%2FMicrosoft.Network%2Ftrafficmanagerprofiles%2F%7BprofileName%7D%2F%7BendpointType%7D%2F%7BendpointName%7D/get/request/parameter/profileName"
}, {
  "http://a.ml/vocabularies/apiContract#binding": "path",
  "http://a.ml/vocabularies/apiContract#paramName": "resourceGroupName",
  "http://a.ml/vocabularies/apiContract#required": "true",
  "http://a.ml/vocabularies/core#description": "The name of the resource group containing the Traffic Manager endpoint.",
  "http://a.ml/vocabularies/core#name": "resourceGroupName",
  "http://a.ml/vocabularies/shapes#schema": {
    "http://a.ml/vocabularies/core#description": "The name of the resource group containing the Traffic Manager endpoint.",
    "http://www.w3.org/ns/shacl#datatype": "http://www.w3.org/2001/XMLSchema#string",
    "http://www.w3.org/ns/shacl#name": "schema",
    "id": "file:///Users/abettati/sandbox/azure-rest-api-specs/specification/trafficmanager/resource-manager/Microsoft.Network/stable/2018-03-01/trafficmanager.json#/web-api/end-points/%2Fsubscriptions%2F%7BsubscriptionId%7D%2FresourceGroups%2F%7BresourceGroupName%7D%2Fproviders%2FMicrosoft.Network%2Ftrafficmanagerprofiles%2F%7BprofileName%7D%2F%7BendpointType%7D%2F%7BendpointName%7D/get/request/parameter/resourceGroupName/scalar/schema"
  },
  "id": "file:///Users/abettati/sandbox/azure-rest-api-specs/specification/trafficmanager/resource-manager/Microsoft.Network/stable/2018-03-01/trafficmanager.json#/web-api/end-points/%2Fsubscriptions%2F%7BsubscriptionId%7D%2FresourceGroups%2F%7BresourceGroupName%7D%2Fproviders%2FMicrosoft.Network%2Ftrafficmanagerprofiles%2F%7BprofileName%7D%2F%7BendpointType%7D%2F%7BendpointName%7D/get/request/parameter/resourceGroupName"
}, {
  "http://a.ml/vocabularies/apiContract#binding": "path",
  "http://a.ml/vocabularies/apiContract#paramName": "endpointType",
  "http://a.ml/vocabularies/apiContract#required": "true",
  "http://a.ml/vocabularies/core#description": "The type of the Traffic Manager endpoint.",
  "http://a.ml/vocabularies/core#name": "endpointType",
  "http://a.ml/vocabularies/shapes#schema": {
    "http://a.ml/vocabularies/core#description": "The type of the Traffic Manager endpoint.",
    "http://www.w3.org/ns/shacl#datatype": "http://www.w3.org/2001/XMLSchema#string",
    "http://www.w3.org/ns/shacl#name": "schema",
    "id": "file:///Users/abettati/sandbox/azure-rest-api-specs/specification/trafficmanager/resource-manager/Microsoft.Network/stable/2018-03-01/trafficmanager.json#/web-api/end-points/%2Fsubscriptions%2F%7BsubscriptionId%7D%2FresourceGroups%2F%7BresourceGroupName%7D%2Fproviders%2FMicrosoft.Network%2Ftrafficmanagerprofiles%2F%7BprofileName%7D%2F%7BendpointType%7D%2F%7BendpointName%7D/get/request/parameter/endpointType/scalar/schema"
  },
  "id": "file:///Users/abettati/sandbox/azure-rest-api-specs/specification/trafficmanager/resource-manager/Microsoft.Network/stable/2018-03-01/trafficmanager.json#/web-api/end-points/%2Fsubscriptions%2F%7BsubscriptionId%7D%2FresourceGroups%2F%7BresourceGroupName%7D%2Fproviders%2FMicrosoft.Network%2Ftrafficmanagerprofiles%2F%7BprofileName%7D%2F%7BendpointType%7D%2F%7BendpointName%7D/get/request/parameter/endpointType"
}, {
  "http://a.ml/vocabularies/apiContract#binding": "path",
  "http://a.ml/vocabularies/apiContract#paramName": "endpointName",
  "http://a.ml/vocabularies/apiContract#required": "true",
  "http://a.ml/vocabularies/core#description": "The name of the Traffic Manager endpoint.",
  "http://a.ml/vocabularies/core#name": "endpointName",
  "http://a.ml/vocabularies/shapes#schema": {
    "http://a.ml/vocabularies/core#description": "The name of the Traffic Manager endpoint.",
    "http://www.w3.org/ns/shacl#datatype": "http://www.w3.org/2001/XMLSchema#string",
    "http://www.w3.org/ns/shacl#name": "schema",
    "id": "file:///Users/abettati/sandbox/azure-rest-api-specs/specification/trafficmanager/resource-manager/Microsoft.Network/stable/2018-03-01/trafficmanager.json#/web-api/end-points/%2Fsubscriptions%2F%7BsubscriptionId%7D%2FresourceGroups%2F%7BresourceGroupName%7D%2Fproviders%2FMicrosoft.Network%2Ftrafficmanagerprofiles%2F%7BprofileName%7D%2F%7BendpointType%7D%2F%7BendpointName%7D/get/request/parameter/endpointName/scalar/schema"
  },
  "id": "file:///Users/abettati/sandbox/azure-rest-api-specs/specification/trafficmanager/resource-manager/Microsoft.Network/stable/2018-03-01/trafficmanager.json#/web-api/end-points/%2Fsubscriptions%2F%7BsubscriptionId%7D%2FresourceGroups%2F%7BresourceGroupName%7D%2Fproviders%2FMicrosoft.Network%2Ftrafficmanagerprofiles%2F%7BprofileName%7D%2F%7BendpointType%7D%2F%7BendpointName%7D/get/request/parameter/endpointName"
}, {
  "http://a.ml/vocabularies/apiContract#binding": "path",
  "http://a.ml/vocabularies/apiContract#paramName": "profileName",
  "http://a.ml/vocabularies/apiContract#required": "true",
  "http://a.ml/vocabularies/core#description": "The name of the Traffic Manager profile.",
  "http://a.ml/vocabularies/core#name": "profileName",
  "http://a.ml/vocabularies/shapes#schema": {
    "http://a.ml/vocabularies/core#description": "The name of the Traffic Manager profile.",
    "http://www.w3.org/ns/shacl#datatype": "http://www.w3.org/2001/XMLSchema#string",
    "http://www.w3.org/ns/shacl#name": "schema",
    "id": "file:///Users/abettati/sandbox/azure-rest-api-specs/specification/trafficmanager/resource-manager/Microsoft.Network/stable/2018-03-01/trafficmanager.json#/web-api/end-points/%2Fsubscriptions%2F%7BsubscriptionId%7D%2FresourceGroups%2F%7BresourceGroupName%7D%2Fproviders%2FMicrosoft.Network%2Ftrafficmanagerprofiles%2F%7BprofileName%7D%2F%7BendpointType%7D%2F%7BendpointName%7D/put/request/parameter/profileName/scalar/schema"
  },
  "id": "file:///Users/abettati/sandbox/azure-rest-api-specs/specification/trafficmanager/resource-manager/Microsoft.Network/stable/2018-03-01/trafficmanager.json#/web-api/end-points/%2Fsubscriptions%2F%7BsubscriptionId%7D%2FresourceGroups%2F%7BresourceGroupName%7D%2Fproviders%2FMicrosoft.Network%2Ftrafficmanagerprofiles%2F%7BprofileName%7D%2F%7BendpointType%7D%2F%7BendpointName%7D/put/request/parameter/profileName"
}, {
  "http://a.ml/vocabularies/apiContract#binding": "path",
  "http://a.ml/vocabularies/apiContract#paramName": "resourceGroupName",
  "http://a.ml/vocabularies/apiContract#required": "true",
  "http://a.ml/vocabularies/core#description": "The name of the resource group containing the Traffic Manager endpoint to be created or updated.",
  "http://a.ml/vocabularies/core#name": "resourceGroupName",
  "http://a.ml/vocabularies/shapes#schema": {
    "http://a.ml/vocabularies/core#description": "The name of the resource group containing the Traffic Manager endpoint to be created or updated.",
    "http://www.w3.org/ns/shacl#datatype": "http://www.w3.org/2001/XMLSchema#string",
    "http://www.w3.org/ns/shacl#name": "schema",
    "id": "file:///Users/abettati/sandbox/azure-rest-api-specs/specification/trafficmanager/resource-manager/Microsoft.Network/stable/2018-03-01/trafficmanager.json#/web-api/end-points/%2Fsubscriptions%2F%7BsubscriptionId%7D%2FresourceGroups%2F%7BresourceGroupName%7D%2Fproviders%2FMicrosoft.Network%2Ftrafficmanagerprofiles%2F%7BprofileName%7D%2F%7BendpointType%7D%2F%7BendpointName%7D/put/request/parameter/resourceGroupName/scalar/schema"
  },
  "id": "file:///Users/abettati/sandbox/azure-rest-api-specs/specification/trafficmanager/resource-manager/Microsoft.Network/stable/2018-03-01/trafficmanager.json#/web-api/end-points/%2Fsubscriptions%2F%7BsubscriptionId%7D%2FresourceGroups%2F%7BresourceGroupName%7D%2Fproviders%2FMicrosoft.Network%2Ftrafficmanagerprofiles%2F%7BprofileName%7D%2F%7BendpointType%7D%2F%7BendpointName%7D/put/request/parameter/resourceGroupName"
}, {
  "http://a.ml/vocabularies/apiContract#binding": "path",
  "http://a.ml/vocabularies/apiContract#paramName": "endpointType",
  "http://a.ml/vocabularies/apiContract#required": "true",
  "http://a.ml/vocabularies/core#description": "The type of the Traffic Manager endpoint to be created or updated.",
  "http://a.ml/vocabularies/core#name": "endpointType",
  "http://a.ml/vocabularies/shapes#schema": {
    "http://a.ml/vocabularies/core#description": "The type of the Traffic Manager endpoint to be created or updated.",
    "http://www.w3.org/ns/shacl#datatype": "http://www.w3.org/2001/XMLSchema#string",
    "http://www.w3.org/ns/shacl#name": "schema",
    "id": "file:///Users/abettati/sandbox/azure-rest-api-specs/specification/trafficmanager/resource-manager/Microsoft.Network/stable/2018-03-01/trafficmanager.json#/web-api/end-points/%2Fsubscriptions%2F%7BsubscriptionId%7D%2FresourceGroups%2F%7BresourceGroupName%7D%2Fproviders%2FMicrosoft.Network%2Ftrafficmanagerprofiles%2F%7BprofileName%7D%2F%7BendpointType%7D%2F%7BendpointName%7D/put/request/parameter/endpointType/scalar/schema"
  },
  "id": "file:///Users/abettati/sandbox/azure-rest-api-specs/specification/trafficmanager/resource-manager/Microsoft.Network/stable/2018-03-01/trafficmanager.json#/web-api/end-points/%2Fsubscriptions%2F%7BsubscriptionId%7D%2FresourceGroups%2F%7BresourceGroupName%7D%2Fproviders%2FMicrosoft.Network%2Ftrafficmanagerprofiles%2F%7BprofileName%7D%2F%7BendpointType%7D%2F%7BendpointName%7D/put/request/parameter/endpointType"
}, {
  "http://a.ml/vocabularies/apiContract#binding": "path",
  "http://a.ml/vocabularies/apiContract#paramName": "endpointName",
  "http://a.ml/vocabularies/apiContract#required": "true",
  "http://a.ml/vocabularies/core#description": "The name of the Traffic Manager endpoint to be created or updated.",
  "http://a.ml/vocabularies/core#name": "endpointName",
  "http://a.ml/vocabularies/shapes#schema": {
    "http://a.ml/vocabularies/core#description": "The name of the Traffic Manager endpoint to be created or updated.",
    "http://www.w3.org/ns/shacl#datatype": "http://www.w3.org/2001/XMLSchema#string",
    "http://www.w3.org/ns/shacl#name": "schema",
    "id": "file:///Users/abettati/sandbox/azure-rest-api-specs/specification/trafficmanager/resource-manager/Microsoft.Network/stable/2018-03-01/trafficmanager.json#/web-api/end-points/%2Fsubscriptions%2F%7BsubscriptionId%7D%2FresourceGroups%2F%7BresourceGroupName%7D%2Fproviders%2FMicrosoft.Network%2Ftrafficmanagerprofiles%2F%7BprofileName%7D%2F%7BendpointType%7D%2F%7BendpointName%7D/put/request/parameter/endpointName/scalar/schema"
  },
  "id": "file:///Users/abettati/sandbox/azure-rest-api-specs/specification/trafficmanager/resource-manager/Microsoft.Network/stable/2018-03-01/trafficmanager.json#/web-api/end-points/%2Fsubscriptions%2F%7BsubscriptionId%7D%2FresourceGroups%2F%7BresourceGroupName%7D%2Fproviders%2FMicrosoft.Network%2Ftrafficmanagerprofiles%2F%7BprofileName%7D%2F%7BendpointType%7D%2F%7BendpointName%7D/put/request/parameter/endpointName"
}, {
  "http://a.ml/vocabularies/apiContract#binding": "path",
  "http://a.ml/vocabularies/apiContract#paramName": "profileName",
  "http://a.ml/vocabularies/apiContract#required": "true",
  "http://a.ml/vocabularies/core#description": "The name of the Traffic Manager profile.",
  "http://a.ml/vocabularies/core#name": "profileName",
  "http://a.ml/vocabularies/shapes#schema": {
    "http://a.ml/vocabularies/core#description": "The name of the Traffic Manager profile.",
    "http://www.w3.org/ns/shacl#datatype": "http://www.w3.org/2001/XMLSchema#string",
    "http://www.w3.org/ns/shacl#name": "schema",
    "id": "file:///Users/abettati/sandbox/azure-rest-api-specs/specification/trafficmanager/resource-manager/Microsoft.Network/stable/2018-03-01/trafficmanager.json#/web-api/end-points/%2Fsubscriptions%2F%7BsubscriptionId%7D%2FresourceGroups%2F%7BresourceGroupName%7D%2Fproviders%2FMicrosoft.Network%2Ftrafficmanagerprofiles%2F%7BprofileName%7D%2F%7BendpointType%7D%2F%7BendpointName%7D/delete/request/parameter/profileName/scalar/schema"
  },
  "id": "file:///Users/abettati/sandbox/azure-rest-api-specs/specification/trafficmanager/resource-manager/Microsoft.Network/stable/2018-03-01/trafficmanager.json#/web-api/end-points/%2Fsubscriptions%2F%7BsubscriptionId%7D%2FresourceGroups%2F%7BresourceGroupName%7D%2Fproviders%2FMicrosoft.Network%2Ftrafficmanagerprofiles%2F%7BprofileName%7D%2F%7BendpointType%7D%2F%7BendpointName%7D/delete/request/parameter/profileName"
}, {
  "http://a.ml/vocabularies/apiContract#binding": "path",
  "http://a.ml/vocabularies/apiContract#paramName": "resourceGroupName",
  "http://a.ml/vocabularies/apiContract#required": "true",
  "http://a.ml/vocabularies/core#description": "The name of the resource group containing the Traffic Manager endpoint to be deleted.",
  "http://a.ml/vocabularies/core#name": "resourceGroupName",
  "http://a.ml/vocabularies/shapes#schema": {
    "http://a.ml/vocabularies/core#description": "The name of the resource group containing the Traffic Manager endpoint to be deleted.",
    "http://www.w3.org/ns/shacl#datatype": "http://www.w3.org/2001/XMLSchema#string",
    "http://www.w3.org/ns/shacl#name": "schema",
    "id": "file:///Users/abettati/sandbox/azure-rest-api-specs/specification/trafficmanager/resource-manager/Microsoft.Network/stable/2018-03-01/trafficmanager.json#/web-api/end-points/%2Fsubscriptions%2F%7BsubscriptionId%7D%2FresourceGroups%2F%7BresourceGroupName%7D%2Fproviders%2FMicrosoft.Network%2Ftrafficmanagerprofiles%2F%7BprofileName%7D%2F%7BendpointType%7D%2F%7BendpointName%7D/delete/request/parameter/resourceGroupName/scalar/schema"
  },
  "id": "file:///Users/abettati/sandbox/azure-rest-api-specs/specification/trafficmanager/resource-manager/Microsoft.Network/stable/2018-03-01/trafficmanager.json#/web-api/end-points/%2Fsubscriptions%2F%7BsubscriptionId%7D%2FresourceGroups%2F%7BresourceGroupName%7D%2Fproviders%2FMicrosoft.Network%2Ftrafficmanagerprofiles%2F%7BprofileName%7D%2F%7BendpointType%7D%2F%7BendpointName%7D/delete/request/parameter/resourceGroupName"
}, {
  "http://a.ml/vocabularies/apiContract#binding": "path",
  "http://a.ml/vocabularies/apiContract#paramName": "endpointType",
  "http://a.ml/vocabularies/apiContract#required": "true",
  "http://a.ml/vocabularies/core#description": "The type of the Traffic Manager endpoint to be deleted.",
  "http://a.ml/vocabularies/core#name": "endpointType",
  "http://a.ml/vocabularies/shapes#schema": {
    "http://a.ml/vocabularies/core#description": "The type of the Traffic Manager endpoint to be deleted.",
    "http://www.w3.org/ns/shacl#datatype": "http://www.w3.org/2001/XMLSchema#string",
    "http://www.w3.org/ns/shacl#name": "schema",
    "id": "file:///Users/abettati/sandbox/azure-rest-api-specs/specification/trafficmanager/resource-manager/Microsoft.Network/stable/2018-03-01/trafficmanager.json#/web-api/end-points/%2Fsubscriptions%2F%7BsubscriptionId%7D%2FresourceGroups%2F%7BresourceGroupName%7D%2Fproviders%2FMicrosoft.Network%2Ftrafficmanagerprofiles%2F%7BprofileName%7D%2F%7BendpointType%7D%2F%7BendpointName%7D/delete/request/parameter/endpointType/scalar/schema"
  },
  "id": "file:///Users/abettati/sandbox/azure-rest-api-specs/specification/trafficmanager/resource-manager/Microsoft.Network/stable/2018-03-01/trafficmanager.json#/web-api/end-points/%2Fsubscriptions%2F%7BsubscriptionId%7D%2FresourceGroups%2F%7BresourceGroupName%7D%2Fproviders%2FMicrosoft.Network%2Ftrafficmanagerprofiles%2F%7BprofileName%7D%2F%7BendpointType%7D%2F%7BendpointName%7D/delete/request/parameter/endpointType"
}, {
  "http://a.ml/vocabularies/apiContract#binding": "path",
  "http://a.ml/vocabularies/apiContract#paramName": "endpointName",
  "http://a.ml/vocabularies/apiContract#required": "true",
  "http://a.ml/vocabularies/core#description": "The name of the Traffic Manager endpoint to be deleted.",
  "http://a.ml/vocabularies/core#name": "endpointName",
  "http://a.ml/vocabularies/shapes#schema": {
    "http://a.ml/vocabularies/core#description": "The name of the Traffic Manager endpoint to be deleted.",
    "http://www.w3.org/ns/shacl#datatype": "http://www.w3.org/2001/XMLSchema#string",
    "http://www.w3.org/ns/shacl#name": "schema",
    "id": "file:///Users/abettati/sandbox/azure-rest-api-specs/specification/trafficmanager/resource-manager/Microsoft.Network/stable/2018-03-01/trafficmanager.json#/web-api/end-points/%2Fsubscriptions%2F%7BsubscriptionId%7D%2FresourceGroups%2F%7BresourceGroupName%7D%2Fproviders%2FMicrosoft.Network%2Ftrafficmanagerprofiles%2F%7BprofileName%7D%2F%7BendpointType%7D%2F%7BendpointName%7D/delete/request/parameter/endpointName/scalar/schema"
  },
  "id": "file:///Users/abettati/sandbox/azure-rest-api-specs/specification/trafficmanager/resource-manager/Microsoft.Network/stable/2018-03-01/trafficmanager.json#/web-api/end-points/%2Fsubscriptions%2F%7BsubscriptionId%7D%2FresourceGroups%2F%7BresourceGroupName%7D%2Fproviders%2FMicrosoft.Network%2Ftrafficmanagerprofiles%2F%7BprofileName%7D%2F%7BendpointType%7D%2F%7BendpointName%7D/delete/request/parameter/endpointName"
}, {
  "http://a.ml/vocabularies/apiContract#binding": "path",
  "http://a.ml/vocabularies/apiContract#paramName": "resourceGroupName",
  "http://a.ml/vocabularies/apiContract#required": "true",
  "http://a.ml/vocabularies/core#description": "The name of the resource group containing the Traffic Manager profiles to be listed.",
  "http://a.ml/vocabularies/core#name": "resourceGroupName",
  "http://a.ml/vocabularies/shapes#schema": {
    "http://a.ml/vocabularies/core#description": "The name of the resource group containing the Traffic Manager profiles to be listed.",
    "http://www.w3.org/ns/shacl#datatype": "http://www.w3.org/2001/XMLSchema#string",
    "http://www.w3.org/ns/shacl#name": "schema",
    "id": "file:///Users/abettati/sandbox/azure-rest-api-specs/specification/trafficmanager/resource-manager/Microsoft.Network/stable/2018-03-01/trafficmanager.json#/web-api/end-points/%2Fsubscriptions%2F%7BsubscriptionId%7D%2FresourceGroups%2F%7BresourceGroupName%7D%2Fproviders%2FMicrosoft.Network%2Ftrafficmanagerprofiles/get/request/parameter/resourceGroupName/scalar/schema"
  },
  "id": "file:///Users/abettati/sandbox/azure-rest-api-specs/specification/trafficmanager/resource-manager/Microsoft.Network/stable/2018-03-01/trafficmanager.json#/web-api/end-points/%2Fsubscriptions%2F%7BsubscriptionId%7D%2FresourceGroups%2F%7BresourceGroupName%7D%2Fproviders%2FMicrosoft.Network%2Ftrafficmanagerprofiles/get/request/parameter/resourceGroupName"
}, {
  "http://a.ml/vocabularies/apiContract#binding": "path",
  "http://a.ml/vocabularies/apiContract#paramName": "resourceGroupName",
  "http://a.ml/vocabularies/apiContract#required": "true",
  "http://a.ml/vocabularies/core#description": "The name of the resource group containing the Traffic Manager profile.",
  "http://a.ml/vocabularies/core#name": "resourceGroupName",
  "http://a.ml/vocabularies/shapes#schema": {
    "http://a.ml/vocabularies/core#description": "The name of the resource group containing the Traffic Manager profile.",
    "http://www.w3.org/ns/shacl#datatype": "http://www.w3.org/2001/XMLSchema#string",
    "http://www.w3.org/ns/shacl#name": "schema",
    "id": "file:///Users/abettati/sandbox/azure-rest-api-specs/specification/trafficmanager/resource-manager/Microsoft.Network/stable/2018-03-01/trafficmanager.json#/web-api/end-points/%2Fsubscriptions%2F%7BsubscriptionId%7D%2FresourceGroups%2F%7BresourceGroupName%7D%2Fproviders%2FMicrosoft.Network%2Ftrafficmanagerprofiles%2F%7BprofileName%7D/get/request/parameter/resourceGroupName/scalar/schema"
  },
  "id": "file:///Users/abettati/sandbox/azure-rest-api-specs/specification/trafficmanager/resource-manager/Microsoft.Network/stable/2018-03-01/trafficmanager.json#/web-api/end-points/%2Fsubscriptions%2F%7BsubscriptionId%7D%2FresourceGroups%2F%7BresourceGroupName%7D%2Fproviders%2FMicrosoft.Network%2Ftrafficmanagerprofiles%2F%7BprofileName%7D/get/request/parameter/resourceGroupName"
}, {
  "http://a.ml/vocabularies/apiContract#binding": "path",
  "http://a.ml/vocabularies/apiContract#paramName": "profileName",
  "http://a.ml/vocabularies/apiContract#required": "true",
  "http://a.ml/vocabularies/core#description": "The name of the Traffic Manager profile.",
  "http://a.ml/vocabularies/core#name": "profileName",
  "http://a.ml/vocabularies/shapes#schema": {
    "http://a.ml/vocabularies/core#description": "The name of the Traffic Manager profile.",
    "http://www.w3.org/ns/shacl#datatype": "http://www.w3.org/2001/XMLSchema#string",
    "http://www.w3.org/ns/shacl#name": "schema",
    "id": "file:///Users/abettati/sandbox/azure-rest-api-specs/specification/trafficmanager/resource-manager/Microsoft.Network/stable/2018-03-01/trafficmanager.json#/web-api/end-points/%2Fsubscriptions%2F%7BsubscriptionId%7D%2FresourceGroups%2F%7BresourceGroupName%7D%2Fproviders%2FMicrosoft.Network%2Ftrafficmanagerprofiles%2F%7BprofileName%7D/get/request/parameter/profileName/scalar/schema"
  },
  "id": "file:///Users/abettati/sandbox/azure-rest-api-specs/specification/trafficmanager/resource-manager/Microsoft.Network/stable/2018-03-01/trafficmanager.json#/web-api/end-points/%2Fsubscriptions%2F%7BsubscriptionId%7D%2FresourceGroups%2F%7BresourceGroupName%7D%2Fproviders%2FMicrosoft.Network%2Ftrafficmanagerprofiles%2F%7BprofileName%7D/get/request/parameter/profileName"
}, {
  "http://a.ml/vocabularies/apiContract#binding": "path",
  "http://a.ml/vocabularies/apiContract#paramName": "resourceGroupName",
  "http://a.ml/vocabularies/apiContract#required": "true",
  "http://a.ml/vocabularies/core#description": "The name of the resource group containing the Traffic Manager profile.",
  "http://a.ml/vocabularies/core#name": "resourceGroupName",
  "http://a.ml/vocabularies/shapes#schema": {
    "http://a.ml/vocabularies/core#description": "The name of the resource group containing the Traffic Manager profile.",
    "http://www.w3.org/ns/shacl#datatype": "http://www.w3.org/2001/XMLSchema#string",
    "http://www.w3.org/ns/shacl#name": "schema",
    "id": "file:///Users/abettati/sandbox/azure-rest-api-specs/specification/trafficmanager/resource-manager/Microsoft.Network/stable/2018-03-01/trafficmanager.json#/web-api/end-points/%2Fsubscriptions%2F%7BsubscriptionId%7D%2FresourceGroups%2F%7BresourceGroupName%7D%2Fproviders%2FMicrosoft.Network%2Ftrafficmanagerprofiles%2F%7BprofileName%7D/put/request/parameter/resourceGroupName/scalar/schema"
  },
  "id": "file:///Users/abettati/sandbox/azure-rest-api-specs/specification/trafficmanager/resource-manager/Microsoft.Network/stable/2018-03-01/trafficmanager.json#/web-api/end-points/%2Fsubscriptions%2F%7BsubscriptionId%7D%2FresourceGroups%2F%7BresourceGroupName%7D%2Fproviders%2FMicrosoft.Network%2Ftrafficmanagerprofiles%2F%7BprofileName%7D/put/request/parameter/resourceGroupName"
}, {
  "http://a.ml/vocabularies/apiContract#binding": "path",
  "http://a.ml/vocabularies/apiContract#paramName": "profileName",
  "http://a.ml/vocabularies/apiContract#required": "true",
  "http://a.ml/vocabularies/core#description": "The name of the Traffic Manager profile.",
  "http://a.ml/vocabularies/core#name": "profileName",
  "http://a.ml/vocabularies/shapes#schema": {
    "http://a.ml/vocabularies/core#description": "The name of the Traffic Manager profile.",
    "http://www.w3.org/ns/shacl#datatype": "http://www.w3.org/2001/XMLSchema#string",
    "http://www.w3.org/ns/shacl#name": "schema",
    "id": "file:///Users/abettati/sandbox/azure-rest-api-specs/specification/trafficmanager/resource-manager/Microsoft.Network/stable/2018-03-01/trafficmanager.json#/web-api/end-points/%2Fsubscriptions%2F%7BsubscriptionId%7D%2FresourceGroups%2F%7BresourceGroupName%7D%2Fproviders%2FMicrosoft.Network%2Ftrafficmanagerprofiles%2F%7BprofileName%7D/put/request/parameter/profileName/scalar/schema"
  },
  "id": "file:///Users/abettati/sandbox/azure-rest-api-specs/specification/trafficmanager/resource-manager/Microsoft.Network/stable/2018-03-01/trafficmanager.json#/web-api/end-points/%2Fsubscriptions%2F%7BsubscriptionId%7D%2FresourceGroups%2F%7BresourceGroupName%7D%2Fproviders%2FMicrosoft.Network%2Ftrafficmanagerprofiles%2F%7BprofileName%7D/put/request/parameter/profileName"
}, {
  "http://a.ml/vocabularies/apiContract#binding": "path",
  "http://a.ml/vocabularies/apiContract#paramName": "resourceGroupName",
  "http://a.ml/vocabularies/apiContract#required": "true",
  "http://a.ml/vocabularies/core#description": "The name of the resource group containing the Traffic Manager profile to be deleted.",
  "http://a.ml/vocabularies/core#name": "resourceGroupName",
  "http://a.ml/vocabularies/shapes#schema": {
    "http://a.ml/vocabularies/core#description": "The name of the resource group containing the Traffic Manager profile to be deleted.",
    "http://www.w3.org/ns/shacl#datatype": "http://www.w3.org/2001/XMLSchema#string",
    "http://www.w3.org/ns/shacl#name": "schema",
    "id": "file:///Users/abettati/sandbox/azure-rest-api-specs/specification/trafficmanager/resource-manager/Microsoft.Network/stable/2018-03-01/trafficmanager.json#/web-api/end-points/%2Fsubscriptions%2F%7BsubscriptionId%7D%2FresourceGroups%2F%7BresourceGroupName%7D%2Fproviders%2FMicrosoft.Network%2Ftrafficmanagerprofiles%2F%7BprofileName%7D/delete/request/parameter/resourceGroupName/scalar/schema"
  },
  "id": "file:///Users/abettati/sandbox/azure-rest-api-specs/specification/trafficmanager/resource-manager/Microsoft.Network/stable/2018-03-01/trafficmanager.json#/web-api/end-points/%2Fsubscriptions%2F%7BsubscriptionId%7D%2FresourceGroups%2F%7BresourceGroupName%7D%2Fproviders%2FMicrosoft.Network%2Ftrafficmanagerprofiles%2F%7BprofileName%7D/delete/request/parameter/resourceGroupName"
}, {
  "http://a.ml/vocabularies/apiContract#binding": "path",
  "http://a.ml/vocabularies/apiContract#paramName": "profileName",
  "http://a.ml/vocabularies/apiContract#required": "true",
  "http://a.ml/vocabularies/core#description": "The name of the Traffic Manager profile to be deleted.",
  "http://a.ml/vocabularies/core#name": "profileName",
  "http://a.ml/vocabularies/shapes#schema": {
    "http://a.ml/vocabularies/core#description": "The name of the Traffic Manager profile to be deleted.",
    "http://www.w3.org/ns/shacl#datatype": "http://www.w3.org/2001/XMLSchema#string",
    "http://www.w3.org/ns/shacl#name": "schema",
    "id": "file:///Users/abettati/sandbox/azure-rest-api-specs/specification/trafficmanager/resource-manager/Microsoft.Network/stable/2018-03-01/trafficmanager.json#/web-api/end-points/%2Fsubscriptions%2F%7BsubscriptionId%7D%2FresourceGroups%2F%7BresourceGroupName%7D%2Fproviders%2FMicrosoft.Network%2Ftrafficmanagerprofiles%2F%7BprofileName%7D/delete/request/parameter/profileName/scalar/schema"
  },
  "id": "file:///Users/abettati/sandbox/azure-rest-api-specs/specification/trafficmanager/resource-manager/Microsoft.Network/stable/2018-03-01/trafficmanager.json#/web-api/end-points/%2Fsubscriptions%2F%7BsubscriptionId%7D%2FresourceGroups%2F%7BresourceGroupName%7D%2Fproviders%2FMicrosoft.Network%2Ftrafficmanagerprofiles%2F%7BprofileName%7D/delete/request/parameter/profileName"
}, {
  "http://a.ml/vocabularies/apiContract#binding": "path",
  "http://a.ml/vocabularies/apiContract#paramName": "resourceGroupName",
  "http://a.ml/vocabularies/apiContract#required": "true",
  "http://a.ml/vocabularies/core#description": "The name of the resource group containing the Traffic Manager profile.",
  "http://a.ml/vocabularies/core#name": "resourceGroupName",
  "http://a.ml/vocabularies/shapes#schema": {
    "http://a.ml/vocabularies/core#description": "The name of the resource group containing the Traffic Manager profile.",
    "http://www.w3.org/ns/shacl#datatype": "http://www.w3.org/2001/XMLSchema#string",
    "http://www.w3.org/ns/shacl#name": "schema",
    "id": "file:///Users/abettati/sandbox/azure-rest-api-specs/specification/trafficmanager/resource-manager/Microsoft.Network/stable/2018-03-01/trafficmanager.json#/web-api/end-points/%2Fsubscriptions%2F%7BsubscriptionId%7D%2FresourceGroups%2F%7BresourceGroupName%7D%2Fproviders%2FMicrosoft.Network%2Ftrafficmanagerprofiles%2F%7BprofileName%7D/patch/request/parameter/resourceGroupName/scalar/schema"
  },
  "id": "file:///Users/abettati/sandbox/azure-rest-api-specs/specification/trafficmanager/resource-manager/Microsoft.Network/stable/2018-03-01/trafficmanager.json#/web-api/end-points/%2Fsubscriptions%2F%7BsubscriptionId%7D%2FresourceGroups%2F%7BresourceGroupName%7D%2Fproviders%2FMicrosoft.Network%2Ftrafficmanagerprofiles%2F%7BprofileName%7D/patch/request/parameter/resourceGroupName"
}, {
  "http://a.ml/vocabularies/apiContract#binding": "path",
  "http://a.ml/vocabularies/apiContract#paramName": "profileName",
  "http://a.ml/vocabularies/apiContract#required": "true",
  "http://a.ml/vocabularies/core#description": "The name of the Traffic Manager profile.",
  "http://a.ml/vocabularies/core#name": "profileName",
  "http://a.ml/vocabularies/shapes#schema": {
    "http://a.ml/vocabularies/core#description": "The name of the Traffic Manager profile.",
    "http://www.w3.org/ns/shacl#datatype": "http://www.w3.org/2001/XMLSchema#string",
    "http://www.w3.org/ns/shacl#name": "schema",
    "id": "file:///Users/abettati/sandbox/azure-rest-api-specs/specification/trafficmanager/resource-manager/Microsoft.Network/stable/2018-03-01/trafficmanager.json#/web-api/end-points/%2Fsubscriptions%2F%7BsubscriptionId%7D%2FresourceGroups%2F%7BresourceGroupName%7D%2Fproviders%2FMicrosoft.Network%2Ftrafficmanagerprofiles%2F%7BprofileName%7D/patch/request/parameter/profileName/scalar/schema"
  },
  "id": "file:///Users/abettati/sandbox/azure-rest-api-specs/specification/trafficmanager/resource-manager/Microsoft.Network/stable/2018-03-01/trafficmanager.json#/web-api/end-points/%2Fsubscriptions%2F%7BsubscriptionId%7D%2FresourceGroups%2F%7BresourceGroupName%7D%2Fproviders%2FMicrosoft.Network%2Ftrafficmanagerprofiles%2F%7BprofileName%7D/patch/request/parameter/profileName"
}, {
  "http://a.ml/vocabularies/apiContract#binding": "query",
  "http://a.ml/vocabularies/apiContract#paramName": "topLeft",
  "http://a.ml/vocabularies/apiContract#required": "false",
  "http://a.ml/vocabularies/core#description": "The top left latitude,longitude pair of the rectangular viewport to query for.",
  "http://a.ml/vocabularies/core#name": "topLeft",
  "http://a.ml/vocabularies/shapes#schema": {
    "http://a.ml/vocabularies/core#description": "The top left latitude,longitude pair of the rectangular viewport to query for.",
    "http://a.ml/vocabularies/shapes#collectionFormat": "csv",
    "http://a.ml/vocabularies/shapes#items": {
      "http://a.ml/vocabularies/shapes#format": "double",
      "http://www.w3.org/ns/shacl#datatype": "http://www.w3.org/2001/XMLSchema#double",
      "http://www.w3.org/ns/shacl#name": "items",
      "id": "file:///Users/abettati/sandbox/azure-rest-api-specs/specification/trafficmanager/resource-manager/Microsoft.Network/stable/2018-03-01/trafficmanager.json#/web-api/end-points/%2Fsubscriptions%2F%7BsubscriptionId%7D%2FresourceGroups%2F%7BresourceGroupName%7D%2Fproviders%2FMicrosoft.Network%2Ftrafficmanagerprofiles%2F%7BprofileName%7D%2FheatMaps%2F%7BheatMapType%7D/get/request/parameter/topLeft/array/schema/items/scalar/items"
    },
    "http://www.w3.org/ns/shacl#maxCount": "2",
    "http://www.w3.org/ns/shacl#minCount": "2",
    "http://www.w3.org/ns/shacl#name": "schema",
    "id": "file:///Users/abettati/sandbox/azure-rest-api-specs/specification/trafficmanager/resource-manager/Microsoft.Network/stable/2018-03-01/trafficmanager.json#/web-api/end-points/%2Fsubscriptions%2F%7BsubscriptionId%7D%2FresourceGroups%2F%7BresourceGroupName%7D%2Fproviders%2FMicrosoft.Network%2Ftrafficmanagerprofiles%2F%7BprofileName%7D%2FheatMaps%2F%7BheatMapType%7D/get/request/parameter/topLeft/array/schema"
  },
  "id": "file:///Users/abettati/sandbox/azure-rest-api-specs/specification/trafficmanager/resource-manager/Microsoft.Network/stable/2018-03-01/trafficmanager.json#/web-api/end-points/%2Fsubscriptions%2F%7BsubscriptionId%7D%2FresourceGroups%2F%7BresourceGroupName%7D%2Fproviders%2FMicrosoft.Network%2Ftrafficmanagerprofiles%2F%7BprofileName%7D%2FheatMaps%2F%7BheatMapType%7D/get/request/parameter/topLeft"
}, {
  "http://a.ml/vocabularies/apiContract#binding": "query",
  "http://a.ml/vocabularies/apiContract#paramName": "botRight",
  "http://a.ml/vocabularies/apiContract#required": "false",
  "http://a.ml/vocabularies/core#description": "The bottom right latitude,longitude pair of the rectangular viewport to query for.",
  "http://a.ml/vocabularies/core#name": "botRight",
  "http://a.ml/vocabularies/shapes#schema": {
    "http://a.ml/vocabularies/core#description": "The bottom right latitude,longitude pair of the rectangular viewport to query for.",
    "http://a.ml/vocabularies/shapes#collectionFormat": "csv",
    "http://a.ml/vocabularies/shapes#items": {
      "http://a.ml/vocabularies/shapes#format": "double",
      "http://www.w3.org/ns/shacl#datatype": "http://www.w3.org/2001/XMLSchema#double",
      "http://www.w3.org/ns/shacl#name": "items",
      "id": "file:///Users/abettati/sandbox/azure-rest-api-specs/specification/trafficmanager/resource-manager/Microsoft.Network/stable/2018-03-01/trafficmanager.json#/web-api/end-points/%2Fsubscriptions%2F%7BsubscriptionId%7D%2FresourceGroups%2F%7BresourceGroupName%7D%2Fproviders%2FMicrosoft.Network%2Ftrafficmanagerprofiles%2F%7BprofileName%7D%2FheatMaps%2F%7BheatMapType%7D/get/request/parameter/botRight/array/schema/items/scalar/items"
    },
    "http://www.w3.org/ns/shacl#maxCount": "2",
    "http://www.w3.org/ns/shacl#minCount": "2",
    "http://www.w3.org/ns/shacl#name": "schema",
    "id": "file:///Users/abettati/sandbox/azure-rest-api-specs/specification/trafficmanager/resource-manager/Microsoft.Network/stable/2018-03-01/trafficmanager.json#/web-api/end-points/%2Fsubscriptions%2F%7BsubscriptionId%7D%2FresourceGroups%2F%7BresourceGroupName%7D%2Fproviders%2FMicrosoft.Network%2Ftrafficmanagerprofiles%2F%7BprofileName%7D%2FheatMaps%2F%7BheatMapType%7D/get/request/parameter/botRight/array/schema"
  },
  "id": "file:///Users/abettati/sandbox/azure-rest-api-specs/specification/trafficmanager/resource-manager/Microsoft.Network/stable/2018-03-01/trafficmanager.json#/web-api/end-points/%2Fsubscriptions%2F%7BsubscriptionId%7D%2FresourceGroups%2F%7BresourceGroupName%7D%2Fproviders%2FMicrosoft.Network%2Ftrafficmanagerprofiles%2F%7BprofileName%7D%2FheatMaps%2F%7BheatMapType%7D/get/request/parameter/botRight"
}, {
  "http://a.ml/vocabularies/apiContract#binding": "path",
  "http://a.ml/vocabularies/apiContract#paramName": "resourceGroupName",
  "http://a.ml/vocabularies/apiContract#required": "true",
  "http://a.ml/vocabularies/core#description": "The name of the resource group containing the Traffic Manager endpoint.",
  "http://a.ml/vocabularies/core#name": "resourceGroupName",
  "http://a.ml/vocabularies/shapes#schema": {
    "http://a.ml/vocabularies/core#description": "The name of the resource group containing the Traffic Manager endpoint.",
    "http://www.w3.org/ns/shacl#datatype": "http://www.w3.org/2001/XMLSchema#string",
    "http://www.w3.org/ns/shacl#name": "schema",
    "id": "file:///Users/abettati/sandbox/azure-rest-api-specs/specification/trafficmanager/resource-manager/Microsoft.Network/stable/2018-03-01/trafficmanager.json#/web-api/end-points/%2Fsubscriptions%2F%7BsubscriptionId%7D%2FresourceGroups%2F%7BresourceGroupName%7D%2Fproviders%2FMicrosoft.Network%2Ftrafficmanagerprofiles%2F%7BprofileName%7D%2FheatMaps%2F%7BheatMapType%7D/get/request/parameter/resourceGroupName/scalar/schema"
  },
  "id": "file:///Users/abettati/sandbox/azure-rest-api-specs/specification/trafficmanager/resource-manager/Microsoft.Network/stable/2018-03-01/trafficmanager.json#/web-api/end-points/%2Fsubscriptions%2F%7BsubscriptionId%7D%2FresourceGroups%2F%7BresourceGroupName%7D%2Fproviders%2FMicrosoft.Network%2Ftrafficmanagerprofiles%2F%7BprofileName%7D%2FheatMaps%2F%7BheatMapType%7D/get/request/parameter/resourceGroupName"
}, {
  "http://a.ml/vocabularies/apiContract#binding": "path",
  "http://a.ml/vocabularies/apiContract#paramName": "profileName",
  "http://a.ml/vocabularies/apiContract#required": "true",
  "http://a.ml/vocabularies/core#description": "The name of the Traffic Manager profile.",
  "http://a.ml/vocabularies/core#name": "profileName",
  "http://a.ml/vocabularies/shapes#schema": {
    "http://a.ml/vocabularies/core#description": "The name of the Traffic Manager profile.",
    "http://www.w3.org/ns/shacl#datatype": "http://www.w3.org/2001/XMLSchema#string",
    "http://www.w3.org/ns/shacl#name": "schema",
    "id": "file:///Users/abettati/sandbox/azure-rest-api-specs/specification/trafficmanager/resource-manager/Microsoft.Network/stable/2018-03-01/trafficmanager.json#/web-api/end-points/%2Fsubscriptions%2F%7BsubscriptionId%7D%2FresourceGroups%2F%7BresourceGroupName%7D%2Fproviders%2FMicrosoft.Network%2Ftrafficmanagerprofiles%2F%7BprofileName%7D%2FheatMaps%2F%7BheatMapType%7D/get/request/parameter/profileName/scalar/schema"
  },
  "id": "file:///Users/abettati/sandbox/azure-rest-api-specs/specification/trafficmanager/resource-manager/Microsoft.Network/stable/2018-03-01/trafficmanager.json#/web-api/end-points/%2Fsubscriptions%2F%7BsubscriptionId%7D%2FresourceGroups%2F%7BresourceGroupName%7D%2Fproviders%2FMicrosoft.Network%2Ftrafficmanagerprofiles%2F%7BprofileName%7D%2FheatMaps%2F%7BheatMapType%7D/get/request/parameter/profileName"
}, {
  "http://a.ml/vocabularies/apiContract#binding": "path",
  "http://a.ml/vocabularies/apiContract#paramName": "heatMapType",
  "http://a.ml/vocabularies/apiContract#required": "true",
  "http://a.ml/vocabularies/core#description": "The type of HeatMap for the Traffic Manager profile.",
  "http://a.ml/vocabularies/core#name": "heatMapType",
  "http://a.ml/vocabularies/shapes#schema": {
    "http://a.ml/vocabularies/core#description": "The type of HeatMap for the Traffic Manager profile.",
    "http://www.w3.org/ns/shacl#datatype": "http://www.w3.org/2001/XMLSchema#string",
    "http://www.w3.org/ns/shacl#in": [{
      "http://a.ml/vocabularies/core#name": null,
      "http://a.ml/vocabularies/data#value": null,
      "http://www.w3.org/ns/shacl#datatype": null,
      "id": "file:///Users/abettati/sandbox/azure-rest-api-specs/specification/trafficmanager/resource-manager/Microsoft.Network/stable/2018-03-01/trafficmanager.json#/web-api/end-points/%2Fsubscriptions%2F%7BsubscriptionId%7D%2FresourceGroups%2F%7BresourceGroupName%7D%2Fproviders%2FMicrosoft.Network%2Ftrafficmanagerprofiles%2F%7BprofileName%7D%2FheatMaps%2F%7BheatMapType%7D/get/request/parameter/heatMapType/scalar/schema/enum/scalar_1"
    }],
    "http://www.w3.org/ns/shacl#name": "schema",
    "id": "file:///Users/abettati/sandbox/azure-rest-api-specs/specification/trafficmanager/resource-manager/Microsoft.Network/stable/2018-03-01/trafficmanager.json#/web-api/end-points/%2Fsubscriptions%2F%7BsubscriptionId%7D%2FresourceGroups%2F%7BresourceGroupName%7D%2Fproviders%2FMicrosoft.Network%2Ftrafficmanagerprofiles%2F%7BprofileName%7D%2FheatMaps%2F%7BheatMapType%7D/get/request/parameter/heatMapType/scalar/schema"
  },
  "id": "file:///Users/abettati/sandbox/azure-rest-api-specs/specification/trafficmanager/resource-manager/Microsoft.Network/stable/2018-03-01/trafficmanager.json#/web-api/end-points/%2Fsubscriptions%2F%7BsubscriptionId%7D%2FresourceGroups%2F%7BresourceGroupName%7D%2Fproviders%2FMicrosoft.Network%2Ftrafficmanagerprofiles%2F%7BprofileName%7D%2FheatMaps%2F%7BheatMapType%7D/get/request/parameter/heatMapType"
}]