[{
  "http://a.ml/vocabularies/apiContract#binding": "path",
  "http://a.ml/vocabularies/apiContract#paramName": "subscriptionId",
  "http://a.ml/vocabularies/apiContract#required": "true",
  "http://a.ml/vocabularies/core#description": "The subscription credentials which uniquely identify the Microsoft Azure subscription. The subscription ID forms part of the URI for every service call.",
  "http://a.ml/vocabularies/core#name": "SubscriptionIdParameter",
  "http://a.ml/vocabularies/shapes#schema": {
    "http://a.ml/vocabularies/core#description": "The subscription credentials which uniquely identify the Microsoft Azure subscription. The subscription ID forms part of the URI for every service call.",
    "http://www.w3.org/ns/shacl#datatype": "http://www.w3.org/2001/XMLSchema#string",
    "http://www.w3.org/ns/shacl#name": "schema",
    "id": "file:///Users/abettati/sandbox/azure-rest-api-specs/specification/network/resource-manager/Microsoft.Network/stable/2017-08-01/networkSecurityGroup.json#/declarations/parameters/parameter/SubscriptionIdParameter/scalar/schema"
  },
  "id": "file:///Users/abettati/sandbox/azure-rest-api-specs/specification/network/resource-manager/Microsoft.Network/stable/2017-08-01/networkSecurityGroup.json#/declarations/parameters/parameter/SubscriptionIdParameter"
}, {
  "http://a.ml/vocabularies/apiContract#binding": "query",
  "http://a.ml/vocabularies/apiContract#paramName": "api-version",
  "http://a.ml/vocabularies/apiContract#required": "true",
  "http://a.ml/vocabularies/core#description": "Client API version.",
  "http://a.ml/vocabularies/core#name": "ApiVersionParameter",
  "http://a.ml/vocabularies/shapes#schema": {
    "http://a.ml/vocabularies/core#description": "Client API version.",
    "http://www.w3.org/ns/shacl#datatype": "http://www.w3.org/2001/XMLSchema#string",
    "http://www.w3.org/ns/shacl#name": "schema",
    "id": "file:///Users/abettati/sandbox/azure-rest-api-specs/specification/network/resource-manager/Microsoft.Network/stable/2017-08-01/networkSecurityGroup.json#/declarations/parameters/parameter/ApiVersionParameter/scalar/schema"
  },
  "id": "file:///Users/abettati/sandbox/azure-rest-api-specs/specification/network/resource-manager/Microsoft.Network/stable/2017-08-01/networkSecurityGroup.json#/declarations/parameters/parameter/ApiVersionParameter"
}, {
  "http://a.ml/vocabularies/apiContract#binding": "path",
  "http://a.ml/vocabularies/apiContract#paramName": "resourceGroupName",
  "http://a.ml/vocabularies/apiContract#required": "true",
  "http://a.ml/vocabularies/core#description": "The name of the resource group.",
  "http://a.ml/vocabularies/core#name": "resourceGroupName",
  "http://a.ml/vocabularies/shapes#schema": {
    "http://a.ml/vocabularies/core#description": "The name of the resource group.",
    "http://www.w3.org/ns/shacl#datatype": "http://www.w3.org/2001/XMLSchema#string",
    "http://www.w3.org/ns/shacl#name": "schema",
    "id": "file:///Users/abettati/sandbox/azure-rest-api-specs/specification/network/resource-manager/Microsoft.Network/stable/2017-08-01/networkSecurityGroup.json#/web-api/end-points/%2Fsubscriptions%2F%7BsubscriptionId%7D%2FresourceGroups%2F%7BresourceGroupName%7D%2Fproviders%2FMicrosoft.Network%2FnetworkSecurityGroups%2F%7BnetworkSecurityGroupName%7D/delete/request/parameter/resourceGroupName/scalar/schema"
  },
  "id": "file:///Users/abettati/sandbox/azure-rest-api-specs/specification/network/resource-manager/Microsoft.Network/stable/2017-08-01/networkSecurityGroup.json#/web-api/end-points/%2Fsubscriptions%2F%7BsubscriptionId%7D%2FresourceGroups%2F%7BresourceGroupName%7D%2Fproviders%2FMicrosoft.Network%2FnetworkSecurityGroups%2F%7BnetworkSecurityGroupName%7D/delete/request/parameter/resourceGroupName"
}, {
  "http://a.ml/vocabularies/apiContract#binding": "path",
  "http://a.ml/vocabularies/apiContract#paramName": "networkSecurityGroupName",
  "http://a.ml/vocabularies/apiContract#required": "true",
  "http://a.ml/vocabularies/core#description": "The name of the network security group.",
  "http://a.ml/vocabularies/core#name": "networkSecurityGroupName",
  "http://a.ml/vocabularies/shapes#schema": {
    "http://a.ml/vocabularies/core#description": "The name of the network security group.",
    "http://www.w3.org/ns/shacl#datatype": "http://www.w3.org/2001/XMLSchema#string",
    "http://www.w3.org/ns/shacl#name": "schema",
    "id": "file:///Users/abettati/sandbox/azure-rest-api-specs/specification/network/resource-manager/Microsoft.Network/stable/2017-08-01/networkSecurityGroup.json#/web-api/end-points/%2Fsubscriptions%2F%7BsubscriptionId%7D%2FresourceGroups%2F%7BresourceGroupName%7D%2Fproviders%2FMicrosoft.Network%2FnetworkSecurityGroups%2F%7BnetworkSecurityGroupName%7D/delete/request/parameter/networkSecurityGroupName/scalar/schema"
  },
  "id": "file:///Users/abettati/sandbox/azure-rest-api-specs/specification/network/resource-manager/Microsoft.Network/stable/2017-08-01/networkSecurityGroup.json#/web-api/end-points/%2Fsubscriptions%2F%7BsubscriptionId%7D%2FresourceGroups%2F%7BresourceGroupName%7D%2Fproviders%2FMicrosoft.Network%2FnetworkSecurityGroups%2F%7BnetworkSecurityGroupName%7D/delete/request/parameter/networkSecurityGroupName"
}, {
  "http://a.ml/vocabularies/apiContract#binding": "query",
  "http://a.ml/vocabularies/apiContract#paramName": "$expand",
  "http://a.ml/vocabularies/apiContract#required": "false",
  "http://a.ml/vocabularies/core#description": "Expands referenced resources.",
  "http://a.ml/vocabularies/core#name": "$expand",
  "http://a.ml/vocabularies/shapes#schema": {
    "http://a.ml/vocabularies/core#description": "Expands referenced resources.",
    "http://www.w3.org/ns/shacl#datatype": "http://www.w3.org/2001/XMLSchema#string",
    "http://www.w3.org/ns/shacl#name": "schema",
    "id": "file:///Users/abettati/sandbox/azure-rest-api-specs/specification/network/resource-manager/Microsoft.Network/stable/2017-08-01/networkSecurityGroup.json#/web-api/end-points/%2Fsubscriptions%2F%7BsubscriptionId%7D%2FresourceGroups%2F%7BresourceGroupName%7D%2Fproviders%2FMicrosoft.Network%2FnetworkSecurityGroups%2F%7BnetworkSecurityGroupName%7D/get/request/parameter/%24expand/scalar/schema"
  },
  "id": "file:///Users/abettati/sandbox/azure-rest-api-specs/specification/network/resource-manager/Microsoft.Network/stable/2017-08-01/networkSecurityGroup.json#/web-api/end-points/%2Fsubscriptions%2F%7BsubscriptionId%7D%2FresourceGroups%2F%7BresourceGroupName%7D%2Fproviders%2FMicrosoft.Network%2FnetworkSecurityGroups%2F%7BnetworkSecurityGroupName%7D/get/request/parameter/%24expand"
}, {
  "http://a.ml/vocabularies/apiContract#binding": "path",
  "http://a.ml/vocabularies/apiContract#paramName": "resourceGroupName",
  "http://a.ml/vocabularies/apiContract#required": "true",
  "http://a.ml/vocabularies/core#description": "The name of the resource group.",
  "http://a.ml/vocabularies/core#name": "resourceGroupName",
  "http://a.ml/vocabularies/shapes#schema": {
    "http://a.ml/vocabularies/core#description": "The name of the resource group.",
    "http://www.w3.org/ns/shacl#datatype": "http://www.w3.org/2001/XMLSchema#string",
    "http://www.w3.org/ns/shacl#name": "schema",
    "id": "file:///Users/abettati/sandbox/azure-rest-api-specs/specification/network/resource-manager/Microsoft.Network/stable/2017-08-01/networkSecurityGroup.json#/web-api/end-points/%2Fsubscriptions%2F%7BsubscriptionId%7D%2FresourceGroups%2F%7BresourceGroupName%7D%2Fproviders%2FMicrosoft.Network%2FnetworkSecurityGroups%2F%7BnetworkSecurityGroupName%7D/get/request/parameter/resourceGroupName/scalar/schema"
  },
  "id": "file:///Users/abettati/sandbox/azure-rest-api-specs/specification/network/resource-manager/Microsoft.Network/stable/2017-08-01/networkSecurityGroup.json#/web-api/end-points/%2Fsubscriptions%2F%7BsubscriptionId%7D%2FresourceGroups%2F%7BresourceGroupName%7D%2Fproviders%2FMicrosoft.Network%2FnetworkSecurityGroups%2F%7BnetworkSecurityGroupName%7D/get/request/parameter/resourceGroupName"
}, {
  "http://a.ml/vocabularies/apiContract#binding": "path",
  "http://a.ml/vocabularies/apiContract#paramName": "networkSecurityGroupName",
  "http://a.ml/vocabularies/apiContract#required": "true",
  "http://a.ml/vocabularies/core#description": "The name of the network security group.",
  "http://a.ml/vocabularies/core#name": "networkSecurityGroupName",
  "http://a.ml/vocabularies/shapes#schema": {
    "http://a.ml/vocabularies/core#description": "The name of the network security group.",
    "http://www.w3.org/ns/shacl#datatype": "http://www.w3.org/2001/XMLSchema#string",
    "http://www.w3.org/ns/shacl#name": "schema",
    "id": "file:///Users/abettati/sandbox/azure-rest-api-specs/specification/network/resource-manager/Microsoft.Network/stable/2017-08-01/networkSecurityGroup.json#/web-api/end-points/%2Fsubscriptions%2F%7BsubscriptionId%7D%2FresourceGroups%2F%7BresourceGroupName%7D%2Fproviders%2FMicrosoft.Network%2FnetworkSecurityGroups%2F%7BnetworkSecurityGroupName%7D/get/request/parameter/networkSecurityGroupName/scalar/schema"
  },
  "id": "file:///Users/abettati/sandbox/azure-rest-api-specs/specification/network/resource-manager/Microsoft.Network/stable/2017-08-01/networkSecurityGroup.json#/web-api/end-points/%2Fsubscriptions%2F%7BsubscriptionId%7D%2FresourceGroups%2F%7BresourceGroupName%7D%2Fproviders%2FMicrosoft.Network%2FnetworkSecurityGroups%2F%7BnetworkSecurityGroupName%7D/get/request/parameter/networkSecurityGroupName"
}, {
  "http://a.ml/vocabularies/apiContract#binding": "path",
  "http://a.ml/vocabularies/apiContract#paramName": "resourceGroupName",
  "http://a.ml/vocabularies/apiContract#required": "true",
  "http://a.ml/vocabularies/core#description": "The name of the resource group.",
  "http://a.ml/vocabularies/core#name": "resourceGroupName",
  "http://a.ml/vocabularies/shapes#schema": {
    "http://a.ml/vocabularies/core#description": "The name of the resource group.",
    "http://www.w3.org/ns/shacl#datatype": "http://www.w3.org/2001/XMLSchema#string",
    "http://www.w3.org/ns/shacl#name": "schema",
    "id": "file:///Users/abettati/sandbox/azure-rest-api-specs/specification/network/resource-manager/Microsoft.Network/stable/2017-08-01/networkSecurityGroup.json#/web-api/end-points/%2Fsubscriptions%2F%7BsubscriptionId%7D%2FresourceGroups%2F%7BresourceGroupName%7D%2Fproviders%2FMicrosoft.Network%2FnetworkSecurityGroups%2F%7BnetworkSecurityGroupName%7D/put/request/parameter/resourceGroupName/scalar/schema"
  },
  "id": "file:///Users/abettati/sandbox/azure-rest-api-specs/specification/network/resource-manager/Microsoft.Network/stable/2017-08-01/networkSecurityGroup.json#/web-api/end-points/%2Fsubscriptions%2F%7BsubscriptionId%7D%2FresourceGroups%2F%7BresourceGroupName%7D%2Fproviders%2FMicrosoft.Network%2FnetworkSecurityGroups%2F%7BnetworkSecurityGroupName%7D/put/request/parameter/resourceGroupName"
}, {
  "http://a.ml/vocabularies/apiContract#binding": "path",
  "http://a.ml/vocabularies/apiContract#paramName": "networkSecurityGroupName",
  "http://a.ml/vocabularies/apiContract#required": "true",
  "http://a.ml/vocabularies/core#description": "The name of the network security group.",
  "http://a.ml/vocabularies/core#name": "networkSecurityGroupName",
  "http://a.ml/vocabularies/shapes#schema": {
    "http://a.ml/vocabularies/core#description": "The name of the network security group.",
    "http://www.w3.org/ns/shacl#datatype": "http://www.w3.org/2001/XMLSchema#string",
    "http://www.w3.org/ns/shacl#name": "schema",
    "id": "file:///Users/abettati/sandbox/azure-rest-api-specs/specification/network/resource-manager/Microsoft.Network/stable/2017-08-01/networkSecurityGroup.json#/web-api/end-points/%2Fsubscriptions%2F%7BsubscriptionId%7D%2FresourceGroups%2F%7BresourceGroupName%7D%2Fproviders%2FMicrosoft.Network%2FnetworkSecurityGroups%2F%7BnetworkSecurityGroupName%7D/put/request/parameter/networkSecurityGroupName/scalar/schema"
  },
  "id": "file:///Users/abettati/sandbox/azure-rest-api-specs/specification/network/resource-manager/Microsoft.Network/stable/2017-08-01/networkSecurityGroup.json#/web-api/end-points/%2Fsubscriptions%2F%7BsubscriptionId%7D%2FresourceGroups%2F%7BresourceGroupName%7D%2Fproviders%2FMicrosoft.Network%2FnetworkSecurityGroups%2F%7BnetworkSecurityGroupName%7D/put/request/parameter/networkSecurityGroupName"
}, {
  "http://a.ml/vocabularies/apiContract#binding": "path",
  "http://a.ml/vocabularies/apiContract#paramName": "resourceGroupName",
  "http://a.ml/vocabularies/apiContract#required": "true",
  "http://a.ml/vocabularies/core#description": "The name of the resource group.",
  "http://a.ml/vocabularies/core#name": "resourceGroupName",
  "http://a.ml/vocabularies/shapes#schema": {
    "http://a.ml/vocabularies/core#description": "The name of the resource group.",
    "http://www.w3.org/ns/shacl#datatype": "http://www.w3.org/2001/XMLSchema#string",
    "http://www.w3.org/ns/shacl#name": "schema",
    "id": "file:///Users/abettati/sandbox/azure-rest-api-specs/specification/network/resource-manager/Microsoft.Network/stable/2017-08-01/networkSecurityGroup.json#/web-api/end-points/%2Fsubscriptions%2F%7BsubscriptionId%7D%2FresourceGroups%2F%7BresourceGroupName%7D%2Fproviders%2FMicrosoft.Network%2FnetworkSecurityGroups/get/request/parameter/resourceGroupName/scalar/schema"
  },
  "id": "file:///Users/abettati/sandbox/azure-rest-api-specs/specification/network/resource-manager/Microsoft.Network/stable/2017-08-01/networkSecurityGroup.json#/web-api/end-points/%2Fsubscriptions%2F%7BsubscriptionId%7D%2FresourceGroups%2F%7BresourceGroupName%7D%2Fproviders%2FMicrosoft.Network%2FnetworkSecurityGroups/get/request/parameter/resourceGroupName"
}, {
  "http://a.ml/vocabularies/apiContract#binding": "path",
  "http://a.ml/vocabularies/apiContract#paramName": "resourceGroupName",
  "http://a.ml/vocabularies/apiContract#required": "true",
  "http://a.ml/vocabularies/core#description": "The name of the resource group.",
  "http://a.ml/vocabularies/core#name": "resourceGroupName",
  "http://a.ml/vocabularies/shapes#schema": {
    "http://a.ml/vocabularies/core#description": "The name of the resource group.",
    "http://www.w3.org/ns/shacl#datatype": "http://www.w3.org/2001/XMLSchema#string",
    "http://www.w3.org/ns/shacl#name": "schema",
    "id": "file:///Users/abettati/sandbox/azure-rest-api-specs/specification/network/resource-manager/Microsoft.Network/stable/2017-08-01/networkSecurityGroup.json#/web-api/end-points/%2Fsubscriptions%2F%7BsubscriptionId%7D%2FresourceGroups%2F%7BresourceGroupName%7D%2Fproviders%2FMicrosoft.Network%2FnetworkSecurityGroups%2F%7BnetworkSecurityGroupName%7D%2FsecurityRules%2F%7BsecurityRuleName%7D/delete/request/parameter/resourceGroupName/scalar/schema"
  },
  "id": "file:///Users/abettati/sandbox/azure-rest-api-specs/specification/network/resource-manager/Microsoft.Network/stable/2017-08-01/networkSecurityGroup.json#/web-api/end-points/%2Fsubscriptions%2F%7BsubscriptionId%7D%2FresourceGroups%2F%7BresourceGroupName%7D%2Fproviders%2FMicrosoft.Network%2FnetworkSecurityGroups%2F%7BnetworkSecurityGroupName%7D%2FsecurityRules%2F%7BsecurityRuleName%7D/delete/request/parameter/resourceGroupName"
}, {
  "http://a.ml/vocabularies/apiContract#binding": "path",
  "http://a.ml/vocabularies/apiContract#paramName": "networkSecurityGroupName",
  "http://a.ml/vocabularies/apiContract#required": "true",
  "http://a.ml/vocabularies/core#description": "The name of the network security group.",
  "http://a.ml/vocabularies/core#name": "networkSecurityGroupName",
  "http://a.ml/vocabularies/shapes#schema": {
    "http://a.ml/vocabularies/core#description": "The name of the network security group.",
    "http://www.w3.org/ns/shacl#datatype": "http://www.w3.org/2001/XMLSchema#string",
    "http://www.w3.org/ns/shacl#name": "schema",
    "id": "file:///Users/abettati/sandbox/azure-rest-api-specs/specification/network/resource-manager/Microsoft.Network/stable/2017-08-01/networkSecurityGroup.json#/web-api/end-points/%2Fsubscriptions%2F%7BsubscriptionId%7D%2FresourceGroups%2F%7BresourceGroupName%7D%2Fproviders%2FMicrosoft.Network%2FnetworkSecurityGroups%2F%7BnetworkSecurityGroupName%7D%2FsecurityRules%2F%7BsecurityRuleName%7D/delete/request/parameter/networkSecurityGroupName/scalar/schema"
  },
  "id": "file:///Users/abettati/sandbox/azure-rest-api-specs/specification/network/resource-manager/Microsoft.Network/stable/2017-08-01/networkSecurityGroup.json#/web-api/end-points/%2Fsubscriptions%2F%7BsubscriptionId%7D%2FresourceGroups%2F%7BresourceGroupName%7D%2Fproviders%2FMicrosoft.Network%2FnetworkSecurityGroups%2F%7BnetworkSecurityGroupName%7D%2FsecurityRules%2F%7BsecurityRuleName%7D/delete/request/parameter/networkSecurityGroupName"
}, {
  "http://a.ml/vocabularies/apiContract#binding": "path",
  "http://a.ml/vocabularies/apiContract#paramName": "securityRuleName",
  "http://a.ml/vocabularies/apiContract#required": "true",
  "http://a.ml/vocabularies/core#description": "The name of the security rule.",
  "http://a.ml/vocabularies/core#name": "securityRuleName",
  "http://a.ml/vocabularies/shapes#schema": {
    "http://a.ml/vocabularies/core#description": "The name of the security rule.",
    "http://www.w3.org/ns/shacl#datatype": "http://www.w3.org/2001/XMLSchema#string",
    "http://www.w3.org/ns/shacl#name": "schema",
    "id": "file:///Users/abettati/sandbox/azure-rest-api-specs/specification/network/resource-manager/Microsoft.Network/stable/2017-08-01/networkSecurityGroup.json#/web-api/end-points/%2Fsubscriptions%2F%7BsubscriptionId%7D%2FresourceGroups%2F%7BresourceGroupName%7D%2Fproviders%2FMicrosoft.Network%2FnetworkSecurityGroups%2F%7BnetworkSecurityGroupName%7D%2FsecurityRules%2F%7BsecurityRuleName%7D/delete/request/parameter/securityRuleName/scalar/schema"
  },
  "id": "file:///Users/abettati/sandbox/azure-rest-api-specs/specification/network/resource-manager/Microsoft.Network/stable/2017-08-01/networkSecurityGroup.json#/web-api/end-points/%2Fsubscriptions%2F%7BsubscriptionId%7D%2FresourceGroups%2F%7BresourceGroupName%7D%2Fproviders%2FMicrosoft.Network%2FnetworkSecurityGroups%2F%7BnetworkSecurityGroupName%7D%2FsecurityRules%2F%7BsecurityRuleName%7D/delete/request/parameter/securityRuleName"
}, {
  "http://a.ml/vocabularies/apiContract#binding": "path",
  "http://a.ml/vocabularies/apiContract#paramName": "resourceGroupName",
  "http://a.ml/vocabularies/apiContract#required": "true",
  "http://a.ml/vocabularies/core#description": "The name of the resource group.",
  "http://a.ml/vocabularies/core#name": "resourceGroupName",
  "http://a.ml/vocabularies/shapes#schema": {
    "http://a.ml/vocabularies/core#description": "The name of the resource group.",
    "http://www.w3.org/ns/shacl#datatype": "http://www.w3.org/2001/XMLSchema#string",
    "http://www.w3.org/ns/shacl#name": "schema",
    "id": "file:///Users/abettati/sandbox/azure-rest-api-specs/specification/network/resource-manager/Microsoft.Network/stable/2017-08-01/networkSecurityGroup.json#/web-api/end-points/%2Fsubscriptions%2F%7BsubscriptionId%7D%2FresourceGroups%2F%7BresourceGroupName%7D%2Fproviders%2FMicrosoft.Network%2FnetworkSecurityGroups%2F%7BnetworkSecurityGroupName%7D%2FsecurityRules%2F%7BsecurityRuleName%7D/get/request/parameter/resourceGroupName/scalar/schema"
  },
  "id": "file:///Users/abettati/sandbox/azure-rest-api-specs/specification/network/resource-manager/Microsoft.Network/stable/2017-08-01/networkSecurityGroup.json#/web-api/end-points/%2Fsubscriptions%2F%7BsubscriptionId%7D%2FresourceGroups%2F%7BresourceGroupName%7D%2Fproviders%2FMicrosoft.Network%2FnetworkSecurityGroups%2F%7BnetworkSecurityGroupName%7D%2FsecurityRules%2F%7BsecurityRuleName%7D/get/request/parameter/resourceGroupName"
}, {
  "http://a.ml/vocabularies/apiContract#binding": "path",
  "http://a.ml/vocabularies/apiContract#paramName": "networkSecurityGroupName",
  "http://a.ml/vocabularies/apiContract#required": "true",
  "http://a.ml/vocabularies/core#description": "The name of the network security group.",
  "http://a.ml/vocabularies/core#name": "networkSecurityGroupName",
  "http://a.ml/vocabularies/shapes#schema": {
    "http://a.ml/vocabularies/core#description": "The name of the network security group.",
    "http://www.w3.org/ns/shacl#datatype": "http://www.w3.org/2001/XMLSchema#string",
    "http://www.w3.org/ns/shacl#name": "schema",
    "id": "file:///Users/abettati/sandbox/azure-rest-api-specs/specification/network/resource-manager/Microsoft.Network/stable/2017-08-01/networkSecurityGroup.json#/web-api/end-points/%2Fsubscriptions%2F%7BsubscriptionId%7D%2FresourceGroups%2F%7BresourceGroupName%7D%2Fproviders%2FMicrosoft.Network%2FnetworkSecurityGroups%2F%7BnetworkSecurityGroupName%7D%2FsecurityRules%2F%7BsecurityRuleName%7D/get/request/parameter/networkSecurityGroupName/scalar/schema"
  },
  "id": "file:///Users/abettati/sandbox/azure-rest-api-specs/specification/network/resource-manager/Microsoft.Network/stable/2017-08-01/networkSecurityGroup.json#/web-api/end-points/%2Fsubscriptions%2F%7BsubscriptionId%7D%2FresourceGroups%2F%7BresourceGroupName%7D%2Fproviders%2FMicrosoft.Network%2FnetworkSecurityGroups%2F%7BnetworkSecurityGroupName%7D%2FsecurityRules%2F%7BsecurityRuleName%7D/get/request/parameter/networkSecurityGroupName"
}, {
  "http://a.ml/vocabularies/apiContract#binding": "path",
  "http://a.ml/vocabularies/apiContract#paramName": "securityRuleName",
  "http://a.ml/vocabularies/apiContract#required": "true",
  "http://a.ml/vocabularies/core#description": "The name of the security rule.",
  "http://a.ml/vocabularies/core#name": "securityRuleName",
  "http://a.ml/vocabularies/shapes#schema": {
    "http://a.ml/vocabularies/core#description": "The name of the security rule.",
    "http://www.w3.org/ns/shacl#datatype": "http://www.w3.org/2001/XMLSchema#string",
    "http://www.w3.org/ns/shacl#name": "schema",
    "id": "file:///Users/abettati/sandbox/azure-rest-api-specs/specification/network/resource-manager/Microsoft.Network/stable/2017-08-01/networkSecurityGroup.json#/web-api/end-points/%2Fsubscriptions%2F%7BsubscriptionId%7D%2FresourceGroups%2F%7BresourceGroupName%7D%2Fproviders%2FMicrosoft.Network%2FnetworkSecurityGroups%2F%7BnetworkSecurityGroupName%7D%2FsecurityRules%2F%7BsecurityRuleName%7D/get/request/parameter/securityRuleName/scalar/schema"
  },
  "id": "file:///Users/abettati/sandbox/azure-rest-api-specs/specification/network/resource-manager/Microsoft.Network/stable/2017-08-01/networkSecurityGroup.json#/web-api/end-points/%2Fsubscriptions%2F%7BsubscriptionId%7D%2FresourceGroups%2F%7BresourceGroupName%7D%2Fproviders%2FMicrosoft.Network%2FnetworkSecurityGroups%2F%7BnetworkSecurityGroupName%7D%2FsecurityRules%2F%7BsecurityRuleName%7D/get/request/parameter/securityRuleName"
}, {
  "http://a.ml/vocabularies/apiContract#binding": "path",
  "http://a.ml/vocabularies/apiContract#paramName": "resourceGroupName",
  "http://a.ml/vocabularies/apiContract#required": "true",
  "http://a.ml/vocabularies/core#description": "The name of the resource group.",
  "http://a.ml/vocabularies/core#name": "resourceGroupName",
  "http://a.ml/vocabularies/shapes#schema": {
    "http://a.ml/vocabularies/core#description": "The name of the resource group.",
    "http://www.w3.org/ns/shacl#datatype": "http://www.w3.org/2001/XMLSchema#string",
    "http://www.w3.org/ns/shacl#name": "schema",
    "id": "file:///Users/abettati/sandbox/azure-rest-api-specs/specification/network/resource-manager/Microsoft.Network/stable/2017-08-01/networkSecurityGroup.json#/web-api/end-points/%2Fsubscriptions%2F%7BsubscriptionId%7D%2FresourceGroups%2F%7BresourceGroupName%7D%2Fproviders%2FMicrosoft.Network%2FnetworkSecurityGroups%2F%7BnetworkSecurityGroupName%7D%2FsecurityRules%2F%7BsecurityRuleName%7D/put/request/parameter/resourceGroupName/scalar/schema"
  },
  "id": "file:///Users/abettati/sandbox/azure-rest-api-specs/specification/network/resource-manager/Microsoft.Network/stable/2017-08-01/networkSecurityGroup.json#/web-api/end-points/%2Fsubscriptions%2F%7BsubscriptionId%7D%2FresourceGroups%2F%7BresourceGroupName%7D%2Fproviders%2FMicrosoft.Network%2FnetworkSecurityGroups%2F%7BnetworkSecurityGroupName%7D%2FsecurityRules%2F%7BsecurityRuleName%7D/put/request/parameter/resourceGroupName"
}, {
  "http://a.ml/vocabularies/apiContract#binding": "path",
  "http://a.ml/vocabularies/apiContract#paramName": "networkSecurityGroupName",
  "http://a.ml/vocabularies/apiContract#required": "true",
  "http://a.ml/vocabularies/core#description": "The name of the network security group.",
  "http://a.ml/vocabularies/core#name": "networkSecurityGroupName",
  "http://a.ml/vocabularies/shapes#schema": {
    "http://a.ml/vocabularies/core#description": "The name of the network security group.",
    "http://www.w3.org/ns/shacl#datatype": "http://www.w3.org/2001/XMLSchema#string",
    "http://www.w3.org/ns/shacl#name": "schema",
    "id": "file:///Users/abettati/sandbox/azure-rest-api-specs/specification/network/resource-manager/Microsoft.Network/stable/2017-08-01/networkSecurityGroup.json#/web-api/end-points/%2Fsubscriptions%2F%7BsubscriptionId%7D%2FresourceGroups%2F%7BresourceGroupName%7D%2Fproviders%2FMicrosoft.Network%2FnetworkSecurityGroups%2F%7BnetworkSecurityGroupName%7D%2FsecurityRules%2F%7BsecurityRuleName%7D/put/request/parameter/networkSecurityGroupName/scalar/schema"
  },
  "id": "file:///Users/abettati/sandbox/azure-rest-api-specs/specification/network/resource-manager/Microsoft.Network/stable/2017-08-01/networkSecurityGroup.json#/web-api/end-points/%2Fsubscriptions%2F%7BsubscriptionId%7D%2FresourceGroups%2F%7BresourceGroupName%7D%2Fproviders%2FMicrosoft.Network%2FnetworkSecurityGroups%2F%7BnetworkSecurityGroupName%7D%2FsecurityRules%2F%7BsecurityRuleName%7D/put/request/parameter/networkSecurityGroupName"
}, {
  "http://a.ml/vocabularies/apiContract#binding": "path",
  "http://a.ml/vocabularies/apiContract#paramName": "securityRuleName",
  "http://a.ml/vocabularies/apiContract#required": "true",
  "http://a.ml/vocabularies/core#description": "The name of the security rule.",
  "http://a.ml/vocabularies/core#name": "securityRuleName",
  "http://a.ml/vocabularies/shapes#schema": {
    "http://a.ml/vocabularies/core#description": "The name of the security rule.",
    "http://www.w3.org/ns/shacl#datatype": "http://www.w3.org/2001/XMLSchema#string",
    "http://www.w3.org/ns/shacl#name": "schema",
    "id": "file:///Users/abettati/sandbox/azure-rest-api-specs/specification/network/resource-manager/Microsoft.Network/stable/2017-08-01/networkSecurityGroup.json#/web-api/end-points/%2Fsubscriptions%2F%7BsubscriptionId%7D%2FresourceGroups%2F%7BresourceGroupName%7D%2Fproviders%2FMicrosoft.Network%2FnetworkSecurityGroups%2F%7BnetworkSecurityGroupName%7D%2FsecurityRules%2F%7BsecurityRuleName%7D/put/request/parameter/securityRuleName/scalar/schema"
  },
  "id": "file:///Users/abettati/sandbox/azure-rest-api-specs/specification/network/resource-manager/Microsoft.Network/stable/2017-08-01/networkSecurityGroup.json#/web-api/end-points/%2Fsubscriptions%2F%7BsubscriptionId%7D%2FresourceGroups%2F%7BresourceGroupName%7D%2Fproviders%2FMicrosoft.Network%2FnetworkSecurityGroups%2F%7BnetworkSecurityGroupName%7D%2FsecurityRules%2F%7BsecurityRuleName%7D/put/request/parameter/securityRuleName"
}, {
  "http://a.ml/vocabularies/apiContract#binding": "path",
  "http://a.ml/vocabularies/apiContract#paramName": "resourceGroupName",
  "http://a.ml/vocabularies/apiContract#required": "true",
  "http://a.ml/vocabularies/core#description": "The name of the resource group.",
  "http://a.ml/vocabularies/core#name": "resourceGroupName",
  "http://a.ml/vocabularies/shapes#schema": {
    "http://a.ml/vocabularies/core#description": "The name of the resource group.",
    "http://www.w3.org/ns/shacl#datatype": "http://www.w3.org/2001/XMLSchema#string",
    "http://www.w3.org/ns/shacl#name": "schema",
    "id": "file:///Users/abettati/sandbox/azure-rest-api-specs/specification/network/resource-manager/Microsoft.Network/stable/2017-08-01/networkSecurityGroup.json#/web-api/end-points/%2Fsubscriptions%2F%7BsubscriptionId%7D%2FresourceGroups%2F%7BresourceGroupName%7D%2Fproviders%2FMicrosoft.Network%2FnetworkSecurityGroups%2F%7BnetworkSecurityGroupName%7D%2FsecurityRules/get/request/parameter/resourceGroupName/scalar/schema"
  },
  "id": "file:///Users/abettati/sandbox/azure-rest-api-specs/specification/network/resource-manager/Microsoft.Network/stable/2017-08-01/networkSecurityGroup.json#/web-api/end-points/%2Fsubscriptions%2F%7BsubscriptionId%7D%2FresourceGroups%2F%7BresourceGroupName%7D%2Fproviders%2FMicrosoft.Network%2FnetworkSecurityGroups%2F%7BnetworkSecurityGroupName%7D%2FsecurityRules/get/request/parameter/resourceGroupName"
}, {
  "http://a.ml/vocabularies/apiContract#binding": "path",
  "http://a.ml/vocabularies/apiContract#paramName": "networkSecurityGroupName",
  "http://a.ml/vocabularies/apiContract#required": "true",
  "http://a.ml/vocabularies/core#description": "The name of the network security group.",
  "http://a.ml/vocabularies/core#name": "networkSecurityGroupName",
  "http://a.ml/vocabularies/shapes#schema": {
    "http://a.ml/vocabularies/core#description": "The name of the network security group.",
    "http://www.w3.org/ns/shacl#datatype": "http://www.w3.org/2001/XMLSchema#string",
    "http://www.w3.org/ns/shacl#name": "schema",
    "id": "file:///Users/abettati/sandbox/azure-rest-api-specs/specification/network/resource-manager/Microsoft.Network/stable/2017-08-01/networkSecurityGroup.json#/web-api/end-points/%2Fsubscriptions%2F%7BsubscriptionId%7D%2FresourceGroups%2F%7BresourceGroupName%7D%2Fproviders%2FMicrosoft.Network%2FnetworkSecurityGroups%2F%7BnetworkSecurityGroupName%7D%2FsecurityRules/get/request/parameter/networkSecurityGroupName/scalar/schema"
  },
  "id": "file:///Users/abettati/sandbox/azure-rest-api-specs/specification/network/resource-manager/Microsoft.Network/stable/2017-08-01/networkSecurityGroup.json#/web-api/end-points/%2Fsubscriptions%2F%7BsubscriptionId%7D%2FresourceGroups%2F%7BresourceGroupName%7D%2Fproviders%2FMicrosoft.Network%2FnetworkSecurityGroups%2F%7BnetworkSecurityGroupName%7D%2FsecurityRules/get/request/parameter/networkSecurityGroupName"
}, {
  "http://a.ml/vocabularies/apiContract#binding": "path",
  "http://a.ml/vocabularies/apiContract#paramName": "resourceGroupName",
  "http://a.ml/vocabularies/apiContract#required": "true",
  "http://a.ml/vocabularies/core#description": "The name of the resource group.",
  "http://a.ml/vocabularies/core#name": "resourceGroupName",
  "http://a.ml/vocabularies/shapes#schema": {
    "http://a.ml/vocabularies/core#description": "The name of the resource group.",
    "http://www.w3.org/ns/shacl#datatype": "http://www.w3.org/2001/XMLSchema#string",
    "http://www.w3.org/ns/shacl#name": "schema",
    "id": "file:///Users/abettati/sandbox/azure-rest-api-specs/specification/network/resource-manager/Microsoft.Network/stable/2017-08-01/networkSecurityGroup.json#/web-api/end-points/%2Fsubscriptions%2F%7BsubscriptionId%7D%2FresourceGroups%2F%7BresourceGroupName%7D%2Fproviders%2FMicrosoft.Network%2FnetworkSecurityGroups%2F%7BnetworkSecurityGroupName%7D%2FdefaultSecurityRules/get/request/parameter/resourceGroupName/scalar/schema"
  },
  "id": "file:///Users/abettati/sandbox/azure-rest-api-specs/specification/network/resource-manager/Microsoft.Network/stable/2017-08-01/networkSecurityGroup.json#/web-api/end-points/%2Fsubscriptions%2F%7BsubscriptionId%7D%2FresourceGroups%2F%7BresourceGroupName%7D%2Fproviders%2FMicrosoft.Network%2FnetworkSecurityGroups%2F%7BnetworkSecurityGroupName%7D%2FdefaultSecurityRules/get/request/parameter/resourceGroupName"
}, {
  "http://a.ml/vocabularies/apiContract#binding": "path",
  "http://a.ml/vocabularies/apiContract#paramName": "networkSecurityGroupName",
  "http://a.ml/vocabularies/apiContract#required": "true",
  "http://a.ml/vocabularies/core#description": "The name of the network security group.",
  "http://a.ml/vocabularies/core#name": "networkSecurityGroupName",
  "http://a.ml/vocabularies/shapes#schema": {
    "http://a.ml/vocabularies/core#description": "The name of the network security group.",
    "http://www.w3.org/ns/shacl#datatype": "http://www.w3.org/2001/XMLSchema#string",
    "http://www.w3.org/ns/shacl#name": "schema",
    "id": "file:///Users/abettati/sandbox/azure-rest-api-specs/specification/network/resource-manager/Microsoft.Network/stable/2017-08-01/networkSecurityGroup.json#/web-api/end-points/%2Fsubscriptions%2F%7BsubscriptionId%7D%2FresourceGroups%2F%7BresourceGroupName%7D%2Fproviders%2FMicrosoft.Network%2FnetworkSecurityGroups%2F%7BnetworkSecurityGroupName%7D%2FdefaultSecurityRules/get/request/parameter/networkSecurityGroupName/scalar/schema"
  },
  "id": "file:///Users/abettati/sandbox/azure-rest-api-specs/specification/network/resource-manager/Microsoft.Network/stable/2017-08-01/networkSecurityGroup.json#/web-api/end-points/%2Fsubscriptions%2F%7BsubscriptionId%7D%2FresourceGroups%2F%7BresourceGroupName%7D%2Fproviders%2FMicrosoft.Network%2FnetworkSecurityGroups%2F%7BnetworkSecurityGroupName%7D%2FdefaultSecurityRules/get/request/parameter/networkSecurityGroupName"
}, {
  "http://a.ml/vocabularies/apiContract#binding": "path",
  "http://a.ml/vocabularies/apiContract#paramName": "resourceGroupName",
  "http://a.ml/vocabularies/apiContract#required": "true",
  "http://a.ml/vocabularies/core#description": "The name of the resource group.",
  "http://a.ml/vocabularies/core#name": "resourceGroupName",
  "http://a.ml/vocabularies/shapes#schema": {
    "http://a.ml/vocabularies/core#description": "The name of the resource group.",
    "http://www.w3.org/ns/shacl#datatype": "http://www.w3.org/2001/XMLSchema#string",
    "http://www.w3.org/ns/shacl#name": "schema",
    "id": "file:///Users/abettati/sandbox/azure-rest-api-specs/specification/network/resource-manager/Microsoft.Network/stable/2017-08-01/networkSecurityGroup.json#/web-api/end-points/%2Fsubscriptions%2F%7BsubscriptionId%7D%2FresourceGroups%2F%7BresourceGroupName%7D%2Fproviders%2FMicrosoft.Network%2FnetworkSecurityGroups%2F%7BnetworkSecurityGroupName%7D%2FdefaultSecurityRules%2F%7BdefaultSecurityRuleName%7D/get/request/parameter/resourceGroupName/scalar/schema"
  },
  "id": "file:///Users/abettati/sandbox/azure-rest-api-specs/specification/network/resource-manager/Microsoft.Network/stable/2017-08-01/networkSecurityGroup.json#/web-api/end-points/%2Fsubscriptions%2F%7BsubscriptionId%7D%2FresourceGroups%2F%7BresourceGroupName%7D%2Fproviders%2FMicrosoft.Network%2FnetworkSecurityGroups%2F%7BnetworkSecurityGroupName%7D%2FdefaultSecurityRules%2F%7BdefaultSecurityRuleName%7D/get/request/parameter/resourceGroupName"
}, {
  "http://a.ml/vocabularies/apiContract#binding": "path",
  "http://a.ml/vocabularies/apiContract#paramName": "networkSecurityGroupName",
  "http://a.ml/vocabularies/apiContract#required": "true",
  "http://a.ml/vocabularies/core#description": "The name of the network security group.",
  "http://a.ml/vocabularies/core#name": "networkSecurityGroupName",
  "http://a.ml/vocabularies/shapes#schema": {
    "http://a.ml/vocabularies/core#description": "The name of the network security group.",
    "http://www.w3.org/ns/shacl#datatype": "http://www.w3.org/2001/XMLSchema#string",
    "http://www.w3.org/ns/shacl#name": "schema",
    "id": "file:///Users/abettati/sandbox/azure-rest-api-specs/specification/network/resource-manager/Microsoft.Network/stable/2017-08-01/networkSecurityGroup.json#/web-api/end-points/%2Fsubscriptions%2F%7BsubscriptionId%7D%2FresourceGroups%2F%7BresourceGroupName%7D%2Fproviders%2FMicrosoft.Network%2FnetworkSecurityGroups%2F%7BnetworkSecurityGroupName%7D%2FdefaultSecurityRules%2F%7BdefaultSecurityRuleName%7D/get/request/parameter/networkSecurityGroupName/scalar/schema"
  },
  "id": "file:///Users/abettati/sandbox/azure-rest-api-specs/specification/network/resource-manager/Microsoft.Network/stable/2017-08-01/networkSecurityGroup.json#/web-api/end-points/%2Fsubscriptions%2F%7BsubscriptionId%7D%2FresourceGroups%2F%7BresourceGroupName%7D%2Fproviders%2FMicrosoft.Network%2FnetworkSecurityGroups%2F%7BnetworkSecurityGroupName%7D%2FdefaultSecurityRules%2F%7BdefaultSecurityRuleName%7D/get/request/parameter/networkSecurityGroupName"
}, {
  "http://a.ml/vocabularies/apiContract#binding": "path",
  "http://a.ml/vocabularies/apiContract#paramName": "defaultSecurityRuleName",
  "http://a.ml/vocabularies/apiContract#required": "true",
  "http://a.ml/vocabularies/core#description": "The name of the default security rule.",
  "http://a.ml/vocabularies/core#name": "defaultSecurityRuleName",
  "http://a.ml/vocabularies/shapes#schema": {
    "http://a.ml/vocabularies/core#description": "The name of the default security rule.",
    "http://www.w3.org/ns/shacl#datatype": "http://www.w3.org/2001/XMLSchema#string",
    "http://www.w3.org/ns/shacl#name": "schema",
    "id": "file:///Users/abettati/sandbox/azure-rest-api-specs/specification/network/resource-manager/Microsoft.Network/stable/2017-08-01/networkSecurityGroup.json#/web-api/end-points/%2Fsubscriptions%2F%7BsubscriptionId%7D%2FresourceGroups%2F%7BresourceGroupName%7D%2Fproviders%2FMicrosoft.Network%2FnetworkSecurityGroups%2F%7BnetworkSecurityGroupName%7D%2FdefaultSecurityRules%2F%7BdefaultSecurityRuleName%7D/get/request/parameter/defaultSecurityRuleName/scalar/schema"
  },
  "id": "file:///Users/abettati/sandbox/azure-rest-api-specs/specification/network/resource-manager/Microsoft.Network/stable/2017-08-01/networkSecurityGroup.json#/web-api/end-points/%2Fsubscriptions%2F%7BsubscriptionId%7D%2FresourceGroups%2F%7BresourceGroupName%7D%2Fproviders%2FMicrosoft.Network%2FnetworkSecurityGroups%2F%7BnetworkSecurityGroupName%7D%2FdefaultSecurityRules%2F%7BdefaultSecurityRuleName%7D/get/request/parameter/defaultSecurityRuleName"
}]