[{
  "http://a.ml/vocabularies/apiContract#binding": "query",
  "http://a.ml/vocabularies/apiContract#paramName": "api-version",
  "http://a.ml/vocabularies/apiContract#required": "true",
  "http://a.ml/vocabularies/core#description": "The API version to use for this operation.",
  "http://a.ml/vocabularies/core#name": "ApiVersionParameter",
  "http://a.ml/vocabularies/shapes#schema": {
    "http://a.ml/vocabularies/core#description": "The API version to use for this operation.",
    "http://www.w3.org/ns/shacl#datatype": "http://www.w3.org/2001/XMLSchema#string",
    "http://www.w3.org/ns/shacl#name": "schema",
    "id": "file:///Users/abettati/sandbox/azure-rest-api-specs/specification/managedservices/resource-manager/Microsoft.ManagedServices/stable/2019-06-01/managedservices.json#/declarations/parameters/parameter/ApiVersionParameter/scalar/schema"
  },
  "id": "file:///Users/abettati/sandbox/azure-rest-api-specs/specification/managedservices/resource-manager/Microsoft.ManagedServices/stable/2019-06-01/managedservices.json#/declarations/parameters/parameter/ApiVersionParameter"
}, {
  "http://a.ml/vocabularies/apiContract#binding": "path",
  "http://a.ml/vocabularies/apiContract#paramName": "scope",
  "http://a.ml/vocabularies/apiContract#required": "true",
  "http://a.ml/vocabularies/core#description": "Scope of the resource.",
  "http://a.ml/vocabularies/core#name": "ScopeParameter",
  "http://a.ml/vocabularies/document#customDomainProperties": [{
    "http://a.ml/vocabularies/core#extensionName": "ms-parameter-location",
    "http://a.ml/vocabularies/document#definedBy": {
      "http://a.ml/vocabularies/core#name": null,
      "id": "file:///Users/abettati/sandbox/azure-rest-api-specs/specification/managedservices/resource-manager/Microsoft.ManagedServices/stable/2019-06-01/managedservices.json#/declarations/parameters/parameter/ScopeParameter/ms-parameter-location"
    },
    "http://a.ml/vocabularies/document#extension": {
      "http://a.ml/vocabularies/core#name": null,
      "http://a.ml/vocabularies/data#value": null,
      "http://www.w3.org/ns/shacl#datatype": null,
      "id": "file:///Users/abettati/sandbox/azure-rest-api-specs/specification/managedservices/resource-manager/Microsoft.ManagedServices/stable/2019-06-01/managedservices.json#/declarations/parameters/parameter/ScopeParameter/ms-parameter-location/scalar_1"
    },
    "id": "file:///Users/abettati/sandbox/azure-rest-api-specs/specification/managedservices/resource-manager/Microsoft.ManagedServices/stable/2019-06-01/managedservices.json#/declarations/parameters/parameter/ScopeParameter/extension/ms-parameter-location"
  }, {
    "http://a.ml/vocabularies/core#extensionName": "ms-skip-url-encoding",
    "http://a.ml/vocabularies/document#definedBy": {
      "http://a.ml/vocabularies/core#name": null,
      "id": "file:///Users/abettati/sandbox/azure-rest-api-specs/specification/managedservices/resource-manager/Microsoft.ManagedServices/stable/2019-06-01/managedservices.json#/declarations/parameters/parameter/ScopeParameter/ms-skip-url-encoding"
    },
    "http://a.ml/vocabularies/document#extension": {
      "http://a.ml/vocabularies/core#name": null,
      "http://a.ml/vocabularies/data#value": null,
      "http://www.w3.org/ns/shacl#datatype": null,
      "id": "file:///Users/abettati/sandbox/azure-rest-api-specs/specification/managedservices/resource-manager/Microsoft.ManagedServices/stable/2019-06-01/managedservices.json#/declarations/parameters/parameter/ScopeParameter/ms-skip-url-encoding/scalar_1"
    },
    "id": "file:///Users/abettati/sandbox/azure-rest-api-specs/specification/managedservices/resource-manager/Microsoft.ManagedServices/stable/2019-06-01/managedservices.json#/declarations/parameters/parameter/ScopeParameter/extension/ms-skip-url-encoding"
  }],
  "http://a.ml/vocabularies/shapes#schema": {
    "http://a.ml/vocabularies/core#description": "Scope of the resource.",
    "http://a.ml/vocabularies/document#customDomainProperties": [{
      "http://a.ml/vocabularies/core#extensionName": null,
      "http://a.ml/vocabularies/document#definedBy": null,
      "http://a.ml/vocabularies/document#extension": null,
      "id": "file:///Users/abettati/sandbox/azure-rest-api-specs/specification/managedservices/resource-manager/Microsoft.ManagedServices/stable/2019-06-01/managedservices.json#/declarations/parameters/parameter/ScopeParameter/scalar/schema/extension/ms-parameter-location"
    }, {
      "http://a.ml/vocabularies/core#extensionName": null,
      "http://a.ml/vocabularies/document#definedBy": null,
      "http://a.ml/vocabularies/document#extension": null,
      "id": "file:///Users/abettati/sandbox/azure-rest-api-specs/specification/managedservices/resource-manager/Microsoft.ManagedServices/stable/2019-06-01/managedservices.json#/declarations/parameters/parameter/ScopeParameter/scalar/schema/extension/ms-skip-url-encoding"
    }],
    "http://www.w3.org/ns/shacl#datatype": "http://www.w3.org/2001/XMLSchema#string",
    "http://www.w3.org/ns/shacl#name": "schema",
    "id": "file:///Users/abettati/sandbox/azure-rest-api-specs/specification/managedservices/resource-manager/Microsoft.ManagedServices/stable/2019-06-01/managedservices.json#/declarations/parameters/parameter/ScopeParameter/scalar/schema"
  },
  "id": "file:///Users/abettati/sandbox/azure-rest-api-specs/specification/managedservices/resource-manager/Microsoft.ManagedServices/stable/2019-06-01/managedservices.json#/declarations/parameters/parameter/ScopeParameter"
}, {
  "http://a.ml/vocabularies/apiContract#binding": "path",
  "http://a.ml/vocabularies/apiContract#paramName": "registrationDefinitionId",
  "http://a.ml/vocabularies/apiContract#required": "true",
  "http://a.ml/vocabularies/core#description": "Guid of the registration definition.",
  "http://a.ml/vocabularies/core#name": "registrationDefinitionIdParameter",
  "http://a.ml/vocabularies/document#customDomainProperties": [{
    "http://a.ml/vocabularies/core#extensionName": "ms-parameter-location",
    "http://a.ml/vocabularies/document#definedBy": {
      "http://a.ml/vocabularies/core#name": null,
      "id": "file:///Users/abettati/sandbox/azure-rest-api-specs/specification/managedservices/resource-manager/Microsoft.ManagedServices/stable/2019-06-01/managedservices.json#/declarations/parameters/parameter/registrationDefinitionIdParameter/ms-parameter-location"
    },
    "http://a.ml/vocabularies/document#extension": {
      "http://a.ml/vocabularies/core#name": null,
      "http://a.ml/vocabularies/data#value": null,
      "http://www.w3.org/ns/shacl#datatype": null,
      "id": "file:///Users/abettati/sandbox/azure-rest-api-specs/specification/managedservices/resource-manager/Microsoft.ManagedServices/stable/2019-06-01/managedservices.json#/declarations/parameters/parameter/registrationDefinitionIdParameter/ms-parameter-location/scalar_1"
    },
    "id": "file:///Users/abettati/sandbox/azure-rest-api-specs/specification/managedservices/resource-manager/Microsoft.ManagedServices/stable/2019-06-01/managedservices.json#/declarations/parameters/parameter/registrationDefinitionIdParameter/extension/ms-parameter-location"
  }],
  "http://a.ml/vocabularies/shapes#schema": {
    "http://a.ml/vocabularies/core#description": "Guid of the registration definition.",
    "http://a.ml/vocabularies/document#customDomainProperties": [{
      "http://a.ml/vocabularies/core#extensionName": null,
      "http://a.ml/vocabularies/document#definedBy": null,
      "http://a.ml/vocabularies/document#extension": null,
      "id": "file:///Users/abettati/sandbox/azure-rest-api-specs/specification/managedservices/resource-manager/Microsoft.ManagedServices/stable/2019-06-01/managedservices.json#/declarations/parameters/parameter/registrationDefinitionIdParameter/scalar/schema/extension/ms-parameter-location"
    }],
    "http://www.w3.org/ns/shacl#datatype": "http://www.w3.org/2001/XMLSchema#string",
    "http://www.w3.org/ns/shacl#name": "schema",
    "id": "file:///Users/abettati/sandbox/azure-rest-api-specs/specification/managedservices/resource-manager/Microsoft.ManagedServices/stable/2019-06-01/managedservices.json#/declarations/parameters/parameter/registrationDefinitionIdParameter/scalar/schema"
  },
  "id": "file:///Users/abettati/sandbox/azure-rest-api-specs/specification/managedservices/resource-manager/Microsoft.ManagedServices/stable/2019-06-01/managedservices.json#/declarations/parameters/parameter/registrationDefinitionIdParameter"
}, {
  "http://a.ml/vocabularies/apiContract#binding": "query",
  "http://a.ml/vocabularies/apiContract#paramName": "$expandRegistrationDefinition",
  "http://a.ml/vocabularies/apiContract#required": "false",
  "http://a.ml/vocabularies/core#description": "Tells whether to return registration definition details also along with registration assignment details.",
  "http://a.ml/vocabularies/core#name": "ExpandRegistrationDefinition",
  "http://a.ml/vocabularies/document#customDomainProperties": [{
    "http://a.ml/vocabularies/core#extensionName": "ms-parameter-location",
    "http://a.ml/vocabularies/document#definedBy": {
      "http://a.ml/vocabularies/core#name": null,
      "id": "file:///Users/abettati/sandbox/azure-rest-api-specs/specification/managedservices/resource-manager/Microsoft.ManagedServices/stable/2019-06-01/managedservices.json#/declarations/parameters/parameter/ExpandRegistrationDefinition/ms-parameter-location"
    },
    "http://a.ml/vocabularies/document#extension": {
      "http://a.ml/vocabularies/core#name": null,
      "http://a.ml/vocabularies/data#value": null,
      "http://www.w3.org/ns/shacl#datatype": null,
      "id": "file:///Users/abettati/sandbox/azure-rest-api-specs/specification/managedservices/resource-manager/Microsoft.ManagedServices/stable/2019-06-01/managedservices.json#/declarations/parameters/parameter/ExpandRegistrationDefinition/ms-parameter-location/scalar_1"
    },
    "id": "file:///Users/abettati/sandbox/azure-rest-api-specs/specification/managedservices/resource-manager/Microsoft.ManagedServices/stable/2019-06-01/managedservices.json#/declarations/parameters/parameter/ExpandRegistrationDefinition/extension/ms-parameter-location"
  }],
  "http://a.ml/vocabularies/shapes#schema": {
    "http://a.ml/vocabularies/core#description": "Tells whether to return registration definition details also along with registration assignment details.",
    "http://a.ml/vocabularies/document#customDomainProperties": [{
      "http://a.ml/vocabularies/core#extensionName": null,
      "http://a.ml/vocabularies/document#definedBy": null,
      "http://a.ml/vocabularies/document#extension": null,
      "id": "file:///Users/abettati/sandbox/azure-rest-api-specs/specification/managedservices/resource-manager/Microsoft.ManagedServices/stable/2019-06-01/managedservices.json#/declarations/parameters/parameter/ExpandRegistrationDefinition/scalar/schema/extension/ms-parameter-location"
    }],
    "http://www.w3.org/ns/shacl#datatype": "http://www.w3.org/2001/XMLSchema#boolean",
    "http://www.w3.org/ns/shacl#name": "schema",
    "id": "file:///Users/abettati/sandbox/azure-rest-api-specs/specification/managedservices/resource-manager/Microsoft.ManagedServices/stable/2019-06-01/managedservices.json#/declarations/parameters/parameter/ExpandRegistrationDefinition/scalar/schema"
  },
  "id": "file:///Users/abettati/sandbox/azure-rest-api-specs/specification/managedservices/resource-manager/Microsoft.ManagedServices/stable/2019-06-01/managedservices.json#/declarations/parameters/parameter/ExpandRegistrationDefinition"
}, {
  "http://a.ml/vocabularies/apiContract#binding": "path",
  "http://a.ml/vocabularies/apiContract#paramName": "registrationAssignmentId",
  "http://a.ml/vocabularies/apiContract#required": "true",
  "http://a.ml/vocabularies/core#description": "Guid of the registration assignment.",
  "http://a.ml/vocabularies/core#name": "RegistrationAssignmentIdParameter",
  "http://a.ml/vocabularies/document#customDomainProperties": [{
    "http://a.ml/vocabularies/core#extensionName": "ms-parameter-location",
    "http://a.ml/vocabularies/document#definedBy": {
      "http://a.ml/vocabularies/core#name": null,
      "id": "file:///Users/abettati/sandbox/azure-rest-api-specs/specification/managedservices/resource-manager/Microsoft.ManagedServices/stable/2019-06-01/managedservices.json#/declarations/parameters/parameter/RegistrationAssignmentIdParameter/ms-parameter-location"
    },
    "http://a.ml/vocabularies/document#extension": {
      "http://a.ml/vocabularies/core#name": null,
      "http://a.ml/vocabularies/data#value": null,
      "http://www.w3.org/ns/shacl#datatype": null,
      "id": "file:///Users/abettati/sandbox/azure-rest-api-specs/specification/managedservices/resource-manager/Microsoft.ManagedServices/stable/2019-06-01/managedservices.json#/declarations/parameters/parameter/RegistrationAssignmentIdParameter/ms-parameter-location/scalar_1"
    },
    "id": "file:///Users/abettati/sandbox/azure-rest-api-specs/specification/managedservices/resource-manager/Microsoft.ManagedServices/stable/2019-06-01/managedservices.json#/declarations/parameters/parameter/RegistrationAssignmentIdParameter/extension/ms-parameter-location"
  }],
  "http://a.ml/vocabularies/shapes#schema": {
    "http://a.ml/vocabularies/core#description": "Guid of the registration assignment.",
    "http://a.ml/vocabularies/document#customDomainProperties": [{
      "http://a.ml/vocabularies/core#extensionName": null,
      "http://a.ml/vocabularies/document#definedBy": null,
      "http://a.ml/vocabularies/document#extension": null,
      "id": "file:///Users/abettati/sandbox/azure-rest-api-specs/specification/managedservices/resource-manager/Microsoft.ManagedServices/stable/2019-06-01/managedservices.json#/declarations/parameters/parameter/RegistrationAssignmentIdParameter/scalar/schema/extension/ms-parameter-location"
    }],
    "http://www.w3.org/ns/shacl#datatype": "http://www.w3.org/2001/XMLSchema#string",
    "http://www.w3.org/ns/shacl#name": "schema",
    "id": "file:///Users/abettati/sandbox/azure-rest-api-specs/specification/managedservices/resource-manager/Microsoft.ManagedServices/stable/2019-06-01/managedservices.json#/declarations/parameters/parameter/RegistrationAssignmentIdParameter/scalar/schema"
  },
  "id": "file:///Users/abettati/sandbox/azure-rest-api-specs/specification/managedservices/resource-manager/Microsoft.ManagedServices/stable/2019-06-01/managedservices.json#/declarations/parameters/parameter/RegistrationAssignmentIdParameter"
}]