[{
  "http://a.ml/vocabularies/apiContract#binding": "query",
  "http://a.ml/vocabularies/apiContract#paramName": "$top",
  "http://a.ml/vocabularies/apiContract#required": "false",
  "http://a.ml/vocabularies/core#description": "Number of records to return.",
  "http://a.ml/vocabularies/core#name": "$top",
  "http://a.ml/vocabularies/document#customDomainProperties": [{
    "http://a.ml/vocabularies/core#extensionName": "ms-parameter-location",
    "http://a.ml/vocabularies/document#definedBy": {
      "http://a.ml/vocabularies/core#name": null,
      "id": "file:///Users/abettati/sandbox/azure-rest-api-specs/specification/apimanagement/resource-manager/Microsoft.ApiManagement/preview/2020-06-01-preview/apimapisByTags.json#/web-api/end-points/%2Fsubscriptions%2F%7BsubscriptionId%7D%2FresourceGroups%2F%7BresourceGroupName%7D%2Fproviders%2FMicrosoft.ApiManagement%2Fservice%2F%7BserviceName%7D%2FapisByTags/get/request/parameter/%24top/ms-parameter-location"
    },
    "http://a.ml/vocabularies/document#extension": {
      "http://a.ml/vocabularies/core#name": null,
      "http://a.ml/vocabularies/data#value": null,
      "http://www.w3.org/ns/shacl#datatype": null,
      "id": "file:///Users/abettati/sandbox/azure-rest-api-specs/specification/apimanagement/resource-manager/Microsoft.ApiManagement/preview/2020-06-01-preview/apimapisByTags.json#/web-api/end-points/%2Fsubscriptions%2F%7BsubscriptionId%7D%2FresourceGroups%2F%7BresourceGroupName%7D%2Fproviders%2FMicrosoft.ApiManagement%2Fservice%2F%7BserviceName%7D%2FapisByTags/get/request/parameter/%24top/ms-parameter-location/scalar_1"
    },
    "id": "file:///Users/abettati/sandbox/azure-rest-api-specs/specification/apimanagement/resource-manager/Microsoft.ApiManagement/preview/2020-06-01-preview/apimapisByTags.json#/web-api/end-points/%2Fsubscriptions%2F%7BsubscriptionId%7D%2FresourceGroups%2F%7BresourceGroupName%7D%2Fproviders%2FMicrosoft.ApiManagement%2Fservice%2F%7BserviceName%7D%2FapisByTags/get/request/parameter/%24top/extension/ms-parameter-location"
  }],
  "http://a.ml/vocabularies/shapes#schema": {
    "http://a.ml/vocabularies/core#description": "Number of records to return.",
    "http://a.ml/vocabularies/document#customDomainProperties": [{
      "http://a.ml/vocabularies/core#extensionName": null,
      "http://a.ml/vocabularies/document#definedBy": null,
      "http://a.ml/vocabularies/document#extension": null,
      "id": "file:///Users/abettati/sandbox/azure-rest-api-specs/specification/apimanagement/resource-manager/Microsoft.ApiManagement/preview/2020-06-01-preview/apimapisByTags.json#/web-api/end-points/%2Fsubscriptions%2F%7BsubscriptionId%7D%2FresourceGroups%2F%7BresourceGroupName%7D%2Fproviders%2FMicrosoft.ApiManagement%2Fservice%2F%7BserviceName%7D%2FapisByTags/get/request/parameter/%24top/scalar/schema/extension/ms-parameter-location"
    }],
    "http://a.ml/vocabularies/shapes#format": "int32",
    "http://www.w3.org/ns/shacl#datatype": "http://www.w3.org/2001/XMLSchema#integer",
    "http://www.w3.org/ns/shacl#minInclusive": "1",
    "http://www.w3.org/ns/shacl#name": "schema",
    "id": "file:///Users/abettati/sandbox/azure-rest-api-specs/specification/apimanagement/resource-manager/Microsoft.ApiManagement/preview/2020-06-01-preview/apimapisByTags.json#/web-api/end-points/%2Fsubscriptions%2F%7BsubscriptionId%7D%2FresourceGroups%2F%7BresourceGroupName%7D%2Fproviders%2FMicrosoft.ApiManagement%2Fservice%2F%7BserviceName%7D%2FapisByTags/get/request/parameter/%24top/scalar/schema"
  },
  "id": "file:///Users/abettati/sandbox/azure-rest-api-specs/specification/apimanagement/resource-manager/Microsoft.ApiManagement/preview/2020-06-01-preview/apimapisByTags.json#/web-api/end-points/%2Fsubscriptions%2F%7BsubscriptionId%7D%2FresourceGroups%2F%7BresourceGroupName%7D%2Fproviders%2FMicrosoft.ApiManagement%2Fservice%2F%7BserviceName%7D%2FapisByTags/get/request/parameter/%24top"
}, {
  "http://a.ml/vocabularies/apiContract#binding": "query",
  "http://a.ml/vocabularies/apiContract#paramName": "api-version",
  "http://a.ml/vocabularies/apiContract#required": "true",
  "http://a.ml/vocabularies/core#description": "Version of the API to be used with the client request.",
  "http://a.ml/vocabularies/core#name": "api-version",
  "http://a.ml/vocabularies/shapes#schema": {
    "http://a.ml/vocabularies/core#description": "Version of the API to be used with the client request.",
    "http://www.w3.org/ns/shacl#datatype": "http://www.w3.org/2001/XMLSchema#string",
    "http://www.w3.org/ns/shacl#name": "schema",
    "id": "file:///Users/abettati/sandbox/azure-rest-api-specs/specification/apimanagement/resource-manager/Microsoft.ApiManagement/preview/2020-06-01-preview/apimapisByTags.json#/web-api/end-points/%2Fsubscriptions%2F%7BsubscriptionId%7D%2FresourceGroups%2F%7BresourceGroupName%7D%2Fproviders%2FMicrosoft.ApiManagement%2Fservice%2F%7BserviceName%7D%2FapisByTags/get/request/parameter/api-version/scalar/schema"
  },
  "id": "file:///Users/abettati/sandbox/azure-rest-api-specs/specification/apimanagement/resource-manager/Microsoft.ApiManagement/preview/2020-06-01-preview/apimapisByTags.json#/web-api/end-points/%2Fsubscriptions%2F%7BsubscriptionId%7D%2FresourceGroups%2F%7BresourceGroupName%7D%2Fproviders%2FMicrosoft.ApiManagement%2Fservice%2F%7BserviceName%7D%2FapisByTags/get/request/parameter/api-version"
}, {
  "http://a.ml/vocabularies/apiContract#binding": "query",
  "http://a.ml/vocabularies/apiContract#paramName": "includeNotTaggedApis",
  "http://a.ml/vocabularies/apiContract#required": "false",
  "http://a.ml/vocabularies/core#description": "Include not tagged APIs.",
  "http://a.ml/vocabularies/core#name": "includeNotTaggedApis",
  "http://a.ml/vocabularies/shapes#schema": {
    "http://a.ml/vocabularies/core#description": "Include not tagged APIs.",
    "http://www.w3.org/ns/shacl#datatype": "http://www.w3.org/2001/XMLSchema#boolean",
    "http://www.w3.org/ns/shacl#name": "schema",
    "id": "file:///Users/abettati/sandbox/azure-rest-api-specs/specification/apimanagement/resource-manager/Microsoft.ApiManagement/preview/2020-06-01-preview/apimapisByTags.json#/web-api/end-points/%2Fsubscriptions%2F%7BsubscriptionId%7D%2FresourceGroups%2F%7BresourceGroupName%7D%2Fproviders%2FMicrosoft.ApiManagement%2Fservice%2F%7BserviceName%7D%2FapisByTags/get/request/parameter/includeNotTaggedApis/scalar/schema"
  },
  "id": "file:///Users/abettati/sandbox/azure-rest-api-specs/specification/apimanagement/resource-manager/Microsoft.ApiManagement/preview/2020-06-01-preview/apimapisByTags.json#/web-api/end-points/%2Fsubscriptions%2F%7BsubscriptionId%7D%2FresourceGroups%2F%7BresourceGroupName%7D%2Fproviders%2FMicrosoft.ApiManagement%2Fservice%2F%7BserviceName%7D%2FapisByTags/get/request/parameter/includeNotTaggedApis"
}, {
  "http://a.ml/vocabularies/apiContract#binding": "query",
  "http://a.ml/vocabularies/apiContract#paramName": "$filter",
  "http://a.ml/vocabularies/apiContract#required": "false",
  "http://a.ml/vocabularies/core#description": "|     Field     |     Usage     |     Supported operators     |     Supported functions     |</br>|-------------|-------------|-------------|-------------|</br>| name | filter | ge, le, eq, ne, gt, lt | substringof, contains, startswith, endswith |</br>| displayName | filter | ge, le, eq, ne, gt, lt | substringof, contains, startswith, endswith |</br>| apiRevision | filter | ge, le, eq, ne, gt, lt | substringof, contains, startswith, endswith |</br>| path | filter | ge, le, eq, ne, gt, lt | substringof, contains, startswith, endswith |</br>| description | filter | ge, le, eq, ne, gt, lt | substringof, contains, startswith, endswith |</br>| serviceUrl | filter | ge, le, eq, ne, gt, lt | substringof, contains, startswith, endswith |</br>| isCurrent | filter | eq |     |</br>",
  "http://a.ml/vocabularies/core#name": "$filter",
  "http://a.ml/vocabularies/shapes#schema": {
    "http://a.ml/vocabularies/core#description": "|     Field     |     Usage     |     Supported operators     |     Supported functions     |</br>|-------------|-------------|-------------|-------------|</br>| name | filter | ge, le, eq, ne, gt, lt | substringof, contains, startswith, endswith |</br>| displayName | filter | ge, le, eq, ne, gt, lt | substringof, contains, startswith, endswith |</br>| apiRevision | filter | ge, le, eq, ne, gt, lt | substringof, contains, startswith, endswith |</br>| path | filter | ge, le, eq, ne, gt, lt | substringof, contains, startswith, endswith |</br>| description | filter | ge, le, eq, ne, gt, lt | substringof, contains, startswith, endswith |</br>| serviceUrl | filter | ge, le, eq, ne, gt, lt | substringof, contains, startswith, endswith |</br>| isCurrent | filter | eq |     |</br>",
    "http://www.w3.org/ns/shacl#datatype": "http://www.w3.org/2001/XMLSchema#string",
    "http://www.w3.org/ns/shacl#name": "schema",
    "id": "file:///Users/abettati/sandbox/azure-rest-api-specs/specification/apimanagement/resource-manager/Microsoft.ApiManagement/preview/2020-06-01-preview/apimapisByTags.json#/web-api/end-points/%2Fsubscriptions%2F%7BsubscriptionId%7D%2FresourceGroups%2F%7BresourceGroupName%7D%2Fproviders%2FMicrosoft.ApiManagement%2Fservice%2F%7BserviceName%7D%2FapisByTags/get/request/parameter/%24filter/scalar/schema"
  },
  "id": "file:///Users/abettati/sandbox/azure-rest-api-specs/specification/apimanagement/resource-manager/Microsoft.ApiManagement/preview/2020-06-01-preview/apimapisByTags.json#/web-api/end-points/%2Fsubscriptions%2F%7BsubscriptionId%7D%2FresourceGroups%2F%7BresourceGroupName%7D%2Fproviders%2FMicrosoft.ApiManagement%2Fservice%2F%7BserviceName%7D%2FapisByTags/get/request/parameter/%24filter"
}, {
  "http://a.ml/vocabularies/apiContract#binding": "query",
  "http://a.ml/vocabularies/apiContract#paramName": "$skip",
  "http://a.ml/vocabularies/apiContract#required": "false",
  "http://a.ml/vocabularies/core#description": "Number of records to skip.",
  "http://a.ml/vocabularies/core#name": "$skip",
  "http://a.ml/vocabularies/document#customDomainProperties": [{
    "http://a.ml/vocabularies/core#extensionName": "ms-parameter-location",
    "http://a.ml/vocabularies/document#definedBy": {
      "http://a.ml/vocabularies/core#name": null,
      "id": "file:///Users/abettati/sandbox/azure-rest-api-specs/specification/apimanagement/resource-manager/Microsoft.ApiManagement/preview/2020-06-01-preview/apimapisByTags.json#/web-api/end-points/%2Fsubscriptions%2F%7BsubscriptionId%7D%2FresourceGroups%2F%7BresourceGroupName%7D%2Fproviders%2FMicrosoft.ApiManagement%2Fservice%2F%7BserviceName%7D%2FapisByTags/get/request/parameter/%24skip/ms-parameter-location"
    },
    "http://a.ml/vocabularies/document#extension": {
      "http://a.ml/vocabularies/core#name": null,
      "http://a.ml/vocabularies/data#value": null,
      "http://www.w3.org/ns/shacl#datatype": null,
      "id": "file:///Users/abettati/sandbox/azure-rest-api-specs/specification/apimanagement/resource-manager/Microsoft.ApiManagement/preview/2020-06-01-preview/apimapisByTags.json#/web-api/end-points/%2Fsubscriptions%2F%7BsubscriptionId%7D%2FresourceGroups%2F%7BresourceGroupName%7D%2Fproviders%2FMicrosoft.ApiManagement%2Fservice%2F%7BserviceName%7D%2FapisByTags/get/request/parameter/%24skip/ms-parameter-location/scalar_1"
    },
    "id": "file:///Users/abettati/sandbox/azure-rest-api-specs/specification/apimanagement/resource-manager/Microsoft.ApiManagement/preview/2020-06-01-preview/apimapisByTags.json#/web-api/end-points/%2Fsubscriptions%2F%7BsubscriptionId%7D%2FresourceGroups%2F%7BresourceGroupName%7D%2Fproviders%2FMicrosoft.ApiManagement%2Fservice%2F%7BserviceName%7D%2FapisByTags/get/request/parameter/%24skip/extension/ms-parameter-location"
  }],
  "http://a.ml/vocabularies/shapes#schema": {
    "http://a.ml/vocabularies/core#description": "Number of records to skip.",
    "http://a.ml/vocabularies/document#customDomainProperties": [{
      "http://a.ml/vocabularies/core#extensionName": null,
      "http://a.ml/vocabularies/document#definedBy": null,
      "http://a.ml/vocabularies/document#extension": null,
      "id": "file:///Users/abettati/sandbox/azure-rest-api-specs/specification/apimanagement/resource-manager/Microsoft.ApiManagement/preview/2020-06-01-preview/apimapisByTags.json#/web-api/end-points/%2Fsubscriptions%2F%7BsubscriptionId%7D%2FresourceGroups%2F%7BresourceGroupName%7D%2Fproviders%2FMicrosoft.ApiManagement%2Fservice%2F%7BserviceName%7D%2FapisByTags/get/request/parameter/%24skip/scalar/schema/extension/ms-parameter-location"
    }],
    "http://a.ml/vocabularies/shapes#format": "int32",
    "http://www.w3.org/ns/shacl#datatype": "http://www.w3.org/2001/XMLSchema#integer",
    "http://www.w3.org/ns/shacl#minInclusive": "0",
    "http://www.w3.org/ns/shacl#name": "schema",
    "id": "file:///Users/abettati/sandbox/azure-rest-api-specs/specification/apimanagement/resource-manager/Microsoft.ApiManagement/preview/2020-06-01-preview/apimapisByTags.json#/web-api/end-points/%2Fsubscriptions%2F%7BsubscriptionId%7D%2FresourceGroups%2F%7BresourceGroupName%7D%2Fproviders%2FMicrosoft.ApiManagement%2Fservice%2F%7BserviceName%7D%2FapisByTags/get/request/parameter/%24skip/scalar/schema"
  },
  "id": "file:///Users/abettati/sandbox/azure-rest-api-specs/specification/apimanagement/resource-manager/Microsoft.ApiManagement/preview/2020-06-01-preview/apimapisByTags.json#/web-api/end-points/%2Fsubscriptions%2F%7BsubscriptionId%7D%2FresourceGroups%2F%7BresourceGroupName%7D%2Fproviders%2FMicrosoft.ApiManagement%2Fservice%2F%7BserviceName%7D%2FapisByTags/get/request/parameter/%24skip"
}, {
  "http://a.ml/vocabularies/apiContract#binding": "path",
  "http://a.ml/vocabularies/apiContract#paramName": "resourceGroupName",
  "http://a.ml/vocabularies/apiContract#required": "true",
  "http://a.ml/vocabularies/core#description": "The name of the resource group.",
  "http://a.ml/vocabularies/core#name": "resourceGroupName",
  "http://a.ml/vocabularies/document#customDomainProperties": [{
    "http://a.ml/vocabularies/core#extensionName": "ms-parameter-location",
    "http://a.ml/vocabularies/document#definedBy": {
      "http://a.ml/vocabularies/core#name": null,
      "id": "file:///Users/abettati/sandbox/azure-rest-api-specs/specification/apimanagement/resource-manager/Microsoft.ApiManagement/preview/2020-06-01-preview/apimapisByTags.json#/web-api/end-points/%2Fsubscriptions%2F%7BsubscriptionId%7D%2FresourceGroups%2F%7BresourceGroupName%7D%2Fproviders%2FMicrosoft.ApiManagement%2Fservice%2F%7BserviceName%7D%2FapisByTags/get/request/parameter/resourceGroupName/ms-parameter-location"
    },
    "http://a.ml/vocabularies/document#extension": {
      "http://a.ml/vocabularies/core#name": null,
      "http://a.ml/vocabularies/data#value": null,
      "http://www.w3.org/ns/shacl#datatype": null,
      "id": "file:///Users/abettati/sandbox/azure-rest-api-specs/specification/apimanagement/resource-manager/Microsoft.ApiManagement/preview/2020-06-01-preview/apimapisByTags.json#/web-api/end-points/%2Fsubscriptions%2F%7BsubscriptionId%7D%2FresourceGroups%2F%7BresourceGroupName%7D%2Fproviders%2FMicrosoft.ApiManagement%2Fservice%2F%7BserviceName%7D%2FapisByTags/get/request/parameter/resourceGroupName/ms-parameter-location/scalar_1"
    },
    "id": "file:///Users/abettati/sandbox/azure-rest-api-specs/specification/apimanagement/resource-manager/Microsoft.ApiManagement/preview/2020-06-01-preview/apimapisByTags.json#/web-api/end-points/%2Fsubscriptions%2F%7BsubscriptionId%7D%2FresourceGroups%2F%7BresourceGroupName%7D%2Fproviders%2FMicrosoft.ApiManagement%2Fservice%2F%7BserviceName%7D%2FapisByTags/get/request/parameter/resourceGroupName/extension/ms-parameter-location"
  }],
  "http://a.ml/vocabularies/shapes#schema": {
    "http://a.ml/vocabularies/core#description": "The name of the resource group.",
    "http://a.ml/vocabularies/document#customDomainProperties": [{
      "http://a.ml/vocabularies/core#extensionName": null,
      "http://a.ml/vocabularies/document#definedBy": null,
      "http://a.ml/vocabularies/document#extension": null,
      "id": "file:///Users/abettati/sandbox/azure-rest-api-specs/specification/apimanagement/resource-manager/Microsoft.ApiManagement/preview/2020-06-01-preview/apimapisByTags.json#/web-api/end-points/%2Fsubscriptions%2F%7BsubscriptionId%7D%2FresourceGroups%2F%7BresourceGroupName%7D%2Fproviders%2FMicrosoft.ApiManagement%2Fservice%2F%7BserviceName%7D%2FapisByTags/get/request/parameter/resourceGroupName/scalar/schema/extension/ms-parameter-location"
    }],
    "http://www.w3.org/ns/shacl#datatype": "http://www.w3.org/2001/XMLSchema#string",
    "http://www.w3.org/ns/shacl#name": "schema",
    "id": "file:///Users/abettati/sandbox/azure-rest-api-specs/specification/apimanagement/resource-manager/Microsoft.ApiManagement/preview/2020-06-01-preview/apimapisByTags.json#/web-api/end-points/%2Fsubscriptions%2F%7BsubscriptionId%7D%2FresourceGroups%2F%7BresourceGroupName%7D%2Fproviders%2FMicrosoft.ApiManagement%2Fservice%2F%7BserviceName%7D%2FapisByTags/get/request/parameter/resourceGroupName/scalar/schema"
  },
  "id": "file:///Users/abettati/sandbox/azure-rest-api-specs/specification/apimanagement/resource-manager/Microsoft.ApiManagement/preview/2020-06-01-preview/apimapisByTags.json#/web-api/end-points/%2Fsubscriptions%2F%7BsubscriptionId%7D%2FresourceGroups%2F%7BresourceGroupName%7D%2Fproviders%2FMicrosoft.ApiManagement%2Fservice%2F%7BserviceName%7D%2FapisByTags/get/request/parameter/resourceGroupName"
}, {
  "http://a.ml/vocabularies/apiContract#binding": "path",
  "http://a.ml/vocabularies/apiContract#paramName": "serviceName",
  "http://a.ml/vocabularies/apiContract#required": "true",
  "http://a.ml/vocabularies/core#description": "The name of the API Management service.",
  "http://a.ml/vocabularies/core#name": "serviceName",
  "http://a.ml/vocabularies/document#customDomainProperties": [{
    "http://a.ml/vocabularies/core#extensionName": "ms-parameter-location",
    "http://a.ml/vocabularies/document#definedBy": {
      "http://a.ml/vocabularies/core#name": null,
      "id": "file:///Users/abettati/sandbox/azure-rest-api-specs/specification/apimanagement/resource-manager/Microsoft.ApiManagement/preview/2020-06-01-preview/apimapisByTags.json#/web-api/end-points/%2Fsubscriptions%2F%7BsubscriptionId%7D%2FresourceGroups%2F%7BresourceGroupName%7D%2Fproviders%2FMicrosoft.ApiManagement%2Fservice%2F%7BserviceName%7D%2FapisByTags/get/request/parameter/serviceName/ms-parameter-location"
    },
    "http://a.ml/vocabularies/document#extension": {
      "http://a.ml/vocabularies/core#name": null,
      "http://a.ml/vocabularies/data#value": null,
      "http://www.w3.org/ns/shacl#datatype": null,
      "id": "file:///Users/abettati/sandbox/azure-rest-api-specs/specification/apimanagement/resource-manager/Microsoft.ApiManagement/preview/2020-06-01-preview/apimapisByTags.json#/web-api/end-points/%2Fsubscriptions%2F%7BsubscriptionId%7D%2FresourceGroups%2F%7BresourceGroupName%7D%2Fproviders%2FMicrosoft.ApiManagement%2Fservice%2F%7BserviceName%7D%2FapisByTags/get/request/parameter/serviceName/ms-parameter-location/scalar_1"
    },
    "id": "file:///Users/abettati/sandbox/azure-rest-api-specs/specification/apimanagement/resource-manager/Microsoft.ApiManagement/preview/2020-06-01-preview/apimapisByTags.json#/web-api/end-points/%2Fsubscriptions%2F%7BsubscriptionId%7D%2FresourceGroups%2F%7BresourceGroupName%7D%2Fproviders%2FMicrosoft.ApiManagement%2Fservice%2F%7BserviceName%7D%2FapisByTags/get/request/parameter/serviceName/extension/ms-parameter-location"
  }],
  "http://a.ml/vocabularies/shapes#schema": {
    "http://a.ml/vocabularies/core#description": "The name of the API Management service.",
    "http://a.ml/vocabularies/document#customDomainProperties": [{
      "http://a.ml/vocabularies/core#extensionName": null,
      "http://a.ml/vocabularies/document#definedBy": null,
      "http://a.ml/vocabularies/document#extension": null,
      "id": "file:///Users/abettati/sandbox/azure-rest-api-specs/specification/apimanagement/resource-manager/Microsoft.ApiManagement/preview/2020-06-01-preview/apimapisByTags.json#/web-api/end-points/%2Fsubscriptions%2F%7BsubscriptionId%7D%2FresourceGroups%2F%7BresourceGroupName%7D%2Fproviders%2FMicrosoft.ApiManagement%2Fservice%2F%7BserviceName%7D%2FapisByTags/get/request/parameter/serviceName/scalar/schema/extension/ms-parameter-location"
    }],
    "http://www.w3.org/ns/shacl#datatype": "http://www.w3.org/2001/XMLSchema#string",
    "http://www.w3.org/ns/shacl#maxLength": "50",
    "http://www.w3.org/ns/shacl#minLength": "1",
    "http://www.w3.org/ns/shacl#name": "schema",
    "http://www.w3.org/ns/shacl#pattern": "^[a-zA-Z](?:[a-zA-Z0-9-]*[a-zA-Z0-9])?$",
    "id": "file:///Users/abettati/sandbox/azure-rest-api-specs/specification/apimanagement/resource-manager/Microsoft.ApiManagement/preview/2020-06-01-preview/apimapisByTags.json#/web-api/end-points/%2Fsubscriptions%2F%7BsubscriptionId%7D%2FresourceGroups%2F%7BresourceGroupName%7D%2Fproviders%2FMicrosoft.ApiManagement%2Fservice%2F%7BserviceName%7D%2FapisByTags/get/request/parameter/serviceName/scalar/schema"
  },
  "id": "file:///Users/abettati/sandbox/azure-rest-api-specs/specification/apimanagement/resource-manager/Microsoft.ApiManagement/preview/2020-06-01-preview/apimapisByTags.json#/web-api/end-points/%2Fsubscriptions%2F%7BsubscriptionId%7D%2FresourceGroups%2F%7BresourceGroupName%7D%2Fproviders%2FMicrosoft.ApiManagement%2Fservice%2F%7BserviceName%7D%2FapisByTags/get/request/parameter/serviceName"
}, {
  "http://a.ml/vocabularies/apiContract#binding": "path",
  "http://a.ml/vocabularies/apiContract#paramName": "subscriptionId",
  "http://a.ml/vocabularies/apiContract#required": "true",
  "http://a.ml/vocabularies/core#description": "Subscription credentials which uniquely identify Microsoft Azure subscription. The subscription ID forms part of the URI for every service call.",
  "http://a.ml/vocabularies/core#name": "subscriptionId",
  "http://a.ml/vocabularies/shapes#schema": {
    "http://a.ml/vocabularies/core#description": "Subscription credentials which uniquely identify Microsoft Azure subscription. The subscription ID forms part of the URI for every service call.",
    "http://www.w3.org/ns/shacl#datatype": "http://www.w3.org/2001/XMLSchema#string",
    "http://www.w3.org/ns/shacl#name": "schema",
    "id": "file:///Users/abettati/sandbox/azure-rest-api-specs/specification/apimanagement/resource-manager/Microsoft.ApiManagement/preview/2020-06-01-preview/apimapisByTags.json#/web-api/end-points/%2Fsubscriptions%2F%7BsubscriptionId%7D%2FresourceGroups%2F%7BresourceGroupName%7D%2Fproviders%2FMicrosoft.ApiManagement%2Fservice%2F%7BserviceName%7D%2FapisByTags/get/request/parameter/subscriptionId/scalar/schema"
  },
  "id": "file:///Users/abettati/sandbox/azure-rest-api-specs/specification/apimanagement/resource-manager/Microsoft.ApiManagement/preview/2020-06-01-preview/apimapisByTags.json#/web-api/end-points/%2Fsubscriptions%2F%7BsubscriptionId%7D%2FresourceGroups%2F%7BresourceGroupName%7D%2Fproviders%2FMicrosoft.ApiManagement%2Fservice%2F%7BserviceName%7D%2FapisByTags/get/request/parameter/subscriptionId"
}]