[{
  "http://a.ml/vocabularies/apiContract#binding": "path",
  "http://a.ml/vocabularies/apiContract#paramName": "resourceGroupName",
  "http://a.ml/vocabularies/apiContract#required": "true",
  "http://a.ml/vocabularies/core#description": "The name of the resource group to which the container registry belongs.",
  "http://a.ml/vocabularies/core#name": "ResourceGroupParameter",
  "http://a.ml/vocabularies/document#customDomainProperties": [{
    "http://a.ml/vocabularies/core#extensionName": "ms-parameter-location",
    "http://a.ml/vocabularies/document#definedBy": {
      "http://a.ml/vocabularies/core#name": null,
      "id": "file:///Users/abettati/sandbox/azure-rest-api-specs/specification/containerregistry/resource-manager/Microsoft.ContainerRegistry/preview/2019-05-01-preview/containerregistry_scopemap.json#/declarations/parameters/parameter/ResourceGroupParameter/ms-parameter-location"
    },
    "http://a.ml/vocabularies/document#extension": {
      "http://a.ml/vocabularies/core#name": null,
      "http://a.ml/vocabularies/data#value": null,
      "http://www.w3.org/ns/shacl#datatype": null,
      "id": "file:///Users/abettati/sandbox/azure-rest-api-specs/specification/containerregistry/resource-manager/Microsoft.ContainerRegistry/preview/2019-05-01-preview/containerregistry_scopemap.json#/declarations/parameters/parameter/ResourceGroupParameter/ms-parameter-location/scalar_1"
    },
    "id": "file:///Users/abettati/sandbox/azure-rest-api-specs/specification/containerregistry/resource-manager/Microsoft.ContainerRegistry/preview/2019-05-01-preview/containerregistry_scopemap.json#/declarations/parameters/parameter/ResourceGroupParameter/extension/ms-parameter-location"
  }],
  "http://a.ml/vocabularies/shapes#schema": {
    "http://a.ml/vocabularies/core#description": "The name of the resource group to which the container registry belongs.",
    "http://a.ml/vocabularies/document#customDomainProperties": [{
      "http://a.ml/vocabularies/core#extensionName": null,
      "http://a.ml/vocabularies/document#definedBy": null,
      "http://a.ml/vocabularies/document#extension": null,
      "id": "file:///Users/abettati/sandbox/azure-rest-api-specs/specification/containerregistry/resource-manager/Microsoft.ContainerRegistry/preview/2019-05-01-preview/containerregistry_scopemap.json#/declarations/parameters/parameter/ResourceGroupParameter/scalar/schema/extension/ms-parameter-location"
    }],
    "http://www.w3.org/ns/shacl#datatype": "http://www.w3.org/2001/XMLSchema#string",
    "http://www.w3.org/ns/shacl#minLength": "1",
    "http://www.w3.org/ns/shacl#name": "schema",
    "id": "file:///Users/abettati/sandbox/azure-rest-api-specs/specification/containerregistry/resource-manager/Microsoft.ContainerRegistry/preview/2019-05-01-preview/containerregistry_scopemap.json#/declarations/parameters/parameter/ResourceGroupParameter/scalar/schema"
  },
  "id": "file:///Users/abettati/sandbox/azure-rest-api-specs/specification/containerregistry/resource-manager/Microsoft.ContainerRegistry/preview/2019-05-01-preview/containerregistry_scopemap.json#/declarations/parameters/parameter/ResourceGroupParameter"
}, {
  "http://a.ml/vocabularies/apiContract#binding": "query",
  "http://a.ml/vocabularies/apiContract#paramName": "api-version",
  "http://a.ml/vocabularies/apiContract#required": "true",
  "http://a.ml/vocabularies/core#description": "The client API version.",
  "http://a.ml/vocabularies/core#name": "ApiVersionParameter",
  "http://a.ml/vocabularies/shapes#schema": {
    "http://a.ml/vocabularies/core#description": "The client API version.",
    "http://www.w3.org/ns/shacl#datatype": "http://www.w3.org/2001/XMLSchema#string",
    "http://www.w3.org/ns/shacl#name": "schema",
    "id": "file:///Users/abettati/sandbox/azure-rest-api-specs/specification/containerregistry/resource-manager/Microsoft.ContainerRegistry/preview/2019-05-01-preview/containerregistry_scopemap.json#/declarations/parameters/parameter/ApiVersionParameter/scalar/schema"
  },
  "id": "file:///Users/abettati/sandbox/azure-rest-api-specs/specification/containerregistry/resource-manager/Microsoft.ContainerRegistry/preview/2019-05-01-preview/containerregistry_scopemap.json#/declarations/parameters/parameter/ApiVersionParameter"
}, {
  "http://a.ml/vocabularies/apiContract#binding": "path",
  "http://a.ml/vocabularies/apiContract#paramName": "subscriptionId",
  "http://a.ml/vocabularies/apiContract#required": "true",
  "http://a.ml/vocabularies/core#description": "The Microsoft Azure subscription ID.",
  "http://a.ml/vocabularies/core#name": "SubscriptionIdParameter",
  "http://a.ml/vocabularies/shapes#schema": {
    "http://a.ml/vocabularies/core#description": "The Microsoft Azure subscription ID.",
    "http://www.w3.org/ns/shacl#datatype": "http://www.w3.org/2001/XMLSchema#string",
    "http://www.w3.org/ns/shacl#name": "schema",
    "id": "file:///Users/abettati/sandbox/azure-rest-api-specs/specification/containerregistry/resource-manager/Microsoft.ContainerRegistry/preview/2019-05-01-preview/containerregistry_scopemap.json#/declarations/parameters/parameter/SubscriptionIdParameter/scalar/schema"
  },
  "id": "file:///Users/abettati/sandbox/azure-rest-api-specs/specification/containerregistry/resource-manager/Microsoft.ContainerRegistry/preview/2019-05-01-preview/containerregistry_scopemap.json#/declarations/parameters/parameter/SubscriptionIdParameter"
}, {
  "http://a.ml/vocabularies/apiContract#binding": "path",
  "http://a.ml/vocabularies/apiContract#paramName": "tokenName",
  "http://a.ml/vocabularies/apiContract#required": "true",
  "http://a.ml/vocabularies/core#description": "The name of the token.",
  "http://a.ml/vocabularies/core#name": "TokenNameParameter",
  "http://a.ml/vocabularies/document#customDomainProperties": [{
    "http://a.ml/vocabularies/core#extensionName": "ms-parameter-location",
    "http://a.ml/vocabularies/document#definedBy": {
      "http://a.ml/vocabularies/core#name": null,
      "id": "file:///Users/abettati/sandbox/azure-rest-api-specs/specification/containerregistry/resource-manager/Microsoft.ContainerRegistry/preview/2019-05-01-preview/containerregistry_scopemap.json#/declarations/parameters/parameter/TokenNameParameter/ms-parameter-location"
    },
    "http://a.ml/vocabularies/document#extension": {
      "http://a.ml/vocabularies/core#name": null,
      "http://a.ml/vocabularies/data#value": null,
      "http://www.w3.org/ns/shacl#datatype": null,
      "id": "file:///Users/abettati/sandbox/azure-rest-api-specs/specification/containerregistry/resource-manager/Microsoft.ContainerRegistry/preview/2019-05-01-preview/containerregistry_scopemap.json#/declarations/parameters/parameter/TokenNameParameter/ms-parameter-location/scalar_1"
    },
    "id": "file:///Users/abettati/sandbox/azure-rest-api-specs/specification/containerregistry/resource-manager/Microsoft.ContainerRegistry/preview/2019-05-01-preview/containerregistry_scopemap.json#/declarations/parameters/parameter/TokenNameParameter/extension/ms-parameter-location"
  }],
  "http://a.ml/vocabularies/shapes#schema": {
    "http://a.ml/vocabularies/core#description": "The name of the token.",
    "http://a.ml/vocabularies/document#customDomainProperties": [{
      "http://a.ml/vocabularies/core#extensionName": null,
      "http://a.ml/vocabularies/document#definedBy": null,
      "http://a.ml/vocabularies/document#extension": null,
      "id": "file:///Users/abettati/sandbox/azure-rest-api-specs/specification/containerregistry/resource-manager/Microsoft.ContainerRegistry/preview/2019-05-01-preview/containerregistry_scopemap.json#/declarations/parameters/parameter/TokenNameParameter/scalar/schema/extension/ms-parameter-location"
    }],
    "http://www.w3.org/ns/shacl#datatype": "http://www.w3.org/2001/XMLSchema#string",
    "http://www.w3.org/ns/shacl#maxLength": "50",
    "http://www.w3.org/ns/shacl#minLength": "5",
    "http://www.w3.org/ns/shacl#name": "schema",
    "http://www.w3.org/ns/shacl#pattern": "^[a-zA-Z0-9-]*$",
    "id": "file:///Users/abettati/sandbox/azure-rest-api-specs/specification/containerregistry/resource-manager/Microsoft.ContainerRegistry/preview/2019-05-01-preview/containerregistry_scopemap.json#/declarations/parameters/parameter/TokenNameParameter/scalar/schema"
  },
  "id": "file:///Users/abettati/sandbox/azure-rest-api-specs/specification/containerregistry/resource-manager/Microsoft.ContainerRegistry/preview/2019-05-01-preview/containerregistry_scopemap.json#/declarations/parameters/parameter/TokenNameParameter"
}, {
  "http://a.ml/vocabularies/apiContract#binding": "path",
  "http://a.ml/vocabularies/apiContract#paramName": "registryName",
  "http://a.ml/vocabularies/apiContract#required": "true",
  "http://a.ml/vocabularies/core#description": "The name of the container registry.",
  "http://a.ml/vocabularies/core#name": "RegistryNameParameter",
  "http://a.ml/vocabularies/document#customDomainProperties": [{
    "http://a.ml/vocabularies/core#extensionName": "ms-parameter-location",
    "http://a.ml/vocabularies/document#definedBy": {
      "http://a.ml/vocabularies/core#name": null,
      "id": "file:///Users/abettati/sandbox/azure-rest-api-specs/specification/containerregistry/resource-manager/Microsoft.ContainerRegistry/preview/2019-05-01-preview/containerregistry_scopemap.json#/declarations/parameters/parameter/RegistryNameParameter/ms-parameter-location"
    },
    "http://a.ml/vocabularies/document#extension": {
      "http://a.ml/vocabularies/core#name": null,
      "http://a.ml/vocabularies/data#value": null,
      "http://www.w3.org/ns/shacl#datatype": null,
      "id": "file:///Users/abettati/sandbox/azure-rest-api-specs/specification/containerregistry/resource-manager/Microsoft.ContainerRegistry/preview/2019-05-01-preview/containerregistry_scopemap.json#/declarations/parameters/parameter/RegistryNameParameter/ms-parameter-location/scalar_1"
    },
    "id": "file:///Users/abettati/sandbox/azure-rest-api-specs/specification/containerregistry/resource-manager/Microsoft.ContainerRegistry/preview/2019-05-01-preview/containerregistry_scopemap.json#/declarations/parameters/parameter/RegistryNameParameter/extension/ms-parameter-location"
  }],
  "http://a.ml/vocabularies/shapes#schema": {
    "http://a.ml/vocabularies/core#description": "The name of the container registry.",
    "http://a.ml/vocabularies/document#customDomainProperties": [{
      "http://a.ml/vocabularies/core#extensionName": null,
      "http://a.ml/vocabularies/document#definedBy": null,
      "http://a.ml/vocabularies/document#extension": null,
      "id": "file:///Users/abettati/sandbox/azure-rest-api-specs/specification/containerregistry/resource-manager/Microsoft.ContainerRegistry/preview/2019-05-01-preview/containerregistry_scopemap.json#/declarations/parameters/parameter/RegistryNameParameter/scalar/schema/extension/ms-parameter-location"
    }],
    "http://www.w3.org/ns/shacl#datatype": "http://www.w3.org/2001/XMLSchema#string",
    "http://www.w3.org/ns/shacl#maxLength": "50",
    "http://www.w3.org/ns/shacl#minLength": "5",
    "http://www.w3.org/ns/shacl#name": "schema",
    "http://www.w3.org/ns/shacl#pattern": "^[a-zA-Z0-9]*$",
    "id": "file:///Users/abettati/sandbox/azure-rest-api-specs/specification/containerregistry/resource-manager/Microsoft.ContainerRegistry/preview/2019-05-01-preview/containerregistry_scopemap.json#/declarations/parameters/parameter/RegistryNameParameter/scalar/schema"
  },
  "id": "file:///Users/abettati/sandbox/azure-rest-api-specs/specification/containerregistry/resource-manager/Microsoft.ContainerRegistry/preview/2019-05-01-preview/containerregistry_scopemap.json#/declarations/parameters/parameter/RegistryNameParameter"
}, {
  "http://a.ml/vocabularies/apiContract#binding": "path",
  "http://a.ml/vocabularies/apiContract#paramName": "scopeMapName",
  "http://a.ml/vocabularies/apiContract#required": "true",
  "http://a.ml/vocabularies/core#description": "The name of the scope map.",
  "http://a.ml/vocabularies/core#name": "ScopeMapNameParameter",
  "http://a.ml/vocabularies/document#customDomainProperties": [{
    "http://a.ml/vocabularies/core#extensionName": "ms-parameter-location",
    "http://a.ml/vocabularies/document#definedBy": {
      "http://a.ml/vocabularies/core#name": null,
      "id": "file:///Users/abettati/sandbox/azure-rest-api-specs/specification/containerregistry/resource-manager/Microsoft.ContainerRegistry/preview/2019-05-01-preview/containerregistry_scopemap.json#/declarations/parameters/parameter/ScopeMapNameParameter/ms-parameter-location"
    },
    "http://a.ml/vocabularies/document#extension": {
      "http://a.ml/vocabularies/core#name": null,
      "http://a.ml/vocabularies/data#value": null,
      "http://www.w3.org/ns/shacl#datatype": null,
      "id": "file:///Users/abettati/sandbox/azure-rest-api-specs/specification/containerregistry/resource-manager/Microsoft.ContainerRegistry/preview/2019-05-01-preview/containerregistry_scopemap.json#/declarations/parameters/parameter/ScopeMapNameParameter/ms-parameter-location/scalar_1"
    },
    "id": "file:///Users/abettati/sandbox/azure-rest-api-specs/specification/containerregistry/resource-manager/Microsoft.ContainerRegistry/preview/2019-05-01-preview/containerregistry_scopemap.json#/declarations/parameters/parameter/ScopeMapNameParameter/extension/ms-parameter-location"
  }],
  "http://a.ml/vocabularies/shapes#schema": {
    "http://a.ml/vocabularies/core#description": "The name of the scope map.",
    "http://a.ml/vocabularies/document#customDomainProperties": [{
      "http://a.ml/vocabularies/core#extensionName": null,
      "http://a.ml/vocabularies/document#definedBy": null,
      "http://a.ml/vocabularies/document#extension": null,
      "id": "file:///Users/abettati/sandbox/azure-rest-api-specs/specification/containerregistry/resource-manager/Microsoft.ContainerRegistry/preview/2019-05-01-preview/containerregistry_scopemap.json#/declarations/parameters/parameter/ScopeMapNameParameter/scalar/schema/extension/ms-parameter-location"
    }],
    "http://www.w3.org/ns/shacl#datatype": "http://www.w3.org/2001/XMLSchema#string",
    "http://www.w3.org/ns/shacl#maxLength": "50",
    "http://www.w3.org/ns/shacl#minLength": "5",
    "http://www.w3.org/ns/shacl#name": "schema",
    "http://www.w3.org/ns/shacl#pattern": "^[a-zA-Z0-9-_]*$",
    "id": "file:///Users/abettati/sandbox/azure-rest-api-specs/specification/containerregistry/resource-manager/Microsoft.ContainerRegistry/preview/2019-05-01-preview/containerregistry_scopemap.json#/declarations/parameters/parameter/ScopeMapNameParameter/scalar/schema"
  },
  "id": "file:///Users/abettati/sandbox/azure-rest-api-specs/specification/containerregistry/resource-manager/Microsoft.ContainerRegistry/preview/2019-05-01-preview/containerregistry_scopemap.json#/declarations/parameters/parameter/ScopeMapNameParameter"
}]