[{
  "http://a.ml/vocabularies/apiContract#binding": "path",
  "http://a.ml/vocabularies/apiContract#paramName": "enrollmentAccountId",
  "http://a.ml/vocabularies/apiContract#required": "true",
  "http://a.ml/vocabularies/core#description": "Enrollment Account ID",
  "http://a.ml/vocabularies/core#name": "enrollmentAccountIdParameter",
  "http://a.ml/vocabularies/document#customDomainProperties": [{
    "http://a.ml/vocabularies/core#extensionName": "ms-parameter-location",
    "http://a.ml/vocabularies/document#definedBy": {
      "http://a.ml/vocabularies/core#name": null,
      "id": "file:///Users/abettati/sandbox/azure-rest-api-specs/specification/cost-management/resource-manager/Microsoft.CostManagement/stable/2019-01-01/costmanagement.json#/declarations/parameters/parameter/enrollmentAccountIdParameter/ms-parameter-location"
    },
    "http://a.ml/vocabularies/document#extension": {
      "http://a.ml/vocabularies/core#name": null,
      "http://a.ml/vocabularies/data#value": null,
      "http://www.w3.org/ns/shacl#datatype": null,
      "id": "file:///Users/abettati/sandbox/azure-rest-api-specs/specification/cost-management/resource-manager/Microsoft.CostManagement/stable/2019-01-01/costmanagement.json#/declarations/parameters/parameter/enrollmentAccountIdParameter/ms-parameter-location/scalar_1"
    },
    "id": "file:///Users/abettati/sandbox/azure-rest-api-specs/specification/cost-management/resource-manager/Microsoft.CostManagement/stable/2019-01-01/costmanagement.json#/declarations/parameters/parameter/enrollmentAccountIdParameter/extension/ms-parameter-location"
  }],
  "http://a.ml/vocabularies/shapes#schema": {
    "http://a.ml/vocabularies/core#description": "Enrollment Account ID",
    "http://a.ml/vocabularies/document#customDomainProperties": [{
      "http://a.ml/vocabularies/core#extensionName": null,
      "http://a.ml/vocabularies/document#definedBy": null,
      "http://a.ml/vocabularies/document#extension": null,
      "id": "file:///Users/abettati/sandbox/azure-rest-api-specs/specification/cost-management/resource-manager/Microsoft.CostManagement/stable/2019-01-01/costmanagement.json#/declarations/parameters/parameter/enrollmentAccountIdParameter/scalar/schema/extension/ms-parameter-location"
    }],
    "http://www.w3.org/ns/shacl#datatype": "http://www.w3.org/2001/XMLSchema#string",
    "http://www.w3.org/ns/shacl#name": "schema",
    "id": "file:///Users/abettati/sandbox/azure-rest-api-specs/specification/cost-management/resource-manager/Microsoft.CostManagement/stable/2019-01-01/costmanagement.json#/declarations/parameters/parameter/enrollmentAccountIdParameter/scalar/schema"
  },
  "id": "file:///Users/abettati/sandbox/azure-rest-api-specs/specification/cost-management/resource-manager/Microsoft.CostManagement/stable/2019-01-01/costmanagement.json#/declarations/parameters/parameter/enrollmentAccountIdParameter"
}, {
  "http://a.ml/vocabularies/apiContract#binding": "path",
  "http://a.ml/vocabularies/apiContract#paramName": "subscriptionId",
  "http://a.ml/vocabularies/apiContract#required": "true",
  "http://a.ml/vocabularies/core#description": "Azure Subscription ID.",
  "http://a.ml/vocabularies/core#name": "subscriptionIdParameter",
  "http://a.ml/vocabularies/shapes#schema": {
    "http://a.ml/vocabularies/core#description": "Azure Subscription ID.",
    "http://www.w3.org/ns/shacl#datatype": "http://www.w3.org/2001/XMLSchema#string",
    "http://www.w3.org/ns/shacl#name": "schema",
    "id": "file:///Users/abettati/sandbox/azure-rest-api-specs/specification/cost-management/resource-manager/Microsoft.CostManagement/stable/2019-01-01/costmanagement.json#/declarations/parameters/parameter/subscriptionIdParameter/scalar/schema"
  },
  "id": "file:///Users/abettati/sandbox/azure-rest-api-specs/specification/cost-management/resource-manager/Microsoft.CostManagement/stable/2019-01-01/costmanagement.json#/declarations/parameters/parameter/subscriptionIdParameter"
}, {
  "http://a.ml/vocabularies/apiContract#binding": "path",
  "http://a.ml/vocabularies/apiContract#paramName": "billingAccountId",
  "http://a.ml/vocabularies/apiContract#required": "true",
  "http://a.ml/vocabularies/core#description": "BillingAccount ID",
  "http://a.ml/vocabularies/core#name": "billingAccountIdParameter",
  "http://a.ml/vocabularies/document#customDomainProperties": [{
    "http://a.ml/vocabularies/core#extensionName": "ms-parameter-location",
    "http://a.ml/vocabularies/document#definedBy": {
      "http://a.ml/vocabularies/core#name": null,
      "id": "file:///Users/abettati/sandbox/azure-rest-api-specs/specification/cost-management/resource-manager/Microsoft.CostManagement/stable/2019-01-01/costmanagement.json#/declarations/parameters/parameter/billingAccountIdParameter/ms-parameter-location"
    },
    "http://a.ml/vocabularies/document#extension": {
      "http://a.ml/vocabularies/core#name": null,
      "http://a.ml/vocabularies/data#value": null,
      "http://www.w3.org/ns/shacl#datatype": null,
      "id": "file:///Users/abettati/sandbox/azure-rest-api-specs/specification/cost-management/resource-manager/Microsoft.CostManagement/stable/2019-01-01/costmanagement.json#/declarations/parameters/parameter/billingAccountIdParameter/ms-parameter-location/scalar_1"
    },
    "id": "file:///Users/abettati/sandbox/azure-rest-api-specs/specification/cost-management/resource-manager/Microsoft.CostManagement/stable/2019-01-01/costmanagement.json#/declarations/parameters/parameter/billingAccountIdParameter/extension/ms-parameter-location"
  }],
  "http://a.ml/vocabularies/shapes#schema": {
    "http://a.ml/vocabularies/core#description": "BillingAccount ID",
    "http://a.ml/vocabularies/document#customDomainProperties": [{
      "http://a.ml/vocabularies/core#extensionName": null,
      "http://a.ml/vocabularies/document#definedBy": null,
      "http://a.ml/vocabularies/document#extension": null,
      "id": "file:///Users/abettati/sandbox/azure-rest-api-specs/specification/cost-management/resource-manager/Microsoft.CostManagement/stable/2019-01-01/costmanagement.json#/declarations/parameters/parameter/billingAccountIdParameter/scalar/schema/extension/ms-parameter-location"
    }],
    "http://www.w3.org/ns/shacl#datatype": "http://www.w3.org/2001/XMLSchema#string",
    "http://www.w3.org/ns/shacl#name": "schema",
    "id": "file:///Users/abettati/sandbox/azure-rest-api-specs/specification/cost-management/resource-manager/Microsoft.CostManagement/stable/2019-01-01/costmanagement.json#/declarations/parameters/parameter/billingAccountIdParameter/scalar/schema"
  },
  "id": "file:///Users/abettati/sandbox/azure-rest-api-specs/specification/cost-management/resource-manager/Microsoft.CostManagement/stable/2019-01-01/costmanagement.json#/declarations/parameters/parameter/billingAccountIdParameter"
}, {
  "http://a.ml/vocabularies/apiContract#binding": "query",
  "http://a.ml/vocabularies/apiContract#paramName": "api-version",
  "http://a.ml/vocabularies/apiContract#required": "true",
  "http://a.ml/vocabularies/core#description": "Version of the API to be used with the client request. The current version is 2018-05-31.",
  "http://a.ml/vocabularies/core#name": "apiVersionParameter",
  "http://a.ml/vocabularies/shapes#schema": {
    "http://a.ml/vocabularies/core#description": "Version of the API to be used with the client request. The current version is 2018-05-31.",
    "http://www.w3.org/ns/shacl#datatype": "http://www.w3.org/2001/XMLSchema#string",
    "http://www.w3.org/ns/shacl#name": "schema",
    "id": "file:///Users/abettati/sandbox/azure-rest-api-specs/specification/cost-management/resource-manager/Microsoft.CostManagement/stable/2019-01-01/costmanagement.json#/declarations/parameters/parameter/apiVersionParameter/scalar/schema"
  },
  "id": "file:///Users/abettati/sandbox/azure-rest-api-specs/specification/cost-management/resource-manager/Microsoft.CostManagement/stable/2019-01-01/costmanagement.json#/declarations/parameters/parameter/apiVersionParameter"
}, {
  "http://a.ml/vocabularies/apiContract#binding": "path",
  "http://a.ml/vocabularies/apiContract#paramName": "managementGroupId",
  "http://a.ml/vocabularies/apiContract#required": "true",
  "http://a.ml/vocabularies/core#description": "ManagementGroup ID",
  "http://a.ml/vocabularies/core#name": "managementGroupIdParameter",
  "http://a.ml/vocabularies/document#customDomainProperties": [{
    "http://a.ml/vocabularies/core#extensionName": "ms-parameter-location",
    "http://a.ml/vocabularies/document#definedBy": {
      "http://a.ml/vocabularies/core#name": null,
      "id": "file:///Users/abettati/sandbox/azure-rest-api-specs/specification/cost-management/resource-manager/Microsoft.CostManagement/stable/2019-01-01/costmanagement.json#/declarations/parameters/parameter/managementGroupIdParameter/ms-parameter-location"
    },
    "http://a.ml/vocabularies/document#extension": {
      "http://a.ml/vocabularies/core#name": null,
      "http://a.ml/vocabularies/data#value": null,
      "http://www.w3.org/ns/shacl#datatype": null,
      "id": "file:///Users/abettati/sandbox/azure-rest-api-specs/specification/cost-management/resource-manager/Microsoft.CostManagement/stable/2019-01-01/costmanagement.json#/declarations/parameters/parameter/managementGroupIdParameter/ms-parameter-location/scalar_1"
    },
    "id": "file:///Users/abettati/sandbox/azure-rest-api-specs/specification/cost-management/resource-manager/Microsoft.CostManagement/stable/2019-01-01/costmanagement.json#/declarations/parameters/parameter/managementGroupIdParameter/extension/ms-parameter-location"
  }],
  "http://a.ml/vocabularies/shapes#schema": {
    "http://a.ml/vocabularies/core#description": "ManagementGroup ID",
    "http://a.ml/vocabularies/document#customDomainProperties": [{
      "http://a.ml/vocabularies/core#extensionName": null,
      "http://a.ml/vocabularies/document#definedBy": null,
      "http://a.ml/vocabularies/document#extension": null,
      "id": "file:///Users/abettati/sandbox/azure-rest-api-specs/specification/cost-management/resource-manager/Microsoft.CostManagement/stable/2019-01-01/costmanagement.json#/declarations/parameters/parameter/managementGroupIdParameter/scalar/schema/extension/ms-parameter-location"
    }],
    "http://www.w3.org/ns/shacl#datatype": "http://www.w3.org/2001/XMLSchema#string",
    "http://www.w3.org/ns/shacl#name": "schema",
    "id": "file:///Users/abettati/sandbox/azure-rest-api-specs/specification/cost-management/resource-manager/Microsoft.CostManagement/stable/2019-01-01/costmanagement.json#/declarations/parameters/parameter/managementGroupIdParameter/scalar/schema"
  },
  "id": "file:///Users/abettati/sandbox/azure-rest-api-specs/specification/cost-management/resource-manager/Microsoft.CostManagement/stable/2019-01-01/costmanagement.json#/declarations/parameters/parameter/managementGroupIdParameter"
}, {
  "http://a.ml/vocabularies/apiContract#binding": "path",
  "http://a.ml/vocabularies/apiContract#paramName": "scope",
  "http://a.ml/vocabularies/apiContract#required": "true",
  "http://a.ml/vocabularies/core#description": "The scope associated with query operations. This includes '/subscriptions/{subscriptionId}/' for subscription scope, '/subscriptions/{subscriptionId}/resourceGroups/{resourceGroupName}' for resourceGroup scope, '/providers/Microsoft.Billing/billingAccounts/{billingAccountId}' for Billing Account scope and '/providers/Microsoft.Billing/billingAccounts/{billingAccountId}/departments/{departmentId}' for Department scope, '/providers/Microsoft.Billing/billingAccounts/{billingAccountId}/enrollmentAccounts/{enrollmentAccountId}' for EnrollmentAccount scope and '/providers/Microsoft.Management/managementGroups/{managementGroupId} for Management Group scope..",
  "http://a.ml/vocabularies/core#name": "scopeQueryParameter",
  "http://a.ml/vocabularies/document#customDomainProperties": [{
    "http://a.ml/vocabularies/core#extensionName": "ms-parameter-location",
    "http://a.ml/vocabularies/document#definedBy": {
      "http://a.ml/vocabularies/core#name": null,
      "id": "file:///Users/abettati/sandbox/azure-rest-api-specs/specification/cost-management/resource-manager/Microsoft.CostManagement/stable/2019-01-01/costmanagement.json#/declarations/parameters/parameter/scopeQueryParameter/ms-parameter-location"
    },
    "http://a.ml/vocabularies/document#extension": {
      "http://a.ml/vocabularies/core#name": null,
      "http://a.ml/vocabularies/data#value": null,
      "http://www.w3.org/ns/shacl#datatype": null,
      "id": "file:///Users/abettati/sandbox/azure-rest-api-specs/specification/cost-management/resource-manager/Microsoft.CostManagement/stable/2019-01-01/costmanagement.json#/declarations/parameters/parameter/scopeQueryParameter/ms-parameter-location/scalar_1"
    },
    "id": "file:///Users/abettati/sandbox/azure-rest-api-specs/specification/cost-management/resource-manager/Microsoft.CostManagement/stable/2019-01-01/costmanagement.json#/declarations/parameters/parameter/scopeQueryParameter/extension/ms-parameter-location"
  }, {
    "http://a.ml/vocabularies/core#extensionName": "ms-skip-url-encoding",
    "http://a.ml/vocabularies/document#definedBy": {
      "http://a.ml/vocabularies/core#name": null,
      "id": "file:///Users/abettati/sandbox/azure-rest-api-specs/specification/cost-management/resource-manager/Microsoft.CostManagement/stable/2019-01-01/costmanagement.json#/declarations/parameters/parameter/scopeQueryParameter/ms-skip-url-encoding"
    },
    "http://a.ml/vocabularies/document#extension": {
      "http://a.ml/vocabularies/core#name": null,
      "http://a.ml/vocabularies/data#value": null,
      "http://www.w3.org/ns/shacl#datatype": null,
      "id": "file:///Users/abettati/sandbox/azure-rest-api-specs/specification/cost-management/resource-manager/Microsoft.CostManagement/stable/2019-01-01/costmanagement.json#/declarations/parameters/parameter/scopeQueryParameter/ms-skip-url-encoding/scalar_1"
    },
    "id": "file:///Users/abettati/sandbox/azure-rest-api-specs/specification/cost-management/resource-manager/Microsoft.CostManagement/stable/2019-01-01/costmanagement.json#/declarations/parameters/parameter/scopeQueryParameter/extension/ms-skip-url-encoding"
  }],
  "http://a.ml/vocabularies/shapes#schema": {
    "http://a.ml/vocabularies/core#description": "The scope associated with query operations. This includes '/subscriptions/{subscriptionId}/' for subscription scope, '/subscriptions/{subscriptionId}/resourceGroups/{resourceGroupName}' for resourceGroup scope, '/providers/Microsoft.Billing/billingAccounts/{billingAccountId}' for Billing Account scope and '/providers/Microsoft.Billing/billingAccounts/{billingAccountId}/departments/{departmentId}' for Department scope, '/providers/Microsoft.Billing/billingAccounts/{billingAccountId}/enrollmentAccounts/{enrollmentAccountId}' for EnrollmentAccount scope and '/providers/Microsoft.Management/managementGroups/{managementGroupId} for Management Group scope..",
    "http://a.ml/vocabularies/document#customDomainProperties": [{
      "http://a.ml/vocabularies/core#extensionName": null,
      "http://a.ml/vocabularies/document#definedBy": null,
      "http://a.ml/vocabularies/document#extension": null,
      "id": "file:///Users/abettati/sandbox/azure-rest-api-specs/specification/cost-management/resource-manager/Microsoft.CostManagement/stable/2019-01-01/costmanagement.json#/declarations/parameters/parameter/scopeQueryParameter/scalar/schema/extension/ms-parameter-location"
    }, {
      "http://a.ml/vocabularies/core#extensionName": null,
      "http://a.ml/vocabularies/document#definedBy": null,
      "http://a.ml/vocabularies/document#extension": null,
      "id": "file:///Users/abettati/sandbox/azure-rest-api-specs/specification/cost-management/resource-manager/Microsoft.CostManagement/stable/2019-01-01/costmanagement.json#/declarations/parameters/parameter/scopeQueryParameter/scalar/schema/extension/ms-skip-url-encoding"
    }],
    "http://www.w3.org/ns/shacl#datatype": "http://www.w3.org/2001/XMLSchema#string",
    "http://www.w3.org/ns/shacl#name": "schema",
    "id": "file:///Users/abettati/sandbox/azure-rest-api-specs/specification/cost-management/resource-manager/Microsoft.CostManagement/stable/2019-01-01/costmanagement.json#/declarations/parameters/parameter/scopeQueryParameter/scalar/schema"
  },
  "id": "file:///Users/abettati/sandbox/azure-rest-api-specs/specification/cost-management/resource-manager/Microsoft.CostManagement/stable/2019-01-01/costmanagement.json#/declarations/parameters/parameter/scopeQueryParameter"
}, {
  "http://a.ml/vocabularies/apiContract#binding": "path",
  "http://a.ml/vocabularies/apiContract#paramName": "scope",
  "http://a.ml/vocabularies/apiContract#required": "true",
  "http://a.ml/vocabularies/core#description": "The scope associated with dimension operations. This includes '/subscriptions/{subscriptionId}/' for subscription scope, '/subscriptions/{subscriptionId}/resourceGroups/{resourceGroupName}' for resourceGroup scope, '/providers/Microsoft.Billing/billingAccounts/{billingAccountId}' for Billing Account scope, '/providers/Microsoft.Billing/billingAccounts/{billingAccountId}/departments/{departmentId}' for Department scope, '/providers/Microsoft.Billing/billingAccounts/{billingAccountId}/enrollmentAccounts/{enrollmentAccountId}' for EnrollmentAccount scope and '/providers/Microsoft.Management/managementGroups/{managementGroupId}' for Management Group scope..",
  "http://a.ml/vocabularies/core#name": "scopeDimensionParameter",
  "http://a.ml/vocabularies/document#customDomainProperties": [{
    "http://a.ml/vocabularies/core#extensionName": "ms-parameter-location",
    "http://a.ml/vocabularies/document#definedBy": {
      "http://a.ml/vocabularies/core#name": null,
      "id": "file:///Users/abettati/sandbox/azure-rest-api-specs/specification/cost-management/resource-manager/Microsoft.CostManagement/stable/2019-01-01/costmanagement.json#/declarations/parameters/parameter/scopeDimensionParameter/ms-parameter-location"
    },
    "http://a.ml/vocabularies/document#extension": {
      "http://a.ml/vocabularies/core#name": null,
      "http://a.ml/vocabularies/data#value": null,
      "http://www.w3.org/ns/shacl#datatype": null,
      "id": "file:///Users/abettati/sandbox/azure-rest-api-specs/specification/cost-management/resource-manager/Microsoft.CostManagement/stable/2019-01-01/costmanagement.json#/declarations/parameters/parameter/scopeDimensionParameter/ms-parameter-location/scalar_1"
    },
    "id": "file:///Users/abettati/sandbox/azure-rest-api-specs/specification/cost-management/resource-manager/Microsoft.CostManagement/stable/2019-01-01/costmanagement.json#/declarations/parameters/parameter/scopeDimensionParameter/extension/ms-parameter-location"
  }, {
    "http://a.ml/vocabularies/core#extensionName": "ms-skip-url-encoding",
    "http://a.ml/vocabularies/document#definedBy": {
      "http://a.ml/vocabularies/core#name": null,
      "id": "file:///Users/abettati/sandbox/azure-rest-api-specs/specification/cost-management/resource-manager/Microsoft.CostManagement/stable/2019-01-01/costmanagement.json#/declarations/parameters/parameter/scopeDimensionParameter/ms-skip-url-encoding"
    },
    "http://a.ml/vocabularies/document#extension": {
      "http://a.ml/vocabularies/core#name": null,
      "http://a.ml/vocabularies/data#value": null,
      "http://www.w3.org/ns/shacl#datatype": null,
      "id": "file:///Users/abettati/sandbox/azure-rest-api-specs/specification/cost-management/resource-manager/Microsoft.CostManagement/stable/2019-01-01/costmanagement.json#/declarations/parameters/parameter/scopeDimensionParameter/ms-skip-url-encoding/scalar_1"
    },
    "id": "file:///Users/abettati/sandbox/azure-rest-api-specs/specification/cost-management/resource-manager/Microsoft.CostManagement/stable/2019-01-01/costmanagement.json#/declarations/parameters/parameter/scopeDimensionParameter/extension/ms-skip-url-encoding"
  }],
  "http://a.ml/vocabularies/shapes#schema": {
    "http://a.ml/vocabularies/core#description": "The scope associated with dimension operations. This includes '/subscriptions/{subscriptionId}/' for subscription scope, '/subscriptions/{subscriptionId}/resourceGroups/{resourceGroupName}' for resourceGroup scope, '/providers/Microsoft.Billing/billingAccounts/{billingAccountId}' for Billing Account scope, '/providers/Microsoft.Billing/billingAccounts/{billingAccountId}/departments/{departmentId}' for Department scope, '/providers/Microsoft.Billing/billingAccounts/{billingAccountId}/enrollmentAccounts/{enrollmentAccountId}' for EnrollmentAccount scope and '/providers/Microsoft.Management/managementGroups/{managementGroupId}' for Management Group scope..",
    "http://a.ml/vocabularies/document#customDomainProperties": [{
      "http://a.ml/vocabularies/core#extensionName": null,
      "http://a.ml/vocabularies/document#definedBy": null,
      "http://a.ml/vocabularies/document#extension": null,
      "id": "file:///Users/abettati/sandbox/azure-rest-api-specs/specification/cost-management/resource-manager/Microsoft.CostManagement/stable/2019-01-01/costmanagement.json#/declarations/parameters/parameter/scopeDimensionParameter/scalar/schema/extension/ms-parameter-location"
    }, {
      "http://a.ml/vocabularies/core#extensionName": null,
      "http://a.ml/vocabularies/document#definedBy": null,
      "http://a.ml/vocabularies/document#extension": null,
      "id": "file:///Users/abettati/sandbox/azure-rest-api-specs/specification/cost-management/resource-manager/Microsoft.CostManagement/stable/2019-01-01/costmanagement.json#/declarations/parameters/parameter/scopeDimensionParameter/scalar/schema/extension/ms-skip-url-encoding"
    }],
    "http://www.w3.org/ns/shacl#datatype": "http://www.w3.org/2001/XMLSchema#string",
    "http://www.w3.org/ns/shacl#name": "schema",
    "id": "file:///Users/abettati/sandbox/azure-rest-api-specs/specification/cost-management/resource-manager/Microsoft.CostManagement/stable/2019-01-01/costmanagement.json#/declarations/parameters/parameter/scopeDimensionParameter/scalar/schema"
  },
  "id": "file:///Users/abettati/sandbox/azure-rest-api-specs/specification/cost-management/resource-manager/Microsoft.CostManagement/stable/2019-01-01/costmanagement.json#/declarations/parameters/parameter/scopeDimensionParameter"
}, {
  "http://a.ml/vocabularies/apiContract#binding": "path",
  "http://a.ml/vocabularies/apiContract#paramName": "exportName",
  "http://a.ml/vocabularies/apiContract#required": "true",
  "http://a.ml/vocabularies/core#description": "Export Name.",
  "http://a.ml/vocabularies/core#name": "exportNameParameter",
  "http://a.ml/vocabularies/document#customDomainProperties": [{
    "http://a.ml/vocabularies/core#extensionName": "ms-parameter-location",
    "http://a.ml/vocabularies/document#definedBy": {
      "http://a.ml/vocabularies/core#name": null,
      "id": "file:///Users/abettati/sandbox/azure-rest-api-specs/specification/cost-management/resource-manager/Microsoft.CostManagement/stable/2019-01-01/costmanagement.json#/declarations/parameters/parameter/exportNameParameter/ms-parameter-location"
    },
    "http://a.ml/vocabularies/document#extension": {
      "http://a.ml/vocabularies/core#name": null,
      "http://a.ml/vocabularies/data#value": null,
      "http://www.w3.org/ns/shacl#datatype": null,
      "id": "file:///Users/abettati/sandbox/azure-rest-api-specs/specification/cost-management/resource-manager/Microsoft.CostManagement/stable/2019-01-01/costmanagement.json#/declarations/parameters/parameter/exportNameParameter/ms-parameter-location/scalar_1"
    },
    "id": "file:///Users/abettati/sandbox/azure-rest-api-specs/specification/cost-management/resource-manager/Microsoft.CostManagement/stable/2019-01-01/costmanagement.json#/declarations/parameters/parameter/exportNameParameter/extension/ms-parameter-location"
  }],
  "http://a.ml/vocabularies/shapes#schema": {
    "http://a.ml/vocabularies/core#description": "Export Name.",
    "http://a.ml/vocabularies/document#customDomainProperties": [{
      "http://a.ml/vocabularies/core#extensionName": null,
      "http://a.ml/vocabularies/document#definedBy": null,
      "http://a.ml/vocabularies/document#extension": null,
      "id": "file:///Users/abettati/sandbox/azure-rest-api-specs/specification/cost-management/resource-manager/Microsoft.CostManagement/stable/2019-01-01/costmanagement.json#/declarations/parameters/parameter/exportNameParameter/scalar/schema/extension/ms-parameter-location"
    }],
    "http://www.w3.org/ns/shacl#datatype": "http://www.w3.org/2001/XMLSchema#string",
    "http://www.w3.org/ns/shacl#name": "schema",
    "id": "file:///Users/abettati/sandbox/azure-rest-api-specs/specification/cost-management/resource-manager/Microsoft.CostManagement/stable/2019-01-01/costmanagement.json#/declarations/parameters/parameter/exportNameParameter/scalar/schema"
  },
  "id": "file:///Users/abettati/sandbox/azure-rest-api-specs/specification/cost-management/resource-manager/Microsoft.CostManagement/stable/2019-01-01/costmanagement.json#/declarations/parameters/parameter/exportNameParameter"
}, {
  "http://a.ml/vocabularies/apiContract#binding": "path",
  "http://a.ml/vocabularies/apiContract#paramName": "scope",
  "http://a.ml/vocabularies/apiContract#required": "true",
  "http://a.ml/vocabularies/core#description": "The scope associated with export operations. This includes '/subscriptions/{subscriptionId}' for subscription scope, '/subscriptions/{subscriptionId}/resourceGroups/{resourceGroupName}' for resourceGroup scope, '/providers/Microsoft.Billing/billingAccounts/{billingAccountId}' for Billing Account scope and '/providers/Microsoft.Billing/billingAccounts/{billingAccountId}/departments/{departmentId}' for Department scope, '/providers/Microsoft.Billing/billingAccounts/{billingAccountId}/enrollmentAccounts/{enrollmentAccountId}' for EnrollmentAccount scope.",
  "http://a.ml/vocabularies/core#name": "scopeExportsParameter",
  "http://a.ml/vocabularies/document#customDomainProperties": [{
    "http://a.ml/vocabularies/core#extensionName": "ms-parameter-location",
    "http://a.ml/vocabularies/document#definedBy": {
      "http://a.ml/vocabularies/core#name": null,
      "id": "file:///Users/abettati/sandbox/azure-rest-api-specs/specification/cost-management/resource-manager/Microsoft.CostManagement/stable/2019-01-01/costmanagement.json#/declarations/parameters/parameter/scopeExportsParameter/ms-parameter-location"
    },
    "http://a.ml/vocabularies/document#extension": {
      "http://a.ml/vocabularies/core#name": null,
      "http://a.ml/vocabularies/data#value": null,
      "http://www.w3.org/ns/shacl#datatype": null,
      "id": "file:///Users/abettati/sandbox/azure-rest-api-specs/specification/cost-management/resource-manager/Microsoft.CostManagement/stable/2019-01-01/costmanagement.json#/declarations/parameters/parameter/scopeExportsParameter/ms-parameter-location/scalar_1"
    },
    "id": "file:///Users/abettati/sandbox/azure-rest-api-specs/specification/cost-management/resource-manager/Microsoft.CostManagement/stable/2019-01-01/costmanagement.json#/declarations/parameters/parameter/scopeExportsParameter/extension/ms-parameter-location"
  }, {
    "http://a.ml/vocabularies/core#extensionName": "ms-skip-url-encoding",
    "http://a.ml/vocabularies/document#definedBy": {
      "http://a.ml/vocabularies/core#name": null,
      "id": "file:///Users/abettati/sandbox/azure-rest-api-specs/specification/cost-management/resource-manager/Microsoft.CostManagement/stable/2019-01-01/costmanagement.json#/declarations/parameters/parameter/scopeExportsParameter/ms-skip-url-encoding"
    },
    "http://a.ml/vocabularies/document#extension": {
      "http://a.ml/vocabularies/core#name": null,
      "http://a.ml/vocabularies/data#value": null,
      "http://www.w3.org/ns/shacl#datatype": null,
      "id": "file:///Users/abettati/sandbox/azure-rest-api-specs/specification/cost-management/resource-manager/Microsoft.CostManagement/stable/2019-01-01/costmanagement.json#/declarations/parameters/parameter/scopeExportsParameter/ms-skip-url-encoding/scalar_1"
    },
    "id": "file:///Users/abettati/sandbox/azure-rest-api-specs/specification/cost-management/resource-manager/Microsoft.CostManagement/stable/2019-01-01/costmanagement.json#/declarations/parameters/parameter/scopeExportsParameter/extension/ms-skip-url-encoding"
  }],
  "http://a.ml/vocabularies/shapes#schema": {
    "http://a.ml/vocabularies/core#description": "The scope associated with export operations. This includes '/subscriptions/{subscriptionId}' for subscription scope, '/subscriptions/{subscriptionId}/resourceGroups/{resourceGroupName}' for resourceGroup scope, '/providers/Microsoft.Billing/billingAccounts/{billingAccountId}' for Billing Account scope and '/providers/Microsoft.Billing/billingAccounts/{billingAccountId}/departments/{departmentId}' for Department scope, '/providers/Microsoft.Billing/billingAccounts/{billingAccountId}/enrollmentAccounts/{enrollmentAccountId}' for EnrollmentAccount scope.",
    "http://a.ml/vocabularies/document#customDomainProperties": [{
      "http://a.ml/vocabularies/core#extensionName": null,
      "http://a.ml/vocabularies/document#definedBy": null,
      "http://a.ml/vocabularies/document#extension": null,
      "id": "file:///Users/abettati/sandbox/azure-rest-api-specs/specification/cost-management/resource-manager/Microsoft.CostManagement/stable/2019-01-01/costmanagement.json#/declarations/parameters/parameter/scopeExportsParameter/scalar/schema/extension/ms-parameter-location"
    }, {
      "http://a.ml/vocabularies/core#extensionName": null,
      "http://a.ml/vocabularies/document#definedBy": null,
      "http://a.ml/vocabularies/document#extension": null,
      "id": "file:///Users/abettati/sandbox/azure-rest-api-specs/specification/cost-management/resource-manager/Microsoft.CostManagement/stable/2019-01-01/costmanagement.json#/declarations/parameters/parameter/scopeExportsParameter/scalar/schema/extension/ms-skip-url-encoding"
    }],
    "http://www.w3.org/ns/shacl#datatype": "http://www.w3.org/2001/XMLSchema#string",
    "http://www.w3.org/ns/shacl#name": "schema",
    "id": "file:///Users/abettati/sandbox/azure-rest-api-specs/specification/cost-management/resource-manager/Microsoft.CostManagement/stable/2019-01-01/costmanagement.json#/declarations/parameters/parameter/scopeExportsParameter/scalar/schema"
  },
  "id": "file:///Users/abettati/sandbox/azure-rest-api-specs/specification/cost-management/resource-manager/Microsoft.CostManagement/stable/2019-01-01/costmanagement.json#/declarations/parameters/parameter/scopeExportsParameter"
}, {
  "http://a.ml/vocabularies/apiContract#binding": "path",
  "http://a.ml/vocabularies/apiContract#paramName": "departmentId",
  "http://a.ml/vocabularies/apiContract#required": "true",
  "http://a.ml/vocabularies/core#description": "Department ID",
  "http://a.ml/vocabularies/core#name": "departmentIdParameter",
  "http://a.ml/vocabularies/document#customDomainProperties": [{
    "http://a.ml/vocabularies/core#extensionName": "ms-parameter-location",
    "http://a.ml/vocabularies/document#definedBy": {
      "http://a.ml/vocabularies/core#name": null,
      "id": "file:///Users/abettati/sandbox/azure-rest-api-specs/specification/cost-management/resource-manager/Microsoft.CostManagement/stable/2019-01-01/costmanagement.json#/declarations/parameters/parameter/departmentIdParameter/ms-parameter-location"
    },
    "http://a.ml/vocabularies/document#extension": {
      "http://a.ml/vocabularies/core#name": null,
      "http://a.ml/vocabularies/data#value": null,
      "http://www.w3.org/ns/shacl#datatype": null,
      "id": "file:///Users/abettati/sandbox/azure-rest-api-specs/specification/cost-management/resource-manager/Microsoft.CostManagement/stable/2019-01-01/costmanagement.json#/declarations/parameters/parameter/departmentIdParameter/ms-parameter-location/scalar_1"
    },
    "id": "file:///Users/abettati/sandbox/azure-rest-api-specs/specification/cost-management/resource-manager/Microsoft.CostManagement/stable/2019-01-01/costmanagement.json#/declarations/parameters/parameter/departmentIdParameter/extension/ms-parameter-location"
  }],
  "http://a.ml/vocabularies/shapes#schema": {
    "http://a.ml/vocabularies/core#description": "Department ID",
    "http://a.ml/vocabularies/document#customDomainProperties": [{
      "http://a.ml/vocabularies/core#extensionName": null,
      "http://a.ml/vocabularies/document#definedBy": null,
      "http://a.ml/vocabularies/document#extension": null,
      "id": "file:///Users/abettati/sandbox/azure-rest-api-specs/specification/cost-management/resource-manager/Microsoft.CostManagement/stable/2019-01-01/costmanagement.json#/declarations/parameters/parameter/departmentIdParameter/scalar/schema/extension/ms-parameter-location"
    }],
    "http://www.w3.org/ns/shacl#datatype": "http://www.w3.org/2001/XMLSchema#string",
    "http://www.w3.org/ns/shacl#name": "schema",
    "id": "file:///Users/abettati/sandbox/azure-rest-api-specs/specification/cost-management/resource-manager/Microsoft.CostManagement/stable/2019-01-01/costmanagement.json#/declarations/parameters/parameter/departmentIdParameter/scalar/schema"
  },
  "id": "file:///Users/abettati/sandbox/azure-rest-api-specs/specification/cost-management/resource-manager/Microsoft.CostManagement/stable/2019-01-01/costmanagement.json#/declarations/parameters/parameter/departmentIdParameter"
}, {
  "http://a.ml/vocabularies/apiContract#binding": "path",
  "http://a.ml/vocabularies/apiContract#paramName": "resourceGroupName",
  "http://a.ml/vocabularies/apiContract#required": "true",
  "http://a.ml/vocabularies/core#description": "Azure Resource Group Name.",
  "http://a.ml/vocabularies/core#name": "resourceGroupNameParameter",
  "http://a.ml/vocabularies/document#customDomainProperties": [{
    "http://a.ml/vocabularies/core#extensionName": "ms-parameter-location",
    "http://a.ml/vocabularies/document#definedBy": {
      "http://a.ml/vocabularies/core#name": null,
      "id": "file:///Users/abettati/sandbox/azure-rest-api-specs/specification/cost-management/resource-manager/Microsoft.CostManagement/stable/2019-01-01/costmanagement.json#/declarations/parameters/parameter/resourceGroupNameParameter/ms-parameter-location"
    },
    "http://a.ml/vocabularies/document#extension": {
      "http://a.ml/vocabularies/core#name": null,
      "http://a.ml/vocabularies/data#value": null,
      "http://www.w3.org/ns/shacl#datatype": null,
      "id": "file:///Users/abettati/sandbox/azure-rest-api-specs/specification/cost-management/resource-manager/Microsoft.CostManagement/stable/2019-01-01/costmanagement.json#/declarations/parameters/parameter/resourceGroupNameParameter/ms-parameter-location/scalar_1"
    },
    "id": "file:///Users/abettati/sandbox/azure-rest-api-specs/specification/cost-management/resource-manager/Microsoft.CostManagement/stable/2019-01-01/costmanagement.json#/declarations/parameters/parameter/resourceGroupNameParameter/extension/ms-parameter-location"
  }],
  "http://a.ml/vocabularies/shapes#schema": {
    "http://a.ml/vocabularies/core#description": "Azure Resource Group Name.",
    "http://a.ml/vocabularies/document#customDomainProperties": [{
      "http://a.ml/vocabularies/core#extensionName": null,
      "http://a.ml/vocabularies/document#definedBy": null,
      "http://a.ml/vocabularies/document#extension": null,
      "id": "file:///Users/abettati/sandbox/azure-rest-api-specs/specification/cost-management/resource-manager/Microsoft.CostManagement/stable/2019-01-01/costmanagement.json#/declarations/parameters/parameter/resourceGroupNameParameter/scalar/schema/extension/ms-parameter-location"
    }],
    "http://www.w3.org/ns/shacl#datatype": "http://www.w3.org/2001/XMLSchema#string",
    "http://www.w3.org/ns/shacl#name": "schema",
    "id": "file:///Users/abettati/sandbox/azure-rest-api-specs/specification/cost-management/resource-manager/Microsoft.CostManagement/stable/2019-01-01/costmanagement.json#/declarations/parameters/parameter/resourceGroupNameParameter/scalar/schema"
  },
  "id": "file:///Users/abettati/sandbox/azure-rest-api-specs/specification/cost-management/resource-manager/Microsoft.CostManagement/stable/2019-01-01/costmanagement.json#/declarations/parameters/parameter/resourceGroupNameParameter"
}, {
  "http://a.ml/vocabularies/apiContract#binding": "query",
  "http://a.ml/vocabularies/apiContract#paramName": "$expand",
  "http://a.ml/vocabularies/apiContract#required": "false",
  "http://a.ml/vocabularies/core#description": "May be used to expand the properties/data within a dimension category. By default, data is not included when listing dimensions.",
  "http://a.ml/vocabularies/core#name": "$expand",
  "http://a.ml/vocabularies/shapes#schema": {
    "http://a.ml/vocabularies/core#description": "May be used to expand the properties/data within a dimension category. By default, data is not included when listing dimensions.",
    "http://www.w3.org/ns/shacl#datatype": "http://www.w3.org/2001/XMLSchema#string",
    "http://www.w3.org/ns/shacl#name": "schema",
    "id": "file:///Users/abettati/sandbox/azure-rest-api-specs/specification/cost-management/resource-manager/Microsoft.CostManagement/stable/2019-01-01/costmanagement.json#/web-api/end-points/%2F%7Bscope%7D%2Fproviders%2FMicrosoft.CostManagement%2Fdimensions/get/request/parameter/%24expand/scalar/schema"
  },
  "id": "file:///Users/abettati/sandbox/azure-rest-api-specs/specification/cost-management/resource-manager/Microsoft.CostManagement/stable/2019-01-01/costmanagement.json#/web-api/end-points/%2F%7Bscope%7D%2Fproviders%2FMicrosoft.CostManagement%2Fdimensions/get/request/parameter/%24expand"
}, {
  "http://a.ml/vocabularies/apiContract#binding": "query",
  "http://a.ml/vocabularies/apiContract#paramName": "$top",
  "http://a.ml/vocabularies/apiContract#required": "false",
  "http://a.ml/vocabularies/core#description": "May be used to limit the number of results to the most recent N dimension data.",
  "http://a.ml/vocabularies/core#name": "$top",
  "http://a.ml/vocabularies/shapes#schema": {
    "http://a.ml/vocabularies/core#description": "May be used to limit the number of results to the most recent N dimension data.",
    "http://www.w3.org/ns/shacl#datatype": "http://www.w3.org/2001/XMLSchema#integer",
    "http://www.w3.org/ns/shacl#maxInclusive": "1000",
    "http://www.w3.org/ns/shacl#minInclusive": "1",
    "http://www.w3.org/ns/shacl#name": "schema",
    "id": "file:///Users/abettati/sandbox/azure-rest-api-specs/specification/cost-management/resource-manager/Microsoft.CostManagement/stable/2019-01-01/costmanagement.json#/web-api/end-points/%2F%7Bscope%7D%2Fproviders%2FMicrosoft.CostManagement%2Fdimensions/get/request/parameter/%24top/scalar/schema"
  },
  "id": "file:///Users/abettati/sandbox/azure-rest-api-specs/specification/cost-management/resource-manager/Microsoft.CostManagement/stable/2019-01-01/costmanagement.json#/web-api/end-points/%2F%7Bscope%7D%2Fproviders%2FMicrosoft.CostManagement%2Fdimensions/get/request/parameter/%24top"
}, {
  "http://a.ml/vocabularies/apiContract#binding": "query",
  "http://a.ml/vocabularies/apiContract#paramName": "$filter",
  "http://a.ml/vocabularies/apiContract#required": "false",
  "http://a.ml/vocabularies/core#description": "May be used to filter dimensions by properties/category, properties/usageStart, properties/usageEnd. Supported operators are 'eq','lt', 'gt', 'le', 'ge'.",
  "http://a.ml/vocabularies/core#name": "$filter",
  "http://a.ml/vocabularies/shapes#schema": {
    "http://a.ml/vocabularies/core#description": "May be used to filter dimensions by properties/category, properties/usageStart, properties/usageEnd. Supported operators are 'eq','lt', 'gt', 'le', 'ge'.",
    "http://www.w3.org/ns/shacl#datatype": "http://www.w3.org/2001/XMLSchema#string",
    "http://www.w3.org/ns/shacl#name": "schema",
    "id": "file:///Users/abettati/sandbox/azure-rest-api-specs/specification/cost-management/resource-manager/Microsoft.CostManagement/stable/2019-01-01/costmanagement.json#/web-api/end-points/%2F%7Bscope%7D%2Fproviders%2FMicrosoft.CostManagement%2Fdimensions/get/request/parameter/%24filter/scalar/schema"
  },
  "id": "file:///Users/abettati/sandbox/azure-rest-api-specs/specification/cost-management/resource-manager/Microsoft.CostManagement/stable/2019-01-01/costmanagement.json#/web-api/end-points/%2F%7Bscope%7D%2Fproviders%2FMicrosoft.CostManagement%2Fdimensions/get/request/parameter/%24filter"
}, {
  "http://a.ml/vocabularies/apiContract#binding": "query",
  "http://a.ml/vocabularies/apiContract#paramName": "$skiptoken",
  "http://a.ml/vocabularies/apiContract#required": "false",
  "http://a.ml/vocabularies/core#description": "Skiptoken is only used if a previous operation returned a partial result. If a previous response contains a nextLink element, the value of the nextLink element will include a skiptoken parameter that specifies a starting point to use for subsequent calls.",
  "http://a.ml/vocabularies/core#name": "$skiptoken",
  "http://a.ml/vocabularies/shapes#schema": {
    "http://a.ml/vocabularies/core#description": "Skiptoken is only used if a previous operation returned a partial result. If a previous response contains a nextLink element, the value of the nextLink element will include a skiptoken parameter that specifies a starting point to use for subsequent calls.",
    "http://www.w3.org/ns/shacl#datatype": "http://www.w3.org/2001/XMLSchema#string",
    "http://www.w3.org/ns/shacl#name": "schema",
    "id": "file:///Users/abettati/sandbox/azure-rest-api-specs/specification/cost-management/resource-manager/Microsoft.CostManagement/stable/2019-01-01/costmanagement.json#/web-api/end-points/%2F%7Bscope%7D%2Fproviders%2FMicrosoft.CostManagement%2Fdimensions/get/request/parameter/%24skiptoken/scalar/schema"
  },
  "id": "file:///Users/abettati/sandbox/azure-rest-api-specs/specification/cost-management/resource-manager/Microsoft.CostManagement/stable/2019-01-01/costmanagement.json#/web-api/end-points/%2F%7Bscope%7D%2Fproviders%2FMicrosoft.CostManagement%2Fdimensions/get/request/parameter/%24skiptoken"
}]