[{
  "http://a.ml/vocabularies/apiContract#binding": "path",
  "http://a.ml/vocabularies/apiContract#paramName": "Endpoint",
  "http://a.ml/vocabularies/apiContract#required": "true",
  "http://a.ml/vocabularies/core#description": "Supported Cognitive Services endpoint.",
  "http://a.ml/vocabularies/core#name": "Endpoint",
  "http://a.ml/vocabularies/document#customDomainProperties": [{
    "http://a.ml/vocabularies/core#extensionName": "ms-parameter-location",
    "http://a.ml/vocabularies/document#definedBy": {
      "http://a.ml/vocabularies/core#name": null,
      "id": "file:///Users/abettati/sandbox/azure-rest-api-specs/specification/cognitiveservices/data-plane/Personalizer/preview/v1.0/Personalizer.json#/declarations/parameters/parameter/Endpoint/ms-parameter-location"
    },
    "http://a.ml/vocabularies/document#extension": {
      "http://a.ml/vocabularies/core#name": null,
      "http://a.ml/vocabularies/data#value": null,
      "http://www.w3.org/ns/shacl#datatype": null,
      "id": "file:///Users/abettati/sandbox/azure-rest-api-specs/specification/cognitiveservices/data-plane/Personalizer/preview/v1.0/Personalizer.json#/declarations/parameters/parameter/Endpoint/ms-parameter-location/scalar_1"
    },
    "id": "file:///Users/abettati/sandbox/azure-rest-api-specs/specification/cognitiveservices/data-plane/Personalizer/preview/v1.0/Personalizer.json#/declarations/parameters/parameter/Endpoint/extension/ms-parameter-location"
  }, {
    "http://a.ml/vocabularies/core#extensionName": "ms-skip-url-encoding",
    "http://a.ml/vocabularies/document#definedBy": {
      "http://a.ml/vocabularies/core#name": null,
      "id": "file:///Users/abettati/sandbox/azure-rest-api-specs/specification/cognitiveservices/data-plane/Personalizer/preview/v1.0/Personalizer.json#/declarations/parameters/parameter/Endpoint/ms-skip-url-encoding"
    },
    "http://a.ml/vocabularies/document#extension": {
      "http://a.ml/vocabularies/core#name": null,
      "http://a.ml/vocabularies/data#value": null,
      "http://www.w3.org/ns/shacl#datatype": null,
      "id": "file:///Users/abettati/sandbox/azure-rest-api-specs/specification/cognitiveservices/data-plane/Personalizer/preview/v1.0/Personalizer.json#/declarations/parameters/parameter/Endpoint/ms-skip-url-encoding/scalar_1"
    },
    "id": "file:///Users/abettati/sandbox/azure-rest-api-specs/specification/cognitiveservices/data-plane/Personalizer/preview/v1.0/Personalizer.json#/declarations/parameters/parameter/Endpoint/extension/ms-skip-url-encoding"
  }],
  "http://a.ml/vocabularies/shapes#schema": {
    "http://a.ml/vocabularies/core#description": "Supported Cognitive Services endpoint.",
    "http://a.ml/vocabularies/document#customDomainProperties": [{
      "http://a.ml/vocabularies/core#extensionName": null,
      "http://a.ml/vocabularies/document#definedBy": null,
      "http://a.ml/vocabularies/document#extension": null,
      "id": "file:///Users/abettati/sandbox/azure-rest-api-specs/specification/cognitiveservices/data-plane/Personalizer/preview/v1.0/Personalizer.json#/declarations/parameters/parameter/Endpoint/scalar/schema/extension/ms-parameter-location"
    }, {
      "http://a.ml/vocabularies/core#extensionName": null,
      "http://a.ml/vocabularies/document#definedBy": null,
      "http://a.ml/vocabularies/document#extension": null,
      "id": "file:///Users/abettati/sandbox/azure-rest-api-specs/specification/cognitiveservices/data-plane/Personalizer/preview/v1.0/Personalizer.json#/declarations/parameters/parameter/Endpoint/scalar/schema/extension/ms-skip-url-encoding"
    }],
    "http://www.w3.org/ns/shacl#datatype": "http://www.w3.org/2001/XMLSchema#string",
    "http://www.w3.org/ns/shacl#maxLength": "1024",
    "http://www.w3.org/ns/shacl#name": "schema",
    "id": "file:///Users/abettati/sandbox/azure-rest-api-specs/specification/cognitiveservices/data-plane/Personalizer/preview/v1.0/Personalizer.json#/declarations/parameters/parameter/Endpoint/scalar/schema"
  },
  "id": "file:///Users/abettati/sandbox/azure-rest-api-specs/specification/cognitiveservices/data-plane/Personalizer/preview/v1.0/Personalizer.json#/declarations/parameters/parameter/Endpoint"
}, {
  "http://a.ml/vocabularies/apiContract#binding": "path",
  "http://a.ml/vocabularies/apiContract#paramName": "eventId",
  "http://a.ml/vocabularies/apiContract#required": "true",
  "http://a.ml/vocabularies/core#description": "The event id this reward applies to.",
  "http://a.ml/vocabularies/core#name": "eventId",
  "http://a.ml/vocabularies/shapes#schema": {
    "http://a.ml/vocabularies/core#description": "The event id this reward applies to.",
    "http://www.w3.org/ns/shacl#datatype": "http://www.w3.org/2001/XMLSchema#string",
    "http://www.w3.org/ns/shacl#maxLength": "256",
    "http://www.w3.org/ns/shacl#name": "schema",
    "id": "file:///Users/abettati/sandbox/azure-rest-api-specs/specification/cognitiveservices/data-plane/Personalizer/preview/v1.0/Personalizer.json#/web-api/end-points/%2Fevents%2F%7BeventId%7D%2Freward/post/request/parameter/eventId/scalar/schema"
  },
  "id": "file:///Users/abettati/sandbox/azure-rest-api-specs/specification/cognitiveservices/data-plane/Personalizer/preview/v1.0/Personalizer.json#/web-api/end-points/%2Fevents%2F%7BeventId%7D%2Freward/post/request/parameter/eventId"
}, {
  "http://a.ml/vocabularies/apiContract#binding": "path",
  "http://a.ml/vocabularies/apiContract#paramName": "eventId",
  "http://a.ml/vocabularies/apiContract#required": "true",
  "http://a.ml/vocabularies/core#description": "The event ID this activation applies to.",
  "http://a.ml/vocabularies/core#name": "eventId",
  "http://a.ml/vocabularies/shapes#schema": {
    "http://a.ml/vocabularies/core#description": "The event ID this activation applies to.",
    "http://www.w3.org/ns/shacl#datatype": "http://www.w3.org/2001/XMLSchema#string",
    "http://www.w3.org/ns/shacl#maxLength": "256",
    "http://www.w3.org/ns/shacl#name": "schema",
    "id": "file:///Users/abettati/sandbox/azure-rest-api-specs/specification/cognitiveservices/data-plane/Personalizer/preview/v1.0/Personalizer.json#/web-api/end-points/%2Fevents%2F%7BeventId%7D%2Factivate/post/request/parameter/eventId/scalar/schema"
  },
  "id": "file:///Users/abettati/sandbox/azure-rest-api-specs/specification/cognitiveservices/data-plane/Personalizer/preview/v1.0/Personalizer.json#/web-api/end-points/%2Fevents%2F%7BeventId%7D%2Factivate/post/request/parameter/eventId"
}]