[{
  "http://a.ml/vocabularies/apiContract#binding": "path",
  "http://a.ml/vocabularies/apiContract#paramName": "subscriptionId",
  "http://a.ml/vocabularies/apiContract#required": "true",
  "http://a.ml/vocabularies/core#description": "The subscription ID that identifies an Azure subscription.",
  "http://a.ml/vocabularies/core#name": "SubscriptionIdParameter",
  "http://a.ml/vocabularies/document#customDomainProperties": [{
    "http://a.ml/vocabularies/core#extensionName": "ms-parameter-location",
    "http://a.ml/vocabularies/document#definedBy": {
      "http://a.ml/vocabularies/core#name": null,
      "id": "file:///Users/abettati/sandbox/azure-rest-api-specs/specification/postgresql/resource-manager/Microsoft.DBforPostgreSQL/preview/2018-06-01-privatepreview/PrivateLinkResources.json#/declarations/parameters/parameter/SubscriptionIdParameter/ms-parameter-location"
    },
    "http://a.ml/vocabularies/document#extension": {
      "http://a.ml/vocabularies/core#name": null,
      "http://a.ml/vocabularies/data#value": null,
      "http://www.w3.org/ns/shacl#datatype": null,
      "id": "file:///Users/abettati/sandbox/azure-rest-api-specs/specification/postgresql/resource-manager/Microsoft.DBforPostgreSQL/preview/2018-06-01-privatepreview/PrivateLinkResources.json#/declarations/parameters/parameter/SubscriptionIdParameter/ms-parameter-location/scalar_1"
    },
    "id": "file:///Users/abettati/sandbox/azure-rest-api-specs/specification/postgresql/resource-manager/Microsoft.DBforPostgreSQL/preview/2018-06-01-privatepreview/PrivateLinkResources.json#/declarations/parameters/parameter/SubscriptionIdParameter/extension/ms-parameter-location"
  }],
  "http://a.ml/vocabularies/shapes#schema": {
    "http://a.ml/vocabularies/core#description": "The subscription ID that identifies an Azure subscription.",
    "http://a.ml/vocabularies/document#customDomainProperties": [{
      "http://a.ml/vocabularies/core#extensionName": null,
      "http://a.ml/vocabularies/document#definedBy": null,
      "http://a.ml/vocabularies/document#extension": null,
      "id": "file:///Users/abettati/sandbox/azure-rest-api-specs/specification/postgresql/resource-manager/Microsoft.DBforPostgreSQL/preview/2018-06-01-privatepreview/PrivateLinkResources.json#/declarations/parameters/parameter/SubscriptionIdParameter/scalar/schema/extension/ms-parameter-location"
    }],
    "http://www.w3.org/ns/shacl#datatype": "http://www.w3.org/2001/XMLSchema#string",
    "http://www.w3.org/ns/shacl#name": "schema",
    "id": "file:///Users/abettati/sandbox/azure-rest-api-specs/specification/postgresql/resource-manager/Microsoft.DBforPostgreSQL/preview/2018-06-01-privatepreview/PrivateLinkResources.json#/declarations/parameters/parameter/SubscriptionIdParameter/scalar/schema"
  },
  "id": "file:///Users/abettati/sandbox/azure-rest-api-specs/specification/postgresql/resource-manager/Microsoft.DBforPostgreSQL/preview/2018-06-01-privatepreview/PrivateLinkResources.json#/declarations/parameters/parameter/SubscriptionIdParameter"
}, {
  "http://a.ml/vocabularies/apiContract#binding": "query",
  "http://a.ml/vocabularies/apiContract#paramName": "api-version",
  "http://a.ml/vocabularies/apiContract#required": "true",
  "http://a.ml/vocabularies/core#description": "The API version to use for the request.",
  "http://a.ml/vocabularies/core#name": "ApiVersionParameter",
  "http://a.ml/vocabularies/document#customDomainProperties": [{
    "http://a.ml/vocabularies/core#extensionName": "ms-parameter-location",
    "http://a.ml/vocabularies/document#definedBy": {
      "http://a.ml/vocabularies/core#name": null,
      "id": "file:///Users/abettati/sandbox/azure-rest-api-specs/specification/postgresql/resource-manager/Microsoft.DBforPostgreSQL/preview/2018-06-01-privatepreview/PrivateLinkResources.json#/declarations/parameters/parameter/ApiVersionParameter/ms-parameter-location"
    },
    "http://a.ml/vocabularies/document#extension": {
      "http://a.ml/vocabularies/core#name": null,
      "http://a.ml/vocabularies/data#value": null,
      "http://www.w3.org/ns/shacl#datatype": null,
      "id": "file:///Users/abettati/sandbox/azure-rest-api-specs/specification/postgresql/resource-manager/Microsoft.DBforPostgreSQL/preview/2018-06-01-privatepreview/PrivateLinkResources.json#/declarations/parameters/parameter/ApiVersionParameter/ms-parameter-location/scalar_1"
    },
    "id": "file:///Users/abettati/sandbox/azure-rest-api-specs/specification/postgresql/resource-manager/Microsoft.DBforPostgreSQL/preview/2018-06-01-privatepreview/PrivateLinkResources.json#/declarations/parameters/parameter/ApiVersionParameter/extension/ms-parameter-location"
  }],
  "http://a.ml/vocabularies/shapes#schema": {
    "http://a.ml/vocabularies/core#description": "The API version to use for the request.",
    "http://a.ml/vocabularies/document#customDomainProperties": [{
      "http://a.ml/vocabularies/core#extensionName": null,
      "http://a.ml/vocabularies/document#definedBy": null,
      "http://a.ml/vocabularies/document#extension": null,
      "id": "file:///Users/abettati/sandbox/azure-rest-api-specs/specification/postgresql/resource-manager/Microsoft.DBforPostgreSQL/preview/2018-06-01-privatepreview/PrivateLinkResources.json#/declarations/parameters/parameter/ApiVersionParameter/scalar/schema/extension/ms-parameter-location"
    }],
    "http://www.w3.org/ns/shacl#datatype": "http://www.w3.org/2001/XMLSchema#string",
    "http://www.w3.org/ns/shacl#name": "schema",
    "id": "file:///Users/abettati/sandbox/azure-rest-api-specs/specification/postgresql/resource-manager/Microsoft.DBforPostgreSQL/preview/2018-06-01-privatepreview/PrivateLinkResources.json#/declarations/parameters/parameter/ApiVersionParameter/scalar/schema"
  },
  "id": "file:///Users/abettati/sandbox/azure-rest-api-specs/specification/postgresql/resource-manager/Microsoft.DBforPostgreSQL/preview/2018-06-01-privatepreview/PrivateLinkResources.json#/declarations/parameters/parameter/ApiVersionParameter"
}, {
  "http://a.ml/vocabularies/apiContract#binding": "path",
  "http://a.ml/vocabularies/apiContract#paramName": "resourceGroupName",
  "http://a.ml/vocabularies/apiContract#required": "true",
  "http://a.ml/vocabularies/core#description": "The name of the resource group that contains the resource. You can obtain this value from the Azure Resource Manager API or the portal.",
  "http://a.ml/vocabularies/core#name": "ResourceGroupParameter",
  "http://a.ml/vocabularies/document#customDomainProperties": [{
    "http://a.ml/vocabularies/core#extensionName": "ms-parameter-location",
    "http://a.ml/vocabularies/document#definedBy": {
      "http://a.ml/vocabularies/core#name": null,
      "id": "file:///Users/abettati/sandbox/azure-rest-api-specs/specification/postgresql/resource-manager/Microsoft.DBforPostgreSQL/preview/2018-06-01-privatepreview/PrivateLinkResources.json#/declarations/parameters/parameter/ResourceGroupParameter/ms-parameter-location"
    },
    "http://a.ml/vocabularies/document#extension": {
      "http://a.ml/vocabularies/core#name": null,
      "http://a.ml/vocabularies/data#value": null,
      "http://www.w3.org/ns/shacl#datatype": null,
      "id": "file:///Users/abettati/sandbox/azure-rest-api-specs/specification/postgresql/resource-manager/Microsoft.DBforPostgreSQL/preview/2018-06-01-privatepreview/PrivateLinkResources.json#/declarations/parameters/parameter/ResourceGroupParameter/ms-parameter-location/scalar_1"
    },
    "id": "file:///Users/abettati/sandbox/azure-rest-api-specs/specification/postgresql/resource-manager/Microsoft.DBforPostgreSQL/preview/2018-06-01-privatepreview/PrivateLinkResources.json#/declarations/parameters/parameter/ResourceGroupParameter/extension/ms-parameter-location"
  }],
  "http://a.ml/vocabularies/shapes#schema": {
    "http://a.ml/vocabularies/core#description": "The name of the resource group that contains the resource. You can obtain this value from the Azure Resource Manager API or the portal.",
    "http://a.ml/vocabularies/document#customDomainProperties": [{
      "http://a.ml/vocabularies/core#extensionName": null,
      "http://a.ml/vocabularies/document#definedBy": null,
      "http://a.ml/vocabularies/document#extension": null,
      "id": "file:///Users/abettati/sandbox/azure-rest-api-specs/specification/postgresql/resource-manager/Microsoft.DBforPostgreSQL/preview/2018-06-01-privatepreview/PrivateLinkResources.json#/declarations/parameters/parameter/ResourceGroupParameter/scalar/schema/extension/ms-parameter-location"
    }],
    "http://www.w3.org/ns/shacl#datatype": "http://www.w3.org/2001/XMLSchema#string",
    "http://www.w3.org/ns/shacl#name": "schema",
    "id": "file:///Users/abettati/sandbox/azure-rest-api-specs/specification/postgresql/resource-manager/Microsoft.DBforPostgreSQL/preview/2018-06-01-privatepreview/PrivateLinkResources.json#/declarations/parameters/parameter/ResourceGroupParameter/scalar/schema"
  },
  "id": "file:///Users/abettati/sandbox/azure-rest-api-specs/specification/postgresql/resource-manager/Microsoft.DBforPostgreSQL/preview/2018-06-01-privatepreview/PrivateLinkResources.json#/declarations/parameters/parameter/ResourceGroupParameter"
}, {
  "http://a.ml/vocabularies/apiContract#binding": "path",
  "http://a.ml/vocabularies/apiContract#paramName": "serverName",
  "http://a.ml/vocabularies/apiContract#required": "true",
  "http://a.ml/vocabularies/core#description": "The name of the server.",
  "http://a.ml/vocabularies/core#name": "ServerNameParameter",
  "http://a.ml/vocabularies/document#customDomainProperties": [{
    "http://a.ml/vocabularies/core#extensionName": "ms-parameter-location",
    "http://a.ml/vocabularies/document#definedBy": {
      "http://a.ml/vocabularies/core#name": null,
      "id": "file:///Users/abettati/sandbox/azure-rest-api-specs/specification/postgresql/resource-manager/Microsoft.DBforPostgreSQL/preview/2018-06-01-privatepreview/PrivateLinkResources.json#/declarations/parameters/parameter/ServerNameParameter/ms-parameter-location"
    },
    "http://a.ml/vocabularies/document#extension": {
      "http://a.ml/vocabularies/core#name": null,
      "http://a.ml/vocabularies/data#value": null,
      "http://www.w3.org/ns/shacl#datatype": null,
      "id": "file:///Users/abettati/sandbox/azure-rest-api-specs/specification/postgresql/resource-manager/Microsoft.DBforPostgreSQL/preview/2018-06-01-privatepreview/PrivateLinkResources.json#/declarations/parameters/parameter/ServerNameParameter/ms-parameter-location/scalar_1"
    },
    "id": "file:///Users/abettati/sandbox/azure-rest-api-specs/specification/postgresql/resource-manager/Microsoft.DBforPostgreSQL/preview/2018-06-01-privatepreview/PrivateLinkResources.json#/declarations/parameters/parameter/ServerNameParameter/extension/ms-parameter-location"
  }],
  "http://a.ml/vocabularies/shapes#schema": {
    "http://a.ml/vocabularies/core#description": "The name of the server.",
    "http://a.ml/vocabularies/document#customDomainProperties": [{
      "http://a.ml/vocabularies/core#extensionName": null,
      "http://a.ml/vocabularies/document#definedBy": null,
      "http://a.ml/vocabularies/document#extension": null,
      "id": "file:///Users/abettati/sandbox/azure-rest-api-specs/specification/postgresql/resource-manager/Microsoft.DBforPostgreSQL/preview/2018-06-01-privatepreview/PrivateLinkResources.json#/declarations/parameters/parameter/ServerNameParameter/scalar/schema/extension/ms-parameter-location"
    }],
    "http://www.w3.org/ns/shacl#datatype": "http://www.w3.org/2001/XMLSchema#string",
    "http://www.w3.org/ns/shacl#name": "schema",
    "id": "file:///Users/abettati/sandbox/azure-rest-api-specs/specification/postgresql/resource-manager/Microsoft.DBforPostgreSQL/preview/2018-06-01-privatepreview/PrivateLinkResources.json#/declarations/parameters/parameter/ServerNameParameter/scalar/schema"
  },
  "id": "file:///Users/abettati/sandbox/azure-rest-api-specs/specification/postgresql/resource-manager/Microsoft.DBforPostgreSQL/preview/2018-06-01-privatepreview/PrivateLinkResources.json#/declarations/parameters/parameter/ServerNameParameter"
}, {
  "http://a.ml/vocabularies/apiContract#binding": "path",
  "http://a.ml/vocabularies/apiContract#paramName": "groupName",
  "http://a.ml/vocabularies/apiContract#required": "true",
  "http://a.ml/vocabularies/core#description": "The name of the private link resource.",
  "http://a.ml/vocabularies/core#name": "groupName",
  "http://a.ml/vocabularies/shapes#schema": {
    "http://a.ml/vocabularies/core#description": "The name of the private link resource.",
    "http://www.w3.org/ns/shacl#datatype": "http://www.w3.org/2001/XMLSchema#string",
    "http://www.w3.org/ns/shacl#name": "schema",
    "id": "file:///Users/abettati/sandbox/azure-rest-api-specs/specification/postgresql/resource-manager/Microsoft.DBforPostgreSQL/preview/2018-06-01-privatepreview/PrivateLinkResources.json#/web-api/end-points/%2Fsubscriptions%2F%7BsubscriptionId%7D%2FresourceGroups%2F%7BresourceGroupName%7D%2Fproviders%2FMicrosoft.DBforPostgreSQL%2Fservers%2F%7BserverName%7D%2FprivateLinkResources%2F%7BgroupName%7D/get/request/parameter/groupName/scalar/schema"
  },
  "id": "file:///Users/abettati/sandbox/azure-rest-api-specs/specification/postgresql/resource-manager/Microsoft.DBforPostgreSQL/preview/2018-06-01-privatepreview/PrivateLinkResources.json#/web-api/end-points/%2Fsubscriptions%2F%7BsubscriptionId%7D%2FresourceGroups%2F%7BresourceGroupName%7D%2Fproviders%2FMicrosoft.DBforPostgreSQL%2Fservers%2F%7BserverName%7D%2FprivateLinkResources%2F%7BgroupName%7D/get/request/parameter/groupName"
}]