[{
  "http://a.ml/vocabularies/apiContract#binding": "path",
  "http://a.ml/vocabularies/apiContract#explode": "false",
  "http://a.ml/vocabularies/apiContract#paramName": "userId",
  "http://a.ml/vocabularies/apiContract#required": "true",
  "http://a.ml/vocabularies/apiContract#style": "simple",
  "http://a.ml/vocabularies/core#description": "A unique identifier for a `User`.",
  "http://a.ml/vocabularies/core#name": "userId",
  "http://a.ml/vocabularies/shapes#schema": {
    "http://www.w3.org/ns/shacl#datatype": "http://www.w3.org/2001/XMLSchema#string",
    "http://www.w3.org/ns/shacl#name": "userId",
    "id": "file:///Users/abettati/Desktop/apisContentFull/197.json#/web-api/end-points/%2Fusers%2F%7BuserId%7D/get/request/parameter/userId/scalar/userId"
  },
  "id": "file:///Users/abettati/Desktop/apisContentFull/197.json#/web-api/end-points/%2Fusers%2F%7BuserId%7D/get/request/parameter/userId"
}, {
  "http://a.ml/vocabularies/apiContract#binding": "path",
  "http://a.ml/vocabularies/apiContract#explode": "false",
  "http://a.ml/vocabularies/apiContract#paramName": "userId",
  "http://a.ml/vocabularies/apiContract#required": "true",
  "http://a.ml/vocabularies/apiContract#style": "simple",
  "http://a.ml/vocabularies/core#description": "A unique identifier for a `User`.",
  "http://a.ml/vocabularies/core#name": "userId",
  "http://a.ml/vocabularies/shapes#schema": {
    "http://www.w3.org/ns/shacl#datatype": "http://www.w3.org/2001/XMLSchema#string",
    "http://www.w3.org/ns/shacl#name": "userId",
    "id": "file:///Users/abettati/Desktop/apisContentFull/197.json#/web-api/end-points/%2Fusers%2F%7BuserId%7D/delete/request/parameter/userId/scalar/userId"
  },
  "id": "file:///Users/abettati/Desktop/apisContentFull/197.json#/web-api/end-points/%2Fusers%2F%7BuserId%7D/delete/request/parameter/userId"
}, {
  "http://a.ml/vocabularies/apiContract#binding": "path",
  "http://a.ml/vocabularies/apiContract#explode": "false",
  "http://a.ml/vocabularies/apiContract#paramName": "userId",
  "http://a.ml/vocabularies/apiContract#required": "true",
  "http://a.ml/vocabularies/apiContract#style": "simple",
  "http://a.ml/vocabularies/core#description": "A unique identifier for a `User`.",
  "http://a.ml/vocabularies/core#name": "userId",
  "http://a.ml/vocabularies/shapes#schema": {
    "http://www.w3.org/ns/shacl#datatype": "http://www.w3.org/2001/XMLSchema#string",
    "http://www.w3.org/ns/shacl#name": "userId",
    "id": "file:///Users/abettati/Desktop/apisContentFull/197.json#/web-api/end-points/%2Fusers%2F%7BuserId%7D/patch/requestBody/parameter/userId/scalar/userId"
  },
  "id": "file:///Users/abettati/Desktop/apisContentFull/197.json#/web-api/end-points/%2Fusers%2F%7BuserId%7D/patch/requestBody/parameter/userId"
}, {
  "http://a.ml/vocabularies/apiContract#allowEmptyValue": "false",
  "http://a.ml/vocabularies/apiContract#allowReserved": "false",
  "http://a.ml/vocabularies/apiContract#binding": "query",
  "http://a.ml/vocabularies/apiContract#explode": "true",
  "http://a.ml/vocabularies/apiContract#paramName": "date",
  "http://a.ml/vocabularies/apiContract#required": "true",
  "http://a.ml/vocabularies/apiContract#style": "form",
  "http://a.ml/vocabularies/core#description": "Format: 2019-06-15T17:20:00+00:00",
  "http://a.ml/vocabularies/core#name": "date",
  "http://a.ml/vocabularies/shapes#schema": {
    "http://www.w3.org/ns/shacl#datatype": "http://www.w3.org/2001/XMLSchema#string",
    "http://www.w3.org/ns/shacl#name": "date",
    "id": "file:///Users/abettati/Desktop/apisContentFull/197.json#/web-api/end-points/%2Frides/get/request/parameter/date/scalar/date"
  },
  "id": "file:///Users/abettati/Desktop/apisContentFull/197.json#/web-api/end-points/%2Frides/get/request/parameter/date"
}, {
  "http://a.ml/vocabularies/apiContract#allowEmptyValue": "false",
  "http://a.ml/vocabularies/apiContract#allowReserved": "false",
  "http://a.ml/vocabularies/apiContract#binding": "query",
  "http://a.ml/vocabularies/apiContract#explode": "true",
  "http://a.ml/vocabularies/apiContract#paramName": "gps_from",
  "http://a.ml/vocabularies/apiContract#required": "true",
  "http://a.ml/vocabularies/apiContract#style": "form",
  "http://a.ml/vocabularies/core#description": "Format: 17.06005079780406%2C%2048.17584750907156",
  "http://a.ml/vocabularies/core#name": "gps_from",
  "http://a.ml/vocabularies/shapes#schema": {
    "http://www.w3.org/ns/shacl#datatype": "http://www.w3.org/2001/XMLSchema#string",
    "http://www.w3.org/ns/shacl#name": "gps_from",
    "id": "file:///Users/abettati/Desktop/apisContentFull/197.json#/web-api/end-points/%2Frides/get/request/parameter/gps_from/scalar/gps_from"
  },
  "id": "file:///Users/abettati/Desktop/apisContentFull/197.json#/web-api/end-points/%2Frides/get/request/parameter/gps_from"
}, {
  "http://a.ml/vocabularies/apiContract#allowEmptyValue": "false",
  "http://a.ml/vocabularies/apiContract#allowReserved": "false",
  "http://a.ml/vocabularies/apiContract#binding": "query",
  "http://a.ml/vocabularies/apiContract#explode": "true",
  "http://a.ml/vocabularies/apiContract#paramName": "gps_to",
  "http://a.ml/vocabularies/apiContract#required": "true",
  "http://a.ml/vocabularies/apiContract#style": "form",
  "http://a.ml/vocabularies/core#description": "Format: 17.06005079780406%2C%2048.17584750907156",
  "http://a.ml/vocabularies/core#name": "gps_to",
  "http://a.ml/vocabularies/shapes#schema": {
    "http://www.w3.org/ns/shacl#datatype": "http://www.w3.org/2001/XMLSchema#string",
    "http://www.w3.org/ns/shacl#name": "gps_to",
    "id": "file:///Users/abettati/Desktop/apisContentFull/197.json#/web-api/end-points/%2Frides/get/request/parameter/gps_to/scalar/gps_to"
  },
  "id": "file:///Users/abettati/Desktop/apisContentFull/197.json#/web-api/end-points/%2Frides/get/request/parameter/gps_to"
}, {
  "http://a.ml/vocabularies/apiContract#allowEmptyValue": "false",
  "http://a.ml/vocabularies/apiContract#allowReserved": "false",
  "http://a.ml/vocabularies/apiContract#binding": "query",
  "http://a.ml/vocabularies/apiContract#explode": "true",
  "http://a.ml/vocabularies/apiContract#paramName": "from",
  "http://a.ml/vocabularies/apiContract#required": "false",
  "http://a.ml/vocabularies/apiContract#style": "form",
  "http://a.ml/vocabularies/core#description": "Format: Jaguar Landrover, Nitra",
  "http://a.ml/vocabularies/core#name": "from",
  "http://a.ml/vocabularies/shapes#schema": {
    "http://www.w3.org/ns/shacl#datatype": "http://www.w3.org/2001/XMLSchema#string",
    "http://www.w3.org/ns/shacl#name": "from",
    "id": "file:///Users/abettati/Desktop/apisContentFull/197.json#/web-api/end-points/%2Frides/get/request/parameter/from/scalar/from"
  },
  "id": "file:///Users/abettati/Desktop/apisContentFull/197.json#/web-api/end-points/%2Frides/get/request/parameter/from"
}, {
  "http://a.ml/vocabularies/apiContract#binding": "path",
  "http://a.ml/vocabularies/apiContract#explode": "false",
  "http://a.ml/vocabularies/apiContract#paramName": "carId",
  "http://a.ml/vocabularies/apiContract#required": "true",
  "http://a.ml/vocabularies/apiContract#style": "simple",
  "http://a.ml/vocabularies/core#description": "A unique identifier for a `Car`.",
  "http://a.ml/vocabularies/core#name": "carId",
  "http://a.ml/vocabularies/shapes#schema": {
    "http://www.w3.org/ns/shacl#datatype": "http://www.w3.org/2001/XMLSchema#integer",
    "http://www.w3.org/ns/shacl#name": "carId",
    "id": "file:///Users/abettati/Desktop/apisContentFull/197.json#/web-api/end-points/%2Fcars%2F%7BcarId%7D/get/request/parameter/carId/scalar/carId"
  },
  "id": "file:///Users/abettati/Desktop/apisContentFull/197.json#/web-api/end-points/%2Fcars%2F%7BcarId%7D/get/request/parameter/carId"
}, {
  "http://a.ml/vocabularies/apiContract#binding": "path",
  "http://a.ml/vocabularies/apiContract#explode": "false",
  "http://a.ml/vocabularies/apiContract#paramName": "carId",
  "http://a.ml/vocabularies/apiContract#required": "true",
  "http://a.ml/vocabularies/apiContract#style": "simple",
  "http://a.ml/vocabularies/core#description": "A unique identifier for a `Car`.",
  "http://a.ml/vocabularies/core#name": "carId",
  "http://a.ml/vocabularies/shapes#schema": {
    "http://www.w3.org/ns/shacl#datatype": "http://www.w3.org/2001/XMLSchema#integer",
    "http://www.w3.org/ns/shacl#name": "carId",
    "id": "file:///Users/abettati/Desktop/apisContentFull/197.json#/web-api/end-points/%2Fcars%2F%7BcarId%7D/delete/request/parameter/carId/scalar/carId"
  },
  "id": "file:///Users/abettati/Desktop/apisContentFull/197.json#/web-api/end-points/%2Fcars%2F%7BcarId%7D/delete/request/parameter/carId"
}, {
  "http://a.ml/vocabularies/apiContract#binding": "path",
  "http://a.ml/vocabularies/apiContract#explode": "false",
  "http://a.ml/vocabularies/apiContract#paramName": "carId",
  "http://a.ml/vocabularies/apiContract#required": "true",
  "http://a.ml/vocabularies/apiContract#style": "simple",
  "http://a.ml/vocabularies/core#description": "A unique identifier for a `Car`.",
  "http://a.ml/vocabularies/core#name": "carId",
  "http://a.ml/vocabularies/shapes#schema": {
    "http://www.w3.org/ns/shacl#datatype": "http://www.w3.org/2001/XMLSchema#integer",
    "http://www.w3.org/ns/shacl#name": "carId",
    "id": "file:///Users/abettati/Desktop/apisContentFull/197.json#/web-api/end-points/%2Fcars%2F%7BcarId%7D/patch/requestBody/parameter/carId/scalar/carId"
  },
  "id": "file:///Users/abettati/Desktop/apisContentFull/197.json#/web-api/end-points/%2Fcars%2F%7BcarId%7D/patch/requestBody/parameter/carId"
}, {
  "http://a.ml/vocabularies/apiContract#binding": "path",
  "http://a.ml/vocabularies/apiContract#explode": "false",
  "http://a.ml/vocabularies/apiContract#paramName": "rideId",
  "http://a.ml/vocabularies/apiContract#required": "true",
  "http://a.ml/vocabularies/apiContract#style": "simple",
  "http://a.ml/vocabularies/core#description": "A unique identifier for a `Ride`.",
  "http://a.ml/vocabularies/core#name": "rideId",
  "http://a.ml/vocabularies/shapes#schema": {
    "http://www.w3.org/ns/shacl#datatype": "http://a.ml/vocabularies/shapes#number",
    "http://www.w3.org/ns/shacl#name": "rideId",
    "id": "file:///Users/abettati/Desktop/apisContentFull/197.json#/web-api/end-points/%2Frides%2F%7BrideId%7D/get/request/parameter/rideId/scalar/rideId"
  },
  "id": "file:///Users/abettati/Desktop/apisContentFull/197.json#/web-api/end-points/%2Frides%2F%7BrideId%7D/get/request/parameter/rideId"
}, {
  "http://a.ml/vocabularies/apiContract#binding": "path",
  "http://a.ml/vocabularies/apiContract#explode": "false",
  "http://a.ml/vocabularies/apiContract#paramName": "rideId",
  "http://a.ml/vocabularies/apiContract#required": "true",
  "http://a.ml/vocabularies/apiContract#style": "simple",
  "http://a.ml/vocabularies/core#description": "A unique identifier for a `Ride`.",
  "http://a.ml/vocabularies/core#name": "rideId",
  "http://a.ml/vocabularies/shapes#schema": {
    "http://www.w3.org/ns/shacl#datatype": "http://a.ml/vocabularies/shapes#number",
    "http://www.w3.org/ns/shacl#name": "rideId",
    "id": "file:///Users/abettati/Desktop/apisContentFull/197.json#/web-api/end-points/%2Frides%2F%7BrideId%7D/delete/request/parameter/rideId/scalar/rideId"
  },
  "id": "file:///Users/abettati/Desktop/apisContentFull/197.json#/web-api/end-points/%2Frides%2F%7BrideId%7D/delete/request/parameter/rideId"
}, {
  "http://a.ml/vocabularies/apiContract#allowEmptyValue": "false",
  "http://a.ml/vocabularies/apiContract#allowReserved": "false",
  "http://a.ml/vocabularies/apiContract#binding": "query",
  "http://a.ml/vocabularies/apiContract#explode": "true",
  "http://a.ml/vocabularies/apiContract#paramName": "refresh_token",
  "http://a.ml/vocabularies/apiContract#required": "true",
  "http://a.ml/vocabularies/apiContract#style": "form",
  "http://a.ml/vocabularies/core#description": "JWT refresh_token",
  "http://a.ml/vocabularies/core#name": "refresh_token",
  "http://a.ml/vocabularies/shapes#schema": {
    "http://www.w3.org/ns/shacl#datatype": "http://www.w3.org/2001/XMLSchema#string",
    "http://www.w3.org/ns/shacl#name": "refresh_token",
    "id": "file:///Users/abettati/Desktop/apisContentFull/197.json#/web-api/end-points/%2Ftoken%2F/get/request/parameter/refresh_token/scalar/refresh_token"
  },
  "id": "file:///Users/abettati/Desktop/apisContentFull/197.json#/web-api/end-points/%2Ftoken%2F/get/request/parameter/refresh_token"
}, {
  "http://a.ml/vocabularies/apiContract#binding": "header",
  "http://a.ml/vocabularies/apiContract#explode": "false",
  "http://a.ml/vocabularies/apiContract#paramName": "Basic",
  "http://a.ml/vocabularies/apiContract#required": "false",
  "http://a.ml/vocabularies/apiContract#style": "simple",
  "http://a.ml/vocabularies/core#description": "email:heslo zasifrovane pomocou base64",
  "http://a.ml/vocabularies/core#name": "Basic",
  "http://a.ml/vocabularies/shapes#schema": {
    "http://www.w3.org/ns/shacl#datatype": "http://www.w3.org/2001/XMLSchema#string",
    "http://www.w3.org/ns/shacl#name": "Basic",
    "id": "file:///Users/abettati/Desktop/apisContentFull/197.json#/web-api/end-points/%2Ftoken%2F/post/requestBody/parameter/Basic/scalar/Basic"
  },
  "id": "file:///Users/abettati/Desktop/apisContentFull/197.json#/web-api/end-points/%2Ftoken%2F/post/requestBody/parameter/Basic"
}, {
  "http://a.ml/vocabularies/apiContract#allowEmptyValue": "false",
  "http://a.ml/vocabularies/apiContract#allowReserved": "false",
  "http://a.ml/vocabularies/apiContract#binding": "query",
  "http://a.ml/vocabularies/apiContract#explode": "true",
  "http://a.ml/vocabularies/apiContract#paramName": "push_id",
  "http://a.ml/vocabularies/apiContract#required": "true",
  "http://a.ml/vocabularies/apiContract#style": "form",
  "http://a.ml/vocabularies/core#description": "\"string\"",
  "http://a.ml/vocabularies/core#name": "push_id",
  "http://a.ml/vocabularies/shapes#schema": {
    "http://www.w3.org/ns/shacl#datatype": "http://www.w3.org/2001/XMLSchema#string",
    "http://www.w3.org/ns/shacl#name": "push_id",
    "id": "file:///Users/abettati/Desktop/apisContentFull/197.json#/web-api/end-points/%2Ftoken%2F/delete/request/parameter/push_id/scalar/push_id"
  },
  "id": "file:///Users/abettati/Desktop/apisContentFull/197.json#/web-api/end-points/%2Ftoken%2F/delete/request/parameter/push_id"
}, {
  "http://a.ml/vocabularies/apiContract#allowEmptyValue": "false",
  "http://a.ml/vocabularies/apiContract#allowReserved": "false",
  "http://a.ml/vocabularies/apiContract#binding": "query",
  "http://a.ml/vocabularies/apiContract#explode": "true",
  "http://a.ml/vocabularies/apiContract#paramName": "date",
  "http://a.ml/vocabularies/apiContract#required": "true",
  "http://a.ml/vocabularies/apiContract#style": "form",
  "http://a.ml/vocabularies/core#description": "Format: 2019-06-15T17:20:00+00:00",
  "http://a.ml/vocabularies/core#name": "date",
  "http://a.ml/vocabularies/shapes#schema": {
    "http://www.w3.org/ns/shacl#datatype": "http://www.w3.org/2001/XMLSchema#string",
    "http://www.w3.org/ns/shacl#name": "date",
    "id": "file:///Users/abettati/Desktop/apisContentFull/197.json#/web-api/end-points/%2Fme%2Frides/get/request/parameter/date/scalar/date"
  },
  "id": "file:///Users/abettati/Desktop/apisContentFull/197.json#/web-api/end-points/%2Fme%2Frides/get/request/parameter/date"
}]