[{
  "http://a.ml/vocabularies/apiContract#binding": "path",
  "http://a.ml/vocabularies/apiContract#explode": "false",
  "http://a.ml/vocabularies/apiContract#paramName": "driverID",
  "http://a.ml/vocabularies/apiContract#required": "true",
  "http://a.ml/vocabularies/apiContract#style": "simple",
  "http://a.ml/vocabularies/core#description": "ID of driver",
  "http://a.ml/vocabularies/core#name": "driverID",
  "http://a.ml/vocabularies/shapes#schema": {
    "http://a.ml/vocabularies/apiContract#examples": [{
      "http://a.ml/vocabularies/document#raw": null,
      "http://a.ml/vocabularies/document#strict": null,
      "http://a.ml/vocabularies/document#structuredValue": null,
      "id": "file:///Users/abettati/Desktop/apisContentFull/2699.json#/declarations/types/scalar/driverID/example/default-example"
    }],
    "http://a.ml/vocabularies/core#description": "definition of the unique driverID",
    "http://a.ml/vocabularies/document#recursive": "true",
    "http://www.w3.org/ns/shacl#datatype": "http://www.w3.org/2001/XMLSchema#integer",
    "http://www.w3.org/ns/shacl#name": "driverID",
    "id": "file:///Users/abettati/Desktop/apisContentFull/2699.json#/declarations/types/scalar/driverID"
  },
  "id": "file:///Users/abettati/Desktop/apisContentFull/2699.json#/declarations/parameters/parameter/driverID"
}, {
  "http://a.ml/vocabularies/apiContract#binding": "path",
  "http://a.ml/vocabularies/apiContract#explode": "false",
  "http://a.ml/vocabularies/apiContract#paramName": "groupID",
  "http://a.ml/vocabularies/apiContract#required": "true",
  "http://a.ml/vocabularies/apiContract#style": "simple",
  "http://a.ml/vocabularies/core#description": "unique ID of a group",
  "http://a.ml/vocabularies/core#name": "groupID",
  "http://a.ml/vocabularies/shapes#schema": {
    "http://a.ml/vocabularies/apiContract#examples": [{
      "http://a.ml/vocabularies/document#raw": null,
      "http://a.ml/vocabularies/document#strict": null,
      "http://a.ml/vocabularies/document#structuredValue": null,
      "id": "file:///Users/abettati/Desktop/apisContentFull/2699.json#/declarations/types/scalar/groupID/example/default-example"
    }],
    "http://a.ml/vocabularies/core#description": "definition of the groupID",
    "http://a.ml/vocabularies/document#recursive": "true",
    "http://www.w3.org/ns/shacl#datatype": "http://www.w3.org/2001/XMLSchema#integer",
    "http://www.w3.org/ns/shacl#name": "groupID",
    "id": "file:///Users/abettati/Desktop/apisContentFull/2699.json#/declarations/types/scalar/groupID"
  },
  "id": "file:///Users/abettati/Desktop/apisContentFull/2699.json#/declarations/parameters/parameter/groupID"
}, {
  "http://a.ml/vocabularies/apiContract#binding": "path",
  "http://a.ml/vocabularies/apiContract#explode": "false",
  "http://a.ml/vocabularies/apiContract#paramName": "carID",
  "http://a.ml/vocabularies/apiContract#required": "true",
  "http://a.ml/vocabularies/apiContract#style": "simple",
  "http://a.ml/vocabularies/core#description": "unique ID of a car",
  "http://a.ml/vocabularies/core#name": "carID",
  "http://a.ml/vocabularies/shapes#schema": {
    "http://a.ml/vocabularies/apiContract#examples": [{
      "http://a.ml/vocabularies/document#raw": null,
      "http://a.ml/vocabularies/document#strict": null,
      "http://a.ml/vocabularies/document#structuredValue": null,
      "id": "file:///Users/abettati/Desktop/apisContentFull/2699.json#/declarations/types/scalar/carID/example/default-example"
    }],
    "http://a.ml/vocabularies/core#description": "definition of the uniwue carID",
    "http://a.ml/vocabularies/document#recursive": "true",
    "http://www.w3.org/ns/shacl#datatype": "http://www.w3.org/2001/XMLSchema#integer",
    "http://www.w3.org/ns/shacl#name": "carID",
    "id": "file:///Users/abettati/Desktop/apisContentFull/2699.json#/declarations/types/scalar/carID"
  },
  "id": "file:///Users/abettati/Desktop/apisContentFull/2699.json#/declarations/parameters/parameter/carID"
}]