[{
  "http://a.ml/vocabularies/apiContract#binding": "query",
  "http://a.ml/vocabularies/apiContract#paramName": "CompanySN",
  "http://a.ml/vocabularies/apiContract#required": "true",
  "http://a.ml/vocabularies/core#description": "Company serial number",
  "http://a.ml/vocabularies/core#name": "CompanySN",
  "http://a.ml/vocabularies/shapes#schema": {
    "http://a.ml/vocabularies/core#description": "Company serial number",
    "http://www.w3.org/ns/shacl#datatype": "http://www.w3.org/2001/XMLSchema#string",
    "http://www.w3.org/ns/shacl#name": "schema",
    "id": "file:///Users/abettati/Desktop/apisContentFull/4780.json#/web-api/end-points/%2Fmethod%2FServiceCheck/get/request/parameter/CompanySN/scalar/schema"
  },
  "id": "file:///Users/abettati/Desktop/apisContentFull/4780.json#/web-api/end-points/%2Fmethod%2FServiceCheck/get/request/parameter/CompanySN"
}, {
  "http://a.ml/vocabularies/apiContract#binding": "query",
  "http://a.ml/vocabularies/apiContract#paramName": "ticket",
  "http://a.ml/vocabularies/apiContract#required": "true",
  "http://a.ml/vocabularies/core#description": "Session ticket",
  "http://a.ml/vocabularies/core#name": "ticket",
  "http://a.ml/vocabularies/shapes#schema": {
    "http://a.ml/vocabularies/core#description": "Session ticket",
    "http://www.w3.org/ns/shacl#datatype": "http://www.w3.org/2001/XMLSchema#string",
    "http://www.w3.org/ns/shacl#name": "schema",
    "id": "file:///Users/abettati/Desktop/apisContentFull/4780.json#/web-api/end-points/%2Fmethod%2FServiceCheck/get/request/parameter/ticket/scalar/schema"
  },
  "id": "file:///Users/abettati/Desktop/apisContentFull/4780.json#/web-api/end-points/%2Fmethod%2FServiceCheck/get/request/parameter/ticket"
}, {
  "http://a.ml/vocabularies/apiContract#binding": "query",
  "http://a.ml/vocabularies/apiContract#paramName": "CompanySN",
  "http://a.ml/vocabularies/apiContract#required": "true",
  "http://a.ml/vocabularies/core#description": "Company serial number",
  "http://a.ml/vocabularies/core#name": "CompanySN",
  "http://a.ml/vocabularies/shapes#schema": {
    "http://a.ml/vocabularies/core#description": "Company serial number",
    "http://www.w3.org/ns/shacl#datatype": "http://www.w3.org/2001/XMLSchema#string",
    "http://www.w3.org/ns/shacl#name": "schema",
    "id": "file:///Users/abettati/Desktop/apisContentFull/4780.json#/web-api/end-points/%2Fmethod%2FLoggedInUsers/get/request/parameter/CompanySN/scalar/schema"
  },
  "id": "file:///Users/abettati/Desktop/apisContentFull/4780.json#/web-api/end-points/%2Fmethod%2FLoggedInUsers/get/request/parameter/CompanySN"
}, {
  "http://a.ml/vocabularies/apiContract#binding": "query",
  "http://a.ml/vocabularies/apiContract#paramName": "ticket",
  "http://a.ml/vocabularies/apiContract#required": "true",
  "http://a.ml/vocabularies/core#description": "Session ticket",
  "http://a.ml/vocabularies/core#name": "ticket",
  "http://a.ml/vocabularies/shapes#schema": {
    "http://a.ml/vocabularies/core#description": "Session ticket",
    "http://www.w3.org/ns/shacl#datatype": "http://www.w3.org/2001/XMLSchema#string",
    "http://www.w3.org/ns/shacl#name": "schema",
    "id": "file:///Users/abettati/Desktop/apisContentFull/4780.json#/web-api/end-points/%2Fmethod%2FLoggedInUsers/get/request/parameter/ticket/scalar/schema"
  },
  "id": "file:///Users/abettati/Desktop/apisContentFull/4780.json#/web-api/end-points/%2Fmethod%2FLoggedInUsers/get/request/parameter/ticket"
}, {
  "http://a.ml/vocabularies/apiContract#binding": "query",
  "http://a.ml/vocabularies/apiContract#paramName": "ForDownload",
  "http://a.ml/vocabularies/apiContract#required": "false",
  "http://a.ml/vocabularies/core#description": "Download file",
  "http://a.ml/vocabularies/core#name": "ForDownload",
  "http://a.ml/vocabularies/shapes#schema": {
    "http://a.ml/vocabularies/core#description": "Download file",
    "http://www.w3.org/ns/shacl#datatype": "http://www.w3.org/2001/XMLSchema#boolean",
    "http://www.w3.org/ns/shacl#name": "schema",
    "id": "file:///Users/abettati/Desktop/apisContentFull/4780.json#/web-api/end-points/%2Ffiles%2F%7Bfilepath%7D/get/request/parameter/ForDownload/scalar/schema"
  },
  "id": "file:///Users/abettati/Desktop/apisContentFull/4780.json#/web-api/end-points/%2Ffiles%2F%7Bfilepath%7D/get/request/parameter/ForDownload"
}, {
  "http://a.ml/vocabularies/apiContract#binding": "query",
  "http://a.ml/vocabularies/apiContract#paramName": "ticket",
  "http://a.ml/vocabularies/apiContract#required": "false",
  "http://a.ml/vocabularies/core#description": "Session ticket",
  "http://a.ml/vocabularies/core#name": "ticket",
  "http://a.ml/vocabularies/shapes#schema": {
    "http://a.ml/vocabularies/core#description": "Session ticket",
    "http://a.ml/vocabularies/shapes#format": "string",
    "http://www.w3.org/ns/shacl#datatype": "http://www.w3.org/2001/XMLSchema#string",
    "http://www.w3.org/ns/shacl#name": "schema",
    "id": "file:///Users/abettati/Desktop/apisContentFull/4780.json#/web-api/end-points/%2Ffiles%2F%7Bfilepath%7D/get/request/parameter/ticket/scalar/schema"
  },
  "id": "file:///Users/abettati/Desktop/apisContentFull/4780.json#/web-api/end-points/%2Ffiles%2F%7Bfilepath%7D/get/request/parameter/ticket"
}, {
  "http://a.ml/vocabularies/apiContract#binding": "path",
  "http://a.ml/vocabularies/apiContract#paramName": "filepath",
  "http://a.ml/vocabularies/apiContract#required": "true",
  "http://a.ml/vocabularies/core#description": "File path",
  "http://a.ml/vocabularies/core#name": "filepath",
  "http://a.ml/vocabularies/shapes#schema": {
    "http://a.ml/vocabularies/core#description": "File path",
    "http://a.ml/vocabularies/shapes#format": "string",
    "http://www.w3.org/ns/shacl#datatype": "http://www.w3.org/2001/XMLSchema#string",
    "http://www.w3.org/ns/shacl#name": "schema",
    "id": "file:///Users/abettati/Desktop/apisContentFull/4780.json#/web-api/end-points/%2Ffiles%2F%7Bfilepath%7D/get/request/parameter/filepath/scalar/schema"
  },
  "id": "file:///Users/abettati/Desktop/apisContentFull/4780.json#/web-api/end-points/%2Ffiles%2F%7Bfilepath%7D/get/request/parameter/filepath"
}, {
  "http://a.ml/vocabularies/apiContract#binding": "query",
  "http://a.ml/vocabularies/apiContract#paramName": "CompanySN",
  "http://a.ml/vocabularies/apiContract#required": "true",
  "http://a.ml/vocabularies/core#description": "Company serial number",
  "http://a.ml/vocabularies/core#name": "CompanySN",
  "http://a.ml/vocabularies/shapes#schema": {
    "http://a.ml/vocabularies/core#description": "Company serial number",
    "http://a.ml/vocabularies/shapes#format": "string",
    "http://www.w3.org/ns/shacl#datatype": "http://www.w3.org/2001/XMLSchema#string",
    "http://www.w3.org/ns/shacl#defaultValue": {
      "http://a.ml/vocabularies/core#name": "scalar_1",
      "http://a.ml/vocabularies/data#value": "20091102165026*177",
      "http://www.w3.org/ns/shacl#datatype": "http://www.w3.org/2001/XMLSchema#string",
      "id": "file:///Users/abettati/Desktop/apisContentFull/4780.json#/web-api/end-points/%2Fmethod%2FTimecardPunches/post/request/parameter/CompanySN/scalar/schema/scalar_1"
    },
    "http://www.w3.org/ns/shacl#defaultValueStr": "20091102165026*177",
    "http://www.w3.org/ns/shacl#name": "schema",
    "id": "file:///Users/abettati/Desktop/apisContentFull/4780.json#/web-api/end-points/%2Fmethod%2FTimecardPunches/post/request/parameter/CompanySN/scalar/schema"
  },
  "id": "file:///Users/abettati/Desktop/apisContentFull/4780.json#/web-api/end-points/%2Fmethod%2FTimecardPunches/post/request/parameter/CompanySN"
}, {
  "http://a.ml/vocabularies/apiContract#binding": "query",
  "http://a.ml/vocabularies/apiContract#paramName": "ticket",
  "http://a.ml/vocabularies/apiContract#required": "true",
  "http://a.ml/vocabularies/core#description": "Session ticket",
  "http://a.ml/vocabularies/core#name": "ticket",
  "http://a.ml/vocabularies/shapes#schema": {
    "http://a.ml/vocabularies/core#description": "Session ticket",
    "http://www.w3.org/ns/shacl#datatype": "http://www.w3.org/2001/XMLSchema#string",
    "http://www.w3.org/ns/shacl#defaultValue": {
      "http://a.ml/vocabularies/core#name": "scalar_1",
      "http://a.ml/vocabularies/data#value": "53dd22a7-12ba-4f94-986f-fe140018c4f7",
      "http://www.w3.org/ns/shacl#datatype": "http://www.w3.org/2001/XMLSchema#string",
      "id": "file:///Users/abettati/Desktop/apisContentFull/4780.json#/web-api/end-points/%2Fmethod%2FTimecardPunches/post/request/parameter/ticket/scalar/schema/scalar_1"
    },
    "http://www.w3.org/ns/shacl#defaultValueStr": "53dd22a7-12ba-4f94-986f-fe140018c4f7",
    "http://www.w3.org/ns/shacl#name": "schema",
    "id": "file:///Users/abettati/Desktop/apisContentFull/4780.json#/web-api/end-points/%2Fmethod%2FTimecardPunches/post/request/parameter/ticket/scalar/schema"
  },
  "id": "file:///Users/abettati/Desktop/apisContentFull/4780.json#/web-api/end-points/%2Fmethod%2FTimecardPunches/post/request/parameter/ticket"
}, {
  "http://a.ml/vocabularies/apiContract#binding": "query",
  "http://a.ml/vocabularies/apiContract#paramName": "CompanySN",
  "http://a.ml/vocabularies/apiContract#required": "true",
  "http://a.ml/vocabularies/core#description": "Company serial number",
  "http://a.ml/vocabularies/core#name": "CompanySN",
  "http://a.ml/vocabularies/shapes#schema": {
    "http://a.ml/vocabularies/core#description": "Company serial number",
    "http://www.w3.org/ns/shacl#datatype": "http://www.w3.org/2001/XMLSchema#string",
    "http://www.w3.org/ns/shacl#name": "schema",
    "id": "file:///Users/abettati/Desktop/apisContentFull/4780.json#/web-api/end-points/%2Fmethod%2FTimecardPunch/post/request/parameter/CompanySN/scalar/schema"
  },
  "id": "file:///Users/abettati/Desktop/apisContentFull/4780.json#/web-api/end-points/%2Fmethod%2FTimecardPunch/post/request/parameter/CompanySN"
}, {
  "http://a.ml/vocabularies/apiContract#binding": "query",
  "http://a.ml/vocabularies/apiContract#paramName": "ticket",
  "http://a.ml/vocabularies/apiContract#required": "true",
  "http://a.ml/vocabularies/core#description": "Session ticket",
  "http://a.ml/vocabularies/core#name": "ticket",
  "http://a.ml/vocabularies/shapes#schema": {
    "http://a.ml/vocabularies/core#description": "Session ticket",
    "http://www.w3.org/ns/shacl#datatype": "http://www.w3.org/2001/XMLSchema#string",
    "http://www.w3.org/ns/shacl#name": "schema",
    "id": "file:///Users/abettati/Desktop/apisContentFull/4780.json#/web-api/end-points/%2Fmethod%2FTimecardPunch/post/request/parameter/ticket/scalar/schema"
  },
  "id": "file:///Users/abettati/Desktop/apisContentFull/4780.json#/web-api/end-points/%2Fmethod%2FTimecardPunch/post/request/parameter/ticket"
}, {
  "http://a.ml/vocabularies/apiContract#binding": "query",
  "http://a.ml/vocabularies/apiContract#paramName": "CompanySN",
  "http://a.ml/vocabularies/apiContract#required": "true",
  "http://a.ml/vocabularies/core#description": "Company serial number",
  "http://a.ml/vocabularies/core#name": "CompanySN",
  "http://a.ml/vocabularies/shapes#schema": {
    "http://a.ml/vocabularies/core#description": "Company serial number",
    "http://www.w3.org/ns/shacl#datatype": "http://www.w3.org/2001/XMLSchema#string",
    "http://www.w3.org/ns/shacl#name": "schema",
    "id": "file:///Users/abettati/Desktop/apisContentFull/4780.json#/web-api/end-points/%2Fmethod%2FCustomer_Search/post/request/parameter/CompanySN/scalar/schema"
  },
  "id": "file:///Users/abettati/Desktop/apisContentFull/4780.json#/web-api/end-points/%2Fmethod%2FCustomer_Search/post/request/parameter/CompanySN"
}, {
  "http://a.ml/vocabularies/apiContract#binding": "query",
  "http://a.ml/vocabularies/apiContract#paramName": "ticket",
  "http://a.ml/vocabularies/apiContract#required": "true",
  "http://a.ml/vocabularies/core#description": "Session ticket",
  "http://a.ml/vocabularies/core#name": "ticket",
  "http://a.ml/vocabularies/shapes#schema": {
    "http://a.ml/vocabularies/core#description": "Session ticket",
    "http://www.w3.org/ns/shacl#datatype": "http://www.w3.org/2001/XMLSchema#string",
    "http://www.w3.org/ns/shacl#name": "schema",
    "id": "file:///Users/abettati/Desktop/apisContentFull/4780.json#/web-api/end-points/%2Fmethod%2FCustomer_Search/post/request/parameter/ticket/scalar/schema"
  },
  "id": "file:///Users/abettati/Desktop/apisContentFull/4780.json#/web-api/end-points/%2Fmethod%2FCustomer_Search/post/request/parameter/ticket"
}, {
  "http://a.ml/vocabularies/apiContract#binding": "query",
  "http://a.ml/vocabularies/apiContract#paramName": "CompanySN",
  "http://a.ml/vocabularies/apiContract#required": "true",
  "http://a.ml/vocabularies/core#description": "Company serial number",
  "http://a.ml/vocabularies/core#name": "CompanySN",
  "http://a.ml/vocabularies/shapes#schema": {
    "http://a.ml/vocabularies/core#description": "Company serial number",
    "http://www.w3.org/ns/shacl#datatype": "http://www.w3.org/2001/XMLSchema#string",
    "http://www.w3.org/ns/shacl#name": "schema",
    "id": "file:///Users/abettati/Desktop/apisContentFull/4780.json#/web-api/end-points/%2Fmethod%2FCustomer_Add/post/request/parameter/CompanySN/scalar/schema"
  },
  "id": "file:///Users/abettati/Desktop/apisContentFull/4780.json#/web-api/end-points/%2Fmethod%2FCustomer_Add/post/request/parameter/CompanySN"
}, {
  "http://a.ml/vocabularies/apiContract#binding": "query",
  "http://a.ml/vocabularies/apiContract#paramName": "ticket",
  "http://a.ml/vocabularies/apiContract#required": "true",
  "http://a.ml/vocabularies/core#description": "Session ticket",
  "http://a.ml/vocabularies/core#name": "ticket",
  "http://a.ml/vocabularies/shapes#schema": {
    "http://a.ml/vocabularies/core#description": "Session ticket",
    "http://www.w3.org/ns/shacl#datatype": "http://www.w3.org/2001/XMLSchema#string",
    "http://www.w3.org/ns/shacl#name": "schema",
    "id": "file:///Users/abettati/Desktop/apisContentFull/4780.json#/web-api/end-points/%2Fmethod%2FCustomer_Add/post/request/parameter/ticket/scalar/schema"
  },
  "id": "file:///Users/abettati/Desktop/apisContentFull/4780.json#/web-api/end-points/%2Fmethod%2FCustomer_Add/post/request/parameter/ticket"
}, {
  "http://a.ml/vocabularies/apiContract#binding": "query",
  "http://a.ml/vocabularies/apiContract#paramName": "CompanySN",
  "http://a.ml/vocabularies/apiContract#required": "true",
  "http://a.ml/vocabularies/core#description": "Company serial number",
  "http://a.ml/vocabularies/core#name": "CompanySN",
  "http://a.ml/vocabularies/shapes#schema": {
    "http://a.ml/vocabularies/core#description": "Company serial number",
    "http://www.w3.org/ns/shacl#datatype": "http://www.w3.org/2001/XMLSchema#string",
    "http://www.w3.org/ns/shacl#name": "schema",
    "id": "file:///Users/abettati/Desktop/apisContentFull/4780.json#/web-api/end-points/%2Fmethod%2FCustomer_Note_Add/post/request/parameter/CompanySN/scalar/schema"
  },
  "id": "file:///Users/abettati/Desktop/apisContentFull/4780.json#/web-api/end-points/%2Fmethod%2FCustomer_Note_Add/post/request/parameter/CompanySN"
}, {
  "http://a.ml/vocabularies/apiContract#binding": "query",
  "http://a.ml/vocabularies/apiContract#paramName": "ticket",
  "http://a.ml/vocabularies/apiContract#required": "true",
  "http://a.ml/vocabularies/core#description": "Session ticket",
  "http://a.ml/vocabularies/core#name": "ticket",
  "http://a.ml/vocabularies/shapes#schema": {
    "http://a.ml/vocabularies/core#description": "Session ticket",
    "http://www.w3.org/ns/shacl#datatype": "http://www.w3.org/2001/XMLSchema#string",
    "http://www.w3.org/ns/shacl#name": "schema",
    "id": "file:///Users/abettati/Desktop/apisContentFull/4780.json#/web-api/end-points/%2Fmethod%2FCustomer_Note_Add/post/request/parameter/ticket/scalar/schema"
  },
  "id": "file:///Users/abettati/Desktop/apisContentFull/4780.json#/web-api/end-points/%2Fmethod%2FCustomer_Note_Add/post/request/parameter/ticket"
}, {
  "http://a.ml/vocabularies/apiContract#binding": "query",
  "http://a.ml/vocabularies/apiContract#paramName": "CompanySN",
  "http://a.ml/vocabularies/apiContract#required": "true",
  "http://a.ml/vocabularies/core#description": "Company serial number",
  "http://a.ml/vocabularies/core#name": "CompanySN",
  "http://a.ml/vocabularies/shapes#schema": {
    "http://a.ml/vocabularies/core#description": "Company serial number",
    "http://www.w3.org/ns/shacl#datatype": "http://www.w3.org/2001/XMLSchema#string",
    "http://www.w3.org/ns/shacl#name": "schema",
    "id": "file:///Users/abettati/Desktop/apisContentFull/4780.json#/web-api/end-points/%2Fmethod%2FCustomer_Addresses_Get/post/request/parameter/CompanySN/scalar/schema"
  },
  "id": "file:///Users/abettati/Desktop/apisContentFull/4780.json#/web-api/end-points/%2Fmethod%2FCustomer_Addresses_Get/post/request/parameter/CompanySN"
}, {
  "http://a.ml/vocabularies/apiContract#binding": "query",
  "http://a.ml/vocabularies/apiContract#paramName": "ticket",
  "http://a.ml/vocabularies/apiContract#required": "true",
  "http://a.ml/vocabularies/core#description": "Session ticket",
  "http://a.ml/vocabularies/core#name": "ticket",
  "http://a.ml/vocabularies/shapes#schema": {
    "http://a.ml/vocabularies/core#description": "Session ticket",
    "http://www.w3.org/ns/shacl#datatype": "http://www.w3.org/2001/XMLSchema#string",
    "http://www.w3.org/ns/shacl#name": "schema",
    "id": "file:///Users/abettati/Desktop/apisContentFull/4780.json#/web-api/end-points/%2Fmethod%2FCustomer_Addresses_Get/post/request/parameter/ticket/scalar/schema"
  },
  "id": "file:///Users/abettati/Desktop/apisContentFull/4780.json#/web-api/end-points/%2Fmethod%2FCustomer_Addresses_Get/post/request/parameter/ticket"
}, {
  "http://a.ml/vocabularies/apiContract#binding": "query",
  "http://a.ml/vocabularies/apiContract#paramName": "CompanySN",
  "http://a.ml/vocabularies/apiContract#required": "true",
  "http://a.ml/vocabularies/core#description": "Company serial number",
  "http://a.ml/vocabularies/core#name": "CompanySN",
  "http://a.ml/vocabularies/shapes#schema": {
    "http://a.ml/vocabularies/core#description": "Company serial number",
    "http://www.w3.org/ns/shacl#datatype": "http://www.w3.org/2001/XMLSchema#string",
    "http://www.w3.org/ns/shacl#name": "schema",
    "id": "file:///Users/abettati/Desktop/apisContentFull/4780.json#/web-api/end-points/%2Fmethod%2FCustomer_Invoice_Search/post/request/parameter/CompanySN/scalar/schema"
  },
  "id": "file:///Users/abettati/Desktop/apisContentFull/4780.json#/web-api/end-points/%2Fmethod%2FCustomer_Invoice_Search/post/request/parameter/CompanySN"
}, {
  "http://a.ml/vocabularies/apiContract#binding": "query",
  "http://a.ml/vocabularies/apiContract#paramName": "ticket",
  "http://a.ml/vocabularies/apiContract#required": "true",
  "http://a.ml/vocabularies/core#description": "Session ticket",
  "http://a.ml/vocabularies/core#name": "ticket",
  "http://a.ml/vocabularies/shapes#schema": {
    "http://a.ml/vocabularies/core#description": "Session ticket",
    "http://www.w3.org/ns/shacl#datatype": "http://www.w3.org/2001/XMLSchema#string",
    "http://www.w3.org/ns/shacl#name": "schema",
    "id": "file:///Users/abettati/Desktop/apisContentFull/4780.json#/web-api/end-points/%2Fmethod%2FCustomer_Invoice_Search/post/request/parameter/ticket/scalar/schema"
  },
  "id": "file:///Users/abettati/Desktop/apisContentFull/4780.json#/web-api/end-points/%2Fmethod%2FCustomer_Invoice_Search/post/request/parameter/ticket"
}, {
  "http://a.ml/vocabularies/apiContract#binding": "query",
  "http://a.ml/vocabularies/apiContract#paramName": "CompanySN",
  "http://a.ml/vocabularies/apiContract#required": "true",
  "http://a.ml/vocabularies/core#description": "Company serial number",
  "http://a.ml/vocabularies/core#name": "CompanySN",
  "http://a.ml/vocabularies/shapes#schema": {
    "http://a.ml/vocabularies/core#description": "Company serial number",
    "http://www.w3.org/ns/shacl#datatype": "http://www.w3.org/2001/XMLSchema#string",
    "http://www.w3.org/ns/shacl#name": "schema",
    "id": "file:///Users/abettati/Desktop/apisContentFull/4780.json#/web-api/end-points/%2Fmethod%2FCustomer_InvoiceDetail_Search/post/request/parameter/CompanySN/scalar/schema"
  },
  "id": "file:///Users/abettati/Desktop/apisContentFull/4780.json#/web-api/end-points/%2Fmethod%2FCustomer_InvoiceDetail_Search/post/request/parameter/CompanySN"
}, {
  "http://a.ml/vocabularies/apiContract#binding": "query",
  "http://a.ml/vocabularies/apiContract#paramName": "ticket",
  "http://a.ml/vocabularies/apiContract#required": "true",
  "http://a.ml/vocabularies/core#description": "Session ticket",
  "http://a.ml/vocabularies/core#name": "ticket",
  "http://a.ml/vocabularies/shapes#schema": {
    "http://a.ml/vocabularies/core#description": "Session ticket",
    "http://www.w3.org/ns/shacl#datatype": "http://www.w3.org/2001/XMLSchema#string",
    "http://www.w3.org/ns/shacl#name": "schema",
    "id": "file:///Users/abettati/Desktop/apisContentFull/4780.json#/web-api/end-points/%2Fmethod%2FCustomer_InvoiceDetail_Search/post/request/parameter/ticket/scalar/schema"
  },
  "id": "file:///Users/abettati/Desktop/apisContentFull/4780.json#/web-api/end-points/%2Fmethod%2FCustomer_InvoiceDetail_Search/post/request/parameter/ticket"
}, {
  "http://a.ml/vocabularies/apiContract#binding": "query",
  "http://a.ml/vocabularies/apiContract#paramName": "CompanySN",
  "http://a.ml/vocabularies/apiContract#required": "true",
  "http://a.ml/vocabularies/core#description": "Company serial number",
  "http://a.ml/vocabularies/core#name": "CompanySN",
  "http://a.ml/vocabularies/shapes#schema": {
    "http://a.ml/vocabularies/core#description": "Company serial number",
    "http://www.w3.org/ns/shacl#datatype": "http://www.w3.org/2001/XMLSchema#string",
    "http://www.w3.org/ns/shacl#name": "schema",
    "id": "file:///Users/abettati/Desktop/apisContentFull/4780.json#/web-api/end-points/%2Fmethod%2FCustomer_Order_ServiceInterview_Search/post/request/parameter/CompanySN/scalar/schema"
  },
  "id": "file:///Users/abettati/Desktop/apisContentFull/4780.json#/web-api/end-points/%2Fmethod%2FCustomer_Order_ServiceInterview_Search/post/request/parameter/CompanySN"
}, {
  "http://a.ml/vocabularies/apiContract#binding": "query",
  "http://a.ml/vocabularies/apiContract#paramName": "ticket",
  "http://a.ml/vocabularies/apiContract#required": "true",
  "http://a.ml/vocabularies/core#description": "Session ticket",
  "http://a.ml/vocabularies/core#name": "ticket",
  "http://a.ml/vocabularies/shapes#schema": {
    "http://a.ml/vocabularies/core#description": "Session ticket",
    "http://www.w3.org/ns/shacl#datatype": "http://www.w3.org/2001/XMLSchema#string",
    "http://www.w3.org/ns/shacl#name": "schema",
    "id": "file:///Users/abettati/Desktop/apisContentFull/4780.json#/web-api/end-points/%2Fmethod%2FCustomer_Order_ServiceInterview_Search/post/request/parameter/ticket/scalar/schema"
  },
  "id": "file:///Users/abettati/Desktop/apisContentFull/4780.json#/web-api/end-points/%2Fmethod%2FCustomer_Order_ServiceInterview_Search/post/request/parameter/ticket"
}, {
  "http://a.ml/vocabularies/apiContract#binding": "query",
  "http://a.ml/vocabularies/apiContract#paramName": "CompanySN",
  "http://a.ml/vocabularies/apiContract#required": "true",
  "http://a.ml/vocabularies/core#description": "Company serial number",
  "http://a.ml/vocabularies/core#name": "CompanySN",
  "http://a.ml/vocabularies/shapes#schema": {
    "http://a.ml/vocabularies/core#description": "Company serial number",
    "http://www.w3.org/ns/shacl#datatype": "http://www.w3.org/2001/XMLSchema#string",
    "http://www.w3.org/ns/shacl#name": "schema",
    "id": "file:///Users/abettati/Desktop/apisContentFull/4780.json#/web-api/end-points/%2Fmethod%2FCustomer_Lead_Search/post/request/parameter/CompanySN/scalar/schema"
  },
  "id": "file:///Users/abettati/Desktop/apisContentFull/4780.json#/web-api/end-points/%2Fmethod%2FCustomer_Lead_Search/post/request/parameter/CompanySN"
}, {
  "http://a.ml/vocabularies/apiContract#binding": "query",
  "http://a.ml/vocabularies/apiContract#paramName": "ticket",
  "http://a.ml/vocabularies/apiContract#required": "true",
  "http://a.ml/vocabularies/core#description": "Session ticket",
  "http://a.ml/vocabularies/core#name": "ticket",
  "http://a.ml/vocabularies/shapes#schema": {
    "http://a.ml/vocabularies/core#description": "Session ticket",
    "http://www.w3.org/ns/shacl#datatype": "http://www.w3.org/2001/XMLSchema#string",
    "http://www.w3.org/ns/shacl#name": "schema",
    "id": "file:///Users/abettati/Desktop/apisContentFull/4780.json#/web-api/end-points/%2Fmethod%2FCustomer_Lead_Search/post/request/parameter/ticket/scalar/schema"
  },
  "id": "file:///Users/abettati/Desktop/apisContentFull/4780.json#/web-api/end-points/%2Fmethod%2FCustomer_Lead_Search/post/request/parameter/ticket"
}, {
  "http://a.ml/vocabularies/apiContract#binding": "query",
  "http://a.ml/vocabularies/apiContract#paramName": "CompanySN",
  "http://a.ml/vocabularies/apiContract#required": "true",
  "http://a.ml/vocabularies/core#description": "Company serial number",
  "http://a.ml/vocabularies/core#name": "CompanySN",
  "http://a.ml/vocabularies/shapes#schema": {
    "http://a.ml/vocabularies/core#description": "Company serial number",
    "http://www.w3.org/ns/shacl#datatype": "http://www.w3.org/2001/XMLSchema#string",
    "http://www.w3.org/ns/shacl#name": "schema",
    "id": "file:///Users/abettati/Desktop/apisContentFull/4780.json#/web-api/end-points/%2Fmethod%2FCustomer_Lead_Status_Check/post/request/parameter/CompanySN/scalar/schema"
  },
  "id": "file:///Users/abettati/Desktop/apisContentFull/4780.json#/web-api/end-points/%2Fmethod%2FCustomer_Lead_Status_Check/post/request/parameter/CompanySN"
}, {
  "http://a.ml/vocabularies/apiContract#binding": "query",
  "http://a.ml/vocabularies/apiContract#paramName": "ticket",
  "http://a.ml/vocabularies/apiContract#required": "true",
  "http://a.ml/vocabularies/core#description": "Session ticket",
  "http://a.ml/vocabularies/core#name": "ticket",
  "http://a.ml/vocabularies/shapes#schema": {
    "http://a.ml/vocabularies/core#description": "Session ticket",
    "http://www.w3.org/ns/shacl#datatype": "http://www.w3.org/2001/XMLSchema#string",
    "http://www.w3.org/ns/shacl#name": "schema",
    "id": "file:///Users/abettati/Desktop/apisContentFull/4780.json#/web-api/end-points/%2Fmethod%2FCustomer_Lead_Status_Check/post/request/parameter/ticket/scalar/schema"
  },
  "id": "file:///Users/abettati/Desktop/apisContentFull/4780.json#/web-api/end-points/%2Fmethod%2FCustomer_Lead_Status_Check/post/request/parameter/ticket"
}, {
  "http://a.ml/vocabularies/apiContract#binding": "query",
  "http://a.ml/vocabularies/apiContract#paramName": "CompanySN",
  "http://a.ml/vocabularies/apiContract#required": "true",
  "http://a.ml/vocabularies/core#description": "Company serial number",
  "http://a.ml/vocabularies/core#name": "CompanySN",
  "http://a.ml/vocabularies/shapes#schema": {
    "http://a.ml/vocabularies/core#description": "Company serial number",
    "http://www.w3.org/ns/shacl#datatype": "http://www.w3.org/2001/XMLSchema#string",
    "http://www.w3.org/ns/shacl#name": "schema",
    "id": "file:///Users/abettati/Desktop/apisContentFull/4780.json#/web-api/end-points/%2Fmethod%2FCustomer_Order_Add/post/request/parameter/CompanySN/scalar/schema"
  },
  "id": "file:///Users/abettati/Desktop/apisContentFull/4780.json#/web-api/end-points/%2Fmethod%2FCustomer_Order_Add/post/request/parameter/CompanySN"
}, {
  "http://a.ml/vocabularies/apiContract#binding": "query",
  "http://a.ml/vocabularies/apiContract#paramName": "ticket",
  "http://a.ml/vocabularies/apiContract#required": "true",
  "http://a.ml/vocabularies/core#description": "Session ticket",
  "http://a.ml/vocabularies/core#name": "ticket",
  "http://a.ml/vocabularies/shapes#schema": {
    "http://a.ml/vocabularies/core#description": "Session ticket",
    "http://www.w3.org/ns/shacl#datatype": "http://www.w3.org/2001/XMLSchema#string",
    "http://www.w3.org/ns/shacl#name": "schema",
    "id": "file:///Users/abettati/Desktop/apisContentFull/4780.json#/web-api/end-points/%2Fmethod%2FCustomer_Order_Add/post/request/parameter/ticket/scalar/schema"
  },
  "id": "file:///Users/abettati/Desktop/apisContentFull/4780.json#/web-api/end-points/%2Fmethod%2FCustomer_Order_Add/post/request/parameter/ticket"
}, {
  "http://a.ml/vocabularies/apiContract#binding": "query",
  "http://a.ml/vocabularies/apiContract#paramName": "CompanySN",
  "http://a.ml/vocabularies/apiContract#required": "true",
  "http://a.ml/vocabularies/core#description": "Company serial number",
  "http://a.ml/vocabularies/core#name": "CompanySN",
  "http://a.ml/vocabularies/shapes#schema": {
    "http://a.ml/vocabularies/core#description": "Company serial number",
    "http://www.w3.org/ns/shacl#datatype": "http://www.w3.org/2001/XMLSchema#string",
    "http://www.w3.org/ns/shacl#name": "schema",
    "id": "file:///Users/abettati/Desktop/apisContentFull/4780.json#/web-api/end-points/%2Fmethod%2FCustomer_Order_LineItem_Calculate/post/request/parameter/CompanySN/scalar/schema"
  },
  "id": "file:///Users/abettati/Desktop/apisContentFull/4780.json#/web-api/end-points/%2Fmethod%2FCustomer_Order_LineItem_Calculate/post/request/parameter/CompanySN"
}, {
  "http://a.ml/vocabularies/apiContract#binding": "query",
  "http://a.ml/vocabularies/apiContract#paramName": "ticket",
  "http://a.ml/vocabularies/apiContract#required": "true",
  "http://a.ml/vocabularies/core#description": "Session ticket",
  "http://a.ml/vocabularies/core#name": "ticket",
  "http://a.ml/vocabularies/shapes#schema": {
    "http://a.ml/vocabularies/core#description": "Session ticket",
    "http://www.w3.org/ns/shacl#datatype": "http://www.w3.org/2001/XMLSchema#string",
    "http://www.w3.org/ns/shacl#name": "schema",
    "id": "file:///Users/abettati/Desktop/apisContentFull/4780.json#/web-api/end-points/%2Fmethod%2FCustomer_Order_LineItem_Calculate/post/request/parameter/ticket/scalar/schema"
  },
  "id": "file:///Users/abettati/Desktop/apisContentFull/4780.json#/web-api/end-points/%2Fmethod%2FCustomer_Order_LineItem_Calculate/post/request/parameter/ticket"
}, {
  "http://a.ml/vocabularies/apiContract#binding": "query",
  "http://a.ml/vocabularies/apiContract#paramName": "CompanySN",
  "http://a.ml/vocabularies/apiContract#required": "true",
  "http://a.ml/vocabularies/core#description": "Company serial number",
  "http://a.ml/vocabularies/core#name": "CompanySN",
  "http://a.ml/vocabularies/shapes#schema": {
    "http://a.ml/vocabularies/core#description": "Company serial number",
    "http://www.w3.org/ns/shacl#datatype": "http://www.w3.org/2001/XMLSchema#string",
    "http://www.w3.org/ns/shacl#name": "schema",
    "id": "file:///Users/abettati/Desktop/apisContentFull/4780.json#/web-api/end-points/%2Fmethod%2FCustomer_Payment_Add/post/request/parameter/CompanySN/scalar/schema"
  },
  "id": "file:///Users/abettati/Desktop/apisContentFull/4780.json#/web-api/end-points/%2Fmethod%2FCustomer_Payment_Add/post/request/parameter/CompanySN"
}, {
  "http://a.ml/vocabularies/apiContract#binding": "query",
  "http://a.ml/vocabularies/apiContract#paramName": "ticket",
  "http://a.ml/vocabularies/apiContract#required": "true",
  "http://a.ml/vocabularies/core#description": "Session ticket",
  "http://a.ml/vocabularies/core#name": "ticket",
  "http://a.ml/vocabularies/shapes#schema": {
    "http://a.ml/vocabularies/core#description": "Session ticket",
    "http://www.w3.org/ns/shacl#datatype": "http://www.w3.org/2001/XMLSchema#string",
    "http://www.w3.org/ns/shacl#name": "schema",
    "id": "file:///Users/abettati/Desktop/apisContentFull/4780.json#/web-api/end-points/%2Fmethod%2FCustomer_Payment_Add/post/request/parameter/ticket/scalar/schema"
  },
  "id": "file:///Users/abettati/Desktop/apisContentFull/4780.json#/web-api/end-points/%2Fmethod%2FCustomer_Payment_Add/post/request/parameter/ticket"
}, {
  "http://a.ml/vocabularies/apiContract#binding": "query",
  "http://a.ml/vocabularies/apiContract#paramName": "CompanySN",
  "http://a.ml/vocabularies/apiContract#required": "true",
  "http://a.ml/vocabularies/core#description": "Company serial number",
  "http://a.ml/vocabularies/core#name": "CompanySN",
  "http://a.ml/vocabularies/shapes#schema": {
    "http://a.ml/vocabularies/core#description": "Company serial number",
    "http://www.w3.org/ns/shacl#datatype": "http://www.w3.org/2001/XMLSchema#string",
    "http://www.w3.org/ns/shacl#name": "schema",
    "id": "file:///Users/abettati/Desktop/apisContentFull/4780.json#/web-api/end-points/%2Fmethod%2FCustomer_PaymentMethod_Search/post/request/parameter/CompanySN/scalar/schema"
  },
  "id": "file:///Users/abettati/Desktop/apisContentFull/4780.json#/web-api/end-points/%2Fmethod%2FCustomer_PaymentMethod_Search/post/request/parameter/CompanySN"
}, {
  "http://a.ml/vocabularies/apiContract#binding": "query",
  "http://a.ml/vocabularies/apiContract#paramName": "ticket",
  "http://a.ml/vocabularies/apiContract#required": "true",
  "http://a.ml/vocabularies/core#description": "Session ticket",
  "http://a.ml/vocabularies/core#name": "ticket",
  "http://a.ml/vocabularies/shapes#schema": {
    "http://a.ml/vocabularies/core#description": "Session ticket",
    "http://www.w3.org/ns/shacl#datatype": "http://www.w3.org/2001/XMLSchema#string",
    "http://www.w3.org/ns/shacl#name": "schema",
    "id": "file:///Users/abettati/Desktop/apisContentFull/4780.json#/web-api/end-points/%2Fmethod%2FCustomer_PaymentMethod_Search/post/request/parameter/ticket/scalar/schema"
  },
  "id": "file:///Users/abettati/Desktop/apisContentFull/4780.json#/web-api/end-points/%2Fmethod%2FCustomer_PaymentMethod_Search/post/request/parameter/ticket"
}, {
  "http://a.ml/vocabularies/apiContract#binding": "query",
  "http://a.ml/vocabularies/apiContract#paramName": "CompanySN",
  "http://a.ml/vocabularies/apiContract#required": "true",
  "http://a.ml/vocabularies/core#description": "Company serial number",
  "http://a.ml/vocabularies/core#name": "CompanySN",
  "http://a.ml/vocabularies/shapes#schema": {
    "http://a.ml/vocabularies/core#description": "Company serial number",
    "http://www.w3.org/ns/shacl#datatype": "http://www.w3.org/2001/XMLSchema#string",
    "http://www.w3.org/ns/shacl#name": "schema",
    "id": "file:///Users/abettati/Desktop/apisContentFull/4780.json#/web-api/end-points/%2Fmethod%2FCustomer_Statement_Get/post/request/parameter/CompanySN/scalar/schema"
  },
  "id": "file:///Users/abettati/Desktop/apisContentFull/4780.json#/web-api/end-points/%2Fmethod%2FCustomer_Statement_Get/post/request/parameter/CompanySN"
}, {
  "http://a.ml/vocabularies/apiContract#binding": "query",
  "http://a.ml/vocabularies/apiContract#paramName": "ticket",
  "http://a.ml/vocabularies/apiContract#required": "true",
  "http://a.ml/vocabularies/core#description": "Session ticket",
  "http://a.ml/vocabularies/core#name": "ticket",
  "http://a.ml/vocabularies/shapes#schema": {
    "http://a.ml/vocabularies/core#description": "Session ticket",
    "http://www.w3.org/ns/shacl#datatype": "http://www.w3.org/2001/XMLSchema#string",
    "http://www.w3.org/ns/shacl#name": "schema",
    "id": "file:///Users/abettati/Desktop/apisContentFull/4780.json#/web-api/end-points/%2Fmethod%2FCustomer_Statement_Get/post/request/parameter/ticket/scalar/schema"
  },
  "id": "file:///Users/abettati/Desktop/apisContentFull/4780.json#/web-api/end-points/%2Fmethod%2FCustomer_Statement_Get/post/request/parameter/ticket"
}, {
  "http://a.ml/vocabularies/apiContract#binding": "query",
  "http://a.ml/vocabularies/apiContract#paramName": "CompanySN",
  "http://a.ml/vocabularies/apiContract#required": "true",
  "http://a.ml/vocabularies/core#description": "Company serial number",
  "http://a.ml/vocabularies/core#name": "CompanySN",
  "http://a.ml/vocabularies/shapes#schema": {
    "http://a.ml/vocabularies/core#description": "Company serial number",
    "http://www.w3.org/ns/shacl#datatype": "http://www.w3.org/2001/XMLSchema#string",
    "http://www.w3.org/ns/shacl#name": "schema",
    "id": "file:///Users/abettati/Desktop/apisContentFull/4780.json#/web-api/end-points/%2Fmethod%2FCustomer_Schedule_Search/post/request/parameter/CompanySN/scalar/schema"
  },
  "id": "file:///Users/abettati/Desktop/apisContentFull/4780.json#/web-api/end-points/%2Fmethod%2FCustomer_Schedule_Search/post/request/parameter/CompanySN"
}, {
  "http://a.ml/vocabularies/apiContract#binding": "query",
  "http://a.ml/vocabularies/apiContract#paramName": "ticket",
  "http://a.ml/vocabularies/apiContract#required": "true",
  "http://a.ml/vocabularies/core#description": "Session ticket",
  "http://a.ml/vocabularies/core#name": "ticket",
  "http://a.ml/vocabularies/shapes#schema": {
    "http://a.ml/vocabularies/core#description": "Session ticket",
    "http://www.w3.org/ns/shacl#datatype": "http://www.w3.org/2001/XMLSchema#string",
    "http://www.w3.org/ns/shacl#name": "schema",
    "id": "file:///Users/abettati/Desktop/apisContentFull/4780.json#/web-api/end-points/%2Fmethod%2FCustomer_Schedule_Search/post/request/parameter/ticket/scalar/schema"
  },
  "id": "file:///Users/abettati/Desktop/apisContentFull/4780.json#/web-api/end-points/%2Fmethod%2FCustomer_Schedule_Search/post/request/parameter/ticket"
}, {
  "http://a.ml/vocabularies/apiContract#binding": "query",
  "http://a.ml/vocabularies/apiContract#paramName": "CompanySN",
  "http://a.ml/vocabularies/apiContract#required": "true",
  "http://a.ml/vocabularies/core#description": "Company serial number",
  "http://a.ml/vocabularies/core#name": "CompanySN",
  "http://a.ml/vocabularies/shapes#schema": {
    "http://a.ml/vocabularies/core#description": "Company serial number",
    "http://www.w3.org/ns/shacl#datatype": "http://www.w3.org/2001/XMLSchema#string",
    "http://www.w3.org/ns/shacl#name": "schema",
    "id": "file:///Users/abettati/Desktop/apisContentFull/4780.json#/web-api/end-points/%2Fmethod%2FEmployee_Search/post/request/parameter/CompanySN/scalar/schema"
  },
  "id": "file:///Users/abettati/Desktop/apisContentFull/4780.json#/web-api/end-points/%2Fmethod%2FEmployee_Search/post/request/parameter/CompanySN"
}, {
  "http://a.ml/vocabularies/apiContract#binding": "query",
  "http://a.ml/vocabularies/apiContract#paramName": "ticket",
  "http://a.ml/vocabularies/apiContract#required": "true",
  "http://a.ml/vocabularies/core#description": "Session ticket",
  "http://a.ml/vocabularies/core#name": "ticket",
  "http://a.ml/vocabularies/shapes#schema": {
    "http://a.ml/vocabularies/core#description": "Session ticket",
    "http://www.w3.org/ns/shacl#datatype": "http://www.w3.org/2001/XMLSchema#string",
    "http://www.w3.org/ns/shacl#name": "schema",
    "id": "file:///Users/abettati/Desktop/apisContentFull/4780.json#/web-api/end-points/%2Fmethod%2FEmployee_Search/post/request/parameter/ticket/scalar/schema"
  },
  "id": "file:///Users/abettati/Desktop/apisContentFull/4780.json#/web-api/end-points/%2Fmethod%2FEmployee_Search/post/request/parameter/ticket"
}, {
  "http://a.ml/vocabularies/apiContract#binding": "query",
  "http://a.ml/vocabularies/apiContract#paramName": "CompanySN",
  "http://a.ml/vocabularies/apiContract#required": "true",
  "http://a.ml/vocabularies/core#description": "Company serial number",
  "http://a.ml/vocabularies/core#name": "CompanySN",
  "http://a.ml/vocabularies/shapes#schema": {
    "http://a.ml/vocabularies/core#description": "Company serial number",
    "http://www.w3.org/ns/shacl#datatype": "http://www.w3.org/2001/XMLSchema#string",
    "http://www.w3.org/ns/shacl#name": "schema",
    "id": "file:///Users/abettati/Desktop/apisContentFull/4780.json#/web-api/end-points/%2Fmethod%2FEmployee_Task_Add/post/request/parameter/CompanySN/scalar/schema"
  },
  "id": "file:///Users/abettati/Desktop/apisContentFull/4780.json#/web-api/end-points/%2Fmethod%2FEmployee_Task_Add/post/request/parameter/CompanySN"
}, {
  "http://a.ml/vocabularies/apiContract#binding": "query",
  "http://a.ml/vocabularies/apiContract#paramName": "ticket",
  "http://a.ml/vocabularies/apiContract#required": "true",
  "http://a.ml/vocabularies/core#description": "Session ticket",
  "http://a.ml/vocabularies/core#name": "ticket",
  "http://a.ml/vocabularies/shapes#schema": {
    "http://a.ml/vocabularies/core#description": "Session ticket",
    "http://www.w3.org/ns/shacl#datatype": "http://www.w3.org/2001/XMLSchema#string",
    "http://www.w3.org/ns/shacl#name": "schema",
    "id": "file:///Users/abettati/Desktop/apisContentFull/4780.json#/web-api/end-points/%2Fmethod%2FEmployee_Task_Add/post/request/parameter/ticket/scalar/schema"
  },
  "id": "file:///Users/abettati/Desktop/apisContentFull/4780.json#/web-api/end-points/%2Fmethod%2FEmployee_Task_Add/post/request/parameter/ticket"
}, {
  "http://a.ml/vocabularies/apiContract#binding": "query",
  "http://a.ml/vocabularies/apiContract#paramName": "CompanySN",
  "http://a.ml/vocabularies/apiContract#required": "true",
  "http://a.ml/vocabularies/core#description": "Company serial number",
  "http://a.ml/vocabularies/core#name": "CompanySN",
  "http://a.ml/vocabularies/shapes#schema": {
    "http://a.ml/vocabularies/core#description": "Company serial number",
    "http://www.w3.org/ns/shacl#datatype": "http://www.w3.org/2001/XMLSchema#string",
    "http://www.w3.org/ns/shacl#name": "schema",
    "id": "file:///Users/abettati/Desktop/apisContentFull/4780.json#/web-api/end-points/%2Fmethod%2FInventory_Vendor_Search/post/request/parameter/CompanySN/scalar/schema"
  },
  "id": "file:///Users/abettati/Desktop/apisContentFull/4780.json#/web-api/end-points/%2Fmethod%2FInventory_Vendor_Search/post/request/parameter/CompanySN"
}, {
  "http://a.ml/vocabularies/apiContract#binding": "query",
  "http://a.ml/vocabularies/apiContract#paramName": "ticket",
  "http://a.ml/vocabularies/apiContract#required": "true",
  "http://a.ml/vocabularies/core#description": "Session ticket",
  "http://a.ml/vocabularies/core#name": "ticket",
  "http://a.ml/vocabularies/shapes#schema": {
    "http://a.ml/vocabularies/core#description": "Session ticket",
    "http://www.w3.org/ns/shacl#datatype": "http://www.w3.org/2001/XMLSchema#string",
    "http://www.w3.org/ns/shacl#name": "schema",
    "id": "file:///Users/abettati/Desktop/apisContentFull/4780.json#/web-api/end-points/%2Fmethod%2FInventory_Vendor_Search/post/request/parameter/ticket/scalar/schema"
  },
  "id": "file:///Users/abettati/Desktop/apisContentFull/4780.json#/web-api/end-points/%2Fmethod%2FInventory_Vendor_Search/post/request/parameter/ticket"
}, {
  "http://a.ml/vocabularies/apiContract#binding": "query",
  "http://a.ml/vocabularies/apiContract#paramName": "CompanySN",
  "http://a.ml/vocabularies/apiContract#required": "true",
  "http://a.ml/vocabularies/core#description": "Company serial number",
  "http://a.ml/vocabularies/core#name": "CompanySN",
  "http://a.ml/vocabularies/shapes#schema": {
    "http://a.ml/vocabularies/core#description": "Company serial number",
    "http://www.w3.org/ns/shacl#datatype": "http://www.w3.org/2001/XMLSchema#string",
    "http://www.w3.org/ns/shacl#name": "schema",
    "id": "file:///Users/abettati/Desktop/apisContentFull/4780.json#/web-api/end-points/%2Fmethod%2FInventory_ProductLine_Search/post/request/parameter/CompanySN/scalar/schema"
  },
  "id": "file:///Users/abettati/Desktop/apisContentFull/4780.json#/web-api/end-points/%2Fmethod%2FInventory_ProductLine_Search/post/request/parameter/CompanySN"
}, {
  "http://a.ml/vocabularies/apiContract#binding": "query",
  "http://a.ml/vocabularies/apiContract#paramName": "ticket",
  "http://a.ml/vocabularies/apiContract#required": "true",
  "http://a.ml/vocabularies/core#description": "Session ticket",
  "http://a.ml/vocabularies/core#name": "ticket",
  "http://a.ml/vocabularies/shapes#schema": {
    "http://a.ml/vocabularies/core#description": "Session ticket",
    "http://www.w3.org/ns/shacl#datatype": "http://www.w3.org/2001/XMLSchema#string",
    "http://www.w3.org/ns/shacl#name": "schema",
    "id": "file:///Users/abettati/Desktop/apisContentFull/4780.json#/web-api/end-points/%2Fmethod%2FInventory_ProductLine_Search/post/request/parameter/ticket/scalar/schema"
  },
  "id": "file:///Users/abettati/Desktop/apisContentFull/4780.json#/web-api/end-points/%2Fmethod%2FInventory_ProductLine_Search/post/request/parameter/ticket"
}, {
  "http://a.ml/vocabularies/apiContract#binding": "query",
  "http://a.ml/vocabularies/apiContract#paramName": "CompanySN",
  "http://a.ml/vocabularies/apiContract#required": "true",
  "http://a.ml/vocabularies/core#description": "Company serial number",
  "http://a.ml/vocabularies/core#name": "CompanySN",
  "http://a.ml/vocabularies/shapes#schema": {
    "http://a.ml/vocabularies/core#description": "Company serial number",
    "http://www.w3.org/ns/shacl#datatype": "http://www.w3.org/2001/XMLSchema#string",
    "http://www.w3.org/ns/shacl#name": "schema",
    "id": "file:///Users/abettati/Desktop/apisContentFull/4780.json#/web-api/end-points/%2Fmethod%2FInventory_DistributionMethod_Search/post/request/parameter/CompanySN/scalar/schema"
  },
  "id": "file:///Users/abettati/Desktop/apisContentFull/4780.json#/web-api/end-points/%2Fmethod%2FInventory_DistributionMethod_Search/post/request/parameter/CompanySN"
}, {
  "http://a.ml/vocabularies/apiContract#binding": "query",
  "http://a.ml/vocabularies/apiContract#paramName": "ticket",
  "http://a.ml/vocabularies/apiContract#required": "true",
  "http://a.ml/vocabularies/core#description": "Session ticket",
  "http://a.ml/vocabularies/core#name": "ticket",
  "http://a.ml/vocabularies/shapes#schema": {
    "http://a.ml/vocabularies/core#description": "Session ticket",
    "http://www.w3.org/ns/shacl#datatype": "http://www.w3.org/2001/XMLSchema#string",
    "http://www.w3.org/ns/shacl#name": "schema",
    "id": "file:///Users/abettati/Desktop/apisContentFull/4780.json#/web-api/end-points/%2Fmethod%2FInventory_DistributionMethod_Search/post/request/parameter/ticket/scalar/schema"
  },
  "id": "file:///Users/abettati/Desktop/apisContentFull/4780.json#/web-api/end-points/%2Fmethod%2FInventory_DistributionMethod_Search/post/request/parameter/ticket"
}, {
  "http://a.ml/vocabularies/apiContract#binding": "query",
  "http://a.ml/vocabularies/apiContract#paramName": "CompanySN",
  "http://a.ml/vocabularies/apiContract#required": "true",
  "http://a.ml/vocabularies/core#description": "Company serial number",
  "http://a.ml/vocabularies/core#name": "CompanySN",
  "http://a.ml/vocabularies/shapes#schema": {
    "http://a.ml/vocabularies/core#description": "Company serial number",
    "http://www.w3.org/ns/shacl#datatype": "http://www.w3.org/2001/XMLSchema#string",
    "http://www.w3.org/ns/shacl#defaultValue": {
      "http://a.ml/vocabularies/core#name": "scalar_1",
      "http://a.ml/vocabularies/data#value": "20091102165026*177",
      "http://www.w3.org/ns/shacl#datatype": "http://www.w3.org/2001/XMLSchema#string",
      "id": "file:///Users/abettati/Desktop/apisContentFull/4780.json#/web-api/end-points/%2Fmethod%2FInventory_Item_Get/post/request/parameter/CompanySN/scalar/schema/scalar_1"
    },
    "http://www.w3.org/ns/shacl#defaultValueStr": "20091102165026*177",
    "http://www.w3.org/ns/shacl#name": "schema",
    "id": "file:///Users/abettati/Desktop/apisContentFull/4780.json#/web-api/end-points/%2Fmethod%2FInventory_Item_Get/post/request/parameter/CompanySN/scalar/schema"
  },
  "id": "file:///Users/abettati/Desktop/apisContentFull/4780.json#/web-api/end-points/%2Fmethod%2FInventory_Item_Get/post/request/parameter/CompanySN"
}, {
  "http://a.ml/vocabularies/apiContract#binding": "query",
  "http://a.ml/vocabularies/apiContract#paramName": "ticket",
  "http://a.ml/vocabularies/apiContract#required": "true",
  "http://a.ml/vocabularies/core#description": "Session ticket",
  "http://a.ml/vocabularies/core#name": "ticket",
  "http://a.ml/vocabularies/shapes#schema": {
    "http://a.ml/vocabularies/core#description": "Session ticket",
    "http://www.w3.org/ns/shacl#datatype": "http://www.w3.org/2001/XMLSchema#string",
    "http://www.w3.org/ns/shacl#defaultValue": {
      "http://a.ml/vocabularies/core#name": "scalar_1",
      "http://a.ml/vocabularies/data#value": "53dd22a7-12ba-4f94-986f-fe140018c4f7",
      "http://www.w3.org/ns/shacl#datatype": "http://www.w3.org/2001/XMLSchema#string",
      "id": "file:///Users/abettati/Desktop/apisContentFull/4780.json#/web-api/end-points/%2Fmethod%2FInventory_Item_Get/post/request/parameter/ticket/scalar/schema/scalar_1"
    },
    "http://www.w3.org/ns/shacl#defaultValueStr": "53dd22a7-12ba-4f94-986f-fe140018c4f7",
    "http://www.w3.org/ns/shacl#name": "schema",
    "id": "file:///Users/abettati/Desktop/apisContentFull/4780.json#/web-api/end-points/%2Fmethod%2FInventory_Item_Get/post/request/parameter/ticket/scalar/schema"
  },
  "id": "file:///Users/abettati/Desktop/apisContentFull/4780.json#/web-api/end-points/%2Fmethod%2FInventory_Item_Get/post/request/parameter/ticket"
}, {
  "http://a.ml/vocabularies/apiContract#binding": "query",
  "http://a.ml/vocabularies/apiContract#paramName": "CompanySN",
  "http://a.ml/vocabularies/apiContract#required": "true",
  "http://a.ml/vocabularies/core#description": "Company serial number",
  "http://a.ml/vocabularies/core#name": "CompanySN",
  "http://a.ml/vocabularies/shapes#schema": {
    "http://a.ml/vocabularies/core#description": "Company serial number",
    "http://www.w3.org/ns/shacl#datatype": "http://www.w3.org/2001/XMLSchema#string",
    "http://www.w3.org/ns/shacl#name": "schema",
    "id": "file:///Users/abettati/Desktop/apisContentFull/4780.json#/web-api/end-points/%2Fmethod%2FInventory_Item_StockSiteQuantity_Get/post/request/parameter/CompanySN/scalar/schema"
  },
  "id": "file:///Users/abettati/Desktop/apisContentFull/4780.json#/web-api/end-points/%2Fmethod%2FInventory_Item_StockSiteQuantity_Get/post/request/parameter/CompanySN"
}, {
  "http://a.ml/vocabularies/apiContract#binding": "query",
  "http://a.ml/vocabularies/apiContract#paramName": "ticket",
  "http://a.ml/vocabularies/apiContract#required": "true",
  "http://a.ml/vocabularies/core#description": "Session ticket",
  "http://a.ml/vocabularies/core#name": "ticket",
  "http://a.ml/vocabularies/shapes#schema": {
    "http://a.ml/vocabularies/core#description": "Session ticket",
    "http://www.w3.org/ns/shacl#datatype": "http://www.w3.org/2001/XMLSchema#string",
    "http://www.w3.org/ns/shacl#name": "schema",
    "id": "file:///Users/abettati/Desktop/apisContentFull/4780.json#/web-api/end-points/%2Fmethod%2FInventory_Item_StockSiteQuantity_Get/post/request/parameter/ticket/scalar/schema"
  },
  "id": "file:///Users/abettati/Desktop/apisContentFull/4780.json#/web-api/end-points/%2Fmethod%2FInventory_Item_StockSiteQuantity_Get/post/request/parameter/ticket"
}, {
  "http://a.ml/vocabularies/apiContract#binding": "query",
  "http://a.ml/vocabularies/apiContract#paramName": "CompanySN",
  "http://a.ml/vocabularies/apiContract#required": "true",
  "http://a.ml/vocabularies/core#description": "Company serial number",
  "http://a.ml/vocabularies/core#name": "CompanySN",
  "http://a.ml/vocabularies/shapes#schema": {
    "http://a.ml/vocabularies/core#description": "Company serial number",
    "http://www.w3.org/ns/shacl#datatype": "http://www.w3.org/2001/XMLSchema#string",
    "http://www.w3.org/ns/shacl#name": "schema",
    "id": "file:///Users/abettati/Desktop/apisContentFull/4780.json#/web-api/end-points/%2Fmethod%2FInventory_Item_Search/post/request/parameter/CompanySN/scalar/schema"
  },
  "id": "file:///Users/abettati/Desktop/apisContentFull/4780.json#/web-api/end-points/%2Fmethod%2FInventory_Item_Search/post/request/parameter/CompanySN"
}, {
  "http://a.ml/vocabularies/apiContract#binding": "query",
  "http://a.ml/vocabularies/apiContract#paramName": "ticket",
  "http://a.ml/vocabularies/apiContract#required": "true",
  "http://a.ml/vocabularies/core#description": "Session ticket",
  "http://a.ml/vocabularies/core#name": "ticket",
  "http://a.ml/vocabularies/shapes#schema": {
    "http://a.ml/vocabularies/core#description": "Session ticket",
    "http://www.w3.org/ns/shacl#datatype": "http://www.w3.org/2001/XMLSchema#string",
    "http://www.w3.org/ns/shacl#name": "schema",
    "id": "file:///Users/abettati/Desktop/apisContentFull/4780.json#/web-api/end-points/%2Fmethod%2FInventory_Item_Search/post/request/parameter/ticket/scalar/schema"
  },
  "id": "file:///Users/abettati/Desktop/apisContentFull/4780.json#/web-api/end-points/%2Fmethod%2FInventory_Item_Search/post/request/parameter/ticket"
}, {
  "http://a.ml/vocabularies/apiContract#binding": "query",
  "http://a.ml/vocabularies/apiContract#paramName": "CompanySN",
  "http://a.ml/vocabularies/apiContract#required": "true",
  "http://a.ml/vocabularies/core#description": "Company serial number",
  "http://a.ml/vocabularies/core#name": "CompanySN",
  "http://a.ml/vocabularies/shapes#schema": {
    "http://a.ml/vocabularies/core#description": "Company serial number",
    "http://www.w3.org/ns/shacl#datatype": "http://www.w3.org/2001/XMLSchema#string",
    "http://www.w3.org/ns/shacl#name": "schema",
    "id": "file:///Users/abettati/Desktop/apisContentFull/4780.json#/web-api/end-points/%2Fmethod%2FProductSetup_Task_Status_Update/post/request/parameter/CompanySN/scalar/schema"
  },
  "id": "file:///Users/abettati/Desktop/apisContentFull/4780.json#/web-api/end-points/%2Fmethod%2FProductSetup_Task_Status_Update/post/request/parameter/CompanySN"
}, {
  "http://a.ml/vocabularies/apiContract#binding": "query",
  "http://a.ml/vocabularies/apiContract#paramName": "ticket",
  "http://a.ml/vocabularies/apiContract#required": "true",
  "http://a.ml/vocabularies/core#description": "Session ticket",
  "http://a.ml/vocabularies/core#name": "ticket",
  "http://a.ml/vocabularies/shapes#schema": {
    "http://a.ml/vocabularies/core#description": "Session ticket",
    "http://www.w3.org/ns/shacl#datatype": "http://www.w3.org/2001/XMLSchema#string",
    "http://www.w3.org/ns/shacl#name": "schema",
    "id": "file:///Users/abettati/Desktop/apisContentFull/4780.json#/web-api/end-points/%2Fmethod%2FProductSetup_Task_Status_Update/post/request/parameter/ticket/scalar/schema"
  },
  "id": "file:///Users/abettati/Desktop/apisContentFull/4780.json#/web-api/end-points/%2Fmethod%2FProductSetup_Task_Status_Update/post/request/parameter/ticket"
}, {
  "http://a.ml/vocabularies/apiContract#binding": "query",
  "http://a.ml/vocabularies/apiContract#paramName": "CompanySN",
  "http://a.ml/vocabularies/apiContract#required": "true",
  "http://a.ml/vocabularies/core#description": "Company serial number",
  "http://a.ml/vocabularies/core#name": "CompanySN",
  "http://a.ml/vocabularies/shapes#schema": {
    "http://a.ml/vocabularies/core#description": "Company serial number",
    "http://www.w3.org/ns/shacl#datatype": "http://www.w3.org/2001/XMLSchema#string",
    "http://www.w3.org/ns/shacl#name": "schema",
    "id": "file:///Users/abettati/Desktop/apisContentFull/4780.json#/web-api/end-points/%2Fmethod%2FProductSetup_Task_Who_Update/post/request/parameter/CompanySN/scalar/schema"
  },
  "id": "file:///Users/abettati/Desktop/apisContentFull/4780.json#/web-api/end-points/%2Fmethod%2FProductSetup_Task_Who_Update/post/request/parameter/CompanySN"
}, {
  "http://a.ml/vocabularies/apiContract#binding": "query",
  "http://a.ml/vocabularies/apiContract#paramName": "ticket",
  "http://a.ml/vocabularies/apiContract#required": "true",
  "http://a.ml/vocabularies/core#description": "Session ticket",
  "http://a.ml/vocabularies/core#name": "ticket",
  "http://a.ml/vocabularies/shapes#schema": {
    "http://a.ml/vocabularies/core#description": "Session ticket",
    "http://www.w3.org/ns/shacl#datatype": "http://www.w3.org/2001/XMLSchema#string",
    "http://www.w3.org/ns/shacl#name": "schema",
    "id": "file:///Users/abettati/Desktop/apisContentFull/4780.json#/web-api/end-points/%2Fmethod%2FProductSetup_Task_Who_Update/post/request/parameter/ticket/scalar/schema"
  },
  "id": "file:///Users/abettati/Desktop/apisContentFull/4780.json#/web-api/end-points/%2Fmethod%2FProductSetup_Task_Who_Update/post/request/parameter/ticket"
}, {
  "http://a.ml/vocabularies/apiContract#binding": "query",
  "http://a.ml/vocabularies/apiContract#paramName": "CompanySN",
  "http://a.ml/vocabularies/apiContract#required": "true",
  "http://a.ml/vocabularies/core#description": "Company serial number",
  "http://a.ml/vocabularies/core#name": "CompanySN",
  "http://a.ml/vocabularies/shapes#schema": {
    "http://a.ml/vocabularies/core#description": "Company serial number",
    "http://www.w3.org/ns/shacl#datatype": "http://www.w3.org/2001/XMLSchema#string",
    "http://www.w3.org/ns/shacl#name": "schema",
    "id": "file:///Users/abettati/Desktop/apisContentFull/4780.json#/web-api/end-points/%2Fmethod%2FProductSetup_Task_DueDate_Update/post/request/parameter/CompanySN/scalar/schema"
  },
  "id": "file:///Users/abettati/Desktop/apisContentFull/4780.json#/web-api/end-points/%2Fmethod%2FProductSetup_Task_DueDate_Update/post/request/parameter/CompanySN"
}, {
  "http://a.ml/vocabularies/apiContract#binding": "query",
  "http://a.ml/vocabularies/apiContract#paramName": "ticket",
  "http://a.ml/vocabularies/apiContract#required": "true",
  "http://a.ml/vocabularies/core#description": "Session ticket",
  "http://a.ml/vocabularies/core#name": "ticket",
  "http://a.ml/vocabularies/shapes#schema": {
    "http://a.ml/vocabularies/core#description": "Session ticket",
    "http://www.w3.org/ns/shacl#datatype": "http://www.w3.org/2001/XMLSchema#string",
    "http://www.w3.org/ns/shacl#name": "schema",
    "id": "file:///Users/abettati/Desktop/apisContentFull/4780.json#/web-api/end-points/%2Fmethod%2FProductSetup_Task_DueDate_Update/post/request/parameter/ticket/scalar/schema"
  },
  "id": "file:///Users/abettati/Desktop/apisContentFull/4780.json#/web-api/end-points/%2Fmethod%2FProductSetup_Task_DueDate_Update/post/request/parameter/ticket"
}, {
  "http://a.ml/vocabularies/apiContract#binding": "query",
  "http://a.ml/vocabularies/apiContract#paramName": "CompanySN",
  "http://a.ml/vocabularies/apiContract#required": "true",
  "http://a.ml/vocabularies/core#description": "Company serial number",
  "http://a.ml/vocabularies/core#name": "CompanySN",
  "http://a.ml/vocabularies/shapes#schema": {
    "http://a.ml/vocabularies/core#description": "Company serial number",
    "http://www.w3.org/ns/shacl#datatype": "http://www.w3.org/2001/XMLSchema#string",
    "http://www.w3.org/ns/shacl#name": "schema",
    "id": "file:///Users/abettati/Desktop/apisContentFull/4780.json#/web-api/end-points/%2Fmethod%2FProductSetup_Task_Comment_Add/post/request/parameter/CompanySN/scalar/schema"
  },
  "id": "file:///Users/abettati/Desktop/apisContentFull/4780.json#/web-api/end-points/%2Fmethod%2FProductSetup_Task_Comment_Add/post/request/parameter/CompanySN"
}, {
  "http://a.ml/vocabularies/apiContract#binding": "query",
  "http://a.ml/vocabularies/apiContract#paramName": "ticket",
  "http://a.ml/vocabularies/apiContract#required": "true",
  "http://a.ml/vocabularies/core#description": "Session ticket",
  "http://a.ml/vocabularies/core#name": "ticket",
  "http://a.ml/vocabularies/shapes#schema": {
    "http://a.ml/vocabularies/core#description": "Session ticket",
    "http://www.w3.org/ns/shacl#datatype": "http://www.w3.org/2001/XMLSchema#string",
    "http://www.w3.org/ns/shacl#name": "schema",
    "id": "file:///Users/abettati/Desktop/apisContentFull/4780.json#/web-api/end-points/%2Fmethod%2FProductSetup_Task_Comment_Add/post/request/parameter/ticket/scalar/schema"
  },
  "id": "file:///Users/abettati/Desktop/apisContentFull/4780.json#/web-api/end-points/%2Fmethod%2FProductSetup_Task_Comment_Add/post/request/parameter/ticket"
}, {
  "http://a.ml/vocabularies/apiContract#binding": "query",
  "http://a.ml/vocabularies/apiContract#paramName": "CompanySN",
  "http://a.ml/vocabularies/apiContract#required": "true",
  "http://a.ml/vocabularies/core#description": "Company serial number",
  "http://a.ml/vocabularies/core#name": "CompanySN",
  "http://a.ml/vocabularies/shapes#schema": {
    "http://a.ml/vocabularies/core#description": "Company serial number",
    "http://www.w3.org/ns/shacl#datatype": "http://www.w3.org/2001/XMLSchema#string",
    "http://www.w3.org/ns/shacl#name": "schema",
    "id": "file:///Users/abettati/Desktop/apisContentFull/4780.json#/web-api/end-points/%2Fmethod%2FProductSetup_GoLiveDate_Update/post/request/parameter/CompanySN/scalar/schema"
  },
  "id": "file:///Users/abettati/Desktop/apisContentFull/4780.json#/web-api/end-points/%2Fmethod%2FProductSetup_GoLiveDate_Update/post/request/parameter/CompanySN"
}, {
  "http://a.ml/vocabularies/apiContract#binding": "query",
  "http://a.ml/vocabularies/apiContract#paramName": "ticket",
  "http://a.ml/vocabularies/apiContract#required": "true",
  "http://a.ml/vocabularies/core#description": "Session ticket",
  "http://a.ml/vocabularies/core#name": "ticket",
  "http://a.ml/vocabularies/shapes#schema": {
    "http://a.ml/vocabularies/core#description": "Session ticket",
    "http://www.w3.org/ns/shacl#datatype": "http://www.w3.org/2001/XMLSchema#string",
    "http://www.w3.org/ns/shacl#name": "schema",
    "id": "file:///Users/abettati/Desktop/apisContentFull/4780.json#/web-api/end-points/%2Fmethod%2FProductSetup_GoLiveDate_Update/post/request/parameter/ticket/scalar/schema"
  },
  "id": "file:///Users/abettati/Desktop/apisContentFull/4780.json#/web-api/end-points/%2Fmethod%2FProductSetup_GoLiveDate_Update/post/request/parameter/ticket"
}, {
  "http://a.ml/vocabularies/apiContract#binding": "query",
  "http://a.ml/vocabularies/apiContract#paramName": "CompanySN",
  "http://a.ml/vocabularies/apiContract#required": "true",
  "http://a.ml/vocabularies/core#description": "Company serial number",
  "http://a.ml/vocabularies/core#name": "CompanySN",
  "http://a.ml/vocabularies/shapes#schema": {
    "http://a.ml/vocabularies/core#description": "Company serial number",
    "http://www.w3.org/ns/shacl#datatype": "http://www.w3.org/2001/XMLSchema#string",
    "http://www.w3.org/ns/shacl#name": "schema",
    "id": "file:///Users/abettati/Desktop/apisContentFull/4780.json#/web-api/end-points/%2Fmethod%2FProductSetup_GoLiveDate/get/request/parameter/CompanySN/scalar/schema"
  },
  "id": "file:///Users/abettati/Desktop/apisContentFull/4780.json#/web-api/end-points/%2Fmethod%2FProductSetup_GoLiveDate/get/request/parameter/CompanySN"
}, {
  "http://a.ml/vocabularies/apiContract#binding": "query",
  "http://a.ml/vocabularies/apiContract#paramName": "ticket",
  "http://a.ml/vocabularies/apiContract#required": "true",
  "http://a.ml/vocabularies/core#description": "Session ticket",
  "http://a.ml/vocabularies/core#name": "ticket",
  "http://a.ml/vocabularies/shapes#schema": {
    "http://a.ml/vocabularies/core#description": "Session ticket",
    "http://www.w3.org/ns/shacl#datatype": "http://www.w3.org/2001/XMLSchema#string",
    "http://www.w3.org/ns/shacl#name": "schema",
    "id": "file:///Users/abettati/Desktop/apisContentFull/4780.json#/web-api/end-points/%2Fmethod%2FProductSetup_GoLiveDate/get/request/parameter/ticket/scalar/schema"
  },
  "id": "file:///Users/abettati/Desktop/apisContentFull/4780.json#/web-api/end-points/%2Fmethod%2FProductSetup_GoLiveDate/get/request/parameter/ticket"
}, {
  "http://a.ml/vocabularies/apiContract#binding": "query",
  "http://a.ml/vocabularies/apiContract#paramName": "CompanySN",
  "http://a.ml/vocabularies/apiContract#required": "true",
  "http://a.ml/vocabularies/core#description": "Company serial number",
  "http://a.ml/vocabularies/core#name": "CompanySN",
  "http://a.ml/vocabularies/shapes#schema": {
    "http://a.ml/vocabularies/core#description": "Company serial number",
    "http://www.w3.org/ns/shacl#datatype": "http://www.w3.org/2001/XMLSchema#string",
    "http://www.w3.org/ns/shacl#name": "schema",
    "id": "file:///Users/abettati/Desktop/apisContentFull/4780.json#/web-api/end-points/%2Fmethod%2FProductSetup_GoLiveDate/post/request/parameter/CompanySN/scalar/schema"
  },
  "id": "file:///Users/abettati/Desktop/apisContentFull/4780.json#/web-api/end-points/%2Fmethod%2FProductSetup_GoLiveDate/post/request/parameter/CompanySN"
}, {
  "http://a.ml/vocabularies/apiContract#binding": "query",
  "http://a.ml/vocabularies/apiContract#paramName": "ticket",
  "http://a.ml/vocabularies/apiContract#required": "true",
  "http://a.ml/vocabularies/core#description": "Session ticket",
  "http://a.ml/vocabularies/core#name": "ticket",
  "http://a.ml/vocabularies/shapes#schema": {
    "http://a.ml/vocabularies/core#description": "Session ticket",
    "http://www.w3.org/ns/shacl#datatype": "http://www.w3.org/2001/XMLSchema#string",
    "http://www.w3.org/ns/shacl#name": "schema",
    "id": "file:///Users/abettati/Desktop/apisContentFull/4780.json#/web-api/end-points/%2Fmethod%2FProductSetup_GoLiveDate/post/request/parameter/ticket/scalar/schema"
  },
  "id": "file:///Users/abettati/Desktop/apisContentFull/4780.json#/web-api/end-points/%2Fmethod%2FProductSetup_GoLiveDate/post/request/parameter/ticket"
}, {
  "http://a.ml/vocabularies/apiContract#binding": "query",
  "http://a.ml/vocabularies/apiContract#paramName": "CompanySN",
  "http://a.ml/vocabularies/apiContract#required": "true",
  "http://a.ml/vocabularies/core#description": "Company serial number",
  "http://a.ml/vocabularies/core#name": "CompanySN",
  "http://a.ml/vocabularies/shapes#schema": {
    "http://a.ml/vocabularies/core#description": "Company serial number",
    "http://www.w3.org/ns/shacl#datatype": "http://www.w3.org/2001/XMLSchema#string",
    "http://www.w3.org/ns/shacl#name": "schema",
    "id": "file:///Users/abettati/Desktop/apisContentFull/4780.json#/web-api/end-points/%2Fmethod%2FProductSetup_Tasks_Detail/get/request/parameter/CompanySN/scalar/schema"
  },
  "id": "file:///Users/abettati/Desktop/apisContentFull/4780.json#/web-api/end-points/%2Fmethod%2FProductSetup_Tasks_Detail/get/request/parameter/CompanySN"
}, {
  "http://a.ml/vocabularies/apiContract#binding": "query",
  "http://a.ml/vocabularies/apiContract#paramName": "ticket",
  "http://a.ml/vocabularies/apiContract#required": "true",
  "http://a.ml/vocabularies/core#description": "Session ticket",
  "http://a.ml/vocabularies/core#name": "ticket",
  "http://a.ml/vocabularies/shapes#schema": {
    "http://a.ml/vocabularies/core#description": "Session ticket",
    "http://www.w3.org/ns/shacl#datatype": "http://www.w3.org/2001/XMLSchema#string",
    "http://www.w3.org/ns/shacl#name": "schema",
    "id": "file:///Users/abettati/Desktop/apisContentFull/4780.json#/web-api/end-points/%2Fmethod%2FProductSetup_Tasks_Detail/get/request/parameter/ticket/scalar/schema"
  },
  "id": "file:///Users/abettati/Desktop/apisContentFull/4780.json#/web-api/end-points/%2Fmethod%2FProductSetup_Tasks_Detail/get/request/parameter/ticket"
}, {
  "http://a.ml/vocabularies/apiContract#binding": "query",
  "http://a.ml/vocabularies/apiContract#paramName": "CompanySN",
  "http://a.ml/vocabularies/apiContract#required": "true",
  "http://a.ml/vocabularies/core#description": "Company serial number",
  "http://a.ml/vocabularies/core#name": "CompanySN",
  "http://a.ml/vocabularies/shapes#schema": {
    "http://a.ml/vocabularies/core#description": "Company serial number",
    "http://www.w3.org/ns/shacl#datatype": "http://www.w3.org/2001/XMLSchema#string",
    "http://www.w3.org/ns/shacl#name": "schema",
    "id": "file:///Users/abettati/Desktop/apisContentFull/4780.json#/web-api/end-points/%2Fmethod%2FProductSetup_Tasks_Detail/post/request/parameter/CompanySN/scalar/schema"
  },
  "id": "file:///Users/abettati/Desktop/apisContentFull/4780.json#/web-api/end-points/%2Fmethod%2FProductSetup_Tasks_Detail/post/request/parameter/CompanySN"
}, {
  "http://a.ml/vocabularies/apiContract#binding": "query",
  "http://a.ml/vocabularies/apiContract#paramName": "ticket",
  "http://a.ml/vocabularies/apiContract#required": "true",
  "http://a.ml/vocabularies/core#description": "Session ticket",
  "http://a.ml/vocabularies/core#name": "ticket",
  "http://a.ml/vocabularies/shapes#schema": {
    "http://a.ml/vocabularies/core#description": "Session ticket",
    "http://www.w3.org/ns/shacl#datatype": "http://www.w3.org/2001/XMLSchema#string",
    "http://www.w3.org/ns/shacl#name": "schema",
    "id": "file:///Users/abettati/Desktop/apisContentFull/4780.json#/web-api/end-points/%2Fmethod%2FProductSetup_Tasks_Detail/post/request/parameter/ticket/scalar/schema"
  },
  "id": "file:///Users/abettati/Desktop/apisContentFull/4780.json#/web-api/end-points/%2Fmethod%2FProductSetup_Tasks_Detail/post/request/parameter/ticket"
}, {
  "http://a.ml/vocabularies/apiContract#binding": "query",
  "http://a.ml/vocabularies/apiContract#paramName": "CompanySN",
  "http://a.ml/vocabularies/apiContract#required": "true",
  "http://a.ml/vocabularies/core#description": "Company serial number",
  "http://a.ml/vocabularies/core#name": "CompanySN",
  "http://a.ml/vocabularies/shapes#schema": {
    "http://a.ml/vocabularies/core#description": "Company serial number",
    "http://www.w3.org/ns/shacl#datatype": "http://www.w3.org/2001/XMLSchema#string",
    "http://www.w3.org/ns/shacl#name": "schema",
    "id": "file:///Users/abettati/Desktop/apisContentFull/4780.json#/web-api/end-points/%2Fmethod%2FProductSetup_Tasks_Summary/get/request/parameter/CompanySN/scalar/schema"
  },
  "id": "file:///Users/abettati/Desktop/apisContentFull/4780.json#/web-api/end-points/%2Fmethod%2FProductSetup_Tasks_Summary/get/request/parameter/CompanySN"
}, {
  "http://a.ml/vocabularies/apiContract#binding": "query",
  "http://a.ml/vocabularies/apiContract#paramName": "ticket",
  "http://a.ml/vocabularies/apiContract#required": "true",
  "http://a.ml/vocabularies/core#description": "Session ticket",
  "http://a.ml/vocabularies/core#name": "ticket",
  "http://a.ml/vocabularies/shapes#schema": {
    "http://a.ml/vocabularies/core#description": "Session ticket",
    "http://www.w3.org/ns/shacl#datatype": "http://www.w3.org/2001/XMLSchema#string",
    "http://www.w3.org/ns/shacl#name": "schema",
    "id": "file:///Users/abettati/Desktop/apisContentFull/4780.json#/web-api/end-points/%2Fmethod%2FProductSetup_Tasks_Summary/get/request/parameter/ticket/scalar/schema"
  },
  "id": "file:///Users/abettati/Desktop/apisContentFull/4780.json#/web-api/end-points/%2Fmethod%2FProductSetup_Tasks_Summary/get/request/parameter/ticket"
}, {
  "http://a.ml/vocabularies/apiContract#binding": "query",
  "http://a.ml/vocabularies/apiContract#paramName": "CompanySN",
  "http://a.ml/vocabularies/apiContract#required": "true",
  "http://a.ml/vocabularies/core#description": "Company serial number",
  "http://a.ml/vocabularies/core#name": "CompanySN",
  "http://a.ml/vocabularies/shapes#schema": {
    "http://a.ml/vocabularies/core#description": "Company serial number",
    "http://www.w3.org/ns/shacl#datatype": "http://www.w3.org/2001/XMLSchema#string",
    "http://www.w3.org/ns/shacl#name": "schema",
    "id": "file:///Users/abettati/Desktop/apisContentFull/4780.json#/web-api/end-points/%2Fmethod%2FProductSetup_Tasks_Summary/post/request/parameter/CompanySN/scalar/schema"
  },
  "id": "file:///Users/abettati/Desktop/apisContentFull/4780.json#/web-api/end-points/%2Fmethod%2FProductSetup_Tasks_Summary/post/request/parameter/CompanySN"
}, {
  "http://a.ml/vocabularies/apiContract#binding": "query",
  "http://a.ml/vocabularies/apiContract#paramName": "ticket",
  "http://a.ml/vocabularies/apiContract#required": "true",
  "http://a.ml/vocabularies/core#description": "Session ticket",
  "http://a.ml/vocabularies/core#name": "ticket",
  "http://a.ml/vocabularies/shapes#schema": {
    "http://a.ml/vocabularies/core#description": "Session ticket",
    "http://www.w3.org/ns/shacl#datatype": "http://www.w3.org/2001/XMLSchema#string",
    "http://www.w3.org/ns/shacl#name": "schema",
    "id": "file:///Users/abettati/Desktop/apisContentFull/4780.json#/web-api/end-points/%2Fmethod%2FProductSetup_Tasks_Summary/post/request/parameter/ticket/scalar/schema"
  },
  "id": "file:///Users/abettati/Desktop/apisContentFull/4780.json#/web-api/end-points/%2Fmethod%2FProductSetup_Tasks_Summary/post/request/parameter/ticket"
}]