[{
  "http://a.ml/vocabularies/apiContract#binding": "header",
  "http://a.ml/vocabularies/apiContract#paramName": "token_authorization",
  "http://a.ml/vocabularies/apiContract#required": "true",
  "http://a.ml/vocabularies/core#description": "Authorization token",
  "http://a.ml/vocabularies/core#name": "token_authorization",
  "http://a.ml/vocabularies/shapes#schema": {
    "http://a.ml/vocabularies/core#description": "Authorization token",
    "http://www.w3.org/ns/shacl#datatype": "http://www.w3.org/2001/XMLSchema#string",
    "http://www.w3.org/ns/shacl#name": "schema",
    "id": "file:///Users/abettati/Desktop/apisContentFull/2963.json#/web-api/end-points/%2Fapp/get/request/parameter/token_authorization/scalar/schema"
  },
  "id": "file:///Users/abettati/Desktop/apisContentFull/2963.json#/web-api/end-points/%2Fapp/get/request/parameter/token_authorization"
}, {
  "http://a.ml/vocabularies/apiContract#binding": "header",
  "http://a.ml/vocabularies/apiContract#paramName": "token_authorization",
  "http://a.ml/vocabularies/apiContract#required": "true",
  "http://a.ml/vocabularies/core#description": "Authorization token",
  "http://a.ml/vocabularies/core#name": "token_authorization",
  "http://a.ml/vocabularies/shapes#schema": {
    "http://a.ml/vocabularies/core#description": "Authorization token",
    "http://www.w3.org/ns/shacl#datatype": "http://www.w3.org/2001/XMLSchema#string",
    "http://www.w3.org/ns/shacl#name": "schema",
    "id": "file:///Users/abettati/Desktop/apisContentFull/2963.json#/web-api/end-points/%2Fapp%2Fgroup/get/request/parameter/token_authorization/scalar/schema"
  },
  "id": "file:///Users/abettati/Desktop/apisContentFull/2963.json#/web-api/end-points/%2Fapp%2Fgroup/get/request/parameter/token_authorization"
}, {
  "http://a.ml/vocabularies/apiContract#binding": "header",
  "http://a.ml/vocabularies/apiContract#paramName": "token_authorization",
  "http://a.ml/vocabularies/apiContract#required": "true",
  "http://a.ml/vocabularies/core#description": "Authorization token",
  "http://a.ml/vocabularies/core#name": "token_authorization",
  "http://a.ml/vocabularies/shapes#schema": {
    "http://a.ml/vocabularies/core#description": "Authorization token",
    "http://www.w3.org/ns/shacl#datatype": "http://www.w3.org/2001/XMLSchema#string",
    "http://www.w3.org/ns/shacl#name": "schema",
    "id": "file:///Users/abettati/Desktop/apisContentFull/2963.json#/web-api/end-points/%2Fapp%2Fgroup%2Ffeatures/get/request/parameter/token_authorization/scalar/schema"
  },
  "id": "file:///Users/abettati/Desktop/apisContentFull/2963.json#/web-api/end-points/%2Fapp%2Fgroup%2Ffeatures/get/request/parameter/token_authorization"
}, {
  "http://a.ml/vocabularies/apiContract#binding": "header",
  "http://a.ml/vocabularies/apiContract#paramName": "token_authorization",
  "http://a.ml/vocabularies/apiContract#required": "true",
  "http://a.ml/vocabularies/core#description": "Authorization token",
  "http://a.ml/vocabularies/core#name": "token_authorization",
  "http://a.ml/vocabularies/shapes#schema": {
    "http://a.ml/vocabularies/core#description": "Authorization token",
    "http://www.w3.org/ns/shacl#datatype": "http://www.w3.org/2001/XMLSchema#string",
    "http://www.w3.org/ns/shacl#name": "schema",
    "id": "file:///Users/abettati/Desktop/apisContentFull/2963.json#/web-api/end-points/%2Fapp%2Ffeatures/get/request/parameter/token_authorization/scalar/schema"
  },
  "id": "file:///Users/abettati/Desktop/apisContentFull/2963.json#/web-api/end-points/%2Fapp%2Ffeatures/get/request/parameter/token_authorization"
}, {
  "http://a.ml/vocabularies/apiContract#binding": "header",
  "http://a.ml/vocabularies/apiContract#paramName": "token_authentication",
  "http://a.ml/vocabularies/apiContract#required": "true",
  "http://a.ml/vocabularies/core#description": "Authentication token",
  "http://a.ml/vocabularies/core#name": "token_authentication",
  "http://a.ml/vocabularies/shapes#schema": {
    "http://a.ml/vocabularies/core#description": "Authentication token",
    "http://www.w3.org/ns/shacl#datatype": "http://www.w3.org/2001/XMLSchema#string",
    "http://www.w3.org/ns/shacl#name": "schema",
    "id": "file:///Users/abettati/Desktop/apisContentFull/2963.json#/web-api/end-points/%2Fuser%2F%7Buser_id%7D/get/request/parameter/token_authentication/scalar/schema"
  },
  "id": "file:///Users/abettati/Desktop/apisContentFull/2963.json#/web-api/end-points/%2Fuser%2F%7Buser_id%7D/get/request/parameter/token_authentication"
}, {
  "http://a.ml/vocabularies/apiContract#binding": "path",
  "http://a.ml/vocabularies/apiContract#paramName": "user_id",
  "http://a.ml/vocabularies/apiContract#required": "true",
  "http://a.ml/vocabularies/core#description": "user identifier",
  "http://a.ml/vocabularies/core#name": "user_id",
  "http://a.ml/vocabularies/shapes#schema": {
    "http://a.ml/vocabularies/core#description": "user identifier",
    "http://www.w3.org/ns/shacl#datatype": "http://www.w3.org/2001/XMLSchema#string",
    "http://www.w3.org/ns/shacl#name": "schema",
    "id": "file:///Users/abettati/Desktop/apisContentFull/2963.json#/web-api/end-points/%2Fuser%2F%7Buser_id%7D/get/request/parameter/user_id/scalar/schema"
  },
  "id": "file:///Users/abettati/Desktop/apisContentFull/2963.json#/web-api/end-points/%2Fuser%2F%7Buser_id%7D/get/request/parameter/user_id"
}, {
  "http://a.ml/vocabularies/apiContract#binding": "header",
  "http://a.ml/vocabularies/apiContract#paramName": "token_authentication",
  "http://a.ml/vocabularies/apiContract#required": "true",
  "http://a.ml/vocabularies/core#description": "Authentication token",
  "http://a.ml/vocabularies/core#name": "token_authentication",
  "http://a.ml/vocabularies/shapes#schema": {
    "http://a.ml/vocabularies/core#description": "Authentication token",
    "http://www.w3.org/ns/shacl#datatype": "http://www.w3.org/2001/XMLSchema#string",
    "http://www.w3.org/ns/shacl#name": "schema",
    "id": "file:///Users/abettati/Desktop/apisContentFull/2963.json#/web-api/end-points/%2Fuser%2Fapp%2Fgroup/get/request/parameter/token_authentication/scalar/schema"
  },
  "id": "file:///Users/abettati/Desktop/apisContentFull/2963.json#/web-api/end-points/%2Fuser%2Fapp%2Fgroup/get/request/parameter/token_authentication"
}, {
  "http://a.ml/vocabularies/apiContract#binding": "header",
  "http://a.ml/vocabularies/apiContract#paramName": "token_authorization",
  "http://a.ml/vocabularies/apiContract#required": "true",
  "http://a.ml/vocabularies/core#description": "Authorization token",
  "http://a.ml/vocabularies/core#name": "token_authorization",
  "http://a.ml/vocabularies/shapes#schema": {
    "http://a.ml/vocabularies/core#description": "Authorization token",
    "http://www.w3.org/ns/shacl#datatype": "http://www.w3.org/2001/XMLSchema#string",
    "http://www.w3.org/ns/shacl#name": "schema",
    "id": "file:///Users/abettati/Desktop/apisContentFull/2963.json#/web-api/end-points/%2Fuser%2Fapp%2Fgroup/get/request/parameter/token_authorization/scalar/schema"
  },
  "id": "file:///Users/abettati/Desktop/apisContentFull/2963.json#/web-api/end-points/%2Fuser%2Fapp%2Fgroup/get/request/parameter/token_authorization"
}]