[{
  "http://a.ml/vocabularies/apiContract#binding": "query",
  "http://a.ml/vocabularies/apiContract#paramName": "pageSize",
  "http://a.ml/vocabularies/apiContract#required": "false",
  "http://a.ml/vocabularies/core#description": "Number of records returned.",
  "http://a.ml/vocabularies/core#name": "pageSize",
  "http://a.ml/vocabularies/shapes#schema": {
    "http://a.ml/vocabularies/core#description": "Number of records returned.",
    "http://a.ml/vocabularies/shapes#multipleOf": "10.0",
    "http://www.w3.org/ns/shacl#datatype": "http://www.w3.org/2001/XMLSchema#integer",
    "http://www.w3.org/ns/shacl#defaultValue": {
      "http://a.ml/vocabularies/core#name": "scalar_1",
      "http://a.ml/vocabularies/data#value": "20",
      "http://www.w3.org/ns/shacl#datatype": "http://www.w3.org/2001/XMLSchema#integer",
      "id": "file:///Users/abettati/Desktop/apisContentFull/2522.json#/declarations/parameters/parameter/pageSize/scalar/schema/scalar_1"
    },
    "http://www.w3.org/ns/shacl#defaultValueStr": "20",
    "http://www.w3.org/ns/shacl#maxExclusive": "false",
    "http://www.w3.org/ns/shacl#maxInclusive": "100",
    "http://www.w3.org/ns/shacl#minExclusive": "true",
    "http://www.w3.org/ns/shacl#minInclusive": "0",
    "http://www.w3.org/ns/shacl#name": "schema",
    "id": "file:///Users/abettati/Desktop/apisContentFull/2522.json#/declarations/parameters/parameter/pageSize/scalar/schema"
  },
  "id": "file:///Users/abettati/Desktop/apisContentFull/2522.json#/declarations/parameters/parameter/pageSize"
}, {
  "http://a.ml/vocabularies/apiContract#binding": "query",
  "http://a.ml/vocabularies/apiContract#paramName": "pageNumber",
  "http://a.ml/vocabularies/apiContract#required": "false",
  "http://a.ml/vocabularies/core#description": "Page number",
  "http://a.ml/vocabularies/core#name": "pageNumber",
  "http://a.ml/vocabularies/shapes#schema": {
    "http://a.ml/vocabularies/core#description": "Page number",
    "http://www.w3.org/ns/shacl#datatype": "http://www.w3.org/2001/XMLSchema#integer",
    "http://www.w3.org/ns/shacl#defaultValue": {
      "http://a.ml/vocabularies/core#name": "scalar_1",
      "http://a.ml/vocabularies/data#value": "1",
      "http://www.w3.org/ns/shacl#datatype": "http://www.w3.org/2001/XMLSchema#integer",
      "id": "file:///Users/abettati/Desktop/apisContentFull/2522.json#/declarations/parameters/parameter/pageNumber/scalar/schema/scalar_1"
    },
    "http://www.w3.org/ns/shacl#defaultValueStr": "1",
    "http://www.w3.org/ns/shacl#name": "schema",
    "id": "file:///Users/abettati/Desktop/apisContentFull/2522.json#/declarations/parameters/parameter/pageNumber/scalar/schema"
  },
  "id": "file:///Users/abettati/Desktop/apisContentFull/2522.json#/declarations/parameters/parameter/pageNumber"
}, {
  "http://a.ml/vocabularies/apiContract#binding": "query",
  "http://a.ml/vocabularies/apiContract#paramName": "sort",
  "http://a.ml/vocabularies/apiContract#required": "false",
  "http://a.ml/vocabularies/core#description": "User results will be sorted by fireUserNumber ascending by default if this parameter is not provided.",
  "http://a.ml/vocabularies/core#name": "sortProperty",
  "http://a.ml/vocabularies/shapes#schema": {
    "http://a.ml/vocabularies/core#description": "User results will be sorted by fireUserNumber ascending by default if this parameter is not provided.",
    "http://a.ml/vocabularies/shapes#collectionFormat": "pipes",
    "http://a.ml/vocabularies/shapes#items": {
      "http://www.w3.org/ns/shacl#datatype": "http://www.w3.org/2001/XMLSchema#string",
      "http://www.w3.org/ns/shacl#name": "items",
      "http://www.w3.org/ns/shacl#pattern": "[-+](fireUserNumber|fireUserType|ownerName)",
      "id": "file:///Users/abettati/Desktop/apisContentFull/2522.json#/declarations/parameters/parameter/sortProperty/array/schema/items/scalar/items"
    },
    "http://a.ml/vocabularies/shapes#uniqueItems": "true",
    "http://www.w3.org/ns/shacl#defaultValue": {
      "http://a.ml/vocabularies/core#name": "array_1",
      "http://www.w3.org/2000/01/rdf-schema#member": [null],
      "id": "file:///Users/abettati/Desktop/apisContentFull/2522.json#/declarations/parameters/parameter/sortProperty/array/schema/array_1"
    },
    "http://www.w3.org/ns/shacl#defaultValueStr": "- \"+fireUserNumber\"",
    "http://www.w3.org/ns/shacl#maxCount": "3",
    "http://www.w3.org/ns/shacl#minCount": "1",
    "http://www.w3.org/ns/shacl#name": "schema",
    "id": "file:///Users/abettati/Desktop/apisContentFull/2522.json#/declarations/parameters/parameter/sortProperty/array/schema"
  },
  "id": "file:///Users/abettati/Desktop/apisContentFull/2522.json#/declarations/parameters/parameter/sortProperty"
}, {
  "http://a.ml/vocabularies/apiContract#binding": "query",
  "http://a.ml/vocabularies/apiContract#paramName": "theropyIds",
  "http://a.ml/vocabularies/apiContract#required": "false",
  "http://a.ml/vocabularies/core#description": "theropy ids",
  "http://a.ml/vocabularies/core#name": "theropyIds",
  "http://a.ml/vocabularies/shapes#schema": {
    "http://a.ml/vocabularies/core#description": "theropy ids",
    "http://a.ml/vocabularies/shapes#items": {
      "http://www.w3.org/ns/shacl#datatype": "http://www.w3.org/2001/XMLSchema#string",
      "http://www.w3.org/ns/shacl#name": "items",
      "id": "file:///Users/abettati/Desktop/apisContentFull/2522.json#/web-api/end-points/%2Fv1%2F_search/post/request/parameter/theropyIds/array/schema/items/scalar/items"
    },
    "http://www.w3.org/ns/shacl#maxCount": "50",
    "http://www.w3.org/ns/shacl#name": "schema",
    "id": "file:///Users/abettati/Desktop/apisContentFull/2522.json#/web-api/end-points/%2Fv1%2F_search/post/request/parameter/theropyIds/array/schema"
  },
  "id": "file:///Users/abettati/Desktop/apisContentFull/2522.json#/web-api/end-points/%2Fv1%2F_search/post/request/parameter/theropyIds"
}, {
  "http://a.ml/vocabularies/apiContract#binding": "query",
  "http://a.ml/vocabularies/apiContract#paramName": "ids",
  "http://a.ml/vocabularies/apiContract#required": "false",
  "http://a.ml/vocabularies/core#description": "unique identifier of Patient theropy log",
  "http://a.ml/vocabularies/core#name": "ids",
  "http://a.ml/vocabularies/shapes#schema": {
    "http://a.ml/vocabularies/core#description": "unique identifier of Patient theropy log",
    "http://a.ml/vocabularies/shapes#items": {
      "http://www.w3.org/ns/shacl#datatype": "http://www.w3.org/2001/XMLSchema#string",
      "http://www.w3.org/ns/shacl#name": "items",
      "id": "file:///Users/abettati/Desktop/apisContentFull/2522.json#/web-api/end-points/%2Fv1%2F_search/post/request/parameter/ids/array/schema/items/scalar/items"
    },
    "http://www.w3.org/ns/shacl#maxCount": "50",
    "http://www.w3.org/ns/shacl#name": "schema",
    "id": "file:///Users/abettati/Desktop/apisContentFull/2522.json#/web-api/end-points/%2Fv1%2F_search/post/request/parameter/ids/array/schema"
  },
  "id": "file:///Users/abettati/Desktop/apisContentFull/2522.json#/web-api/end-points/%2Fv1%2F_search/post/request/parameter/ids"
}, {
  "http://a.ml/vocabularies/apiContract#binding": "query",
  "http://a.ml/vocabularies/apiContract#paramName": "isTheropy",
  "http://a.ml/vocabularies/apiContract#required": "false",
  "http://a.ml/vocabularies/core#description": "filtering for theropy theropys or non-theropy, default send all",
  "http://a.ml/vocabularies/core#name": "isTheropy",
  "http://a.ml/vocabularies/shapes#schema": {
    "http://a.ml/vocabularies/core#description": "filtering for theropy theropys or non-theropy, default send all",
    "http://www.w3.org/ns/shacl#datatype": "http://www.w3.org/2001/XMLSchema#boolean",
    "http://www.w3.org/ns/shacl#name": "schema",
    "id": "file:///Users/abettati/Desktop/apisContentFull/2522.json#/web-api/end-points/%2Fv1%2F_search/post/request/parameter/isTheropy/scalar/schema"
  },
  "id": "file:///Users/abettati/Desktop/apisContentFull/2522.json#/web-api/end-points/%2Fv1%2F_search/post/request/parameter/isTheropy"
}]