[{
  "http://a.ml/vocabularies/apiContract#binding": "query",
  "http://a.ml/vocabularies/apiContract#paramName": "jobId",
  "http://a.ml/vocabularies/apiContract#required": "true",
  "http://a.ml/vocabularies/core#description": "job id",
  "http://a.ml/vocabularies/core#name": "jobId",
  "http://a.ml/vocabularies/shapes#schema": {
    "http://a.ml/vocabularies/core#description": "job id",
    "http://www.w3.org/ns/shacl#datatype": "http://www.w3.org/2001/XMLSchema#integer",
    "http://www.w3.org/ns/shacl#name": "schema",
    "id": "file:///Users/abettati/Desktop/apisContentFull/8125.json#/web-api/end-points/%2Fv1%2Fjob/get/request/parameter/jobId/scalar/schema"
  },
  "id": "file:///Users/abettati/Desktop/apisContentFull/8125.json#/web-api/end-points/%2Fv1%2Fjob/get/request/parameter/jobId"
}, {
  "http://a.ml/vocabularies/apiContract#binding": "header",
  "http://a.ml/vocabularies/apiContract#paramName": "Authorization",
  "http://a.ml/vocabularies/apiContract#required": "true",
  "http://a.ml/vocabularies/core#description": "user token",
  "http://a.ml/vocabularies/core#name": "Authorization",
  "http://a.ml/vocabularies/shapes#schema": {
    "http://a.ml/vocabularies/core#description": "user token",
    "http://www.w3.org/ns/shacl#datatype": "http://www.w3.org/2001/XMLSchema#string",
    "http://www.w3.org/ns/shacl#name": "schema",
    "id": "file:///Users/abettati/Desktop/apisContentFull/8125.json#/web-api/end-points/%2Fv1%2Fjob/get/request/parameter/Authorization/scalar/schema"
  },
  "id": "file:///Users/abettati/Desktop/apisContentFull/8125.json#/web-api/end-points/%2Fv1%2Fjob/get/request/parameter/Authorization"
}, {
  "http://a.ml/vocabularies/apiContract#binding": "header",
  "http://a.ml/vocabularies/apiContract#paramName": "Authorization",
  "http://a.ml/vocabularies/apiContract#required": "true",
  "http://a.ml/vocabularies/core#description": "user token",
  "http://a.ml/vocabularies/core#name": "Authorization",
  "http://a.ml/vocabularies/shapes#schema": {
    "http://a.ml/vocabularies/core#description": "user token",
    "http://www.w3.org/ns/shacl#datatype": "http://www.w3.org/2001/XMLSchema#string",
    "http://www.w3.org/ns/shacl#name": "schema",
    "id": "file:///Users/abettati/Desktop/apisContentFull/8125.json#/web-api/end-points/%2Fv1%2Fjob/post/request/parameter/Authorization/scalar/schema"
  },
  "id": "file:///Users/abettati/Desktop/apisContentFull/8125.json#/web-api/end-points/%2Fv1%2Fjob/post/request/parameter/Authorization"
}, {
  "http://a.ml/vocabularies/apiContract#binding": "header",
  "http://a.ml/vocabularies/apiContract#paramName": "Authorization",
  "http://a.ml/vocabularies/apiContract#required": "true",
  "http://a.ml/vocabularies/core#description": "user token",
  "http://a.ml/vocabularies/core#name": "Authorization",
  "http://a.ml/vocabularies/shapes#schema": {
    "http://a.ml/vocabularies/core#description": "user token",
    "http://www.w3.org/ns/shacl#datatype": "http://www.w3.org/2001/XMLSchema#string",
    "http://www.w3.org/ns/shacl#name": "schema",
    "id": "file:///Users/abettati/Desktop/apisContentFull/8125.json#/web-api/end-points/%2Fv1%2Fjob/delete/request/parameter/Authorization/scalar/schema"
  },
  "id": "file:///Users/abettati/Desktop/apisContentFull/8125.json#/web-api/end-points/%2Fv1%2Fjob/delete/request/parameter/Authorization"
}, {
  "http://a.ml/vocabularies/apiContract#binding": "query",
  "http://a.ml/vocabularies/apiContract#paramName": "jobId",
  "http://a.ml/vocabularies/apiContract#required": "true",
  "http://a.ml/vocabularies/core#description": "job id",
  "http://a.ml/vocabularies/core#name": "jobId",
  "http://a.ml/vocabularies/shapes#schema": {
    "http://a.ml/vocabularies/core#description": "job id",
    "http://www.w3.org/ns/shacl#datatype": "http://www.w3.org/2001/XMLSchema#integer",
    "http://www.w3.org/ns/shacl#name": "schema",
    "id": "file:///Users/abettati/Desktop/apisContentFull/8125.json#/web-api/end-points/%2Fv1%2Fjob%2Ffile_content/get/request/parameter/jobId/scalar/schema"
  },
  "id": "file:///Users/abettati/Desktop/apisContentFull/8125.json#/web-api/end-points/%2Fv1%2Fjob%2Ffile_content/get/request/parameter/jobId"
}, {
  "http://a.ml/vocabularies/apiContract#binding": "query",
  "http://a.ml/vocabularies/apiContract#paramName": "path",
  "http://a.ml/vocabularies/apiContract#required": "true",
  "http://a.ml/vocabularies/core#description": "file path",
  "http://a.ml/vocabularies/core#name": "path",
  "http://a.ml/vocabularies/shapes#schema": {
    "http://a.ml/vocabularies/apiContract#examples": [{
      "http://a.ml/vocabularies/document#raw": null,
      "http://a.ml/vocabularies/document#strict": null,
      "http://a.ml/vocabularies/document#structuredValue": null,
      "id": "file:///Users/abettati/Desktop/apisContentFull/8125.json#/web-api/end-points/%2Fv1%2Fjob%2Ffile_content/get/request/parameter/path/scalar/schema/example/default-example"
    }],
    "http://a.ml/vocabularies/core#description": "file path",
    "http://www.w3.org/ns/shacl#datatype": "http://www.w3.org/2001/XMLSchema#string",
    "http://www.w3.org/ns/shacl#name": "schema",
    "id": "file:///Users/abettati/Desktop/apisContentFull/8125.json#/web-api/end-points/%2Fv1%2Fjob%2Ffile_content/get/request/parameter/path/scalar/schema"
  },
  "id": "file:///Users/abettati/Desktop/apisContentFull/8125.json#/web-api/end-points/%2Fv1%2Fjob%2Ffile_content/get/request/parameter/path"
}, {
  "http://a.ml/vocabularies/apiContract#binding": "header",
  "http://a.ml/vocabularies/apiContract#paramName": "Authorization",
  "http://a.ml/vocabularies/apiContract#required": "true",
  "http://a.ml/vocabularies/core#description": "user token",
  "http://a.ml/vocabularies/core#name": "Authorization",
  "http://a.ml/vocabularies/shapes#schema": {
    "http://a.ml/vocabularies/core#description": "user token",
    "http://www.w3.org/ns/shacl#datatype": "http://www.w3.org/2001/XMLSchema#string",
    "http://www.w3.org/ns/shacl#name": "schema",
    "id": "file:///Users/abettati/Desktop/apisContentFull/8125.json#/web-api/end-points/%2Fv1%2Fjob%2Ffile_content/get/request/parameter/Authorization/scalar/schema"
  },
  "id": "file:///Users/abettati/Desktop/apisContentFull/8125.json#/web-api/end-points/%2Fv1%2Fjob%2Ffile_content/get/request/parameter/Authorization"
}, {
  "http://a.ml/vocabularies/apiContract#binding": "header",
  "http://a.ml/vocabularies/apiContract#paramName": "Range",
  "http://a.ml/vocabularies/apiContract#required": "true",
  "http://a.ml/vocabularies/core#description": "file read range",
  "http://a.ml/vocabularies/core#name": "Range",
  "http://a.ml/vocabularies/shapes#schema": {
    "http://a.ml/vocabularies/apiContract#examples": [{
      "http://a.ml/vocabularies/document#raw": null,
      "http://a.ml/vocabularies/document#strict": null,
      "http://a.ml/vocabularies/document#structuredValue": null,
      "id": "file:///Users/abettati/Desktop/apisContentFull/8125.json#/web-api/end-points/%2Fv1%2Fjob%2Ffile_content/get/request/parameter/Range/scalar/schema/example/default-example"
    }],
    "http://a.ml/vocabularies/core#description": "file read range",
    "http://www.w3.org/ns/shacl#datatype": "http://www.w3.org/2001/XMLSchema#string",
    "http://www.w3.org/ns/shacl#name": "schema",
    "id": "file:///Users/abettati/Desktop/apisContentFull/8125.json#/web-api/end-points/%2Fv1%2Fjob%2Ffile_content/get/request/parameter/Range/scalar/schema"
  },
  "id": "file:///Users/abettati/Desktop/apisContentFull/8125.json#/web-api/end-points/%2Fv1%2Fjob%2Ffile_content/get/request/parameter/Range"
}, {
  "http://a.ml/vocabularies/apiContract#binding": "query",
  "http://a.ml/vocabularies/apiContract#paramName": "Authorization",
  "http://a.ml/vocabularies/apiContract#required": "true",
  "http://a.ml/vocabularies/core#description": "user token, download cannot use header param, so token in query",
  "http://a.ml/vocabularies/core#name": "Authorization",
  "http://a.ml/vocabularies/shapes#schema": {
    "http://a.ml/vocabularies/core#description": "user token, download cannot use header param, so token in query",
    "http://www.w3.org/ns/shacl#datatype": "http://www.w3.org/2001/XMLSchema#string",
    "http://www.w3.org/ns/shacl#name": "schema",
    "id": "file:///Users/abettati/Desktop/apisContentFull/8125.json#/web-api/end-points/%2Fv1%2Fjob%2Ffiles/get/request/parameter/Authorization/scalar/schema"
  },
  "id": "file:///Users/abettati/Desktop/apisContentFull/8125.json#/web-api/end-points/%2Fv1%2Fjob%2Ffiles/get/request/parameter/Authorization"
}, {
  "http://a.ml/vocabularies/apiContract#binding": "query",
  "http://a.ml/vocabularies/apiContract#paramName": "jobId",
  "http://a.ml/vocabularies/apiContract#required": "true",
  "http://a.ml/vocabularies/core#description": "job id",
  "http://a.ml/vocabularies/core#name": "jobId",
  "http://a.ml/vocabularies/shapes#schema": {
    "http://a.ml/vocabularies/core#description": "job id",
    "http://www.w3.org/ns/shacl#datatype": "http://www.w3.org/2001/XMLSchema#integer",
    "http://www.w3.org/ns/shacl#name": "schema",
    "id": "file:///Users/abettati/Desktop/apisContentFull/8125.json#/web-api/end-points/%2Fv1%2Fjob%2Ffiles/get/request/parameter/jobId/scalar/schema"
  },
  "id": "file:///Users/abettati/Desktop/apisContentFull/8125.json#/web-api/end-points/%2Fv1%2Fjob%2Ffiles/get/request/parameter/jobId"
}, {
  "http://a.ml/vocabularies/apiContract#binding": "query",
  "http://a.ml/vocabularies/apiContract#paramName": "srcPath",
  "http://a.ml/vocabularies/apiContract#required": "true",
  "http://a.ml/vocabularies/core#description": "file path",
  "http://a.ml/vocabularies/core#name": "srcPath",
  "http://a.ml/vocabularies/shapes#schema": {
    "http://a.ml/vocabularies/apiContract#examples": [{
      "http://a.ml/vocabularies/document#raw": null,
      "http://a.ml/vocabularies/document#strict": null,
      "http://a.ml/vocabularies/document#structuredValue": null,
      "id": "file:///Users/abettati/Desktop/apisContentFull/8125.json#/web-api/end-points/%2Fv1%2Fjob%2Ffiles/get/request/parameter/srcPath/scalar/schema/example/default-example"
    }],
    "http://a.ml/vocabularies/core#description": "file path",
    "http://www.w3.org/ns/shacl#datatype": "http://www.w3.org/2001/XMLSchema#string",
    "http://www.w3.org/ns/shacl#name": "schema",
    "id": "file:///Users/abettati/Desktop/apisContentFull/8125.json#/web-api/end-points/%2Fv1%2Fjob%2Ffiles/get/request/parameter/srcPath/scalar/schema"
  },
  "id": "file:///Users/abettati/Desktop/apisContentFull/8125.json#/web-api/end-points/%2Fv1%2Fjob%2Ffiles/get/request/parameter/srcPath"
}, {
  "http://a.ml/vocabularies/apiContract#binding": "query",
  "http://a.ml/vocabularies/apiContract#paramName": "destName",
  "http://a.ml/vocabularies/apiContract#required": "true",
  "http://a.ml/vocabularies/core#description": "download file name",
  "http://a.ml/vocabularies/core#name": "destName",
  "http://a.ml/vocabularies/shapes#schema": {
    "http://a.ml/vocabularies/apiContract#examples": [{
      "http://a.ml/vocabularies/document#raw": null,
      "http://a.ml/vocabularies/document#strict": null,
      "http://a.ml/vocabularies/document#structuredValue": null,
      "id": "file:///Users/abettati/Desktop/apisContentFull/8125.json#/web-api/end-points/%2Fv1%2Fjob%2Ffiles/get/request/parameter/destName/scalar/schema/example/default-example"
    }],
    "http://a.ml/vocabularies/core#description": "download file name",
    "http://www.w3.org/ns/shacl#datatype": "http://www.w3.org/2001/XMLSchema#string",
    "http://www.w3.org/ns/shacl#name": "schema",
    "id": "file:///Users/abettati/Desktop/apisContentFull/8125.json#/web-api/end-points/%2Fv1%2Fjob%2Ffiles/get/request/parameter/destName/scalar/schema"
  },
  "id": "file:///Users/abettati/Desktop/apisContentFull/8125.json#/web-api/end-points/%2Fv1%2Fjob%2Ffiles/get/request/parameter/destName"
}]