[{
  "http://a.ml/vocabularies/apiContract#binding": "query",
  "http://a.ml/vocabularies/apiContract#paramName": "accountId",
  "http://a.ml/vocabularies/apiContract#required": "true",
  "http://a.ml/vocabularies/core#description": "The accountId is the catapult-associated account that is being used to host all of the Applications.  This account can either be a 'normal' Catapult user id of the form u-lasdjflroejfdfosa or an IRIS account ID pre-associated with an IRIS account.",
  "http://a.ml/vocabularies/core#name": "accountId",
  "http://a.ml/vocabularies/shapes#schema": {
    "http://a.ml/vocabularies/core#description": "The accountId is the catapult-associated account that is being used to host all of the Applications.  This account can either be a 'normal' Catapult user id of the form u-lasdjflroejfdfosa or an IRIS account ID pre-associated with an IRIS account.",
    "http://www.w3.org/ns/shacl#datatype": "http://www.w3.org/2001/XMLSchema#string",
    "http://www.w3.org/ns/shacl#name": "schema",
    "id": "file:///Users/abettati/Desktop/apisContentFull/5657.json#/web-api/end-points/%2Fapplications/get/request/parameter/accountId/scalar/schema"
  },
  "id": "file:///Users/abettati/Desktop/apisContentFull/5657.json#/web-api/end-points/%2Fapplications/get/request/parameter/accountId"
}]