[{
  "http://a.ml/vocabularies/apiContract#binding": "query",
  "http://a.ml/vocabularies/apiContract#paramName": "repo_url",
  "http://a.ml/vocabularies/apiContract#required": "true",
  "http://a.ml/vocabularies/core#description": "Root repo url",
  "http://a.ml/vocabularies/core#name": "repo_url",
  "http://a.ml/vocabularies/shapes#schema": {
    "http://a.ml/vocabularies/core#description": "Root repo url",
    "http://www.w3.org/ns/shacl#datatype": "http://www.w3.org/2001/XMLSchema#string",
    "http://www.w3.org/ns/shacl#name": "schema",
    "id": "file:///Users/abettati/Desktop/apisContentFull/417.json#/web-api/end-points/%2Fapi%2Fv1%2Frepo%2Fid/post/request/parameter/repo_url/scalar/schema"
  },
  "id": "file:///Users/abettati/Desktop/apisContentFull/417.json#/web-api/end-points/%2Fapi%2Fv1%2Frepo%2Fid/post/request/parameter/repo_url"
}, {
  "http://a.ml/vocabularies/apiContract#binding": "query",
  "http://a.ml/vocabularies/apiContract#paramName": "protocol",
  "http://a.ml/vocabularies/apiContract#required": "true",
  "http://a.ml/vocabularies/core#description": "VCS protocol e.g. GIT/SVN",
  "http://a.ml/vocabularies/core#name": "protocol",
  "http://a.ml/vocabularies/shapes#schema": {
    "http://a.ml/vocabularies/core#description": "VCS protocol e.g. GIT/SVN",
    "http://www.w3.org/ns/shacl#datatype": "http://www.w3.org/2001/XMLSchema#string",
    "http://www.w3.org/ns/shacl#defaultValue": {
      "http://a.ml/vocabularies/core#name": "scalar_1",
      "http://a.ml/vocabularies/data#value": "SVN",
      "http://www.w3.org/ns/shacl#datatype": "http://www.w3.org/2001/XMLSchema#string",
      "id": "file:///Users/abettati/Desktop/apisContentFull/417.json#/web-api/end-points/%2Fapi%2Fv1%2Frepo%2Fid/post/request/parameter/protocol/scalar/schema/scalar_1"
    },
    "http://www.w3.org/ns/shacl#defaultValueStr": "SVN",
    "http://www.w3.org/ns/shacl#name": "schema",
    "id": "file:///Users/abettati/Desktop/apisContentFull/417.json#/web-api/end-points/%2Fapi%2Fv1%2Frepo%2Fid/post/request/parameter/protocol/scalar/schema"
  },
  "id": "file:///Users/abettati/Desktop/apisContentFull/417.json#/web-api/end-points/%2Fapi%2Fv1%2Frepo%2Fid/post/request/parameter/protocol"
}, {
  "http://a.ml/vocabularies/apiContract#binding": "path",
  "http://a.ml/vocabularies/apiContract#paramName": "repo_id",
  "http://a.ml/vocabularies/apiContract#required": "true",
  "http://a.ml/vocabularies/core#description": "Repo ID",
  "http://a.ml/vocabularies/core#name": "repo_id",
  "http://a.ml/vocabularies/shapes#schema": {
    "http://a.ml/vocabularies/core#description": "Repo ID",
    "http://www.w3.org/ns/shacl#datatype": "http://www.w3.org/2001/XMLSchema#integer",
    "http://www.w3.org/ns/shacl#name": "schema",
    "id": "file:///Users/abettati/Desktop/apisContentFull/417.json#/web-api/end-points/%2Fapi%2Fv1%2Frepo%2F%7Brepo_id%7D/get/request/parameter/repo_id/scalar/schema"
  },
  "id": "file:///Users/abettati/Desktop/apisContentFull/417.json#/web-api/end-points/%2Fapi%2Fv1%2Frepo%2F%7Brepo_id%7D/get/request/parameter/repo_id"
}, {
  "http://a.ml/vocabularies/apiContract#binding": "query",
  "http://a.ml/vocabularies/apiContract#paramName": "path",
  "http://a.ml/vocabularies/apiContract#required": "true",
  "http://a.ml/vocabularies/core#description": "Location of file/directory relative to repository",
  "http://a.ml/vocabularies/core#name": "path",
  "http://a.ml/vocabularies/shapes#schema": {
    "http://a.ml/vocabularies/core#description": "Location of file/directory relative to repository",
    "http://www.w3.org/ns/shacl#datatype": "http://www.w3.org/2001/XMLSchema#string",
    "http://www.w3.org/ns/shacl#name": "schema",
    "id": "file:///Users/abettati/Desktop/apisContentFull/417.json#/web-api/end-points/%2Fapi%2Fv1%2Fanalyze%2Fcode_metrics%2Frepo%2F%7Brepo_id%7D%2Frevision%2F%7Brevision%7D/post/request/parameter/path/scalar/schema"
  },
  "id": "file:///Users/abettati/Desktop/apisContentFull/417.json#/web-api/end-points/%2Fapi%2Fv1%2Fanalyze%2Fcode_metrics%2Frepo%2F%7Brepo_id%7D%2Frevision%2F%7Brevision%7D/post/request/parameter/path"
}, {
  "http://a.ml/vocabularies/apiContract#binding": "path",
  "http://a.ml/vocabularies/apiContract#paramName": "repo_id",
  "http://a.ml/vocabularies/apiContract#required": "true",
  "http://a.ml/vocabularies/core#description": "VCS Repository id",
  "http://a.ml/vocabularies/core#name": "repo_id",
  "http://a.ml/vocabularies/shapes#schema": {
    "http://a.ml/vocabularies/core#description": "VCS Repository id",
    "http://www.w3.org/ns/shacl#datatype": "http://www.w3.org/2001/XMLSchema#integer",
    "http://www.w3.org/ns/shacl#name": "schema",
    "id": "file:///Users/abettati/Desktop/apisContentFull/417.json#/web-api/end-points/%2Fapi%2Fv1%2Fanalyze%2Fcode_metrics%2Frepo%2F%7Brepo_id%7D%2Frevision%2F%7Brevision%7D/post/request/parameter/repo_id/scalar/schema"
  },
  "id": "file:///Users/abettati/Desktop/apisContentFull/417.json#/web-api/end-points/%2Fapi%2Fv1%2Fanalyze%2Fcode_metrics%2Frepo%2F%7Brepo_id%7D%2Frevision%2F%7Brevision%7D/post/request/parameter/repo_id"
}, {
  "http://a.ml/vocabularies/apiContract#binding": "path",
  "http://a.ml/vocabularies/apiContract#paramName": "revision",
  "http://a.ml/vocabularies/apiContract#required": "true",
  "http://a.ml/vocabularies/core#description": "Revision to operate on",
  "http://a.ml/vocabularies/core#name": "revision",
  "http://a.ml/vocabularies/shapes#schema": {
    "http://a.ml/vocabularies/core#description": "Revision to operate on",
    "http://www.w3.org/ns/shacl#datatype": "http://www.w3.org/2001/XMLSchema#integer",
    "http://www.w3.org/ns/shacl#name": "schema",
    "id": "file:///Users/abettati/Desktop/apisContentFull/417.json#/web-api/end-points/%2Fapi%2Fv1%2Fanalyze%2Fcode_metrics%2Frepo%2F%7Brepo_id%7D%2Frevision%2F%7Brevision%7D/post/request/parameter/revision/scalar/schema"
  },
  "id": "file:///Users/abettati/Desktop/apisContentFull/417.json#/web-api/end-points/%2Fapi%2Fv1%2Fanalyze%2Fcode_metrics%2Frepo%2F%7Brepo_id%7D%2Frevision%2F%7Brevision%7D/post/request/parameter/revision"
}, {
  "http://a.ml/vocabularies/apiContract#binding": "query",
  "http://a.ml/vocabularies/apiContract#paramName": "path",
  "http://a.ml/vocabularies/apiContract#required": "true",
  "http://a.ml/vocabularies/core#description": "Location of file relative to repository",
  "http://a.ml/vocabularies/core#name": "path",
  "http://a.ml/vocabularies/shapes#schema": {
    "http://a.ml/vocabularies/core#description": "Location of file relative to repository",
    "http://www.w3.org/ns/shacl#datatype": "http://www.w3.org/2001/XMLSchema#string",
    "http://www.w3.org/ns/shacl#name": "schema",
    "id": "file:///Users/abettati/Desktop/apisContentFull/417.json#/web-api/end-points/%2Fapi%2Fv1%2Fcode_metrics%2Frepo%2F%7Brepo_id%7D%2Frevision%2F%7Brevision%7D/get/request/parameter/path/scalar/schema"
  },
  "id": "file:///Users/abettati/Desktop/apisContentFull/417.json#/web-api/end-points/%2Fapi%2Fv1%2Fcode_metrics%2Frepo%2F%7Brepo_id%7D%2Frevision%2F%7Brevision%7D/get/request/parameter/path"
}, {
  "http://a.ml/vocabularies/apiContract#binding": "path",
  "http://a.ml/vocabularies/apiContract#paramName": "repo_id",
  "http://a.ml/vocabularies/apiContract#required": "true",
  "http://a.ml/vocabularies/core#description": "VCS Repository id",
  "http://a.ml/vocabularies/core#name": "repo_id",
  "http://a.ml/vocabularies/shapes#schema": {
    "http://a.ml/vocabularies/core#description": "VCS Repository id",
    "http://www.w3.org/ns/shacl#datatype": "http://www.w3.org/2001/XMLSchema#integer",
    "http://www.w3.org/ns/shacl#name": "schema",
    "id": "file:///Users/abettati/Desktop/apisContentFull/417.json#/web-api/end-points/%2Fapi%2Fv1%2Fcode_metrics%2Frepo%2F%7Brepo_id%7D%2Frevision%2F%7Brevision%7D/get/request/parameter/repo_id/scalar/schema"
  },
  "id": "file:///Users/abettati/Desktop/apisContentFull/417.json#/web-api/end-points/%2Fapi%2Fv1%2Fcode_metrics%2Frepo%2F%7Brepo_id%7D%2Frevision%2F%7Brevision%7D/get/request/parameter/repo_id"
}, {
  "http://a.ml/vocabularies/apiContract#binding": "path",
  "http://a.ml/vocabularies/apiContract#paramName": "revision",
  "http://a.ml/vocabularies/apiContract#required": "true",
  "http://a.ml/vocabularies/core#description": "Revision to operate on",
  "http://a.ml/vocabularies/core#name": "revision",
  "http://a.ml/vocabularies/shapes#schema": {
    "http://a.ml/vocabularies/core#description": "Revision to operate on",
    "http://www.w3.org/ns/shacl#datatype": "http://www.w3.org/2001/XMLSchema#integer",
    "http://www.w3.org/ns/shacl#name": "schema",
    "id": "file:///Users/abettati/Desktop/apisContentFull/417.json#/web-api/end-points/%2Fapi%2Fv1%2Fcode_metrics%2Frepo%2F%7Brepo_id%7D%2Frevision%2F%7Brevision%7D/get/request/parameter/revision/scalar/schema"
  },
  "id": "file:///Users/abettati/Desktop/apisContentFull/417.json#/web-api/end-points/%2Fapi%2Fv1%2Fcode_metrics%2Frepo%2F%7Brepo_id%7D%2Frevision%2F%7Brevision%7D/get/request/parameter/revision"
}, {
  "http://a.ml/vocabularies/apiContract#binding": "query",
  "http://a.ml/vocabularies/apiContract#paramName": "path",
  "http://a.ml/vocabularies/apiContract#required": "true",
  "http://a.ml/vocabularies/core#description": "Location of file relative to repository",
  "http://a.ml/vocabularies/core#name": "path",
  "http://a.ml/vocabularies/shapes#schema": {
    "http://a.ml/vocabularies/core#description": "Location of file relative to repository",
    "http://www.w3.org/ns/shacl#datatype": "http://www.w3.org/2001/XMLSchema#string",
    "http://www.w3.org/ns/shacl#name": "schema",
    "id": "file:///Users/abettati/Desktop/apisContentFull/417.json#/web-api/end-points/%2Fapi%2Fv1%2Fanalyze%2Fast%2Frepo%2F%7Brepo_id%7D%2Frevision%2F%7Brevision%7D/post/request/parameter/path/scalar/schema"
  },
  "id": "file:///Users/abettati/Desktop/apisContentFull/417.json#/web-api/end-points/%2Fapi%2Fv1%2Fanalyze%2Fast%2Frepo%2F%7Brepo_id%7D%2Frevision%2F%7Brevision%7D/post/request/parameter/path"
}, {
  "http://a.ml/vocabularies/apiContract#binding": "path",
  "http://a.ml/vocabularies/apiContract#paramName": "repo_id",
  "http://a.ml/vocabularies/apiContract#required": "true",
  "http://a.ml/vocabularies/core#description": "VCS Repository id",
  "http://a.ml/vocabularies/core#name": "repo_id",
  "http://a.ml/vocabularies/shapes#schema": {
    "http://a.ml/vocabularies/core#description": "VCS Repository id",
    "http://www.w3.org/ns/shacl#datatype": "http://www.w3.org/2001/XMLSchema#integer",
    "http://www.w3.org/ns/shacl#name": "schema",
    "id": "file:///Users/abettati/Desktop/apisContentFull/417.json#/web-api/end-points/%2Fapi%2Fv1%2Fanalyze%2Fast%2Frepo%2F%7Brepo_id%7D%2Frevision%2F%7Brevision%7D/post/request/parameter/repo_id/scalar/schema"
  },
  "id": "file:///Users/abettati/Desktop/apisContentFull/417.json#/web-api/end-points/%2Fapi%2Fv1%2Fanalyze%2Fast%2Frepo%2F%7Brepo_id%7D%2Frevision%2F%7Brevision%7D/post/request/parameter/repo_id"
}, {
  "http://a.ml/vocabularies/apiContract#binding": "path",
  "http://a.ml/vocabularies/apiContract#paramName": "revision",
  "http://a.ml/vocabularies/apiContract#required": "true",
  "http://a.ml/vocabularies/core#description": "Revision to operate on",
  "http://a.ml/vocabularies/core#name": "revision",
  "http://a.ml/vocabularies/shapes#schema": {
    "http://a.ml/vocabularies/core#description": "Revision to operate on",
    "http://www.w3.org/ns/shacl#datatype": "http://www.w3.org/2001/XMLSchema#integer",
    "http://www.w3.org/ns/shacl#name": "schema",
    "id": "file:///Users/abettati/Desktop/apisContentFull/417.json#/web-api/end-points/%2Fapi%2Fv1%2Fanalyze%2Fast%2Frepo%2F%7Brepo_id%7D%2Frevision%2F%7Brevision%7D/post/request/parameter/revision/scalar/schema"
  },
  "id": "file:///Users/abettati/Desktop/apisContentFull/417.json#/web-api/end-points/%2Fapi%2Fv1%2Fanalyze%2Fast%2Frepo%2F%7Brepo_id%7D%2Frevision%2F%7Brevision%7D/post/request/parameter/revision"
}, {
  "http://a.ml/vocabularies/apiContract#binding": "query",
  "http://a.ml/vocabularies/apiContract#paramName": "path",
  "http://a.ml/vocabularies/apiContract#required": "true",
  "http://a.ml/vocabularies/core#description": "Location of file relative to repository",
  "http://a.ml/vocabularies/core#name": "path",
  "http://a.ml/vocabularies/shapes#schema": {
    "http://a.ml/vocabularies/core#description": "Location of file relative to repository",
    "http://www.w3.org/ns/shacl#datatype": "http://www.w3.org/2001/XMLSchema#string",
    "http://www.w3.org/ns/shacl#name": "schema",
    "id": "file:///Users/abettati/Desktop/apisContentFull/417.json#/web-api/end-points/%2Fapi%2Fv1%2Fast%2Frepo%2F%7Brepo_id%7D%2Frevision%2F%7Brevision%7D%2Ftokens/get/request/parameter/path/scalar/schema"
  },
  "id": "file:///Users/abettati/Desktop/apisContentFull/417.json#/web-api/end-points/%2Fapi%2Fv1%2Fast%2Frepo%2F%7Brepo_id%7D%2Frevision%2F%7Brevision%7D%2Ftokens/get/request/parameter/path"
}, {
  "http://a.ml/vocabularies/apiContract#binding": "path",
  "http://a.ml/vocabularies/apiContract#paramName": "repo_id",
  "http://a.ml/vocabularies/apiContract#required": "true",
  "http://a.ml/vocabularies/core#description": "VCS Repository id",
  "http://a.ml/vocabularies/core#name": "repo_id",
  "http://a.ml/vocabularies/shapes#schema": {
    "http://a.ml/vocabularies/core#description": "VCS Repository id",
    "http://www.w3.org/ns/shacl#datatype": "http://www.w3.org/2001/XMLSchema#integer",
    "http://www.w3.org/ns/shacl#name": "schema",
    "id": "file:///Users/abettati/Desktop/apisContentFull/417.json#/web-api/end-points/%2Fapi%2Fv1%2Fast%2Frepo%2F%7Brepo_id%7D%2Frevision%2F%7Brevision%7D%2Ftokens/get/request/parameter/repo_id/scalar/schema"
  },
  "id": "file:///Users/abettati/Desktop/apisContentFull/417.json#/web-api/end-points/%2Fapi%2Fv1%2Fast%2Frepo%2F%7Brepo_id%7D%2Frevision%2F%7Brevision%7D%2Ftokens/get/request/parameter/repo_id"
}, {
  "http://a.ml/vocabularies/apiContract#binding": "path",
  "http://a.ml/vocabularies/apiContract#paramName": "revision",
  "http://a.ml/vocabularies/apiContract#required": "true",
  "http://a.ml/vocabularies/core#description": "Revision to operate on",
  "http://a.ml/vocabularies/core#name": "revision",
  "http://a.ml/vocabularies/shapes#schema": {
    "http://a.ml/vocabularies/core#description": "Revision to operate on",
    "http://www.w3.org/ns/shacl#datatype": "http://www.w3.org/2001/XMLSchema#integer",
    "http://www.w3.org/ns/shacl#name": "schema",
    "id": "file:///Users/abettati/Desktop/apisContentFull/417.json#/web-api/end-points/%2Fapi%2Fv1%2Fast%2Frepo%2F%7Brepo_id%7D%2Frevision%2F%7Brevision%7D%2Ftokens/get/request/parameter/revision/scalar/schema"
  },
  "id": "file:///Users/abettati/Desktop/apisContentFull/417.json#/web-api/end-points/%2Fapi%2Fv1%2Fast%2Frepo%2F%7Brepo_id%7D%2Frevision%2F%7Brevision%7D%2Ftokens/get/request/parameter/revision"
}, {
  "http://a.ml/vocabularies/apiContract#binding": "query",
  "http://a.ml/vocabularies/apiContract#paramName": "path",
  "http://a.ml/vocabularies/apiContract#required": "true",
  "http://a.ml/vocabularies/core#description": "Location of file relative to repository",
  "http://a.ml/vocabularies/core#name": "path",
  "http://a.ml/vocabularies/shapes#schema": {
    "http://a.ml/vocabularies/core#description": "Location of file relative to repository",
    "http://www.w3.org/ns/shacl#datatype": "http://www.w3.org/2001/XMLSchema#string",
    "http://www.w3.org/ns/shacl#name": "schema",
    "id": "file:///Users/abettati/Desktop/apisContentFull/417.json#/web-api/end-points/%2Fapi%2Fv1%2Fast%2Frepo%2F%7Brepo_id%7D%2Frevision%2F%7Brevision%7D%2Fimport/get/request/parameter/path/scalar/schema"
  },
  "id": "file:///Users/abettati/Desktop/apisContentFull/417.json#/web-api/end-points/%2Fapi%2Fv1%2Fast%2Frepo%2F%7Brepo_id%7D%2Frevision%2F%7Brevision%7D%2Fimport/get/request/parameter/path"
}, {
  "http://a.ml/vocabularies/apiContract#binding": "path",
  "http://a.ml/vocabularies/apiContract#paramName": "repo_id",
  "http://a.ml/vocabularies/apiContract#required": "true",
  "http://a.ml/vocabularies/core#description": "SCM Repository id",
  "http://a.ml/vocabularies/core#name": "repo_id",
  "http://a.ml/vocabularies/shapes#schema": {
    "http://a.ml/vocabularies/core#description": "SCM Repository id",
    "http://www.w3.org/ns/shacl#datatype": "http://www.w3.org/2001/XMLSchema#integer",
    "http://www.w3.org/ns/shacl#name": "schema",
    "id": "file:///Users/abettati/Desktop/apisContentFull/417.json#/web-api/end-points/%2Fapi%2Fv1%2Fast%2Frepo%2F%7Brepo_id%7D%2Frevision%2F%7Brevision%7D%2Fimport/get/request/parameter/repo_id/scalar/schema"
  },
  "id": "file:///Users/abettati/Desktop/apisContentFull/417.json#/web-api/end-points/%2Fapi%2Fv1%2Fast%2Frepo%2F%7Brepo_id%7D%2Frevision%2F%7Brevision%7D%2Fimport/get/request/parameter/repo_id"
}, {
  "http://a.ml/vocabularies/apiContract#binding": "path",
  "http://a.ml/vocabularies/apiContract#paramName": "revision",
  "http://a.ml/vocabularies/apiContract#required": "true",
  "http://a.ml/vocabularies/core#description": "Revision to operate on",
  "http://a.ml/vocabularies/core#name": "revision",
  "http://a.ml/vocabularies/shapes#schema": {
    "http://a.ml/vocabularies/core#description": "Revision to operate on",
    "http://www.w3.org/ns/shacl#datatype": "http://www.w3.org/2001/XMLSchema#integer",
    "http://www.w3.org/ns/shacl#name": "schema",
    "id": "file:///Users/abettati/Desktop/apisContentFull/417.json#/web-api/end-points/%2Fapi%2Fv1%2Fast%2Frepo%2F%7Brepo_id%7D%2Frevision%2F%7Brevision%7D%2Fimport/get/request/parameter/revision/scalar/schema"
  },
  "id": "file:///Users/abettati/Desktop/apisContentFull/417.json#/web-api/end-points/%2Fapi%2Fv1%2Fast%2Frepo%2F%7Brepo_id%7D%2Frevision%2F%7Brevision%7D%2Fimport/get/request/parameter/revision"
}, {
  "http://a.ml/vocabularies/apiContract#binding": "query",
  "http://a.ml/vocabularies/apiContract#paramName": "path",
  "http://a.ml/vocabularies/apiContract#required": "true",
  "http://a.ml/vocabularies/core#description": "VCS Path",
  "http://a.ml/vocabularies/core#name": "path",
  "http://a.ml/vocabularies/shapes#schema": {
    "http://a.ml/vocabularies/core#description": "VCS Path",
    "http://www.w3.org/ns/shacl#datatype": "http://www.w3.org/2001/XMLSchema#string",
    "http://www.w3.org/ns/shacl#name": "schema",
    "id": "file:///Users/abettati/Desktop/apisContentFull/417.json#/web-api/end-points/%2Fapi%2Fv1%2Fvcs%2Frepo%2F%7Brepo_id%7D%2Fdiff%2Fraw/get/request/parameter/path/scalar/schema"
  },
  "id": "file:///Users/abettati/Desktop/apisContentFull/417.json#/web-api/end-points/%2Fapi%2Fv1%2Fvcs%2Frepo%2F%7Brepo_id%7D%2Fdiff%2Fraw/get/request/parameter/path"
}, {
  "http://a.ml/vocabularies/apiContract#binding": "query",
  "http://a.ml/vocabularies/apiContract#paramName": "from_revision",
  "http://a.ml/vocabularies/apiContract#required": "false",
  "http://a.ml/vocabularies/core#description": "Revision",
  "http://a.ml/vocabularies/core#name": "from_revision",
  "http://a.ml/vocabularies/shapes#schema": {
    "http://a.ml/vocabularies/core#description": "Revision",
    "http://www.w3.org/ns/shacl#datatype": "http://www.w3.org/2001/XMLSchema#string",
    "http://www.w3.org/ns/shacl#defaultValue": {
      "http://a.ml/vocabularies/core#name": "scalar_1",
      "http://a.ml/vocabularies/data#value": "FIRST_REVISION",
      "http://www.w3.org/ns/shacl#datatype": "http://www.w3.org/2001/XMLSchema#string",
      "id": "file:///Users/abettati/Desktop/apisContentFull/417.json#/web-api/end-points/%2Fapi%2Fv1%2Fvcs%2Frepo%2F%7Brepo_id%7D%2Fdiff%2Fraw/get/request/parameter/from_revision/scalar/schema/scalar_1"
    },
    "http://www.w3.org/ns/shacl#defaultValueStr": "FIRST_REVISION",
    "http://www.w3.org/ns/shacl#name": "schema",
    "id": "file:///Users/abettati/Desktop/apisContentFull/417.json#/web-api/end-points/%2Fapi%2Fv1%2Fvcs%2Frepo%2F%7Brepo_id%7D%2Fdiff%2Fraw/get/request/parameter/from_revision/scalar/schema"
  },
  "id": "file:///Users/abettati/Desktop/apisContentFull/417.json#/web-api/end-points/%2Fapi%2Fv1%2Fvcs%2Frepo%2F%7Brepo_id%7D%2Fdiff%2Fraw/get/request/parameter/from_revision"
}, {
  "http://a.ml/vocabularies/apiContract#binding": "query",
  "http://a.ml/vocabularies/apiContract#paramName": "to_revision",
  "http://a.ml/vocabularies/apiContract#required": "false",
  "http://a.ml/vocabularies/core#description": "Revision",
  "http://a.ml/vocabularies/core#name": "to_revision",
  "http://a.ml/vocabularies/shapes#schema": {
    "http://a.ml/vocabularies/core#description": "Revision",
    "http://www.w3.org/ns/shacl#datatype": "http://www.w3.org/2001/XMLSchema#string",
    "http://www.w3.org/ns/shacl#defaultValue": {
      "http://a.ml/vocabularies/core#name": "scalar_1",
      "http://a.ml/vocabularies/data#value": "CURRENT_REVISION",
      "http://www.w3.org/ns/shacl#datatype": "http://www.w3.org/2001/XMLSchema#string",
      "id": "file:///Users/abettati/Desktop/apisContentFull/417.json#/web-api/end-points/%2Fapi%2Fv1%2Fvcs%2Frepo%2F%7Brepo_id%7D%2Fdiff%2Fraw/get/request/parameter/to_revision/scalar/schema/scalar_1"
    },
    "http://www.w3.org/ns/shacl#defaultValueStr": "CURRENT_REVISION",
    "http://www.w3.org/ns/shacl#name": "schema",
    "id": "file:///Users/abettati/Desktop/apisContentFull/417.json#/web-api/end-points/%2Fapi%2Fv1%2Fvcs%2Frepo%2F%7Brepo_id%7D%2Fdiff%2Fraw/get/request/parameter/to_revision/scalar/schema"
  },
  "id": "file:///Users/abettati/Desktop/apisContentFull/417.json#/web-api/end-points/%2Fapi%2Fv1%2Fvcs%2Frepo%2F%7Brepo_id%7D%2Fdiff%2Fraw/get/request/parameter/to_revision"
}, {
  "http://a.ml/vocabularies/apiContract#binding": "path",
  "http://a.ml/vocabularies/apiContract#paramName": "repo_id",
  "http://a.ml/vocabularies/apiContract#required": "true",
  "http://a.ml/vocabularies/core#description": "VCS Repository id",
  "http://a.ml/vocabularies/core#name": "repo_id",
  "http://a.ml/vocabularies/shapes#schema": {
    "http://a.ml/vocabularies/core#description": "VCS Repository id",
    "http://www.w3.org/ns/shacl#datatype": "http://www.w3.org/2001/XMLSchema#integer",
    "http://www.w3.org/ns/shacl#name": "schema",
    "id": "file:///Users/abettati/Desktop/apisContentFull/417.json#/web-api/end-points/%2Fapi%2Fv1%2Fvcs%2Frepo%2F%7Brepo_id%7D%2Fdiff%2Fraw/get/request/parameter/repo_id/scalar/schema"
  },
  "id": "file:///Users/abettati/Desktop/apisContentFull/417.json#/web-api/end-points/%2Fapi%2Fv1%2Fvcs%2Frepo%2F%7Brepo_id%7D%2Fdiff%2Fraw/get/request/parameter/repo_id"
}, {
  "http://a.ml/vocabularies/apiContract#binding": "query",
  "http://a.ml/vocabularies/apiContract#paramName": "path",
  "http://a.ml/vocabularies/apiContract#required": "true",
  "http://a.ml/vocabularies/core#description": "VCS relative path",
  "http://a.ml/vocabularies/core#name": "path",
  "http://a.ml/vocabularies/shapes#schema": {
    "http://a.ml/vocabularies/core#description": "VCS relative path",
    "http://www.w3.org/ns/shacl#datatype": "http://www.w3.org/2001/XMLSchema#string",
    "http://www.w3.org/ns/shacl#name": "schema",
    "id": "file:///Users/abettati/Desktop/apisContentFull/417.json#/web-api/end-points/%2Fapi%2Fv1%2Fvcs%2Frepo%2F%7Brepo_id%7D%2Fdiff%2Fsummary/get/request/parameter/path/scalar/schema"
  },
  "id": "file:///Users/abettati/Desktop/apisContentFull/417.json#/web-api/end-points/%2Fapi%2Fv1%2Fvcs%2Frepo%2F%7Brepo_id%7D%2Fdiff%2Fsummary/get/request/parameter/path"
}, {
  "http://a.ml/vocabularies/apiContract#binding": "query",
  "http://a.ml/vocabularies/apiContract#paramName": "from_revision",
  "http://a.ml/vocabularies/apiContract#required": "false",
  "http://a.ml/vocabularies/core#description": "Revision",
  "http://a.ml/vocabularies/core#name": "from_revision",
  "http://a.ml/vocabularies/shapes#schema": {
    "http://a.ml/vocabularies/core#description": "Revision",
    "http://www.w3.org/ns/shacl#datatype": "http://www.w3.org/2001/XMLSchema#string",
    "http://www.w3.org/ns/shacl#defaultValue": {
      "http://a.ml/vocabularies/core#name": "scalar_1",
      "http://a.ml/vocabularies/data#value": "FIRST_REVISION",
      "http://www.w3.org/ns/shacl#datatype": "http://www.w3.org/2001/XMLSchema#string",
      "id": "file:///Users/abettati/Desktop/apisContentFull/417.json#/web-api/end-points/%2Fapi%2Fv1%2Fvcs%2Frepo%2F%7Brepo_id%7D%2Fdiff%2Fsummary/get/request/parameter/from_revision/scalar/schema/scalar_1"
    },
    "http://www.w3.org/ns/shacl#defaultValueStr": "FIRST_REVISION",
    "http://www.w3.org/ns/shacl#name": "schema",
    "id": "file:///Users/abettati/Desktop/apisContentFull/417.json#/web-api/end-points/%2Fapi%2Fv1%2Fvcs%2Frepo%2F%7Brepo_id%7D%2Fdiff%2Fsummary/get/request/parameter/from_revision/scalar/schema"
  },
  "id": "file:///Users/abettati/Desktop/apisContentFull/417.json#/web-api/end-points/%2Fapi%2Fv1%2Fvcs%2Frepo%2F%7Brepo_id%7D%2Fdiff%2Fsummary/get/request/parameter/from_revision"
}, {
  "http://a.ml/vocabularies/apiContract#binding": "query",
  "http://a.ml/vocabularies/apiContract#paramName": "to_revision",
  "http://a.ml/vocabularies/apiContract#required": "false",
  "http://a.ml/vocabularies/core#description": "Revision",
  "http://a.ml/vocabularies/core#name": "to_revision",
  "http://a.ml/vocabularies/shapes#schema": {
    "http://a.ml/vocabularies/core#description": "Revision",
    "http://www.w3.org/ns/shacl#datatype": "http://www.w3.org/2001/XMLSchema#string",
    "http://www.w3.org/ns/shacl#defaultValue": {
      "http://a.ml/vocabularies/core#name": "scalar_1",
      "http://a.ml/vocabularies/data#value": "CURRENT_REVISION",
      "http://www.w3.org/ns/shacl#datatype": "http://www.w3.org/2001/XMLSchema#string",
      "id": "file:///Users/abettati/Desktop/apisContentFull/417.json#/web-api/end-points/%2Fapi%2Fv1%2Fvcs%2Frepo%2F%7Brepo_id%7D%2Fdiff%2Fsummary/get/request/parameter/to_revision/scalar/schema/scalar_1"
    },
    "http://www.w3.org/ns/shacl#defaultValueStr": "CURRENT_REVISION",
    "http://www.w3.org/ns/shacl#name": "schema",
    "id": "file:///Users/abettati/Desktop/apisContentFull/417.json#/web-api/end-points/%2Fapi%2Fv1%2Fvcs%2Frepo%2F%7Brepo_id%7D%2Fdiff%2Fsummary/get/request/parameter/to_revision/scalar/schema"
  },
  "id": "file:///Users/abettati/Desktop/apisContentFull/417.json#/web-api/end-points/%2Fapi%2Fv1%2Fvcs%2Frepo%2F%7Brepo_id%7D%2Fdiff%2Fsummary/get/request/parameter/to_revision"
}, {
  "http://a.ml/vocabularies/apiContract#binding": "path",
  "http://a.ml/vocabularies/apiContract#paramName": "repo_id",
  "http://a.ml/vocabularies/apiContract#required": "true",
  "http://a.ml/vocabularies/core#description": "VCS Repository id",
  "http://a.ml/vocabularies/core#name": "repo_id",
  "http://a.ml/vocabularies/shapes#schema": {
    "http://a.ml/vocabularies/core#description": "VCS Repository id",
    "http://www.w3.org/ns/shacl#datatype": "http://www.w3.org/2001/XMLSchema#integer",
    "http://www.w3.org/ns/shacl#name": "schema",
    "id": "file:///Users/abettati/Desktop/apisContentFull/417.json#/web-api/end-points/%2Fapi%2Fv1%2Fvcs%2Frepo%2F%7Brepo_id%7D%2Fdiff%2Fsummary/get/request/parameter/repo_id/scalar/schema"
  },
  "id": "file:///Users/abettati/Desktop/apisContentFull/417.json#/web-api/end-points/%2Fapi%2Fv1%2Fvcs%2Frepo%2F%7Brepo_id%7D%2Fdiff%2Fsummary/get/request/parameter/repo_id"
}, {
  "http://a.ml/vocabularies/apiContract#binding": "query",
  "http://a.ml/vocabularies/apiContract#paramName": "path",
  "http://a.ml/vocabularies/apiContract#required": "true",
  "http://a.ml/vocabularies/core#description": "VCS relative path",
  "http://a.ml/vocabularies/core#name": "path",
  "http://a.ml/vocabularies/shapes#schema": {
    "http://a.ml/vocabularies/core#description": "VCS relative path",
    "http://www.w3.org/ns/shacl#datatype": "http://www.w3.org/2001/XMLSchema#string",
    "http://www.w3.org/ns/shacl#name": "schema",
    "id": "file:///Users/abettati/Desktop/apisContentFull/417.json#/web-api/end-points/%2Fapi%2Fv1%2Fanalyze%2Fvcs%2Frepo%2F%7Brepo_id%7D/post/request/parameter/path/scalar/schema"
  },
  "id": "file:///Users/abettati/Desktop/apisContentFull/417.json#/web-api/end-points/%2Fapi%2Fv1%2Fanalyze%2Fvcs%2Frepo%2F%7Brepo_id%7D/post/request/parameter/path"
}, {
  "http://a.ml/vocabularies/apiContract#binding": "query",
  "http://a.ml/vocabularies/apiContract#paramName": "from_revision",
  "http://a.ml/vocabularies/apiContract#required": "false",
  "http://a.ml/vocabularies/core#description": "Revision",
  "http://a.ml/vocabularies/core#name": "from_revision",
  "http://a.ml/vocabularies/shapes#schema": {
    "http://a.ml/vocabularies/core#description": "Revision",
    "http://www.w3.org/ns/shacl#datatype": "http://www.w3.org/2001/XMLSchema#string",
    "http://www.w3.org/ns/shacl#defaultValue": {
      "http://a.ml/vocabularies/core#name": "scalar_1",
      "http://a.ml/vocabularies/data#value": "FIRST_REVISION",
      "http://www.w3.org/ns/shacl#datatype": "http://www.w3.org/2001/XMLSchema#string",
      "id": "file:///Users/abettati/Desktop/apisContentFull/417.json#/web-api/end-points/%2Fapi%2Fv1%2Fanalyze%2Fvcs%2Frepo%2F%7Brepo_id%7D/post/request/parameter/from_revision/scalar/schema/scalar_1"
    },
    "http://www.w3.org/ns/shacl#defaultValueStr": "FIRST_REVISION",
    "http://www.w3.org/ns/shacl#name": "schema",
    "id": "file:///Users/abettati/Desktop/apisContentFull/417.json#/web-api/end-points/%2Fapi%2Fv1%2Fanalyze%2Fvcs%2Frepo%2F%7Brepo_id%7D/post/request/parameter/from_revision/scalar/schema"
  },
  "id": "file:///Users/abettati/Desktop/apisContentFull/417.json#/web-api/end-points/%2Fapi%2Fv1%2Fanalyze%2Fvcs%2Frepo%2F%7Brepo_id%7D/post/request/parameter/from_revision"
}, {
  "http://a.ml/vocabularies/apiContract#binding": "query",
  "http://a.ml/vocabularies/apiContract#paramName": "to_revision",
  "http://a.ml/vocabularies/apiContract#required": "false",
  "http://a.ml/vocabularies/core#description": "Revision",
  "http://a.ml/vocabularies/core#name": "to_revision",
  "http://a.ml/vocabularies/shapes#schema": {
    "http://a.ml/vocabularies/core#description": "Revision",
    "http://www.w3.org/ns/shacl#datatype": "http://www.w3.org/2001/XMLSchema#string",
    "http://www.w3.org/ns/shacl#defaultValue": {
      "http://a.ml/vocabularies/core#name": "scalar_1",
      "http://a.ml/vocabularies/data#value": "CURRENT_REVISION",
      "http://www.w3.org/ns/shacl#datatype": "http://www.w3.org/2001/XMLSchema#string",
      "id": "file:///Users/abettati/Desktop/apisContentFull/417.json#/web-api/end-points/%2Fapi%2Fv1%2Fanalyze%2Fvcs%2Frepo%2F%7Brepo_id%7D/post/request/parameter/to_revision/scalar/schema/scalar_1"
    },
    "http://www.w3.org/ns/shacl#defaultValueStr": "CURRENT_REVISION",
    "http://www.w3.org/ns/shacl#name": "schema",
    "id": "file:///Users/abettati/Desktop/apisContentFull/417.json#/web-api/end-points/%2Fapi%2Fv1%2Fanalyze%2Fvcs%2Frepo%2F%7Brepo_id%7D/post/request/parameter/to_revision/scalar/schema"
  },
  "id": "file:///Users/abettati/Desktop/apisContentFull/417.json#/web-api/end-points/%2Fapi%2Fv1%2Fanalyze%2Fvcs%2Frepo%2F%7Brepo_id%7D/post/request/parameter/to_revision"
}, {
  "http://a.ml/vocabularies/apiContract#binding": "path",
  "http://a.ml/vocabularies/apiContract#paramName": "repo_id",
  "http://a.ml/vocabularies/apiContract#required": "true",
  "http://a.ml/vocabularies/core#description": "VCS Repository id",
  "http://a.ml/vocabularies/core#name": "repo_id",
  "http://a.ml/vocabularies/shapes#schema": {
    "http://a.ml/vocabularies/core#description": "VCS Repository id",
    "http://www.w3.org/ns/shacl#datatype": "http://www.w3.org/2001/XMLSchema#integer",
    "http://www.w3.org/ns/shacl#name": "schema",
    "id": "file:///Users/abettati/Desktop/apisContentFull/417.json#/web-api/end-points/%2Fapi%2Fv1%2Fanalyze%2Fvcs%2Frepo%2F%7Brepo_id%7D/post/request/parameter/repo_id/scalar/schema"
  },
  "id": "file:///Users/abettati/Desktop/apisContentFull/417.json#/web-api/end-points/%2Fapi%2Fv1%2Fanalyze%2Fvcs%2Frepo%2F%7Brepo_id%7D/post/request/parameter/repo_id"
}, {
  "http://a.ml/vocabularies/apiContract#binding": "query",
  "http://a.ml/vocabularies/apiContract#paramName": "path",
  "http://a.ml/vocabularies/apiContract#required": "true",
  "http://a.ml/vocabularies/core#description": "VCS relative path",
  "http://a.ml/vocabularies/core#name": "path",
  "http://a.ml/vocabularies/shapes#schema": {
    "http://a.ml/vocabularies/core#description": "VCS relative path",
    "http://www.w3.org/ns/shacl#datatype": "http://www.w3.org/2001/XMLSchema#string",
    "http://www.w3.org/ns/shacl#name": "schema",
    "id": "file:///Users/abettati/Desktop/apisContentFull/417.json#/web-api/end-points/%2Fapi%2Fv1%2Fvcs%2Frepo%2F%7Brepo_id%7D%2Fdiff%2Fmethods_affected/get/request/parameter/path/scalar/schema"
  },
  "id": "file:///Users/abettati/Desktop/apisContentFull/417.json#/web-api/end-points/%2Fapi%2Fv1%2Fvcs%2Frepo%2F%7Brepo_id%7D%2Fdiff%2Fmethods_affected/get/request/parameter/path"
}, {
  "http://a.ml/vocabularies/apiContract#binding": "query",
  "http://a.ml/vocabularies/apiContract#paramName": "from_revision",
  "http://a.ml/vocabularies/apiContract#required": "false",
  "http://a.ml/vocabularies/core#description": "Revision",
  "http://a.ml/vocabularies/core#name": "from_revision",
  "http://a.ml/vocabularies/shapes#schema": {
    "http://a.ml/vocabularies/core#description": "Revision",
    "http://www.w3.org/ns/shacl#datatype": "http://www.w3.org/2001/XMLSchema#string",
    "http://www.w3.org/ns/shacl#defaultValue": {
      "http://a.ml/vocabularies/core#name": "scalar_1",
      "http://a.ml/vocabularies/data#value": "FIRST_REVISION",
      "http://www.w3.org/ns/shacl#datatype": "http://www.w3.org/2001/XMLSchema#string",
      "id": "file:///Users/abettati/Desktop/apisContentFull/417.json#/web-api/end-points/%2Fapi%2Fv1%2Fvcs%2Frepo%2F%7Brepo_id%7D%2Fdiff%2Fmethods_affected/get/request/parameter/from_revision/scalar/schema/scalar_1"
    },
    "http://www.w3.org/ns/shacl#defaultValueStr": "FIRST_REVISION",
    "http://www.w3.org/ns/shacl#name": "schema",
    "id": "file:///Users/abettati/Desktop/apisContentFull/417.json#/web-api/end-points/%2Fapi%2Fv1%2Fvcs%2Frepo%2F%7Brepo_id%7D%2Fdiff%2Fmethods_affected/get/request/parameter/from_revision/scalar/schema"
  },
  "id": "file:///Users/abettati/Desktop/apisContentFull/417.json#/web-api/end-points/%2Fapi%2Fv1%2Fvcs%2Frepo%2F%7Brepo_id%7D%2Fdiff%2Fmethods_affected/get/request/parameter/from_revision"
}, {
  "http://a.ml/vocabularies/apiContract#binding": "query",
  "http://a.ml/vocabularies/apiContract#paramName": "to_revision",
  "http://a.ml/vocabularies/apiContract#required": "false",
  "http://a.ml/vocabularies/core#description": "Revision",
  "http://a.ml/vocabularies/core#name": "to_revision",
  "http://a.ml/vocabularies/shapes#schema": {
    "http://a.ml/vocabularies/core#description": "Revision",
    "http://www.w3.org/ns/shacl#datatype": "http://www.w3.org/2001/XMLSchema#string",
    "http://www.w3.org/ns/shacl#defaultValue": {
      "http://a.ml/vocabularies/core#name": "scalar_1",
      "http://a.ml/vocabularies/data#value": "CURRENT_REVISION",
      "http://www.w3.org/ns/shacl#datatype": "http://www.w3.org/2001/XMLSchema#string",
      "id": "file:///Users/abettati/Desktop/apisContentFull/417.json#/web-api/end-points/%2Fapi%2Fv1%2Fvcs%2Frepo%2F%7Brepo_id%7D%2Fdiff%2Fmethods_affected/get/request/parameter/to_revision/scalar/schema/scalar_1"
    },
    "http://www.w3.org/ns/shacl#defaultValueStr": "CURRENT_REVISION",
    "http://www.w3.org/ns/shacl#name": "schema",
    "id": "file:///Users/abettati/Desktop/apisContentFull/417.json#/web-api/end-points/%2Fapi%2Fv1%2Fvcs%2Frepo%2F%7Brepo_id%7D%2Fdiff%2Fmethods_affected/get/request/parameter/to_revision/scalar/schema"
  },
  "id": "file:///Users/abettati/Desktop/apisContentFull/417.json#/web-api/end-points/%2Fapi%2Fv1%2Fvcs%2Frepo%2F%7Brepo_id%7D%2Fdiff%2Fmethods_affected/get/request/parameter/to_revision"
}, {
  "http://a.ml/vocabularies/apiContract#binding": "path",
  "http://a.ml/vocabularies/apiContract#paramName": "repo_id",
  "http://a.ml/vocabularies/apiContract#required": "true",
  "http://a.ml/vocabularies/core#description": "VCS Repository id",
  "http://a.ml/vocabularies/core#name": "repo_id",
  "http://a.ml/vocabularies/shapes#schema": {
    "http://a.ml/vocabularies/core#description": "VCS Repository id",
    "http://www.w3.org/ns/shacl#datatype": "http://www.w3.org/2001/XMLSchema#integer",
    "http://www.w3.org/ns/shacl#name": "schema",
    "id": "file:///Users/abettati/Desktop/apisContentFull/417.json#/web-api/end-points/%2Fapi%2Fv1%2Fvcs%2Frepo%2F%7Brepo_id%7D%2Fdiff%2Fmethods_affected/get/request/parameter/repo_id/scalar/schema"
  },
  "id": "file:///Users/abettati/Desktop/apisContentFull/417.json#/web-api/end-points/%2Fapi%2Fv1%2Fvcs%2Frepo%2F%7Brepo_id%7D%2Fdiff%2Fmethods_affected/get/request/parameter/repo_id"
}, {
  "http://a.ml/vocabularies/apiContract#binding": "query",
  "http://a.ml/vocabularies/apiContract#paramName": "file_path",
  "http://a.ml/vocabularies/apiContract#required": "true",
  "http://a.ml/vocabularies/core#description": "VCS relative file Path",
  "http://a.ml/vocabularies/core#name": "file_path",
  "http://a.ml/vocabularies/shapes#schema": {
    "http://a.ml/vocabularies/core#description": "VCS relative file Path",
    "http://www.w3.org/ns/shacl#datatype": "http://www.w3.org/2001/XMLSchema#string",
    "http://www.w3.org/ns/shacl#name": "schema",
    "id": "file:///Users/abettati/Desktop/apisContentFull/417.json#/web-api/end-points/%2Fapi%2Fv1%2Fvcs%2Frepo%2F%7Brepo_id%7D%2Ffile%2Fdevelopers/get/request/parameter/file_path/scalar/schema"
  },
  "id": "file:///Users/abettati/Desktop/apisContentFull/417.json#/web-api/end-points/%2Fapi%2Fv1%2Fvcs%2Frepo%2F%7Brepo_id%7D%2Ffile%2Fdevelopers/get/request/parameter/file_path"
}, {
  "http://a.ml/vocabularies/apiContract#binding": "path",
  "http://a.ml/vocabularies/apiContract#paramName": "repo_id",
  "http://a.ml/vocabularies/apiContract#required": "true",
  "http://a.ml/vocabularies/core#description": "VCS Repository id",
  "http://a.ml/vocabularies/core#name": "repo_id",
  "http://a.ml/vocabularies/shapes#schema": {
    "http://a.ml/vocabularies/core#description": "VCS Repository id",
    "http://www.w3.org/ns/shacl#datatype": "http://www.w3.org/2001/XMLSchema#integer",
    "http://www.w3.org/ns/shacl#name": "schema",
    "id": "file:///Users/abettati/Desktop/apisContentFull/417.json#/web-api/end-points/%2Fapi%2Fv1%2Fvcs%2Frepo%2F%7Brepo_id%7D%2Ffile%2Fdevelopers/get/request/parameter/repo_id/scalar/schema"
  },
  "id": "file:///Users/abettati/Desktop/apisContentFull/417.json#/web-api/end-points/%2Fapi%2Fv1%2Fvcs%2Frepo%2F%7Brepo_id%7D%2Ffile%2Fdevelopers/get/request/parameter/repo_id"
}]