[{
  "http://a.ml/vocabularies/apiContract#binding": "path",
  "http://a.ml/vocabularies/apiContract#paramName": "param0",
  "http://a.ml/vocabularies/apiContract#required": "true",
  "http://a.ml/vocabularies/core#description": "Example values form path are: '2' and '1'",
  "http://a.ml/vocabularies/core#name": "param0",
  "http://a.ml/vocabularies/shapes#schema": {
    "http://a.ml/vocabularies/core#description": "Example values form path are: '2' and '1'",
    "http://www.w3.org/ns/shacl#datatype": "http://www.w3.org/2001/XMLSchema#string",
    "http://www.w3.org/ns/shacl#name": "schema",
    "id": "file:///Users/abettati/Desktop/apisContentFull/2620.json#/web-api/end-points/%2Fapi%2Ffilms%2F%7Bparam0%7D/get/request/parameter/param0/scalar/schema"
  },
  "id": "file:///Users/abettati/Desktop/apisContentFull/2620.json#/web-api/end-points/%2Fapi%2Ffilms%2F%7Bparam0%7D/get/request/parameter/param0"
}, {
  "http://a.ml/vocabularies/apiContract#binding": "path",
  "http://a.ml/vocabularies/apiContract#paramName": "param1",
  "http://a.ml/vocabularies/apiContract#required": "true",
  "http://a.ml/vocabularies/core#description": "Example values form path are: 'api2' and 'api'",
  "http://a.ml/vocabularies/core#name": "param1",
  "http://a.ml/vocabularies/shapes#schema": {
    "http://a.ml/vocabularies/core#description": "Example values form path are: 'api2' and 'api'",
    "http://www.w3.org/ns/shacl#datatype": "http://www.w3.org/2001/XMLSchema#string",
    "http://www.w3.org/ns/shacl#name": "schema",
    "id": "file:///Users/abettati/Desktop/apisContentFull/2620.json#/web-api/end-points/%2F%7Bparam1%7D%2F%7Bparam2%7D/get/request/parameter/param1/scalar/schema"
  },
  "id": "file:///Users/abettati/Desktop/apisContentFull/2620.json#/web-api/end-points/%2F%7Bparam1%7D%2F%7Bparam2%7D/get/request/parameter/param1"
}, {
  "http://a.ml/vocabularies/apiContract#binding": "path",
  "http://a.ml/vocabularies/apiContract#paramName": "param2",
  "http://a.ml/vocabularies/apiContract#required": "true",
  "http://a.ml/vocabularies/core#description": "Example values form path are: 'markets' and 'people'",
  "http://a.ml/vocabularies/core#name": "param2",
  "http://a.ml/vocabularies/shapes#schema": {
    "http://a.ml/vocabularies/core#description": "Example values form path are: 'markets' and 'people'",
    "http://www.w3.org/ns/shacl#datatype": "http://www.w3.org/2001/XMLSchema#string",
    "http://www.w3.org/ns/shacl#name": "schema",
    "id": "file:///Users/abettati/Desktop/apisContentFull/2620.json#/web-api/end-points/%2F%7Bparam1%7D%2F%7Bparam2%7D/get/request/parameter/param2/scalar/schema"
  },
  "id": "file:///Users/abettati/Desktop/apisContentFull/2620.json#/web-api/end-points/%2F%7Bparam1%7D%2F%7Bparam2%7D/get/request/parameter/param2"
}]