[{
  "http://a.ml/vocabularies/apiContract#binding": "query",
  "http://a.ml/vocabularies/apiContract#paramName": "q",
  "http://a.ml/vocabularies/apiContract#required": "false",
  "http://a.ml/vocabularies/core#description": "Query criteria",
  "http://a.ml/vocabularies/core#name": "q",
  "http://a.ml/vocabularies/shapes#schema": {
    "http://a.ml/vocabularies/core#description": "Query criteria",
    "http://www.w3.org/ns/shacl#datatype": "http://www.w3.org/2001/XMLSchema#string",
    "http://www.w3.org/ns/shacl#name": "schema",
    "id": "file:///Users/abettati/Desktop/apisContentFull/1678.json#/web-api/end-points/%2Fusers/get/request/parameter/q/scalar/schema"
  },
  "id": "file:///Users/abettati/Desktop/apisContentFull/1678.json#/web-api/end-points/%2Fusers/get/request/parameter/q"
}, {
  "http://a.ml/vocabularies/apiContract#binding": "query",
  "http://a.ml/vocabularies/apiContract#paramName": "skip",
  "http://a.ml/vocabularies/apiContract#required": "false",
  "http://a.ml/vocabularies/core#description": "number of items to skip",
  "http://a.ml/vocabularies/core#name": "skip",
  "http://a.ml/vocabularies/shapes#schema": {
    "http://a.ml/vocabularies/core#description": "number of items to skip",
    "http://www.w3.org/ns/shacl#datatype": "http://www.w3.org/2001/XMLSchema#integer",
    "http://www.w3.org/ns/shacl#name": "schema",
    "id": "file:///Users/abettati/Desktop/apisContentFull/1678.json#/web-api/end-points/%2Fusers/get/request/parameter/skip/scalar/schema"
  },
  "id": "file:///Users/abettati/Desktop/apisContentFull/1678.json#/web-api/end-points/%2Fusers/get/request/parameter/skip"
}, {
  "http://a.ml/vocabularies/apiContract#binding": "query",
  "http://a.ml/vocabularies/apiContract#paramName": "limit",
  "http://a.ml/vocabularies/apiContract#required": "false",
  "http://a.ml/vocabularies/core#description": "maximum records to return",
  "http://a.ml/vocabularies/core#name": "limit",
  "http://a.ml/vocabularies/shapes#schema": {
    "http://a.ml/vocabularies/core#description": "maximum records to return",
    "http://a.ml/vocabularies/shapes#format": "int32",
    "http://www.w3.org/ns/shacl#datatype": "http://www.w3.org/2001/XMLSchema#integer",
    "http://www.w3.org/ns/shacl#defaultValue": {
      "http://a.ml/vocabularies/core#name": "scalar_1",
      "http://a.ml/vocabularies/data#value": "50",
      "http://www.w3.org/ns/shacl#datatype": "http://www.w3.org/2001/XMLSchema#integer",
      "id": "file:///Users/abettati/Desktop/apisContentFull/1678.json#/web-api/end-points/%2Fusers/get/request/parameter/limit/scalar/schema/scalar_1"
    },
    "http://www.w3.org/ns/shacl#defaultValueStr": "50",
    "http://www.w3.org/ns/shacl#name": "schema",
    "id": "file:///Users/abettati/Desktop/apisContentFull/1678.json#/web-api/end-points/%2Fusers/get/request/parameter/limit/scalar/schema"
  },
  "id": "file:///Users/abettati/Desktop/apisContentFull/1678.json#/web-api/end-points/%2Fusers/get/request/parameter/limit"
}]