[{
  "http://a.ml/vocabularies/apiContract#binding": "query",
  "http://a.ml/vocabularies/apiContract#paramName": "apiKey",
  "http://a.ml/vocabularies/apiContract#required": "true",
  "http://a.ml/vocabularies/core#description": "the user's key to access the apis",
  "http://a.ml/vocabularies/core#name": "apiKey",
  "http://a.ml/vocabularies/shapes#schema": {
    "http://a.ml/vocabularies/core#description": "the user's key to access the apis",
    "http://www.w3.org/ns/shacl#datatype": "http://www.w3.org/2001/XMLSchema#string",
    "http://www.w3.org/ns/shacl#name": "schema",
    "id": "file:///Users/abettati/Desktop/apisContentFull/2607.json#/web-api/end-points/%2Fusers/get/request/parameter/apiKey/scalar/schema"
  },
  "id": "file:///Users/abettati/Desktop/apisContentFull/2607.json#/web-api/end-points/%2Fusers/get/request/parameter/apiKey"
}, {
  "http://a.ml/vocabularies/apiContract#binding": "query",
  "http://a.ml/vocabularies/apiContract#paramName": "apiKey",
  "http://a.ml/vocabularies/apiContract#required": "true",
  "http://a.ml/vocabularies/core#description": "the user's key to access the apis",
  "http://a.ml/vocabularies/core#name": "apiKey",
  "http://a.ml/vocabularies/shapes#schema": {
    "http://a.ml/vocabularies/core#description": "the user's key to access the apis",
    "http://www.w3.org/ns/shacl#datatype": "http://www.w3.org/2001/XMLSchema#string",
    "http://www.w3.org/ns/shacl#name": "schema",
    "id": "file:///Users/abettati/Desktop/apisContentFull/2607.json#/web-api/end-points/%2Fusers%2F%3Aid/get/request/parameter/apiKey/scalar/schema"
  },
  "id": "file:///Users/abettati/Desktop/apisContentFull/2607.json#/web-api/end-points/%2Fusers%2F%3Aid/get/request/parameter/apiKey"
}, {
  "http://a.ml/vocabularies/apiContract#binding": "query",
  "http://a.ml/vocabularies/apiContract#paramName": "apiKey",
  "http://a.ml/vocabularies/apiContract#required": "true",
  "http://a.ml/vocabularies/core#description": "the user's key to access the apis",
  "http://a.ml/vocabularies/core#name": "apiKey",
  "http://a.ml/vocabularies/shapes#schema": {
    "http://a.ml/vocabularies/core#description": "the user's key to access the apis",
    "http://www.w3.org/ns/shacl#datatype": "http://www.w3.org/2001/XMLSchema#string",
    "http://www.w3.org/ns/shacl#name": "schema",
    "id": "file:///Users/abettati/Desktop/apisContentFull/2607.json#/web-api/end-points/%2Fevents/get/request/parameter/apiKey/scalar/schema"
  },
  "id": "file:///Users/abettati/Desktop/apisContentFull/2607.json#/web-api/end-points/%2Fevents/get/request/parameter/apiKey"
}, {
  "http://a.ml/vocabularies/apiContract#binding": "query",
  "http://a.ml/vocabularies/apiContract#paramName": "apiKey",
  "http://a.ml/vocabularies/apiContract#required": "true",
  "http://a.ml/vocabularies/core#description": "the user's key to access the apis",
  "http://a.ml/vocabularies/core#name": "apiKey",
  "http://a.ml/vocabularies/shapes#schema": {
    "http://a.ml/vocabularies/core#description": "the user's key to access the apis",
    "http://www.w3.org/ns/shacl#datatype": "http://www.w3.org/2001/XMLSchema#string",
    "http://www.w3.org/ns/shacl#name": "schema",
    "id": "file:///Users/abettati/Desktop/apisContentFull/2607.json#/web-api/end-points/%2Fevents%2F%3Aid/get/request/parameter/apiKey/scalar/schema"
  },
  "id": "file:///Users/abettati/Desktop/apisContentFull/2607.json#/web-api/end-points/%2Fevents%2F%3Aid/get/request/parameter/apiKey"
}, {
  "http://a.ml/vocabularies/apiContract#binding": "query",
  "http://a.ml/vocabularies/apiContract#paramName": "apiKey",
  "http://a.ml/vocabularies/apiContract#required": "true",
  "http://a.ml/vocabularies/core#description": "the user's key to access the apis",
  "http://a.ml/vocabularies/core#name": "apiKey",
  "http://a.ml/vocabularies/shapes#schema": {
    "http://a.ml/vocabularies/core#description": "the user's key to access the apis",
    "http://www.w3.org/ns/shacl#datatype": "http://www.w3.org/2001/XMLSchema#string",
    "http://www.w3.org/ns/shacl#name": "schema",
    "id": "file:///Users/abettati/Desktop/apisContentFull/2607.json#/web-api/end-points/%2Fevents%2F%3Aid/delete/request/parameter/apiKey/scalar/schema"
  },
  "id": "file:///Users/abettati/Desktop/apisContentFull/2607.json#/web-api/end-points/%2Fevents%2F%3Aid/delete/request/parameter/apiKey"
}, {
  "http://a.ml/vocabularies/apiContract#binding": "query",
  "http://a.ml/vocabularies/apiContract#paramName": "apiKey",
  "http://a.ml/vocabularies/apiContract#required": "true",
  "http://a.ml/vocabularies/core#description": "the user's key to access the apis",
  "http://a.ml/vocabularies/core#name": "apiKey",
  "http://a.ml/vocabularies/shapes#schema": {
    "http://a.ml/vocabularies/core#description": "the user's key to access the apis",
    "http://www.w3.org/ns/shacl#datatype": "http://www.w3.org/2001/XMLSchema#string",
    "http://www.w3.org/ns/shacl#name": "schema",
    "id": "file:///Users/abettati/Desktop/apisContentFull/2607.json#/web-api/end-points/%2Fevents%2F%3Aevent_id%2Fcomments/get/request/parameter/apiKey/scalar/schema"
  },
  "id": "file:///Users/abettati/Desktop/apisContentFull/2607.json#/web-api/end-points/%2Fevents%2F%3Aevent_id%2Fcomments/get/request/parameter/apiKey"
}, {
  "http://a.ml/vocabularies/apiContract#binding": "query",
  "http://a.ml/vocabularies/apiContract#paramName": "apiKey",
  "http://a.ml/vocabularies/apiContract#required": "true",
  "http://a.ml/vocabularies/core#description": "the user's key to access the apis",
  "http://a.ml/vocabularies/core#name": "apiKey",
  "http://a.ml/vocabularies/shapes#schema": {
    "http://a.ml/vocabularies/core#description": "the user's key to access the apis",
    "http://www.w3.org/ns/shacl#datatype": "http://www.w3.org/2001/XMLSchema#string",
    "http://www.w3.org/ns/shacl#name": "schema",
    "id": "file:///Users/abettati/Desktop/apisContentFull/2607.json#/web-api/end-points/%2Fevents%2F%3Aevent_id%2Fcomments%2F%3Aid/get/request/parameter/apiKey/scalar/schema"
  },
  "id": "file:///Users/abettati/Desktop/apisContentFull/2607.json#/web-api/end-points/%2Fevents%2F%3Aevent_id%2Fcomments%2F%3Aid/get/request/parameter/apiKey"
}, {
  "http://a.ml/vocabularies/apiContract#binding": "query",
  "http://a.ml/vocabularies/apiContract#paramName": "apiKey",
  "http://a.ml/vocabularies/apiContract#required": "true",
  "http://a.ml/vocabularies/core#description": "the user's key to access the apis",
  "http://a.ml/vocabularies/core#name": "apiKey",
  "http://a.ml/vocabularies/shapes#schema": {
    "http://a.ml/vocabularies/core#description": "the user's key to access the apis",
    "http://www.w3.org/ns/shacl#datatype": "http://www.w3.org/2001/XMLSchema#string",
    "http://www.w3.org/ns/shacl#name": "schema",
    "id": "file:///Users/abettati/Desktop/apisContentFull/2607.json#/web-api/end-points/%2Fevents%2F%3Aevent_id%2Fcomments%2F%3Aid/delete/request/parameter/apiKey/scalar/schema"
  },
  "id": "file:///Users/abettati/Desktop/apisContentFull/2607.json#/web-api/end-points/%2Fevents%2F%3Aevent_id%2Fcomments%2F%3Aid/delete/request/parameter/apiKey"
}]