[{
  "http://a.ml/vocabularies/apiContract#binding": "query",
  "http://a.ml/vocabularies/apiContract#paramName": "username",
  "http://a.ml/vocabularies/apiContract#required": "false",
  "http://a.ml/vocabularies/core#description": "The desired username",
  "http://a.ml/vocabularies/core#name": "username",
  "http://a.ml/vocabularies/shapes#schema": {
    "http://a.ml/vocabularies/core#description": "The desired username",
    "http://www.w3.org/ns/shacl#datatype": "http://www.w3.org/2001/XMLSchema#string",
    "http://www.w3.org/ns/shacl#name": "schema",
    "id": "file:///Users/abettati/Desktop/apisContentFull/6663.json#/web-api/end-points/%2Fregister/post/request/parameter/username/scalar/schema"
  },
  "id": "file:///Users/abettati/Desktop/apisContentFull/6663.json#/web-api/end-points/%2Fregister/post/request/parameter/username"
}, {
  "http://a.ml/vocabularies/apiContract#binding": "query",
  "http://a.ml/vocabularies/apiContract#paramName": "password",
  "http://a.ml/vocabularies/apiContract#required": "false",
  "http://a.ml/vocabularies/core#description": "The desired password",
  "http://a.ml/vocabularies/core#name": "password",
  "http://a.ml/vocabularies/shapes#schema": {
    "http://a.ml/vocabularies/core#description": "The desired password",
    "http://www.w3.org/ns/shacl#datatype": "http://www.w3.org/2001/XMLSchema#string",
    "http://www.w3.org/ns/shacl#name": "schema",
    "id": "file:///Users/abettati/Desktop/apisContentFull/6663.json#/web-api/end-points/%2Fregister/post/request/parameter/password/scalar/schema"
  },
  "id": "file:///Users/abettati/Desktop/apisContentFull/6663.json#/web-api/end-points/%2Fregister/post/request/parameter/password"
}, {
  "http://a.ml/vocabularies/apiContract#binding": "query",
  "http://a.ml/vocabularies/apiContract#paramName": "Email",
  "http://a.ml/vocabularies/apiContract#required": "false",
  "http://a.ml/vocabularies/core#description": "The desired E-mail for the user",
  "http://a.ml/vocabularies/core#name": "Email",
  "http://a.ml/vocabularies/shapes#schema": {
    "http://a.ml/vocabularies/core#description": "The desired E-mail for the user",
    "http://www.w3.org/ns/shacl#datatype": "http://www.w3.org/2001/XMLSchema#string",
    "http://www.w3.org/ns/shacl#name": "schema",
    "id": "file:///Users/abettati/Desktop/apisContentFull/6663.json#/web-api/end-points/%2Fregister/post/request/parameter/Email/scalar/schema"
  },
  "id": "file:///Users/abettati/Desktop/apisContentFull/6663.json#/web-api/end-points/%2Fregister/post/request/parameter/Email"
}, {
  "http://a.ml/vocabularies/apiContract#binding": "query",
  "http://a.ml/vocabularies/apiContract#paramName": "username",
  "http://a.ml/vocabularies/apiContract#required": "false",
  "http://a.ml/vocabularies/core#description": "The username of the account",
  "http://a.ml/vocabularies/core#name": "username",
  "http://a.ml/vocabularies/shapes#schema": {
    "http://a.ml/vocabularies/core#description": "The username of the account",
    "http://www.w3.org/ns/shacl#datatype": "http://www.w3.org/2001/XMLSchema#string",
    "http://www.w3.org/ns/shacl#name": "schema",
    "id": "file:///Users/abettati/Desktop/apisContentFull/6663.json#/web-api/end-points/%2Flogin/post/request/parameter/username/scalar/schema"
  },
  "id": "file:///Users/abettati/Desktop/apisContentFull/6663.json#/web-api/end-points/%2Flogin/post/request/parameter/username"
}, {
  "http://a.ml/vocabularies/apiContract#binding": "query",
  "http://a.ml/vocabularies/apiContract#paramName": "password",
  "http://a.ml/vocabularies/apiContract#required": "false",
  "http://a.ml/vocabularies/core#description": "The password of the account",
  "http://a.ml/vocabularies/core#name": "password",
  "http://a.ml/vocabularies/shapes#schema": {
    "http://a.ml/vocabularies/core#description": "The password of the account",
    "http://www.w3.org/ns/shacl#datatype": "http://www.w3.org/2001/XMLSchema#string",
    "http://www.w3.org/ns/shacl#name": "schema",
    "id": "file:///Users/abettati/Desktop/apisContentFull/6663.json#/web-api/end-points/%2Flogin/post/request/parameter/password/scalar/schema"
  },
  "id": "file:///Users/abettati/Desktop/apisContentFull/6663.json#/web-api/end-points/%2Flogin/post/request/parameter/password"
}, {
  "http://a.ml/vocabularies/apiContract#binding": "header",
  "http://a.ml/vocabularies/apiContract#paramName": "token",
  "http://a.ml/vocabularies/apiContract#required": "false",
  "http://a.ml/vocabularies/core#description": "The login token of the user",
  "http://a.ml/vocabularies/core#name": "token",
  "http://a.ml/vocabularies/shapes#schema": {
    "http://a.ml/vocabularies/core#description": "The login token of the user",
    "http://www.w3.org/ns/shacl#datatype": "http://www.w3.org/2001/XMLSchema#string",
    "http://www.w3.org/ns/shacl#name": "schema",
    "id": "file:///Users/abettati/Desktop/apisContentFull/6663.json#/web-api/end-points/%2Ftasks/get/request/parameter/token/scalar/schema"
  },
  "id": "file:///Users/abettati/Desktop/apisContentFull/6663.json#/web-api/end-points/%2Ftasks/get/request/parameter/token"
}, {
  "http://a.ml/vocabularies/apiContract#binding": "header",
  "http://a.ml/vocabularies/apiContract#paramName": "token",
  "http://a.ml/vocabularies/apiContract#required": "false",
  "http://a.ml/vocabularies/core#description": "The login token of the user",
  "http://a.ml/vocabularies/core#name": "token",
  "http://a.ml/vocabularies/shapes#schema": {
    "http://a.ml/vocabularies/core#description": "The login token of the user",
    "http://www.w3.org/ns/shacl#datatype": "http://www.w3.org/2001/XMLSchema#string",
    "http://www.w3.org/ns/shacl#name": "schema",
    "id": "file:///Users/abettati/Desktop/apisContentFull/6663.json#/web-api/end-points/%2Ftasks%2F%7BtaskId%7D/get/request/parameter/token/scalar/schema"
  },
  "id": "file:///Users/abettati/Desktop/apisContentFull/6663.json#/web-api/end-points/%2Ftasks%2F%7BtaskId%7D/get/request/parameter/token"
}, {
  "http://a.ml/vocabularies/apiContract#binding": "path",
  "http://a.ml/vocabularies/apiContract#paramName": "taskId",
  "http://a.ml/vocabularies/apiContract#required": "true",
  "http://a.ml/vocabularies/core#description": "The id of the task",
  "http://a.ml/vocabularies/core#name": "taskId",
  "http://a.ml/vocabularies/shapes#schema": {
    "http://a.ml/vocabularies/core#description": "The id of the task",
    "http://www.w3.org/ns/shacl#datatype": "http://www.w3.org/2001/XMLSchema#string",
    "http://www.w3.org/ns/shacl#name": "schema",
    "id": "file:///Users/abettati/Desktop/apisContentFull/6663.json#/web-api/end-points/%2Ftasks%2F%7BtaskId%7D/get/request/parameter/taskId/scalar/schema"
  },
  "id": "file:///Users/abettati/Desktop/apisContentFull/6663.json#/web-api/end-points/%2Ftasks%2F%7BtaskId%7D/get/request/parameter/taskId"
}, {
  "http://a.ml/vocabularies/apiContract#binding": "header",
  "http://a.ml/vocabularies/apiContract#paramName": "token",
  "http://a.ml/vocabularies/apiContract#required": "false",
  "http://a.ml/vocabularies/core#description": "The login token of the user",
  "http://a.ml/vocabularies/core#name": "token",
  "http://a.ml/vocabularies/shapes#schema": {
    "http://a.ml/vocabularies/core#description": "The login token of the user",
    "http://www.w3.org/ns/shacl#datatype": "http://www.w3.org/2001/XMLSchema#string",
    "http://www.w3.org/ns/shacl#name": "schema",
    "id": "file:///Users/abettati/Desktop/apisContentFull/6663.json#/web-api/end-points/%2Ftasks%2F%7BtaskId%7D/put/request/parameter/token/scalar/schema"
  },
  "id": "file:///Users/abettati/Desktop/apisContentFull/6663.json#/web-api/end-points/%2Ftasks%2F%7BtaskId%7D/put/request/parameter/token"
}, {
  "http://a.ml/vocabularies/apiContract#binding": "path",
  "http://a.ml/vocabularies/apiContract#paramName": "taskId",
  "http://a.ml/vocabularies/apiContract#required": "true",
  "http://a.ml/vocabularies/core#description": "The id of the task",
  "http://a.ml/vocabularies/core#name": "taskId",
  "http://a.ml/vocabularies/shapes#schema": {
    "http://a.ml/vocabularies/core#description": "The id of the task",
    "http://www.w3.org/ns/shacl#datatype": "http://www.w3.org/2001/XMLSchema#string",
    "http://www.w3.org/ns/shacl#name": "schema",
    "id": "file:///Users/abettati/Desktop/apisContentFull/6663.json#/web-api/end-points/%2Ftasks%2F%7BtaskId%7D/put/request/parameter/taskId/scalar/schema"
  },
  "id": "file:///Users/abettati/Desktop/apisContentFull/6663.json#/web-api/end-points/%2Ftasks%2F%7BtaskId%7D/put/request/parameter/taskId"
}, {
  "http://a.ml/vocabularies/apiContract#binding": "header",
  "http://a.ml/vocabularies/apiContract#paramName": "token",
  "http://a.ml/vocabularies/apiContract#required": "false",
  "http://a.ml/vocabularies/core#description": "The login token of the user",
  "http://a.ml/vocabularies/core#name": "token",
  "http://a.ml/vocabularies/shapes#schema": {
    "http://a.ml/vocabularies/core#description": "The login token of the user",
    "http://www.w3.org/ns/shacl#datatype": "http://www.w3.org/2001/XMLSchema#string",
    "http://www.w3.org/ns/shacl#name": "schema",
    "id": "file:///Users/abettati/Desktop/apisContentFull/6663.json#/web-api/end-points/%2Ftasks%2F%7BtaskId%7D/delete/request/parameter/token/scalar/schema"
  },
  "id": "file:///Users/abettati/Desktop/apisContentFull/6663.json#/web-api/end-points/%2Ftasks%2F%7BtaskId%7D/delete/request/parameter/token"
}, {
  "http://a.ml/vocabularies/apiContract#binding": "path",
  "http://a.ml/vocabularies/apiContract#paramName": "taskId",
  "http://a.ml/vocabularies/apiContract#required": "true",
  "http://a.ml/vocabularies/core#description": "The id of the task",
  "http://a.ml/vocabularies/core#name": "taskId",
  "http://a.ml/vocabularies/shapes#schema": {
    "http://a.ml/vocabularies/core#description": "The id of the task",
    "http://www.w3.org/ns/shacl#datatype": "http://www.w3.org/2001/XMLSchema#string",
    "http://www.w3.org/ns/shacl#name": "schema",
    "id": "file:///Users/abettati/Desktop/apisContentFull/6663.json#/web-api/end-points/%2Ftasks%2F%7BtaskId%7D/delete/request/parameter/taskId/scalar/schema"
  },
  "id": "file:///Users/abettati/Desktop/apisContentFull/6663.json#/web-api/end-points/%2Ftasks%2F%7BtaskId%7D/delete/request/parameter/taskId"
}, {
  "http://a.ml/vocabularies/apiContract#binding": "header",
  "http://a.ml/vocabularies/apiContract#paramName": "token",
  "http://a.ml/vocabularies/apiContract#required": "false",
  "http://a.ml/vocabularies/core#description": "The login token of the user",
  "http://a.ml/vocabularies/core#name": "token",
  "http://a.ml/vocabularies/shapes#schema": {
    "http://a.ml/vocabularies/core#description": "The login token of the user",
    "http://www.w3.org/ns/shacl#datatype": "http://www.w3.org/2001/XMLSchema#string",
    "http://www.w3.org/ns/shacl#name": "schema",
    "id": "file:///Users/abettati/Desktop/apisContentFull/6663.json#/web-api/end-points/%2Fgroups/get/request/parameter/token/scalar/schema"
  },
  "id": "file:///Users/abettati/Desktop/apisContentFull/6663.json#/web-api/end-points/%2Fgroups/get/request/parameter/token"
}, {
  "http://a.ml/vocabularies/apiContract#binding": "header",
  "http://a.ml/vocabularies/apiContract#paramName": "token",
  "http://a.ml/vocabularies/apiContract#required": "false",
  "http://a.ml/vocabularies/core#description": "The login token of the user",
  "http://a.ml/vocabularies/core#name": "token",
  "http://a.ml/vocabularies/shapes#schema": {
    "http://a.ml/vocabularies/core#description": "The login token of the user",
    "http://www.w3.org/ns/shacl#datatype": "http://www.w3.org/2001/XMLSchema#string",
    "http://www.w3.org/ns/shacl#name": "schema",
    "id": "file:///Users/abettati/Desktop/apisContentFull/6663.json#/web-api/end-points/%2Fgroups%2F%7BgroupId%7D/get/request/parameter/token/scalar/schema"
  },
  "id": "file:///Users/abettati/Desktop/apisContentFull/6663.json#/web-api/end-points/%2Fgroups%2F%7BgroupId%7D/get/request/parameter/token"
}, {
  "http://a.ml/vocabularies/apiContract#binding": "path",
  "http://a.ml/vocabularies/apiContract#paramName": "groupId",
  "http://a.ml/vocabularies/apiContract#required": "true",
  "http://a.ml/vocabularies/core#description": "The id of the group",
  "http://a.ml/vocabularies/core#name": "groupId",
  "http://a.ml/vocabularies/shapes#schema": {
    "http://a.ml/vocabularies/core#description": "The id of the group",
    "http://www.w3.org/ns/shacl#datatype": "http://www.w3.org/2001/XMLSchema#string",
    "http://www.w3.org/ns/shacl#name": "schema",
    "id": "file:///Users/abettati/Desktop/apisContentFull/6663.json#/web-api/end-points/%2Fgroups%2F%7BgroupId%7D/get/request/parameter/groupId/scalar/schema"
  },
  "id": "file:///Users/abettati/Desktop/apisContentFull/6663.json#/web-api/end-points/%2Fgroups%2F%7BgroupId%7D/get/request/parameter/groupId"
}, {
  "http://a.ml/vocabularies/apiContract#binding": "header",
  "http://a.ml/vocabularies/apiContract#paramName": "token",
  "http://a.ml/vocabularies/apiContract#required": "false",
  "http://a.ml/vocabularies/core#description": "The login token of the user",
  "http://a.ml/vocabularies/core#name": "token",
  "http://a.ml/vocabularies/shapes#schema": {
    "http://a.ml/vocabularies/core#description": "The login token of the user",
    "http://www.w3.org/ns/shacl#datatype": "http://www.w3.org/2001/XMLSchema#string",
    "http://www.w3.org/ns/shacl#name": "schema",
    "id": "file:///Users/abettati/Desktop/apisContentFull/6663.json#/web-api/end-points/%2Fgroups%2F%7BgroupId%7D/put/request/parameter/token/scalar/schema"
  },
  "id": "file:///Users/abettati/Desktop/apisContentFull/6663.json#/web-api/end-points/%2Fgroups%2F%7BgroupId%7D/put/request/parameter/token"
}, {
  "http://a.ml/vocabularies/apiContract#binding": "path",
  "http://a.ml/vocabularies/apiContract#paramName": "groupId",
  "http://a.ml/vocabularies/apiContract#required": "true",
  "http://a.ml/vocabularies/core#description": "The id of the group",
  "http://a.ml/vocabularies/core#name": "groupId",
  "http://a.ml/vocabularies/shapes#schema": {
    "http://a.ml/vocabularies/core#description": "The id of the group",
    "http://www.w3.org/ns/shacl#datatype": "http://www.w3.org/2001/XMLSchema#string",
    "http://www.w3.org/ns/shacl#name": "schema",
    "id": "file:///Users/abettati/Desktop/apisContentFull/6663.json#/web-api/end-points/%2Fgroups%2F%7BgroupId%7D/put/request/parameter/groupId/scalar/schema"
  },
  "id": "file:///Users/abettati/Desktop/apisContentFull/6663.json#/web-api/end-points/%2Fgroups%2F%7BgroupId%7D/put/request/parameter/groupId"
}, {
  "http://a.ml/vocabularies/apiContract#binding": "header",
  "http://a.ml/vocabularies/apiContract#paramName": "token",
  "http://a.ml/vocabularies/apiContract#required": "false",
  "http://a.ml/vocabularies/core#description": "The login token of the user",
  "http://a.ml/vocabularies/core#name": "token",
  "http://a.ml/vocabularies/shapes#schema": {
    "http://a.ml/vocabularies/core#description": "The login token of the user",
    "http://www.w3.org/ns/shacl#datatype": "http://www.w3.org/2001/XMLSchema#string",
    "http://www.w3.org/ns/shacl#name": "schema",
    "id": "file:///Users/abettati/Desktop/apisContentFull/6663.json#/web-api/end-points/%2Fgroups%2F%7BgroupId%7D/delete/request/parameter/token/scalar/schema"
  },
  "id": "file:///Users/abettati/Desktop/apisContentFull/6663.json#/web-api/end-points/%2Fgroups%2F%7BgroupId%7D/delete/request/parameter/token"
}, {
  "http://a.ml/vocabularies/apiContract#binding": "path",
  "http://a.ml/vocabularies/apiContract#paramName": "groupId",
  "http://a.ml/vocabularies/apiContract#required": "true",
  "http://a.ml/vocabularies/core#description": "The id of the group",
  "http://a.ml/vocabularies/core#name": "groupId",
  "http://a.ml/vocabularies/shapes#schema": {
    "http://a.ml/vocabularies/core#description": "The id of the group",
    "http://www.w3.org/ns/shacl#datatype": "http://www.w3.org/2001/XMLSchema#string",
    "http://www.w3.org/ns/shacl#name": "schema",
    "id": "file:///Users/abettati/Desktop/apisContentFull/6663.json#/web-api/end-points/%2Fgroups%2F%7BgroupId%7D/delete/request/parameter/groupId/scalar/schema"
  },
  "id": "file:///Users/abettati/Desktop/apisContentFull/6663.json#/web-api/end-points/%2Fgroups%2F%7BgroupId%7D/delete/request/parameter/groupId"
}, {
  "http://a.ml/vocabularies/apiContract#binding": "header",
  "http://a.ml/vocabularies/apiContract#paramName": "token",
  "http://a.ml/vocabularies/apiContract#required": "false",
  "http://a.ml/vocabularies/core#description": "The login token of the user",
  "http://a.ml/vocabularies/core#name": "token",
  "http://a.ml/vocabularies/shapes#schema": {
    "http://a.ml/vocabularies/core#description": "The login token of the user",
    "http://www.w3.org/ns/shacl#datatype": "http://www.w3.org/2001/XMLSchema#string",
    "http://www.w3.org/ns/shacl#name": "schema",
    "id": "file:///Users/abettati/Desktop/apisContentFull/6663.json#/web-api/end-points/%2Fgroups%2F%7BgroupId%7D%2Ftasks%2F%7BtaskId%7D/get/request/parameter/token/scalar/schema"
  },
  "id": "file:///Users/abettati/Desktop/apisContentFull/6663.json#/web-api/end-points/%2Fgroups%2F%7BgroupId%7D%2Ftasks%2F%7BtaskId%7D/get/request/parameter/token"
}, {
  "http://a.ml/vocabularies/apiContract#binding": "path",
  "http://a.ml/vocabularies/apiContract#paramName": "taskId",
  "http://a.ml/vocabularies/apiContract#required": "true",
  "http://a.ml/vocabularies/core#description": "The id of the task",
  "http://a.ml/vocabularies/core#name": "taskId",
  "http://a.ml/vocabularies/shapes#schema": {
    "http://a.ml/vocabularies/core#description": "The id of the task",
    "http://www.w3.org/ns/shacl#datatype": "http://www.w3.org/2001/XMLSchema#string",
    "http://www.w3.org/ns/shacl#name": "schema",
    "id": "file:///Users/abettati/Desktop/apisContentFull/6663.json#/web-api/end-points/%2Fgroups%2F%7BgroupId%7D%2Ftasks%2F%7BtaskId%7D/get/request/parameter/taskId/scalar/schema"
  },
  "id": "file:///Users/abettati/Desktop/apisContentFull/6663.json#/web-api/end-points/%2Fgroups%2F%7BgroupId%7D%2Ftasks%2F%7BtaskId%7D/get/request/parameter/taskId"
}, {
  "http://a.ml/vocabularies/apiContract#binding": "path",
  "http://a.ml/vocabularies/apiContract#paramName": "groupId",
  "http://a.ml/vocabularies/apiContract#required": "true",
  "http://a.ml/vocabularies/core#description": "The id of the group",
  "http://a.ml/vocabularies/core#name": "groupId",
  "http://a.ml/vocabularies/shapes#schema": {
    "http://a.ml/vocabularies/core#description": "The id of the group",
    "http://www.w3.org/ns/shacl#datatype": "http://www.w3.org/2001/XMLSchema#string",
    "http://www.w3.org/ns/shacl#name": "schema",
    "id": "file:///Users/abettati/Desktop/apisContentFull/6663.json#/web-api/end-points/%2Fgroups%2F%7BgroupId%7D%2Ftasks%2F%7BtaskId%7D/get/request/parameter/groupId/scalar/schema"
  },
  "id": "file:///Users/abettati/Desktop/apisContentFull/6663.json#/web-api/end-points/%2Fgroups%2F%7BgroupId%7D%2Ftasks%2F%7BtaskId%7D/get/request/parameter/groupId"
}, {
  "http://a.ml/vocabularies/apiContract#binding": "header",
  "http://a.ml/vocabularies/apiContract#paramName": "token",
  "http://a.ml/vocabularies/apiContract#required": "false",
  "http://a.ml/vocabularies/core#description": "The login token of the user",
  "http://a.ml/vocabularies/core#name": "token",
  "http://a.ml/vocabularies/shapes#schema": {
    "http://a.ml/vocabularies/core#description": "The login token of the user",
    "http://www.w3.org/ns/shacl#datatype": "http://www.w3.org/2001/XMLSchema#string",
    "http://www.w3.org/ns/shacl#name": "schema",
    "id": "file:///Users/abettati/Desktop/apisContentFull/6663.json#/web-api/end-points/%2Fgroups%2F%7BgroupId%7D%2Ftasks%2F%7BtaskId%7D/put/request/parameter/token/scalar/schema"
  },
  "id": "file:///Users/abettati/Desktop/apisContentFull/6663.json#/web-api/end-points/%2Fgroups%2F%7BgroupId%7D%2Ftasks%2F%7BtaskId%7D/put/request/parameter/token"
}, {
  "http://a.ml/vocabularies/apiContract#binding": "path",
  "http://a.ml/vocabularies/apiContract#paramName": "taskId",
  "http://a.ml/vocabularies/apiContract#required": "true",
  "http://a.ml/vocabularies/core#description": "The id of the task",
  "http://a.ml/vocabularies/core#name": "taskId",
  "http://a.ml/vocabularies/shapes#schema": {
    "http://a.ml/vocabularies/core#description": "The id of the task",
    "http://www.w3.org/ns/shacl#datatype": "http://www.w3.org/2001/XMLSchema#string",
    "http://www.w3.org/ns/shacl#name": "schema",
    "id": "file:///Users/abettati/Desktop/apisContentFull/6663.json#/web-api/end-points/%2Fgroups%2F%7BgroupId%7D%2Ftasks%2F%7BtaskId%7D/put/request/parameter/taskId/scalar/schema"
  },
  "id": "file:///Users/abettati/Desktop/apisContentFull/6663.json#/web-api/end-points/%2Fgroups%2F%7BgroupId%7D%2Ftasks%2F%7BtaskId%7D/put/request/parameter/taskId"
}, {
  "http://a.ml/vocabularies/apiContract#binding": "path",
  "http://a.ml/vocabularies/apiContract#paramName": "groupId",
  "http://a.ml/vocabularies/apiContract#required": "true",
  "http://a.ml/vocabularies/core#description": "The id of the group",
  "http://a.ml/vocabularies/core#name": "groupId",
  "http://a.ml/vocabularies/shapes#schema": {
    "http://a.ml/vocabularies/core#description": "The id of the group",
    "http://www.w3.org/ns/shacl#datatype": "http://www.w3.org/2001/XMLSchema#string",
    "http://www.w3.org/ns/shacl#name": "schema",
    "id": "file:///Users/abettati/Desktop/apisContentFull/6663.json#/web-api/end-points/%2Fgroups%2F%7BgroupId%7D%2Ftasks%2F%7BtaskId%7D/put/request/parameter/groupId/scalar/schema"
  },
  "id": "file:///Users/abettati/Desktop/apisContentFull/6663.json#/web-api/end-points/%2Fgroups%2F%7BgroupId%7D%2Ftasks%2F%7BtaskId%7D/put/request/parameter/groupId"
}, {
  "http://a.ml/vocabularies/apiContract#binding": "header",
  "http://a.ml/vocabularies/apiContract#paramName": "token",
  "http://a.ml/vocabularies/apiContract#required": "false",
  "http://a.ml/vocabularies/core#description": "The login token of the user",
  "http://a.ml/vocabularies/core#name": "token",
  "http://a.ml/vocabularies/shapes#schema": {
    "http://a.ml/vocabularies/core#description": "The login token of the user",
    "http://www.w3.org/ns/shacl#datatype": "http://www.w3.org/2001/XMLSchema#string",
    "http://www.w3.org/ns/shacl#name": "schema",
    "id": "file:///Users/abettati/Desktop/apisContentFull/6663.json#/web-api/end-points/%2Fgroups%2F%7BgroupId%7D%2Ftasks%2F%7BtaskId%7D/delete/request/parameter/token/scalar/schema"
  },
  "id": "file:///Users/abettati/Desktop/apisContentFull/6663.json#/web-api/end-points/%2Fgroups%2F%7BgroupId%7D%2Ftasks%2F%7BtaskId%7D/delete/request/parameter/token"
}, {
  "http://a.ml/vocabularies/apiContract#binding": "path",
  "http://a.ml/vocabularies/apiContract#paramName": "taskId",
  "http://a.ml/vocabularies/apiContract#required": "true",
  "http://a.ml/vocabularies/core#description": "The id of the task",
  "http://a.ml/vocabularies/core#name": "taskId",
  "http://a.ml/vocabularies/shapes#schema": {
    "http://a.ml/vocabularies/core#description": "The id of the task",
    "http://www.w3.org/ns/shacl#datatype": "http://www.w3.org/2001/XMLSchema#string",
    "http://www.w3.org/ns/shacl#name": "schema",
    "id": "file:///Users/abettati/Desktop/apisContentFull/6663.json#/web-api/end-points/%2Fgroups%2F%7BgroupId%7D%2Ftasks%2F%7BtaskId%7D/delete/request/parameter/taskId/scalar/schema"
  },
  "id": "file:///Users/abettati/Desktop/apisContentFull/6663.json#/web-api/end-points/%2Fgroups%2F%7BgroupId%7D%2Ftasks%2F%7BtaskId%7D/delete/request/parameter/taskId"
}, {
  "http://a.ml/vocabularies/apiContract#binding": "path",
  "http://a.ml/vocabularies/apiContract#paramName": "groupId",
  "http://a.ml/vocabularies/apiContract#required": "true",
  "http://a.ml/vocabularies/core#description": "The id of the group",
  "http://a.ml/vocabularies/core#name": "groupId",
  "http://a.ml/vocabularies/shapes#schema": {
    "http://a.ml/vocabularies/core#description": "The id of the group",
    "http://www.w3.org/ns/shacl#datatype": "http://www.w3.org/2001/XMLSchema#string",
    "http://www.w3.org/ns/shacl#name": "schema",
    "id": "file:///Users/abettati/Desktop/apisContentFull/6663.json#/web-api/end-points/%2Fgroups%2F%7BgroupId%7D%2Ftasks%2F%7BtaskId%7D/delete/request/parameter/groupId/scalar/schema"
  },
  "id": "file:///Users/abettati/Desktop/apisContentFull/6663.json#/web-api/end-points/%2Fgroups%2F%7BgroupId%7D%2Ftasks%2F%7BtaskId%7D/delete/request/parameter/groupId"
}, {
  "http://a.ml/vocabularies/apiContract#binding": "header",
  "http://a.ml/vocabularies/apiContract#paramName": "token",
  "http://a.ml/vocabularies/apiContract#required": "false",
  "http://a.ml/vocabularies/core#description": "The login token of the user",
  "http://a.ml/vocabularies/core#name": "token",
  "http://a.ml/vocabularies/shapes#schema": {
    "http://a.ml/vocabularies/core#description": "The login token of the user",
    "http://www.w3.org/ns/shacl#datatype": "http://www.w3.org/2001/XMLSchema#string",
    "http://www.w3.org/ns/shacl#name": "schema",
    "id": "file:///Users/abettati/Desktop/apisContentFull/6663.json#/web-api/end-points/%2Froles/get/request/parameter/token/scalar/schema"
  },
  "id": "file:///Users/abettati/Desktop/apisContentFull/6663.json#/web-api/end-points/%2Froles/get/request/parameter/token"
}, {
  "http://a.ml/vocabularies/apiContract#binding": "header",
  "http://a.ml/vocabularies/apiContract#paramName": "token",
  "http://a.ml/vocabularies/apiContract#required": "false",
  "http://a.ml/vocabularies/core#description": "The login token of the user",
  "http://a.ml/vocabularies/core#name": "token",
  "http://a.ml/vocabularies/shapes#schema": {
    "http://a.ml/vocabularies/core#description": "The login token of the user",
    "http://www.w3.org/ns/shacl#datatype": "http://www.w3.org/2001/XMLSchema#string",
    "http://www.w3.org/ns/shacl#name": "schema",
    "id": "file:///Users/abettati/Desktop/apisContentFull/6663.json#/web-api/end-points/%2Finvite/post/request/parameter/token/scalar/schema"
  },
  "id": "file:///Users/abettati/Desktop/apisContentFull/6663.json#/web-api/end-points/%2Finvite/post/request/parameter/token"
}, {
  "http://a.ml/vocabularies/apiContract#binding": "header",
  "http://a.ml/vocabularies/apiContract#paramName": "userId",
  "http://a.ml/vocabularies/apiContract#required": "false",
  "http://a.ml/vocabularies/core#description": "The id of the user that is invited",
  "http://a.ml/vocabularies/core#name": "userId",
  "http://a.ml/vocabularies/shapes#schema": {
    "http://a.ml/vocabularies/core#description": "The id of the user that is invited",
    "http://www.w3.org/ns/shacl#datatype": "http://www.w3.org/2001/XMLSchema#string",
    "http://www.w3.org/ns/shacl#name": "schema",
    "id": "file:///Users/abettati/Desktop/apisContentFull/6663.json#/web-api/end-points/%2Finvite/post/request/parameter/userId/scalar/schema"
  },
  "id": "file:///Users/abettati/Desktop/apisContentFull/6663.json#/web-api/end-points/%2Finvite/post/request/parameter/userId"
}, {
  "http://a.ml/vocabularies/apiContract#binding": "header",
  "http://a.ml/vocabularies/apiContract#paramName": "groupId",
  "http://a.ml/vocabularies/apiContract#required": "false",
  "http://a.ml/vocabularies/core#description": "The id of the group the user is invited to",
  "http://a.ml/vocabularies/core#name": "groupId",
  "http://a.ml/vocabularies/shapes#schema": {
    "http://a.ml/vocabularies/core#description": "The id of the group the user is invited to",
    "http://www.w3.org/ns/shacl#datatype": "http://www.w3.org/2001/XMLSchema#string",
    "http://www.w3.org/ns/shacl#name": "schema",
    "id": "file:///Users/abettati/Desktop/apisContentFull/6663.json#/web-api/end-points/%2Finvite/post/request/parameter/groupId/scalar/schema"
  },
  "id": "file:///Users/abettati/Desktop/apisContentFull/6663.json#/web-api/end-points/%2Finvite/post/request/parameter/groupId"
}, {
  "http://a.ml/vocabularies/apiContract#binding": "header",
  "http://a.ml/vocabularies/apiContract#paramName": "roleId",
  "http://a.ml/vocabularies/apiContract#required": "false",
  "http://a.ml/vocabularies/core#description": "The id of the role the user is invited to",
  "http://a.ml/vocabularies/core#name": "roleId",
  "http://a.ml/vocabularies/shapes#schema": {
    "http://a.ml/vocabularies/core#description": "The id of the role the user is invited to",
    "http://www.w3.org/ns/shacl#datatype": "http://www.w3.org/2001/XMLSchema#string",
    "http://www.w3.org/ns/shacl#name": "schema",
    "id": "file:///Users/abettati/Desktop/apisContentFull/6663.json#/web-api/end-points/%2Finvite/post/request/parameter/roleId/scalar/schema"
  },
  "id": "file:///Users/abettati/Desktop/apisContentFull/6663.json#/web-api/end-points/%2Finvite/post/request/parameter/roleId"
}]