[{
  "http://a.ml/vocabularies/apiContract#binding": "header",
  "http://a.ml/vocabularies/apiContract#examples": [{
    "http://a.ml/vocabularies/document#raw": "cca9b187-f4b5-4a6c-b939-65163227c955",
    "http://a.ml/vocabularies/document#strict": "true",
    "http://a.ml/vocabularies/document#structuredValue": {
      "http://a.ml/vocabularies/core#name": null,
      "http://a.ml/vocabularies/data#value": null,
      "http://www.w3.org/ns/shacl#datatype": null,
      "id": "file:///Users/abettati/Desktop/apisContentFull/8298.json#/web-api/end-points/%2Fsettings/post/requestBody/parameter/PV-Correlation-ID/example/default-example/scalar_1"
    },
    "id": "file:///Users/abettati/Desktop/apisContentFull/8298.json#/web-api/end-points/%2Fsettings/post/requestBody/parameter/PV-Correlation-ID/example/default-example"
  }],
  "http://a.ml/vocabularies/apiContract#explode": "false",
  "http://a.ml/vocabularies/apiContract#paramName": "PV-Correlation-ID",
  "http://a.ml/vocabularies/apiContract#required": "false",
  "http://a.ml/vocabularies/apiContract#style": "simple",
  "http://a.ml/vocabularies/core#description": "The unique identifier that relates all inter-service messages in the same session.",
  "http://a.ml/vocabularies/core#name": "PV-Correlation-ID",
  "http://a.ml/vocabularies/shapes#schema": {
    "http://a.ml/vocabularies/shapes#format": "uuid",
    "http://www.w3.org/ns/shacl#datatype": "http://www.w3.org/2001/XMLSchema#string",
    "http://www.w3.org/ns/shacl#name": "PV-Correlation-ID",
    "id": "file:///Users/abettati/Desktop/apisContentFull/8298.json#/web-api/end-points/%2Fsettings/post/requestBody/parameter/PV-Correlation-ID/scalar/PV-Correlation-ID"
  },
  "id": "file:///Users/abettati/Desktop/apisContentFull/8298.json#/web-api/end-points/%2Fsettings/post/requestBody/parameter/PV-Correlation-ID"
}, {
  "http://a.ml/vocabularies/apiContract#binding": "header",
  "http://a.ml/vocabularies/apiContract#examples": [{
    "http://a.ml/vocabularies/document#raw": "428c4145-d422-479c-82db-679198a5013c",
    "http://a.ml/vocabularies/document#strict": "true",
    "http://a.ml/vocabularies/document#structuredValue": {
      "http://a.ml/vocabularies/core#name": null,
      "http://a.ml/vocabularies/data#value": null,
      "http://www.w3.org/ns/shacl#datatype": null,
      "id": "file:///Users/abettati/Desktop/apisContentFull/8298.json#/web-api/end-points/%2Fsettings/post/requestBody/parameter/PV-Causation-ID/example/default-example/scalar_1"
    },
    "id": "file:///Users/abettati/Desktop/apisContentFull/8298.json#/web-api/end-points/%2Fsettings/post/requestBody/parameter/PV-Causation-ID/example/default-example"
  }],
  "http://a.ml/vocabularies/apiContract#explode": "false",
  "http://a.ml/vocabularies/apiContract#paramName": "PV-Causation-ID",
  "http://a.ml/vocabularies/apiContract#required": "false",
  "http://a.ml/vocabularies/apiContract#style": "simple",
  "http://a.ml/vocabularies/core#description": "The Message-ID of the caller service. Being Message-ID the unique identifier that identifies the current portion of the session processed by one service.",
  "http://a.ml/vocabularies/core#name": "PV-Causation-ID",
  "http://a.ml/vocabularies/shapes#schema": {
    "http://a.ml/vocabularies/shapes#format": "uuid",
    "http://www.w3.org/ns/shacl#datatype": "http://www.w3.org/2001/XMLSchema#string",
    "http://www.w3.org/ns/shacl#name": "PV-Causation-ID",
    "id": "file:///Users/abettati/Desktop/apisContentFull/8298.json#/web-api/end-points/%2Fsettings/post/requestBody/parameter/PV-Causation-ID/scalar/PV-Causation-ID"
  },
  "id": "file:///Users/abettati/Desktop/apisContentFull/8298.json#/web-api/end-points/%2Fsettings/post/requestBody/parameter/PV-Causation-ID"
}, {
  "http://a.ml/vocabularies/apiContract#allowEmptyValue": "false",
  "http://a.ml/vocabularies/apiContract#allowReserved": "false",
  "http://a.ml/vocabularies/apiContract#binding": "query",
  "http://a.ml/vocabularies/apiContract#explode": "true",
  "http://a.ml/vocabularies/apiContract#paramName": "offset",
  "http://a.ml/vocabularies/apiContract#required": "false",
  "http://a.ml/vocabularies/apiContract#style": "form",
  "http://a.ml/vocabularies/core#description": "The number of items to skip before starting to collect the result set",
  "http://a.ml/vocabularies/core#name": "offset",
  "http://a.ml/vocabularies/shapes#schema": {
    "http://www.w3.org/ns/shacl#datatype": "http://www.w3.org/2001/XMLSchema#integer",
    "http://www.w3.org/ns/shacl#defaultValue": {
      "http://a.ml/vocabularies/core#name": "scalar_1",
      "http://a.ml/vocabularies/data#value": "0",
      "http://www.w3.org/ns/shacl#datatype": "http://www.w3.org/2001/XMLSchema#integer",
      "id": "file:///Users/abettati/Desktop/apisContentFull/8298.json#/web-api/end-points/%2Fsettings/get/request/parameter/offset/scalar/offset/scalar_1"
    },
    "http://www.w3.org/ns/shacl#defaultValueStr": "0",
    "http://www.w3.org/ns/shacl#name": "offset",
    "id": "file:///Users/abettati/Desktop/apisContentFull/8298.json#/web-api/end-points/%2Fsettings/get/request/parameter/offset/scalar/offset"
  },
  "id": "file:///Users/abettati/Desktop/apisContentFull/8298.json#/web-api/end-points/%2Fsettings/get/request/parameter/offset"
}, {
  "http://a.ml/vocabularies/apiContract#allowEmptyValue": "false",
  "http://a.ml/vocabularies/apiContract#allowReserved": "false",
  "http://a.ml/vocabularies/apiContract#binding": "query",
  "http://a.ml/vocabularies/apiContract#explode": "true",
  "http://a.ml/vocabularies/apiContract#paramName": "limit",
  "http://a.ml/vocabularies/apiContract#required": "false",
  "http://a.ml/vocabularies/apiContract#style": "form",
  "http://a.ml/vocabularies/core#description": "The numbers of items to return",
  "http://a.ml/vocabularies/core#name": "limit",
  "http://a.ml/vocabularies/shapes#schema": {
    "http://www.w3.org/ns/shacl#datatype": "http://www.w3.org/2001/XMLSchema#integer",
    "http://www.w3.org/ns/shacl#defaultValue": {
      "http://a.ml/vocabularies/core#name": "scalar_1",
      "http://a.ml/vocabularies/data#value": "50",
      "http://www.w3.org/ns/shacl#datatype": "http://www.w3.org/2001/XMLSchema#integer",
      "id": "file:///Users/abettati/Desktop/apisContentFull/8298.json#/web-api/end-points/%2Fsettings/get/request/parameter/limit/scalar/limit/scalar_1"
    },
    "http://www.w3.org/ns/shacl#defaultValueStr": "50",
    "http://www.w3.org/ns/shacl#maxInclusive": "50",
    "http://www.w3.org/ns/shacl#name": "limit",
    "id": "file:///Users/abettati/Desktop/apisContentFull/8298.json#/web-api/end-points/%2Fsettings/get/request/parameter/limit/scalar/limit"
  },
  "id": "file:///Users/abettati/Desktop/apisContentFull/8298.json#/web-api/end-points/%2Fsettings/get/request/parameter/limit"
}, {
  "http://a.ml/vocabularies/apiContract#binding": "header",
  "http://a.ml/vocabularies/apiContract#examples": [{
    "http://a.ml/vocabularies/document#raw": "cca9b187-f4b5-4a6c-b939-65163227c955",
    "http://a.ml/vocabularies/document#strict": "true",
    "http://a.ml/vocabularies/document#structuredValue": {
      "http://a.ml/vocabularies/core#name": null,
      "http://a.ml/vocabularies/data#value": null,
      "http://www.w3.org/ns/shacl#datatype": null,
      "id": "file:///Users/abettati/Desktop/apisContentFull/8298.json#/web-api/end-points/%2Fsettings/get/request/parameter/PV-Correlation-ID/example/default-example/scalar_1"
    },
    "id": "file:///Users/abettati/Desktop/apisContentFull/8298.json#/web-api/end-points/%2Fsettings/get/request/parameter/PV-Correlation-ID/example/default-example"
  }],
  "http://a.ml/vocabularies/apiContract#explode": "false",
  "http://a.ml/vocabularies/apiContract#paramName": "PV-Correlation-ID",
  "http://a.ml/vocabularies/apiContract#required": "false",
  "http://a.ml/vocabularies/apiContract#style": "simple",
  "http://a.ml/vocabularies/core#description": "The unique identifier that relates all inter-service messages in the same session.",
  "http://a.ml/vocabularies/core#name": "PV-Correlation-ID",
  "http://a.ml/vocabularies/shapes#schema": {
    "http://a.ml/vocabularies/shapes#format": "uuid",
    "http://www.w3.org/ns/shacl#datatype": "http://www.w3.org/2001/XMLSchema#string",
    "http://www.w3.org/ns/shacl#name": "PV-Correlation-ID",
    "id": "file:///Users/abettati/Desktop/apisContentFull/8298.json#/web-api/end-points/%2Fsettings/get/request/parameter/PV-Correlation-ID/scalar/PV-Correlation-ID"
  },
  "id": "file:///Users/abettati/Desktop/apisContentFull/8298.json#/web-api/end-points/%2Fsettings/get/request/parameter/PV-Correlation-ID"
}, {
  "http://a.ml/vocabularies/apiContract#binding": "header",
  "http://a.ml/vocabularies/apiContract#examples": [{
    "http://a.ml/vocabularies/document#raw": "428c4145-d422-479c-82db-679198a5013c",
    "http://a.ml/vocabularies/document#strict": "true",
    "http://a.ml/vocabularies/document#structuredValue": {
      "http://a.ml/vocabularies/core#name": null,
      "http://a.ml/vocabularies/data#value": null,
      "http://www.w3.org/ns/shacl#datatype": null,
      "id": "file:///Users/abettati/Desktop/apisContentFull/8298.json#/web-api/end-points/%2Fsettings/get/request/parameter/PV-Causation-ID/example/default-example/scalar_1"
    },
    "id": "file:///Users/abettati/Desktop/apisContentFull/8298.json#/web-api/end-points/%2Fsettings/get/request/parameter/PV-Causation-ID/example/default-example"
  }],
  "http://a.ml/vocabularies/apiContract#explode": "false",
  "http://a.ml/vocabularies/apiContract#paramName": "PV-Causation-ID",
  "http://a.ml/vocabularies/apiContract#required": "false",
  "http://a.ml/vocabularies/apiContract#style": "simple",
  "http://a.ml/vocabularies/core#description": "The Message-ID of the caller service. Being Message-ID the unique identifier that identifies the current portion of the session processed by one service.",
  "http://a.ml/vocabularies/core#name": "PV-Causation-ID",
  "http://a.ml/vocabularies/shapes#schema": {
    "http://a.ml/vocabularies/shapes#format": "uuid",
    "http://www.w3.org/ns/shacl#datatype": "http://www.w3.org/2001/XMLSchema#string",
    "http://www.w3.org/ns/shacl#name": "PV-Causation-ID",
    "id": "file:///Users/abettati/Desktop/apisContentFull/8298.json#/web-api/end-points/%2Fsettings/get/request/parameter/PV-Causation-ID/scalar/PV-Causation-ID"
  },
  "id": "file:///Users/abettati/Desktop/apisContentFull/8298.json#/web-api/end-points/%2Fsettings/get/request/parameter/PV-Causation-ID"
}, {
  "http://a.ml/vocabularies/apiContract#binding": "header",
  "http://a.ml/vocabularies/apiContract#examples": [{
    "http://a.ml/vocabularies/document#raw": "cca9b187-f4b5-4a6c-b939-65163227c955",
    "http://a.ml/vocabularies/document#strict": "true",
    "http://a.ml/vocabularies/document#structuredValue": {
      "http://a.ml/vocabularies/core#name": null,
      "http://a.ml/vocabularies/data#value": null,
      "http://www.w3.org/ns/shacl#datatype": null,
      "id": "file:///Users/abettati/Desktop/apisContentFull/8298.json#/web-api/end-points/%2Fsettings%2F%7BmerchantId%7D/post/requestBody/parameter/PV-Correlation-ID/example/default-example/scalar_1"
    },
    "id": "file:///Users/abettati/Desktop/apisContentFull/8298.json#/web-api/end-points/%2Fsettings%2F%7BmerchantId%7D/post/requestBody/parameter/PV-Correlation-ID/example/default-example"
  }],
  "http://a.ml/vocabularies/apiContract#explode": "false",
  "http://a.ml/vocabularies/apiContract#paramName": "PV-Correlation-ID",
  "http://a.ml/vocabularies/apiContract#required": "false",
  "http://a.ml/vocabularies/apiContract#style": "simple",
  "http://a.ml/vocabularies/core#description": "The unique identifier that relates all inter-service messages in the same session.",
  "http://a.ml/vocabularies/core#name": "PV-Correlation-ID",
  "http://a.ml/vocabularies/shapes#schema": {
    "http://a.ml/vocabularies/shapes#format": "uuid",
    "http://www.w3.org/ns/shacl#datatype": "http://www.w3.org/2001/XMLSchema#string",
    "http://www.w3.org/ns/shacl#name": "PV-Correlation-ID",
    "id": "file:///Users/abettati/Desktop/apisContentFull/8298.json#/web-api/end-points/%2Fsettings%2F%7BmerchantId%7D/post/requestBody/parameter/PV-Correlation-ID/scalar/PV-Correlation-ID"
  },
  "id": "file:///Users/abettati/Desktop/apisContentFull/8298.json#/web-api/end-points/%2Fsettings%2F%7BmerchantId%7D/post/requestBody/parameter/PV-Correlation-ID"
}, {
  "http://a.ml/vocabularies/apiContract#binding": "header",
  "http://a.ml/vocabularies/apiContract#examples": [{
    "http://a.ml/vocabularies/document#raw": "428c4145-d422-479c-82db-679198a5013c",
    "http://a.ml/vocabularies/document#strict": "true",
    "http://a.ml/vocabularies/document#structuredValue": {
      "http://a.ml/vocabularies/core#name": null,
      "http://a.ml/vocabularies/data#value": null,
      "http://www.w3.org/ns/shacl#datatype": null,
      "id": "file:///Users/abettati/Desktop/apisContentFull/8298.json#/web-api/end-points/%2Fsettings%2F%7BmerchantId%7D/post/requestBody/parameter/PV-Causation-ID/example/default-example/scalar_1"
    },
    "id": "file:///Users/abettati/Desktop/apisContentFull/8298.json#/web-api/end-points/%2Fsettings%2F%7BmerchantId%7D/post/requestBody/parameter/PV-Causation-ID/example/default-example"
  }],
  "http://a.ml/vocabularies/apiContract#explode": "false",
  "http://a.ml/vocabularies/apiContract#paramName": "PV-Causation-ID",
  "http://a.ml/vocabularies/apiContract#required": "false",
  "http://a.ml/vocabularies/apiContract#style": "simple",
  "http://a.ml/vocabularies/core#description": "The Message-ID of the caller service. Being Message-ID the unique identifier that identifies the current portion of the session processed by one service.",
  "http://a.ml/vocabularies/core#name": "PV-Causation-ID",
  "http://a.ml/vocabularies/shapes#schema": {
    "http://a.ml/vocabularies/shapes#format": "uuid",
    "http://www.w3.org/ns/shacl#datatype": "http://www.w3.org/2001/XMLSchema#string",
    "http://www.w3.org/ns/shacl#name": "PV-Causation-ID",
    "id": "file:///Users/abettati/Desktop/apisContentFull/8298.json#/web-api/end-points/%2Fsettings%2F%7BmerchantId%7D/post/requestBody/parameter/PV-Causation-ID/scalar/PV-Causation-ID"
  },
  "id": "file:///Users/abettati/Desktop/apisContentFull/8298.json#/web-api/end-points/%2Fsettings%2F%7BmerchantId%7D/post/requestBody/parameter/PV-Causation-ID"
}, {
  "http://a.ml/vocabularies/apiContract#binding": "path",
  "http://a.ml/vocabularies/apiContract#explode": "false",
  "http://a.ml/vocabularies/apiContract#paramName": "merchantId",
  "http://a.ml/vocabularies/apiContract#required": "true",
  "http://a.ml/vocabularies/apiContract#style": "simple",
  "http://a.ml/vocabularies/core#description": "ID of config to fetch",
  "http://a.ml/vocabularies/core#name": "merchantId",
  "http://a.ml/vocabularies/shapes#schema": {
    "http://www.w3.org/ns/shacl#datatype": "http://www.w3.org/2001/XMLSchema#string",
    "http://www.w3.org/ns/shacl#name": "merchantId",
    "id": "file:///Users/abettati/Desktop/apisContentFull/8298.json#/web-api/end-points/%2Fsettings%2F%7BmerchantId%7D/post/requestBody/parameter/merchantId/scalar/merchantId"
  },
  "id": "file:///Users/abettati/Desktop/apisContentFull/8298.json#/web-api/end-points/%2Fsettings%2F%7BmerchantId%7D/post/requestBody/parameter/merchantId"
}, {
  "http://a.ml/vocabularies/apiContract#binding": "header",
  "http://a.ml/vocabularies/apiContract#examples": [{
    "http://a.ml/vocabularies/document#raw": "cca9b187-f4b5-4a6c-b939-65163227c955",
    "http://a.ml/vocabularies/document#strict": "true",
    "http://a.ml/vocabularies/document#structuredValue": {
      "http://a.ml/vocabularies/core#name": null,
      "http://a.ml/vocabularies/data#value": null,
      "http://www.w3.org/ns/shacl#datatype": null,
      "id": "file:///Users/abettati/Desktop/apisContentFull/8298.json#/web-api/end-points/%2Fsettings%2F%7BmerchantId%7D/get/request/parameter/PV-Correlation-ID/example/default-example/scalar_1"
    },
    "id": "file:///Users/abettati/Desktop/apisContentFull/8298.json#/web-api/end-points/%2Fsettings%2F%7BmerchantId%7D/get/request/parameter/PV-Correlation-ID/example/default-example"
  }],
  "http://a.ml/vocabularies/apiContract#explode": "false",
  "http://a.ml/vocabularies/apiContract#paramName": "PV-Correlation-ID",
  "http://a.ml/vocabularies/apiContract#required": "false",
  "http://a.ml/vocabularies/apiContract#style": "simple",
  "http://a.ml/vocabularies/core#description": "The unique identifier that relates all inter-service messages in the same session.",
  "http://a.ml/vocabularies/core#name": "PV-Correlation-ID",
  "http://a.ml/vocabularies/shapes#schema": {
    "http://a.ml/vocabularies/shapes#format": "uuid",
    "http://www.w3.org/ns/shacl#datatype": "http://www.w3.org/2001/XMLSchema#string",
    "http://www.w3.org/ns/shacl#name": "PV-Correlation-ID",
    "id": "file:///Users/abettati/Desktop/apisContentFull/8298.json#/web-api/end-points/%2Fsettings%2F%7BmerchantId%7D/get/request/parameter/PV-Correlation-ID/scalar/PV-Correlation-ID"
  },
  "id": "file:///Users/abettati/Desktop/apisContentFull/8298.json#/web-api/end-points/%2Fsettings%2F%7BmerchantId%7D/get/request/parameter/PV-Correlation-ID"
}, {
  "http://a.ml/vocabularies/apiContract#binding": "header",
  "http://a.ml/vocabularies/apiContract#examples": [{
    "http://a.ml/vocabularies/document#raw": "428c4145-d422-479c-82db-679198a5013c",
    "http://a.ml/vocabularies/document#strict": "true",
    "http://a.ml/vocabularies/document#structuredValue": {
      "http://a.ml/vocabularies/core#name": null,
      "http://a.ml/vocabularies/data#value": null,
      "http://www.w3.org/ns/shacl#datatype": null,
      "id": "file:///Users/abettati/Desktop/apisContentFull/8298.json#/web-api/end-points/%2Fsettings%2F%7BmerchantId%7D/get/request/parameter/PV-Causation-ID/example/default-example/scalar_1"
    },
    "id": "file:///Users/abettati/Desktop/apisContentFull/8298.json#/web-api/end-points/%2Fsettings%2F%7BmerchantId%7D/get/request/parameter/PV-Causation-ID/example/default-example"
  }],
  "http://a.ml/vocabularies/apiContract#explode": "false",
  "http://a.ml/vocabularies/apiContract#paramName": "PV-Causation-ID",
  "http://a.ml/vocabularies/apiContract#required": "false",
  "http://a.ml/vocabularies/apiContract#style": "simple",
  "http://a.ml/vocabularies/core#description": "The Message-ID of the caller service. Being Message-ID the unique identifier that identifies the current portion of the session processed by one service.",
  "http://a.ml/vocabularies/core#name": "PV-Causation-ID",
  "http://a.ml/vocabularies/shapes#schema": {
    "http://a.ml/vocabularies/shapes#format": "uuid",
    "http://www.w3.org/ns/shacl#datatype": "http://www.w3.org/2001/XMLSchema#string",
    "http://www.w3.org/ns/shacl#name": "PV-Causation-ID",
    "id": "file:///Users/abettati/Desktop/apisContentFull/8298.json#/web-api/end-points/%2Fsettings%2F%7BmerchantId%7D/get/request/parameter/PV-Causation-ID/scalar/PV-Causation-ID"
  },
  "id": "file:///Users/abettati/Desktop/apisContentFull/8298.json#/web-api/end-points/%2Fsettings%2F%7BmerchantId%7D/get/request/parameter/PV-Causation-ID"
}, {
  "http://a.ml/vocabularies/apiContract#binding": "path",
  "http://a.ml/vocabularies/apiContract#explode": "false",
  "http://a.ml/vocabularies/apiContract#paramName": "merchantId",
  "http://a.ml/vocabularies/apiContract#required": "true",
  "http://a.ml/vocabularies/apiContract#style": "simple",
  "http://a.ml/vocabularies/core#description": "ID of config to fetch",
  "http://a.ml/vocabularies/core#name": "merchantId",
  "http://a.ml/vocabularies/shapes#schema": {
    "http://www.w3.org/ns/shacl#datatype": "http://www.w3.org/2001/XMLSchema#string",
    "http://www.w3.org/ns/shacl#name": "merchantId",
    "id": "file:///Users/abettati/Desktop/apisContentFull/8298.json#/web-api/end-points/%2Fsettings%2F%7BmerchantId%7D/get/request/parameter/merchantId/scalar/merchantId"
  },
  "id": "file:///Users/abettati/Desktop/apisContentFull/8298.json#/web-api/end-points/%2Fsettings%2F%7BmerchantId%7D/get/request/parameter/merchantId"
}, {
  "http://a.ml/vocabularies/apiContract#binding": "header",
  "http://a.ml/vocabularies/apiContract#examples": [{
    "http://a.ml/vocabularies/document#raw": "cca9b187-f4b5-4a6c-b939-65163227c955",
    "http://a.ml/vocabularies/document#strict": "true",
    "http://a.ml/vocabularies/document#structuredValue": {
      "http://a.ml/vocabularies/core#name": null,
      "http://a.ml/vocabularies/data#value": null,
      "http://www.w3.org/ns/shacl#datatype": null,
      "id": "file:///Users/abettati/Desktop/apisContentFull/8298.json#/web-api/end-points/%2Fsettings%2F%7BmerchantId%7D%2Fdisable/post/request/parameter/PV-Correlation-ID/example/default-example/scalar_1"
    },
    "id": "file:///Users/abettati/Desktop/apisContentFull/8298.json#/web-api/end-points/%2Fsettings%2F%7BmerchantId%7D%2Fdisable/post/request/parameter/PV-Correlation-ID/example/default-example"
  }],
  "http://a.ml/vocabularies/apiContract#explode": "false",
  "http://a.ml/vocabularies/apiContract#paramName": "PV-Correlation-ID",
  "http://a.ml/vocabularies/apiContract#required": "false",
  "http://a.ml/vocabularies/apiContract#style": "simple",
  "http://a.ml/vocabularies/core#description": "The unique identifier that relates all inter-service messages in the same session.",
  "http://a.ml/vocabularies/core#name": "PV-Correlation-ID",
  "http://a.ml/vocabularies/shapes#schema": {
    "http://a.ml/vocabularies/shapes#format": "uuid",
    "http://www.w3.org/ns/shacl#datatype": "http://www.w3.org/2001/XMLSchema#string",
    "http://www.w3.org/ns/shacl#name": "PV-Correlation-ID",
    "id": "file:///Users/abettati/Desktop/apisContentFull/8298.json#/web-api/end-points/%2Fsettings%2F%7BmerchantId%7D%2Fdisable/post/request/parameter/PV-Correlation-ID/scalar/PV-Correlation-ID"
  },
  "id": "file:///Users/abettati/Desktop/apisContentFull/8298.json#/web-api/end-points/%2Fsettings%2F%7BmerchantId%7D%2Fdisable/post/request/parameter/PV-Correlation-ID"
}, {
  "http://a.ml/vocabularies/apiContract#binding": "header",
  "http://a.ml/vocabularies/apiContract#examples": [{
    "http://a.ml/vocabularies/document#raw": "428c4145-d422-479c-82db-679198a5013c",
    "http://a.ml/vocabularies/document#strict": "true",
    "http://a.ml/vocabularies/document#structuredValue": {
      "http://a.ml/vocabularies/core#name": null,
      "http://a.ml/vocabularies/data#value": null,
      "http://www.w3.org/ns/shacl#datatype": null,
      "id": "file:///Users/abettati/Desktop/apisContentFull/8298.json#/web-api/end-points/%2Fsettings%2F%7BmerchantId%7D%2Fdisable/post/request/parameter/PV-Causation-ID/example/default-example/scalar_1"
    },
    "id": "file:///Users/abettati/Desktop/apisContentFull/8298.json#/web-api/end-points/%2Fsettings%2F%7BmerchantId%7D%2Fdisable/post/request/parameter/PV-Causation-ID/example/default-example"
  }],
  "http://a.ml/vocabularies/apiContract#explode": "false",
  "http://a.ml/vocabularies/apiContract#paramName": "PV-Causation-ID",
  "http://a.ml/vocabularies/apiContract#required": "false",
  "http://a.ml/vocabularies/apiContract#style": "simple",
  "http://a.ml/vocabularies/core#description": "The Message-ID of the caller service. Being Message-ID the unique identifier that identifies the current portion of the session processed by one service.",
  "http://a.ml/vocabularies/core#name": "PV-Causation-ID",
  "http://a.ml/vocabularies/shapes#schema": {
    "http://a.ml/vocabularies/shapes#format": "uuid",
    "http://www.w3.org/ns/shacl#datatype": "http://www.w3.org/2001/XMLSchema#string",
    "http://www.w3.org/ns/shacl#name": "PV-Causation-ID",
    "id": "file:///Users/abettati/Desktop/apisContentFull/8298.json#/web-api/end-points/%2Fsettings%2F%7BmerchantId%7D%2Fdisable/post/request/parameter/PV-Causation-ID/scalar/PV-Causation-ID"
  },
  "id": "file:///Users/abettati/Desktop/apisContentFull/8298.json#/web-api/end-points/%2Fsettings%2F%7BmerchantId%7D%2Fdisable/post/request/parameter/PV-Causation-ID"
}, {
  "http://a.ml/vocabularies/apiContract#binding": "path",
  "http://a.ml/vocabularies/apiContract#explode": "false",
  "http://a.ml/vocabularies/apiContract#paramName": "merchantId",
  "http://a.ml/vocabularies/apiContract#required": "true",
  "http://a.ml/vocabularies/apiContract#style": "simple",
  "http://a.ml/vocabularies/core#description": "ID of config to fetch",
  "http://a.ml/vocabularies/core#name": "merchantId",
  "http://a.ml/vocabularies/shapes#schema": {
    "http://www.w3.org/ns/shacl#datatype": "http://www.w3.org/2001/XMLSchema#string",
    "http://www.w3.org/ns/shacl#name": "merchantId",
    "id": "file:///Users/abettati/Desktop/apisContentFull/8298.json#/web-api/end-points/%2Fsettings%2F%7BmerchantId%7D%2Fdisable/post/request/parameter/merchantId/scalar/merchantId"
  },
  "id": "file:///Users/abettati/Desktop/apisContentFull/8298.json#/web-api/end-points/%2Fsettings%2F%7BmerchantId%7D%2Fdisable/post/request/parameter/merchantId"
}]