[{
  "http://a.ml/vocabularies/apiContract#binding": "path",
  "http://a.ml/vocabularies/apiContract#explode": "false",
  "http://a.ml/vocabularies/apiContract#paramName": "accountId",
  "http://a.ml/vocabularies/apiContract#required": "true",
  "http://a.ml/vocabularies/apiContract#style": "simple",
  "http://a.ml/vocabularies/core#description": "the account identifier",
  "http://a.ml/vocabularies/core#name": "accountId",
  "http://a.ml/vocabularies/shapes#schema": {
    "http://www.w3.org/ns/shacl#datatype": "http://www.w3.org/2001/XMLSchema#integer",
    "http://www.w3.org/ns/shacl#name": "accountId",
    "id": "file:///Users/abettati/Desktop/apisContentFull/3391.json#/web-api/end-points/%2Faccounts%2F%7BaccountId%7D/parameter/accountId/scalar/accountId"
  },
  "id": "file:///Users/abettati/Desktop/apisContentFull/3391.json#/web-api/end-points/%2Faccounts%2F%7BaccountId%7D/parameter/accountId"
}, {
  "http://a.ml/vocabularies/apiContract#binding": "path",
  "http://a.ml/vocabularies/apiContract#explode": "false",
  "http://a.ml/vocabularies/apiContract#paramName": "accountId",
  "http://a.ml/vocabularies/apiContract#required": "true",
  "http://a.ml/vocabularies/apiContract#style": "simple",
  "http://a.ml/vocabularies/core#description": "the account identifier",
  "http://a.ml/vocabularies/core#name": "accountId",
  "http://a.ml/vocabularies/shapes#schema": {
    "http://www.w3.org/ns/shacl#datatype": "http://www.w3.org/2001/XMLSchema#integer",
    "http://www.w3.org/ns/shacl#name": "accountId",
    "id": "file:///Users/abettati/Desktop/apisContentFull/3391.json#/web-api/end-points/%2Faccounts%2F%7BaccountId%7D%2Fcheck/parameter/accountId/scalar/accountId"
  },
  "id": "file:///Users/abettati/Desktop/apisContentFull/3391.json#/web-api/end-points/%2Faccounts%2F%7BaccountId%7D%2Fcheck/parameter/accountId"
}, {
  "http://a.ml/vocabularies/apiContract#binding": "path",
  "http://a.ml/vocabularies/apiContract#explode": "false",
  "http://a.ml/vocabularies/apiContract#paramName": "accountId",
  "http://a.ml/vocabularies/apiContract#required": "true",
  "http://a.ml/vocabularies/apiContract#style": "simple",
  "http://a.ml/vocabularies/core#description": "the account identifier",
  "http://a.ml/vocabularies/core#name": "accountId",
  "http://a.ml/vocabularies/shapes#schema": {
    "http://www.w3.org/ns/shacl#datatype": "http://www.w3.org/2001/XMLSchema#integer",
    "http://www.w3.org/ns/shacl#name": "accountId",
    "id": "file:///Users/abettati/Desktop/apisContentFull/3391.json#/web-api/end-points/%2Faccounts%2F%7BaccountId%7D%2Fnotifications/parameter/accountId/scalar/accountId"
  },
  "id": "file:///Users/abettati/Desktop/apisContentFull/3391.json#/web-api/end-points/%2Faccounts%2F%7BaccountId%7D%2Fnotifications/parameter/accountId"
}, {
  "http://a.ml/vocabularies/apiContract#binding": "path",
  "http://a.ml/vocabularies/apiContract#explode": "false",
  "http://a.ml/vocabularies/apiContract#paramName": "accountId",
  "http://a.ml/vocabularies/apiContract#required": "true",
  "http://a.ml/vocabularies/apiContract#style": "simple",
  "http://a.ml/vocabularies/core#description": "the account identifier",
  "http://a.ml/vocabularies/core#name": "accountId",
  "http://a.ml/vocabularies/shapes#schema": {
    "http://www.w3.org/ns/shacl#datatype": "http://www.w3.org/2001/XMLSchema#integer",
    "http://www.w3.org/ns/shacl#name": "accountId",
    "id": "file:///Users/abettati/Desktop/apisContentFull/3391.json#/web-api/end-points/%2Faccounts%2F%7BaccountId%7D%2Ftopics/parameter/accountId/scalar/accountId"
  },
  "id": "file:///Users/abettati/Desktop/apisContentFull/3391.json#/web-api/end-points/%2Faccounts%2F%7BaccountId%7D%2Ftopics/parameter/accountId"
}, {
  "http://a.ml/vocabularies/apiContract#binding": "path",
  "http://a.ml/vocabularies/apiContract#explode": "false",
  "http://a.ml/vocabularies/apiContract#paramName": "accountId",
  "http://a.ml/vocabularies/apiContract#required": "true",
  "http://a.ml/vocabularies/apiContract#style": "simple",
  "http://a.ml/vocabularies/core#description": "the account identifier",
  "http://a.ml/vocabularies/core#name": "accountId",
  "http://a.ml/vocabularies/shapes#schema": {
    "http://www.w3.org/ns/shacl#datatype": "http://www.w3.org/2001/XMLSchema#integer",
    "http://www.w3.org/ns/shacl#name": "accountId",
    "id": "file:///Users/abettati/Desktop/apisContentFull/3391.json#/web-api/end-points/%2Faccounts%2F%7BaccountId%7D%2Ftopics%2F%7BtopicId%7D/parameter/accountId/scalar/accountId"
  },
  "id": "file:///Users/abettati/Desktop/apisContentFull/3391.json#/web-api/end-points/%2Faccounts%2F%7BaccountId%7D%2Ftopics%2F%7BtopicId%7D/parameter/accountId"
}, {
  "http://a.ml/vocabularies/apiContract#binding": "path",
  "http://a.ml/vocabularies/apiContract#explode": "false",
  "http://a.ml/vocabularies/apiContract#paramName": "topicId",
  "http://a.ml/vocabularies/apiContract#required": "true",
  "http://a.ml/vocabularies/apiContract#style": "simple",
  "http://a.ml/vocabularies/core#description": "the help topic identifier",
  "http://a.ml/vocabularies/core#name": "topicId",
  "http://a.ml/vocabularies/shapes#schema": {
    "http://www.w3.org/ns/shacl#datatype": "http://www.w3.org/2001/XMLSchema#integer",
    "http://www.w3.org/ns/shacl#name": "topicId",
    "id": "file:///Users/abettati/Desktop/apisContentFull/3391.json#/web-api/end-points/%2Faccounts%2F%7BaccountId%7D%2Ftopics%2F%7BtopicId%7D/parameter/topicId/scalar/topicId"
  },
  "id": "file:///Users/abettati/Desktop/apisContentFull/3391.json#/web-api/end-points/%2Faccounts%2F%7BaccountId%7D%2Ftopics%2F%7BtopicId%7D/parameter/topicId"
}, {
  "http://a.ml/vocabularies/apiContract#allowEmptyValue": "false",
  "http://a.ml/vocabularies/apiContract#allowReserved": "false",
  "http://a.ml/vocabularies/apiContract#binding": "query",
  "http://a.ml/vocabularies/apiContract#explode": "true",
  "http://a.ml/vocabularies/apiContract#paramName": "filter",
  "http://a.ml/vocabularies/apiContract#required": "false",
  "http://a.ml/vocabularies/apiContract#style": "form",
  "http://a.ml/vocabularies/core#description": "filter results by text",
  "http://a.ml/vocabularies/core#name": "filter",
  "http://a.ml/vocabularies/shapes#schema": {
    "http://www.w3.org/ns/shacl#datatype": "http://www.w3.org/2001/XMLSchema#string",
    "http://www.w3.org/ns/shacl#name": "filter",
    "id": "file:///Users/abettati/Desktop/apisContentFull/3391.json#/web-api/end-points/%2Fgroups/get/request/parameter/filter/scalar/filter"
  },
  "id": "file:///Users/abettati/Desktop/apisContentFull/3391.json#/web-api/end-points/%2Fgroups/get/request/parameter/filter"
}, {
  "http://a.ml/vocabularies/apiContract#allowEmptyValue": "false",
  "http://a.ml/vocabularies/apiContract#allowReserved": "false",
  "http://a.ml/vocabularies/apiContract#binding": "query",
  "http://a.ml/vocabularies/apiContract#explode": "true",
  "http://a.ml/vocabularies/apiContract#paramName": "sort",
  "http://a.ml/vocabularies/apiContract#required": "false",
  "http://a.ml/vocabularies/apiContract#style": "form",
  "http://a.ml/vocabularies/core#description": "sort results, example 'name:asc,description:desc'",
  "http://a.ml/vocabularies/core#name": "sort",
  "http://a.ml/vocabularies/shapes#schema": {
    "http://www.w3.org/ns/shacl#datatype": "http://www.w3.org/2001/XMLSchema#string",
    "http://www.w3.org/ns/shacl#name": "sort",
    "id": "file:///Users/abettati/Desktop/apisContentFull/3391.json#/web-api/end-points/%2Fgroups/get/request/parameter/sort/scalar/sort"
  },
  "id": "file:///Users/abettati/Desktop/apisContentFull/3391.json#/web-api/end-points/%2Fgroups/get/request/parameter/sort"
}, {
  "http://a.ml/vocabularies/apiContract#allowEmptyValue": "false",
  "http://a.ml/vocabularies/apiContract#allowReserved": "false",
  "http://a.ml/vocabularies/apiContract#binding": "query",
  "http://a.ml/vocabularies/apiContract#explode": "true",
  "http://a.ml/vocabularies/apiContract#paramName": "per_page",
  "http://a.ml/vocabularies/apiContract#required": "false",
  "http://a.ml/vocabularies/apiContract#style": "form",
  "http://a.ml/vocabularies/core#description": "limit row counts (page size for pagination)",
  "http://a.ml/vocabularies/core#name": "per_page",
  "http://a.ml/vocabularies/shapes#schema": {
    "http://www.w3.org/ns/shacl#datatype": "http://www.w3.org/2001/XMLSchema#integer",
    "http://www.w3.org/ns/shacl#name": "per_page",
    "id": "file:///Users/abettati/Desktop/apisContentFull/3391.json#/web-api/end-points/%2Fgroups/get/request/parameter/per_page/scalar/per_page"
  },
  "id": "file:///Users/abettati/Desktop/apisContentFull/3391.json#/web-api/end-points/%2Fgroups/get/request/parameter/per_page"
}, {
  "http://a.ml/vocabularies/apiContract#allowEmptyValue": "false",
  "http://a.ml/vocabularies/apiContract#allowReserved": "false",
  "http://a.ml/vocabularies/apiContract#binding": "query",
  "http://a.ml/vocabularies/apiContract#explode": "true",
  "http://a.ml/vocabularies/apiContract#paramName": "page",
  "http://a.ml/vocabularies/apiContract#required": "false",
  "http://a.ml/vocabularies/apiContract#style": "form",
  "http://a.ml/vocabularies/core#description": "shopw page (pagination)",
  "http://a.ml/vocabularies/core#name": "page",
  "http://a.ml/vocabularies/shapes#schema": {
    "http://www.w3.org/ns/shacl#datatype": "http://www.w3.org/2001/XMLSchema#integer",
    "http://www.w3.org/ns/shacl#name": "page",
    "id": "file:///Users/abettati/Desktop/apisContentFull/3391.json#/web-api/end-points/%2Fgroups/get/request/parameter/page/scalar/page"
  },
  "id": "file:///Users/abettati/Desktop/apisContentFull/3391.json#/web-api/end-points/%2Fgroups/get/request/parameter/page"
}, {
  "http://a.ml/vocabularies/apiContract#allowEmptyValue": "false",
  "http://a.ml/vocabularies/apiContract#allowReserved": "false",
  "http://a.ml/vocabularies/apiContract#binding": "query",
  "http://a.ml/vocabularies/apiContract#explode": "true",
  "http://a.ml/vocabularies/apiContract#paramName": "id",
  "http://a.ml/vocabularies/apiContract#required": "false",
  "http://a.ml/vocabularies/apiContract#style": "form",
  "http://a.ml/vocabularies/core#description": "filte by id, example '1', '1,2,3', '1:3'",
  "http://a.ml/vocabularies/core#name": "id",
  "http://a.ml/vocabularies/shapes#schema": {
    "http://www.w3.org/ns/shacl#datatype": "http://www.w3.org/2001/XMLSchema#string",
    "http://www.w3.org/ns/shacl#name": "id",
    "id": "file:///Users/abettati/Desktop/apisContentFull/3391.json#/web-api/end-points/%2Fgroups/get/request/parameter/id/scalar/id"
  },
  "id": "file:///Users/abettati/Desktop/apisContentFull/3391.json#/web-api/end-points/%2Fgroups/get/request/parameter/id"
}, {
  "http://a.ml/vocabularies/apiContract#allowEmptyValue": "false",
  "http://a.ml/vocabularies/apiContract#allowReserved": "false",
  "http://a.ml/vocabularies/apiContract#binding": "query",
  "http://a.ml/vocabularies/apiContract#explode": "true",
  "http://a.ml/vocabularies/apiContract#paramName": "name",
  "http://a.ml/vocabularies/apiContract#required": "false",
  "http://a.ml/vocabularies/apiContract#style": "form",
  "http://a.ml/vocabularies/core#description": "filte by name like '%text%'",
  "http://a.ml/vocabularies/core#name": "name",
  "http://a.ml/vocabularies/shapes#schema": {
    "http://www.w3.org/ns/shacl#datatype": "http://www.w3.org/2001/XMLSchema#string",
    "http://www.w3.org/ns/shacl#name": "name",
    "id": "file:///Users/abettati/Desktop/apisContentFull/3391.json#/web-api/end-points/%2Fgroups/get/request/parameter/name/scalar/name"
  },
  "id": "file:///Users/abettati/Desktop/apisContentFull/3391.json#/web-api/end-points/%2Fgroups/get/request/parameter/name"
}, {
  "http://a.ml/vocabularies/apiContract#allowEmptyValue": "false",
  "http://a.ml/vocabularies/apiContract#allowReserved": "false",
  "http://a.ml/vocabularies/apiContract#binding": "query",
  "http://a.ml/vocabularies/apiContract#explode": "true",
  "http://a.ml/vocabularies/apiContract#paramName": "description",
  "http://a.ml/vocabularies/apiContract#required": "false",
  "http://a.ml/vocabularies/apiContract#style": "form",
  "http://a.ml/vocabularies/core#description": "filte by description like '%text%'",
  "http://a.ml/vocabularies/core#name": "description",
  "http://a.ml/vocabularies/shapes#schema": {
    "http://www.w3.org/ns/shacl#datatype": "http://www.w3.org/2001/XMLSchema#string",
    "http://www.w3.org/ns/shacl#name": "description",
    "id": "file:///Users/abettati/Desktop/apisContentFull/3391.json#/web-api/end-points/%2Fgroups/get/request/parameter/description/scalar/description"
  },
  "id": "file:///Users/abettati/Desktop/apisContentFull/3391.json#/web-api/end-points/%2Fgroups/get/request/parameter/description"
}, {
  "http://a.ml/vocabularies/apiContract#binding": "path",
  "http://a.ml/vocabularies/apiContract#explode": "false",
  "http://a.ml/vocabularies/apiContract#paramName": "groupId",
  "http://a.ml/vocabularies/apiContract#required": "true",
  "http://a.ml/vocabularies/apiContract#style": "simple",
  "http://a.ml/vocabularies/core#description": "the group identifier",
  "http://a.ml/vocabularies/core#name": "groupId",
  "http://a.ml/vocabularies/shapes#schema": {
    "http://www.w3.org/ns/shacl#datatype": "http://www.w3.org/2001/XMLSchema#integer",
    "http://www.w3.org/ns/shacl#name": "groupId",
    "id": "file:///Users/abettati/Desktop/apisContentFull/3391.json#/web-api/end-points/%2Fgroups%2F%7BgroupId%7D/parameter/groupId/scalar/groupId"
  },
  "id": "file:///Users/abettati/Desktop/apisContentFull/3391.json#/web-api/end-points/%2Fgroups%2F%7BgroupId%7D/parameter/groupId"
}, {
  "http://a.ml/vocabularies/apiContract#binding": "path",
  "http://a.ml/vocabularies/apiContract#explode": "false",
  "http://a.ml/vocabularies/apiContract#paramName": "groupId",
  "http://a.ml/vocabularies/apiContract#required": "true",
  "http://a.ml/vocabularies/apiContract#style": "simple",
  "http://a.ml/vocabularies/core#description": "the group identifier",
  "http://a.ml/vocabularies/core#name": "groupId",
  "http://a.ml/vocabularies/shapes#schema": {
    "http://www.w3.org/ns/shacl#datatype": "http://www.w3.org/2001/XMLSchema#integer",
    "http://www.w3.org/ns/shacl#name": "groupId",
    "id": "file:///Users/abettati/Desktop/apisContentFull/3391.json#/web-api/end-points/%2Fgroups%2F%7BgroupId%7D%2Fusers/parameter/groupId/scalar/groupId"
  },
  "id": "file:///Users/abettati/Desktop/apisContentFull/3391.json#/web-api/end-points/%2Fgroups%2F%7BgroupId%7D%2Fusers/parameter/groupId"
}, {
  "http://a.ml/vocabularies/apiContract#binding": "path",
  "http://a.ml/vocabularies/apiContract#explode": "false",
  "http://a.ml/vocabularies/apiContract#paramName": "groupId",
  "http://a.ml/vocabularies/apiContract#required": "true",
  "http://a.ml/vocabularies/apiContract#style": "simple",
  "http://a.ml/vocabularies/core#description": "the group identifier",
  "http://a.ml/vocabularies/core#name": "groupId",
  "http://a.ml/vocabularies/shapes#schema": {
    "http://www.w3.org/ns/shacl#datatype": "http://www.w3.org/2001/XMLSchema#integer",
    "http://www.w3.org/ns/shacl#name": "groupId",
    "id": "file:///Users/abettati/Desktop/apisContentFull/3391.json#/web-api/end-points/%2Fgroups%2F%7BgroupId%7D%2Fusers%2F%7BuserId%7D/parameter/groupId/scalar/groupId"
  },
  "id": "file:///Users/abettati/Desktop/apisContentFull/3391.json#/web-api/end-points/%2Fgroups%2F%7BgroupId%7D%2Fusers%2F%7BuserId%7D/parameter/groupId"
}, {
  "http://a.ml/vocabularies/apiContract#binding": "path",
  "http://a.ml/vocabularies/apiContract#explode": "false",
  "http://a.ml/vocabularies/apiContract#paramName": "userId",
  "http://a.ml/vocabularies/apiContract#required": "true",
  "http://a.ml/vocabularies/apiContract#style": "simple",
  "http://a.ml/vocabularies/core#description": "the user identifier",
  "http://a.ml/vocabularies/core#name": "userId",
  "http://a.ml/vocabularies/shapes#schema": {
    "http://www.w3.org/ns/shacl#datatype": "http://www.w3.org/2001/XMLSchema#integer",
    "http://www.w3.org/ns/shacl#name": "userId",
    "id": "file:///Users/abettati/Desktop/apisContentFull/3391.json#/web-api/end-points/%2Fgroups%2F%7BgroupId%7D%2Fusers%2F%7BuserId%7D/parameter/userId/scalar/userId"
  },
  "id": "file:///Users/abettati/Desktop/apisContentFull/3391.json#/web-api/end-points/%2Fgroups%2F%7BgroupId%7D%2Fusers%2F%7BuserId%7D/parameter/userId"
}, {
  "http://a.ml/vocabularies/apiContract#binding": "path",
  "http://a.ml/vocabularies/apiContract#explode": "false",
  "http://a.ml/vocabularies/apiContract#paramName": "groupId",
  "http://a.ml/vocabularies/apiContract#required": "true",
  "http://a.ml/vocabularies/apiContract#style": "simple",
  "http://a.ml/vocabularies/core#description": "the group identifier",
  "http://a.ml/vocabularies/core#name": "groupId",
  "http://a.ml/vocabularies/shapes#schema": {
    "http://www.w3.org/ns/shacl#datatype": "http://www.w3.org/2001/XMLSchema#integer",
    "http://www.w3.org/ns/shacl#name": "groupId",
    "id": "file:///Users/abettati/Desktop/apisContentFull/3391.json#/web-api/end-points/%2Fgroups%2F%7BgroupId%7D%2Fusers%2Finfo/parameter/groupId/scalar/groupId"
  },
  "id": "file:///Users/abettati/Desktop/apisContentFull/3391.json#/web-api/end-points/%2Fgroups%2F%7BgroupId%7D%2Fusers%2Finfo/parameter/groupId"
}, {
  "http://a.ml/vocabularies/apiContract#binding": "path",
  "http://a.ml/vocabularies/apiContract#explode": "false",
  "http://a.ml/vocabularies/apiContract#paramName": "groupId",
  "http://a.ml/vocabularies/apiContract#required": "true",
  "http://a.ml/vocabularies/apiContract#style": "simple",
  "http://a.ml/vocabularies/core#description": "the group identifier",
  "http://a.ml/vocabularies/core#name": "groupId",
  "http://a.ml/vocabularies/shapes#schema": {
    "http://www.w3.org/ns/shacl#datatype": "http://www.w3.org/2001/XMLSchema#integer",
    "http://www.w3.org/ns/shacl#name": "groupId",
    "id": "file:///Users/abettati/Desktop/apisContentFull/3391.json#/web-api/end-points/%2Fgroups%2F%7BgroupId%7D%2Froles/parameter/groupId/scalar/groupId"
  },
  "id": "file:///Users/abettati/Desktop/apisContentFull/3391.json#/web-api/end-points/%2Fgroups%2F%7BgroupId%7D%2Froles/parameter/groupId"
}, {
  "http://a.ml/vocabularies/apiContract#binding": "path",
  "http://a.ml/vocabularies/apiContract#explode": "false",
  "http://a.ml/vocabularies/apiContract#paramName": "groupId",
  "http://a.ml/vocabularies/apiContract#required": "true",
  "http://a.ml/vocabularies/apiContract#style": "simple",
  "http://a.ml/vocabularies/core#description": "the group identifier",
  "http://a.ml/vocabularies/core#name": "groupId",
  "http://a.ml/vocabularies/shapes#schema": {
    "http://www.w3.org/ns/shacl#datatype": "http://www.w3.org/2001/XMLSchema#integer",
    "http://www.w3.org/ns/shacl#name": "groupId",
    "id": "file:///Users/abettati/Desktop/apisContentFull/3391.json#/web-api/end-points/%2Fgroups%2F%7BgroupId%7D%2Froles%2F%7BroleId%7D/parameter/groupId/scalar/groupId"
  },
  "id": "file:///Users/abettati/Desktop/apisContentFull/3391.json#/web-api/end-points/%2Fgroups%2F%7BgroupId%7D%2Froles%2F%7BroleId%7D/parameter/groupId"
}, {
  "http://a.ml/vocabularies/apiContract#binding": "path",
  "http://a.ml/vocabularies/apiContract#explode": "false",
  "http://a.ml/vocabularies/apiContract#paramName": "roleId",
  "http://a.ml/vocabularies/apiContract#required": "true",
  "http://a.ml/vocabularies/apiContract#style": "simple",
  "http://a.ml/vocabularies/core#description": "the role identifier",
  "http://a.ml/vocabularies/core#name": "roleId",
  "http://a.ml/vocabularies/shapes#schema": {
    "http://www.w3.org/ns/shacl#datatype": "http://www.w3.org/2001/XMLSchema#integer",
    "http://www.w3.org/ns/shacl#name": "roleId",
    "id": "file:///Users/abettati/Desktop/apisContentFull/3391.json#/web-api/end-points/%2Fgroups%2F%7BgroupId%7D%2Froles%2F%7BroleId%7D/parameter/roleId/scalar/roleId"
  },
  "id": "file:///Users/abettati/Desktop/apisContentFull/3391.json#/web-api/end-points/%2Fgroups%2F%7BgroupId%7D%2Froles%2F%7BroleId%7D/parameter/roleId"
}, {
  "http://a.ml/vocabularies/apiContract#binding": "path",
  "http://a.ml/vocabularies/apiContract#explode": "false",
  "http://a.ml/vocabularies/apiContract#paramName": "groupId",
  "http://a.ml/vocabularies/apiContract#required": "true",
  "http://a.ml/vocabularies/apiContract#style": "simple",
  "http://a.ml/vocabularies/core#description": "the group identifier",
  "http://a.ml/vocabularies/core#name": "groupId",
  "http://a.ml/vocabularies/shapes#schema": {
    "http://www.w3.org/ns/shacl#datatype": "http://www.w3.org/2001/XMLSchema#integer",
    "http://www.w3.org/ns/shacl#name": "groupId",
    "id": "file:///Users/abettati/Desktop/apisContentFull/3391.json#/web-api/end-points/%2Fgroups%2F%7BgroupId%7D%2Froles%2Finfo/parameter/groupId/scalar/groupId"
  },
  "id": "file:///Users/abettati/Desktop/apisContentFull/3391.json#/web-api/end-points/%2Fgroups%2F%7BgroupId%7D%2Froles%2Finfo/parameter/groupId"
}, {
  "http://a.ml/vocabularies/apiContract#binding": "path",
  "http://a.ml/vocabularies/apiContract#explode": "false",
  "http://a.ml/vocabularies/apiContract#paramName": "notificationId",
  "http://a.ml/vocabularies/apiContract#required": "true",
  "http://a.ml/vocabularies/apiContract#style": "simple",
  "http://a.ml/vocabularies/core#description": "the notification identifier",
  "http://a.ml/vocabularies/core#name": "notificationId",
  "http://a.ml/vocabularies/shapes#schema": {
    "http://www.w3.org/ns/shacl#datatype": "http://www.w3.org/2001/XMLSchema#integer",
    "http://www.w3.org/ns/shacl#name": "notificationId",
    "id": "file:///Users/abettati/Desktop/apisContentFull/3391.json#/web-api/end-points/%2Fnotifications%2F%7BnotificationId%7D/parameter/notificationId/scalar/notificationId"
  },
  "id": "file:///Users/abettati/Desktop/apisContentFull/3391.json#/web-api/end-points/%2Fnotifications%2F%7BnotificationId%7D/parameter/notificationId"
}, {
  "http://a.ml/vocabularies/apiContract#binding": "path",
  "http://a.ml/vocabularies/apiContract#explode": "false",
  "http://a.ml/vocabularies/apiContract#paramName": "objectId",
  "http://a.ml/vocabularies/apiContract#required": "true",
  "http://a.ml/vocabularies/apiContract#style": "simple",
  "http://a.ml/vocabularies/core#description": "the object identifier",
  "http://a.ml/vocabularies/core#name": "objectId",
  "http://a.ml/vocabularies/shapes#schema": {
    "http://www.w3.org/ns/shacl#datatype": "http://www.w3.org/2001/XMLSchema#integer",
    "http://www.w3.org/ns/shacl#name": "objectId",
    "id": "file:///Users/abettati/Desktop/apisContentFull/3391.json#/web-api/end-points/%2Fobjects%2F%7BobjectId%7D/parameter/objectId/scalar/objectId"
  },
  "id": "file:///Users/abettati/Desktop/apisContentFull/3391.json#/web-api/end-points/%2Fobjects%2F%7BobjectId%7D/parameter/objectId"
}, {
  "http://a.ml/vocabularies/apiContract#binding": "path",
  "http://a.ml/vocabularies/apiContract#explode": "false",
  "http://a.ml/vocabularies/apiContract#paramName": "objectOperationId",
  "http://a.ml/vocabularies/apiContract#required": "true",
  "http://a.ml/vocabularies/apiContract#style": "simple",
  "http://a.ml/vocabularies/core#description": "the object operation identifier",
  "http://a.ml/vocabularies/core#name": "objectOperationId",
  "http://a.ml/vocabularies/shapes#schema": {
    "http://www.w3.org/ns/shacl#datatype": "http://www.w3.org/2001/XMLSchema#integer",
    "http://www.w3.org/ns/shacl#name": "objectOperationId",
    "id": "file:///Users/abettati/Desktop/apisContentFull/3391.json#/web-api/end-points/%2FobjectsOperations%2F%7BobjectOperationId%7D/parameter/objectOperationId/scalar/objectOperationId"
  },
  "id": "file:///Users/abettati/Desktop/apisContentFull/3391.json#/web-api/end-points/%2FobjectsOperations%2F%7BobjectOperationId%7D/parameter/objectOperationId"
}, {
  "http://a.ml/vocabularies/apiContract#binding": "path",
  "http://a.ml/vocabularies/apiContract#explode": "false",
  "http://a.ml/vocabularies/apiContract#paramName": "productId",
  "http://a.ml/vocabularies/apiContract#required": "true",
  "http://a.ml/vocabularies/apiContract#style": "simple",
  "http://a.ml/vocabularies/core#description": "the product identifier",
  "http://a.ml/vocabularies/core#name": "productId",
  "http://a.ml/vocabularies/shapes#schema": {
    "http://www.w3.org/ns/shacl#datatype": "http://www.w3.org/2001/XMLSchema#integer",
    "http://www.w3.org/ns/shacl#name": "productId",
    "id": "file:///Users/abettati/Desktop/apisContentFull/3391.json#/web-api/end-points/%2Fproducts%2F%7BproductId%7D/parameter/productId/scalar/productId"
  },
  "id": "file:///Users/abettati/Desktop/apisContentFull/3391.json#/web-api/end-points/%2Fproducts%2F%7BproductId%7D/parameter/productId"
}, {
  "http://a.ml/vocabularies/apiContract#allowEmptyValue": "false",
  "http://a.ml/vocabularies/apiContract#allowReserved": "false",
  "http://a.ml/vocabularies/apiContract#binding": "query",
  "http://a.ml/vocabularies/apiContract#explode": "true",
  "http://a.ml/vocabularies/apiContract#paramName": "filter",
  "http://a.ml/vocabularies/apiContract#required": "false",
  "http://a.ml/vocabularies/apiContract#style": "form",
  "http://a.ml/vocabularies/core#description": "filter results by text",
  "http://a.ml/vocabularies/core#name": "filter",
  "http://a.ml/vocabularies/shapes#schema": {
    "http://www.w3.org/ns/shacl#datatype": "http://www.w3.org/2001/XMLSchema#string",
    "http://www.w3.org/ns/shacl#name": "filter",
    "id": "file:///Users/abettati/Desktop/apisContentFull/3391.json#/web-api/end-points/%2Froles/get/request/parameter/filter/scalar/filter"
  },
  "id": "file:///Users/abettati/Desktop/apisContentFull/3391.json#/web-api/end-points/%2Froles/get/request/parameter/filter"
}, {
  "http://a.ml/vocabularies/apiContract#allowEmptyValue": "false",
  "http://a.ml/vocabularies/apiContract#allowReserved": "false",
  "http://a.ml/vocabularies/apiContract#binding": "query",
  "http://a.ml/vocabularies/apiContract#explode": "true",
  "http://a.ml/vocabularies/apiContract#paramName": "sort",
  "http://a.ml/vocabularies/apiContract#required": "false",
  "http://a.ml/vocabularies/apiContract#style": "form",
  "http://a.ml/vocabularies/core#description": "sort results, example 'name:asc,description:desc'",
  "http://a.ml/vocabularies/core#name": "sort",
  "http://a.ml/vocabularies/shapes#schema": {
    "http://www.w3.org/ns/shacl#datatype": "http://www.w3.org/2001/XMLSchema#string",
    "http://www.w3.org/ns/shacl#name": "sort",
    "id": "file:///Users/abettati/Desktop/apisContentFull/3391.json#/web-api/end-points/%2Froles/get/request/parameter/sort/scalar/sort"
  },
  "id": "file:///Users/abettati/Desktop/apisContentFull/3391.json#/web-api/end-points/%2Froles/get/request/parameter/sort"
}, {
  "http://a.ml/vocabularies/apiContract#allowEmptyValue": "false",
  "http://a.ml/vocabularies/apiContract#allowReserved": "false",
  "http://a.ml/vocabularies/apiContract#binding": "query",
  "http://a.ml/vocabularies/apiContract#explode": "true",
  "http://a.ml/vocabularies/apiContract#paramName": "per_page",
  "http://a.ml/vocabularies/apiContract#required": "false",
  "http://a.ml/vocabularies/apiContract#style": "form",
  "http://a.ml/vocabularies/core#description": "limit row counts (page size for pagination)",
  "http://a.ml/vocabularies/core#name": "per_page",
  "http://a.ml/vocabularies/shapes#schema": {
    "http://www.w3.org/ns/shacl#datatype": "http://www.w3.org/2001/XMLSchema#integer",
    "http://www.w3.org/ns/shacl#name": "per_page",
    "id": "file:///Users/abettati/Desktop/apisContentFull/3391.json#/web-api/end-points/%2Froles/get/request/parameter/per_page/scalar/per_page"
  },
  "id": "file:///Users/abettati/Desktop/apisContentFull/3391.json#/web-api/end-points/%2Froles/get/request/parameter/per_page"
}, {
  "http://a.ml/vocabularies/apiContract#allowEmptyValue": "false",
  "http://a.ml/vocabularies/apiContract#allowReserved": "false",
  "http://a.ml/vocabularies/apiContract#binding": "query",
  "http://a.ml/vocabularies/apiContract#explode": "true",
  "http://a.ml/vocabularies/apiContract#paramName": "page",
  "http://a.ml/vocabularies/apiContract#required": "false",
  "http://a.ml/vocabularies/apiContract#style": "form",
  "http://a.ml/vocabularies/core#description": "shopw page (pagination)",
  "http://a.ml/vocabularies/core#name": "page",
  "http://a.ml/vocabularies/shapes#schema": {
    "http://www.w3.org/ns/shacl#datatype": "http://www.w3.org/2001/XMLSchema#integer",
    "http://www.w3.org/ns/shacl#name": "page",
    "id": "file:///Users/abettati/Desktop/apisContentFull/3391.json#/web-api/end-points/%2Froles/get/request/parameter/page/scalar/page"
  },
  "id": "file:///Users/abettati/Desktop/apisContentFull/3391.json#/web-api/end-points/%2Froles/get/request/parameter/page"
}, {
  "http://a.ml/vocabularies/apiContract#allowEmptyValue": "false",
  "http://a.ml/vocabularies/apiContract#allowReserved": "false",
  "http://a.ml/vocabularies/apiContract#binding": "query",
  "http://a.ml/vocabularies/apiContract#explode": "true",
  "http://a.ml/vocabularies/apiContract#paramName": "id",
  "http://a.ml/vocabularies/apiContract#required": "false",
  "http://a.ml/vocabularies/apiContract#style": "form",
  "http://a.ml/vocabularies/core#description": "filte by id, example '1', '1,2,3', '1:3'",
  "http://a.ml/vocabularies/core#name": "id",
  "http://a.ml/vocabularies/shapes#schema": {
    "http://www.w3.org/ns/shacl#datatype": "http://www.w3.org/2001/XMLSchema#string",
    "http://www.w3.org/ns/shacl#name": "id",
    "id": "file:///Users/abettati/Desktop/apisContentFull/3391.json#/web-api/end-points/%2Froles/get/request/parameter/id/scalar/id"
  },
  "id": "file:///Users/abettati/Desktop/apisContentFull/3391.json#/web-api/end-points/%2Froles/get/request/parameter/id"
}, {
  "http://a.ml/vocabularies/apiContract#allowEmptyValue": "false",
  "http://a.ml/vocabularies/apiContract#allowReserved": "false",
  "http://a.ml/vocabularies/apiContract#binding": "query",
  "http://a.ml/vocabularies/apiContract#explode": "true",
  "http://a.ml/vocabularies/apiContract#paramName": "name",
  "http://a.ml/vocabularies/apiContract#required": "false",
  "http://a.ml/vocabularies/apiContract#style": "form",
  "http://a.ml/vocabularies/core#description": "filter by name like '%text%'",
  "http://a.ml/vocabularies/core#name": "name",
  "http://a.ml/vocabularies/shapes#schema": {
    "http://www.w3.org/ns/shacl#datatype": "http://www.w3.org/2001/XMLSchema#string",
    "http://www.w3.org/ns/shacl#name": "name",
    "id": "file:///Users/abettati/Desktop/apisContentFull/3391.json#/web-api/end-points/%2Froles/get/request/parameter/name/scalar/name"
  },
  "id": "file:///Users/abettati/Desktop/apisContentFull/3391.json#/web-api/end-points/%2Froles/get/request/parameter/name"
}, {
  "http://a.ml/vocabularies/apiContract#allowEmptyValue": "false",
  "http://a.ml/vocabularies/apiContract#allowReserved": "false",
  "http://a.ml/vocabularies/apiContract#binding": "query",
  "http://a.ml/vocabularies/apiContract#explode": "true",
  "http://a.ml/vocabularies/apiContract#paramName": "description",
  "http://a.ml/vocabularies/apiContract#required": "false",
  "http://a.ml/vocabularies/apiContract#style": "form",
  "http://a.ml/vocabularies/core#description": "filter by description like '%text%'",
  "http://a.ml/vocabularies/core#name": "description",
  "http://a.ml/vocabularies/shapes#schema": {
    "http://www.w3.org/ns/shacl#datatype": "http://www.w3.org/2001/XMLSchema#string",
    "http://www.w3.org/ns/shacl#name": "description",
    "id": "file:///Users/abettati/Desktop/apisContentFull/3391.json#/web-api/end-points/%2Froles/get/request/parameter/description/scalar/description"
  },
  "id": "file:///Users/abettati/Desktop/apisContentFull/3391.json#/web-api/end-points/%2Froles/get/request/parameter/description"
}, {
  "http://a.ml/vocabularies/apiContract#allowEmptyValue": "false",
  "http://a.ml/vocabularies/apiContract#allowReserved": "false",
  "http://a.ml/vocabularies/apiContract#binding": "query",
  "http://a.ml/vocabularies/apiContract#explode": "true",
  "http://a.ml/vocabularies/apiContract#paramName": "productId",
  "http://a.ml/vocabularies/apiContract#required": "false",
  "http://a.ml/vocabularies/apiContract#style": "form",
  "http://a.ml/vocabularies/core#description": "filte by product id, example '1', '1,2,3', '1:3'",
  "http://a.ml/vocabularies/core#name": "productId",
  "http://a.ml/vocabularies/shapes#schema": {
    "http://www.w3.org/ns/shacl#datatype": "http://www.w3.org/2001/XMLSchema#string",
    "http://www.w3.org/ns/shacl#name": "productId",
    "id": "file:///Users/abettati/Desktop/apisContentFull/3391.json#/web-api/end-points/%2Froles/get/request/parameter/productId/scalar/productId"
  },
  "id": "file:///Users/abettati/Desktop/apisContentFull/3391.json#/web-api/end-points/%2Froles/get/request/parameter/productId"
}, {
  "http://a.ml/vocabularies/apiContract#allowEmptyValue": "false",
  "http://a.ml/vocabularies/apiContract#allowReserved": "false",
  "http://a.ml/vocabularies/apiContract#binding": "query",
  "http://a.ml/vocabularies/apiContract#explode": "true",
  "http://a.ml/vocabularies/apiContract#paramName": "productName",
  "http://a.ml/vocabularies/apiContract#required": "false",
  "http://a.ml/vocabularies/apiContract#style": "form",
  "http://a.ml/vocabularies/core#description": "filter by product name like '%text%'",
  "http://a.ml/vocabularies/core#name": "productName",
  "http://a.ml/vocabularies/shapes#schema": {
    "http://www.w3.org/ns/shacl#datatype": "http://www.w3.org/2001/XMLSchema#string",
    "http://www.w3.org/ns/shacl#name": "productName",
    "id": "file:///Users/abettati/Desktop/apisContentFull/3391.json#/web-api/end-points/%2Froles/get/request/parameter/productName/scalar/productName"
  },
  "id": "file:///Users/abettati/Desktop/apisContentFull/3391.json#/web-api/end-points/%2Froles/get/request/parameter/productName"
}, {
  "http://a.ml/vocabularies/apiContract#binding": "path",
  "http://a.ml/vocabularies/apiContract#explode": "false",
  "http://a.ml/vocabularies/apiContract#paramName": "roleId",
  "http://a.ml/vocabularies/apiContract#required": "true",
  "http://a.ml/vocabularies/apiContract#style": "simple",
  "http://a.ml/vocabularies/core#description": "the role identifier",
  "http://a.ml/vocabularies/core#name": "roleId",
  "http://a.ml/vocabularies/shapes#schema": {
    "http://www.w3.org/ns/shacl#datatype": "http://www.w3.org/2001/XMLSchema#integer",
    "http://www.w3.org/ns/shacl#name": "roleId",
    "id": "file:///Users/abettati/Desktop/apisContentFull/3391.json#/web-api/end-points/%2Froles%2F%7BroleId%7D/parameter/roleId/scalar/roleId"
  },
  "id": "file:///Users/abettati/Desktop/apisContentFull/3391.json#/web-api/end-points/%2Froles%2F%7BroleId%7D/parameter/roleId"
}, {
  "http://a.ml/vocabularies/apiContract#binding": "path",
  "http://a.ml/vocabularies/apiContract#explode": "false",
  "http://a.ml/vocabularies/apiContract#paramName": "roleId",
  "http://a.ml/vocabularies/apiContract#required": "true",
  "http://a.ml/vocabularies/apiContract#style": "simple",
  "http://a.ml/vocabularies/core#description": "the role identifier",
  "http://a.ml/vocabularies/core#name": "roleId",
  "http://a.ml/vocabularies/shapes#schema": {
    "http://www.w3.org/ns/shacl#datatype": "http://www.w3.org/2001/XMLSchema#integer",
    "http://www.w3.org/ns/shacl#name": "roleId",
    "id": "file:///Users/abettati/Desktop/apisContentFull/3391.json#/web-api/end-points/%2Froles%2F%7BroleId%7D%2Fgroups/parameter/roleId/scalar/roleId"
  },
  "id": "file:///Users/abettati/Desktop/apisContentFull/3391.json#/web-api/end-points/%2Froles%2F%7BroleId%7D%2Fgroups/parameter/roleId"
}, {
  "http://a.ml/vocabularies/apiContract#binding": "path",
  "http://a.ml/vocabularies/apiContract#explode": "false",
  "http://a.ml/vocabularies/apiContract#paramName": "groupId",
  "http://a.ml/vocabularies/apiContract#required": "true",
  "http://a.ml/vocabularies/apiContract#style": "simple",
  "http://a.ml/vocabularies/core#description": "the group identifier",
  "http://a.ml/vocabularies/core#name": "groupId",
  "http://a.ml/vocabularies/shapes#schema": {
    "http://www.w3.org/ns/shacl#datatype": "http://www.w3.org/2001/XMLSchema#integer",
    "http://www.w3.org/ns/shacl#name": "groupId",
    "id": "file:///Users/abettati/Desktop/apisContentFull/3391.json#/web-api/end-points/%2Froles%2F%7BroleId%7D%2Fgroups%2F%7BgroupId%7D/parameter/groupId/scalar/groupId"
  },
  "id": "file:///Users/abettati/Desktop/apisContentFull/3391.json#/web-api/end-points/%2Froles%2F%7BroleId%7D%2Fgroups%2F%7BgroupId%7D/parameter/groupId"
}, {
  "http://a.ml/vocabularies/apiContract#binding": "path",
  "http://a.ml/vocabularies/apiContract#explode": "false",
  "http://a.ml/vocabularies/apiContract#paramName": "roleId",
  "http://a.ml/vocabularies/apiContract#required": "true",
  "http://a.ml/vocabularies/apiContract#style": "simple",
  "http://a.ml/vocabularies/core#description": "the role identifier",
  "http://a.ml/vocabularies/core#name": "roleId",
  "http://a.ml/vocabularies/shapes#schema": {
    "http://www.w3.org/ns/shacl#datatype": "http://www.w3.org/2001/XMLSchema#integer",
    "http://www.w3.org/ns/shacl#name": "roleId",
    "id": "file:///Users/abettati/Desktop/apisContentFull/3391.json#/web-api/end-points/%2Froles%2F%7BroleId%7D%2Fgroups%2F%7BgroupId%7D/parameter/roleId/scalar/roleId"
  },
  "id": "file:///Users/abettati/Desktop/apisContentFull/3391.json#/web-api/end-points/%2Froles%2F%7BroleId%7D%2Fgroups%2F%7BgroupId%7D/parameter/roleId"
}, {
  "http://a.ml/vocabularies/apiContract#binding": "path",
  "http://a.ml/vocabularies/apiContract#explode": "false",
  "http://a.ml/vocabularies/apiContract#paramName": "roleId",
  "http://a.ml/vocabularies/apiContract#required": "true",
  "http://a.ml/vocabularies/apiContract#style": "simple",
  "http://a.ml/vocabularies/core#description": "the role identifier",
  "http://a.ml/vocabularies/core#name": "roleId",
  "http://a.ml/vocabularies/shapes#schema": {
    "http://www.w3.org/ns/shacl#datatype": "http://www.w3.org/2001/XMLSchema#integer",
    "http://www.w3.org/ns/shacl#name": "roleId",
    "id": "file:///Users/abettati/Desktop/apisContentFull/3391.json#/web-api/end-points/%2Froles%2F%7BroleId%7D%2Fgroups%2Finfo/parameter/roleId/scalar/roleId"
  },
  "id": "file:///Users/abettati/Desktop/apisContentFull/3391.json#/web-api/end-points/%2Froles%2F%7BroleId%7D%2Fgroups%2Finfo/parameter/roleId"
}, {
  "http://a.ml/vocabularies/apiContract#binding": "path",
  "http://a.ml/vocabularies/apiContract#explode": "false",
  "http://a.ml/vocabularies/apiContract#paramName": "roleId",
  "http://a.ml/vocabularies/apiContract#required": "true",
  "http://a.ml/vocabularies/apiContract#style": "simple",
  "http://a.ml/vocabularies/core#description": "the role identifier",
  "http://a.ml/vocabularies/core#name": "roleId",
  "http://a.ml/vocabularies/shapes#schema": {
    "http://www.w3.org/ns/shacl#datatype": "http://www.w3.org/2001/XMLSchema#integer",
    "http://www.w3.org/ns/shacl#name": "roleId",
    "id": "file:///Users/abettati/Desktop/apisContentFull/3391.json#/web-api/end-points/%2Froles%2F%7BroleId%7D%2Foperations/parameter/roleId/scalar/roleId"
  },
  "id": "file:///Users/abettati/Desktop/apisContentFull/3391.json#/web-api/end-points/%2Froles%2F%7BroleId%7D%2Foperations/parameter/roleId"
}, {
  "http://a.ml/vocabularies/apiContract#binding": "path",
  "http://a.ml/vocabularies/apiContract#explode": "false",
  "http://a.ml/vocabularies/apiContract#paramName": "roleId",
  "http://a.ml/vocabularies/apiContract#required": "true",
  "http://a.ml/vocabularies/apiContract#style": "simple",
  "http://a.ml/vocabularies/core#description": "the role identifier",
  "http://a.ml/vocabularies/core#name": "roleId",
  "http://a.ml/vocabularies/shapes#schema": {
    "http://www.w3.org/ns/shacl#datatype": "http://www.w3.org/2001/XMLSchema#integer",
    "http://www.w3.org/ns/shacl#name": "roleId",
    "id": "file:///Users/abettati/Desktop/apisContentFull/3391.json#/web-api/end-points/%2Froles%2F%7BroleId%7D%2Foperations%2Finfo/parameter/roleId/scalar/roleId"
  },
  "id": "file:///Users/abettati/Desktop/apisContentFull/3391.json#/web-api/end-points/%2Froles%2F%7BroleId%7D%2Foperations%2Finfo/parameter/roleId"
}, {
  "http://a.ml/vocabularies/apiContract#binding": "path",
  "http://a.ml/vocabularies/apiContract#explode": "false",
  "http://a.ml/vocabularies/apiContract#paramName": "topicId",
  "http://a.ml/vocabularies/apiContract#required": "true",
  "http://a.ml/vocabularies/apiContract#style": "simple",
  "http://a.ml/vocabularies/core#description": "the help topic identifier",
  "http://a.ml/vocabularies/core#name": "topicId",
  "http://a.ml/vocabularies/shapes#schema": {
    "http://www.w3.org/ns/shacl#datatype": "http://www.w3.org/2001/XMLSchema#integer",
    "http://www.w3.org/ns/shacl#name": "topicId",
    "id": "file:///Users/abettati/Desktop/apisContentFull/3391.json#/web-api/end-points/%2Ftopics%2F%7BtopicId%7D/parameter/topicId/scalar/topicId"
  },
  "id": "file:///Users/abettati/Desktop/apisContentFull/3391.json#/web-api/end-points/%2Ftopics%2F%7BtopicId%7D/parameter/topicId"
}, {
  "http://a.ml/vocabularies/apiContract#binding": "path",
  "http://a.ml/vocabularies/apiContract#explode": "false",
  "http://a.ml/vocabularies/apiContract#paramName": "topicId",
  "http://a.ml/vocabularies/apiContract#required": "true",
  "http://a.ml/vocabularies/apiContract#style": "simple",
  "http://a.ml/vocabularies/core#description": "the help topic identifier",
  "http://a.ml/vocabularies/core#name": "topicId",
  "http://a.ml/vocabularies/shapes#schema": {
    "http://www.w3.org/ns/shacl#datatype": "http://www.w3.org/2001/XMLSchema#integer",
    "http://www.w3.org/ns/shacl#name": "topicId",
    "id": "file:///Users/abettati/Desktop/apisContentFull/3391.json#/web-api/end-points/%2Ftopics%2F%7BtopicId%7D%2Ftranslates/parameter/topicId/scalar/topicId"
  },
  "id": "file:///Users/abettati/Desktop/apisContentFull/3391.json#/web-api/end-points/%2Ftopics%2F%7BtopicId%7D%2Ftranslates/parameter/topicId"
}, {
  "http://a.ml/vocabularies/apiContract#binding": "path",
  "http://a.ml/vocabularies/apiContract#explode": "false",
  "http://a.ml/vocabularies/apiContract#paramName": "topicId",
  "http://a.ml/vocabularies/apiContract#required": "true",
  "http://a.ml/vocabularies/apiContract#style": "simple",
  "http://a.ml/vocabularies/core#description": "the topic identifier",
  "http://a.ml/vocabularies/core#name": "topicId",
  "http://a.ml/vocabularies/shapes#schema": {
    "http://www.w3.org/ns/shacl#datatype": "http://www.w3.org/2001/XMLSchema#integer",
    "http://www.w3.org/ns/shacl#name": "topicId",
    "id": "file:///Users/abettati/Desktop/apisContentFull/3391.json#/web-api/end-points/%2Ftopics%2F%7BtopicId%7D%2Ftranslates%2F%7BlanguageId%7D/parameter/topicId/scalar/topicId"
  },
  "id": "file:///Users/abettati/Desktop/apisContentFull/3391.json#/web-api/end-points/%2Ftopics%2F%7BtopicId%7D%2Ftranslates%2F%7BlanguageId%7D/parameter/topicId"
}, {
  "http://a.ml/vocabularies/apiContract#binding": "path",
  "http://a.ml/vocabularies/apiContract#explode": "false",
  "http://a.ml/vocabularies/apiContract#paramName": "languageId",
  "http://a.ml/vocabularies/apiContract#required": "true",
  "http://a.ml/vocabularies/apiContract#style": "simple",
  "http://a.ml/vocabularies/core#description": "the language identifier",
  "http://a.ml/vocabularies/core#name": "languageId",
  "http://a.ml/vocabularies/shapes#schema": {
    "http://www.w3.org/ns/shacl#datatype": "http://www.w3.org/2001/XMLSchema#integer",
    "http://www.w3.org/ns/shacl#name": "languageId",
    "id": "file:///Users/abettati/Desktop/apisContentFull/3391.json#/web-api/end-points/%2Ftopics%2F%7BtopicId%7D%2Ftranslates%2F%7BlanguageId%7D/parameter/languageId/scalar/languageId"
  },
  "id": "file:///Users/abettati/Desktop/apisContentFull/3391.json#/web-api/end-points/%2Ftopics%2F%7BtopicId%7D%2Ftranslates%2F%7BlanguageId%7D/parameter/languageId"
}, {
  "http://a.ml/vocabularies/apiContract#allowEmptyValue": "false",
  "http://a.ml/vocabularies/apiContract#allowReserved": "false",
  "http://a.ml/vocabularies/apiContract#binding": "query",
  "http://a.ml/vocabularies/apiContract#explode": "true",
  "http://a.ml/vocabularies/apiContract#paramName": "userId",
  "http://a.ml/vocabularies/apiContract#required": "true",
  "http://a.ml/vocabularies/apiContract#style": "form",
  "http://a.ml/vocabularies/core#description": "the user identifier",
  "http://a.ml/vocabularies/core#name": "userId",
  "http://a.ml/vocabularies/shapes#schema": {
    "http://www.w3.org/ns/shacl#datatype": "http://www.w3.org/2001/XMLSchema#integer",
    "http://www.w3.org/ns/shacl#name": "userId",
    "id": "file:///Users/abettati/Desktop/apisContentFull/3391.json#/web-api/end-points/%2FuserCan/get/request/parameter/userId/scalar/userId"
  },
  "id": "file:///Users/abettati/Desktop/apisContentFull/3391.json#/web-api/end-points/%2FuserCan/get/request/parameter/userId"
}, {
  "http://a.ml/vocabularies/apiContract#allowEmptyValue": "false",
  "http://a.ml/vocabularies/apiContract#allowReserved": "false",
  "http://a.ml/vocabularies/apiContract#binding": "query",
  "http://a.ml/vocabularies/apiContract#explode": "true",
  "http://a.ml/vocabularies/apiContract#paramName": "sessionKey",
  "http://a.ml/vocabularies/apiContract#required": "false",
  "http://a.ml/vocabularies/apiContract#style": "form",
  "http://a.ml/vocabularies/core#description": "the session identifier",
  "http://a.ml/vocabularies/core#name": "sessionKey",
  "http://a.ml/vocabularies/shapes#schema": {
    "http://www.w3.org/ns/shacl#datatype": "http://www.w3.org/2001/XMLSchema#integer",
    "http://www.w3.org/ns/shacl#name": "sessionKey",
    "id": "file:///Users/abettati/Desktop/apisContentFull/3391.json#/web-api/end-points/%2FuserCan/get/request/parameter/sessionKey/scalar/sessionKey"
  },
  "id": "file:///Users/abettati/Desktop/apisContentFull/3391.json#/web-api/end-points/%2FuserCan/get/request/parameter/sessionKey"
}, {
  "http://a.ml/vocabularies/apiContract#allowEmptyValue": "false",
  "http://a.ml/vocabularies/apiContract#allowReserved": "false",
  "http://a.ml/vocabularies/apiContract#binding": "query",
  "http://a.ml/vocabularies/apiContract#explode": "true",
  "http://a.ml/vocabularies/apiContract#paramName": "productStrId",
  "http://a.ml/vocabularies/apiContract#required": "true",
  "http://a.ml/vocabularies/apiContract#style": "form",
  "http://a.ml/vocabularies/core#description": "the product string identifier",
  "http://a.ml/vocabularies/core#name": "productStrId",
  "http://a.ml/vocabularies/shapes#schema": {
    "http://www.w3.org/ns/shacl#datatype": "http://www.w3.org/2001/XMLSchema#string",
    "http://www.w3.org/ns/shacl#name": "productStrId",
    "id": "file:///Users/abettati/Desktop/apisContentFull/3391.json#/web-api/end-points/%2FuserCan/get/request/parameter/productStrId/scalar/productStrId"
  },
  "id": "file:///Users/abettati/Desktop/apisContentFull/3391.json#/web-api/end-points/%2FuserCan/get/request/parameter/productStrId"
}, {
  "http://a.ml/vocabularies/apiContract#allowEmptyValue": "false",
  "http://a.ml/vocabularies/apiContract#allowReserved": "false",
  "http://a.ml/vocabularies/apiContract#binding": "query",
  "http://a.ml/vocabularies/apiContract#explode": "true",
  "http://a.ml/vocabularies/apiContract#paramName": "objectStrId",
  "http://a.ml/vocabularies/apiContract#required": "true",
  "http://a.ml/vocabularies/apiContract#style": "form",
  "http://a.ml/vocabularies/core#description": "the object string identifier",
  "http://a.ml/vocabularies/core#name": "objectStrId",
  "http://a.ml/vocabularies/shapes#schema": {
    "http://www.w3.org/ns/shacl#datatype": "http://www.w3.org/2001/XMLSchema#string",
    "http://www.w3.org/ns/shacl#name": "objectStrId",
    "id": "file:///Users/abettati/Desktop/apisContentFull/3391.json#/web-api/end-points/%2FuserCan/get/request/parameter/objectStrId/scalar/objectStrId"
  },
  "id": "file:///Users/abettati/Desktop/apisContentFull/3391.json#/web-api/end-points/%2FuserCan/get/request/parameter/objectStrId"
}, {
  "http://a.ml/vocabularies/apiContract#allowEmptyValue": "false",
  "http://a.ml/vocabularies/apiContract#allowReserved": "false",
  "http://a.ml/vocabularies/apiContract#binding": "query",
  "http://a.ml/vocabularies/apiContract#explode": "true",
  "http://a.ml/vocabularies/apiContract#paramName": "operationStrId",
  "http://a.ml/vocabularies/apiContract#required": "true",
  "http://a.ml/vocabularies/apiContract#style": "form",
  "http://a.ml/vocabularies/core#description": "the operation string identifier",
  "http://a.ml/vocabularies/core#name": "operationStrId",
  "http://a.ml/vocabularies/shapes#schema": {
    "http://www.w3.org/ns/shacl#datatype": "http://www.w3.org/2001/XMLSchema#string",
    "http://www.w3.org/ns/shacl#name": "operationStrId",
    "id": "file:///Users/abettati/Desktop/apisContentFull/3391.json#/web-api/end-points/%2FuserCan/get/request/parameter/operationStrId/scalar/operationStrId"
  },
  "id": "file:///Users/abettati/Desktop/apisContentFull/3391.json#/web-api/end-points/%2FuserCan/get/request/parameter/operationStrId"
}, {
  "http://a.ml/vocabularies/apiContract#allowEmptyValue": "false",
  "http://a.ml/vocabularies/apiContract#allowReserved": "false",
  "http://a.ml/vocabularies/apiContract#binding": "query",
  "http://a.ml/vocabularies/apiContract#explode": "true",
  "http://a.ml/vocabularies/apiContract#paramName": "filter",
  "http://a.ml/vocabularies/apiContract#required": "false",
  "http://a.ml/vocabularies/apiContract#style": "form",
  "http://a.ml/vocabularies/core#description": "filter results by text",
  "http://a.ml/vocabularies/core#name": "filter",
  "http://a.ml/vocabularies/shapes#schema": {
    "http://www.w3.org/ns/shacl#datatype": "http://www.w3.org/2001/XMLSchema#string",
    "http://www.w3.org/ns/shacl#name": "filter",
    "id": "file:///Users/abettati/Desktop/apisContentFull/3391.json#/web-api/end-points/%2Fusers/get/request/parameter/filter/scalar/filter"
  },
  "id": "file:///Users/abettati/Desktop/apisContentFull/3391.json#/web-api/end-points/%2Fusers/get/request/parameter/filter"
}, {
  "http://a.ml/vocabularies/apiContract#allowEmptyValue": "false",
  "http://a.ml/vocabularies/apiContract#allowReserved": "false",
  "http://a.ml/vocabularies/apiContract#binding": "query",
  "http://a.ml/vocabularies/apiContract#explode": "true",
  "http://a.ml/vocabularies/apiContract#paramName": "sort",
  "http://a.ml/vocabularies/apiContract#required": "false",
  "http://a.ml/vocabularies/apiContract#style": "form",
  "http://a.ml/vocabularies/core#description": "sort results, example 'login:asc,fio:desc'",
  "http://a.ml/vocabularies/core#name": "sort",
  "http://a.ml/vocabularies/shapes#schema": {
    "http://www.w3.org/ns/shacl#datatype": "http://www.w3.org/2001/XMLSchema#string",
    "http://www.w3.org/ns/shacl#name": "sort",
    "id": "file:///Users/abettati/Desktop/apisContentFull/3391.json#/web-api/end-points/%2Fusers/get/request/parameter/sort/scalar/sort"
  },
  "id": "file:///Users/abettati/Desktop/apisContentFull/3391.json#/web-api/end-points/%2Fusers/get/request/parameter/sort"
}, {
  "http://a.ml/vocabularies/apiContract#allowEmptyValue": "false",
  "http://a.ml/vocabularies/apiContract#allowReserved": "false",
  "http://a.ml/vocabularies/apiContract#binding": "query",
  "http://a.ml/vocabularies/apiContract#explode": "true",
  "http://a.ml/vocabularies/apiContract#paramName": "per_page",
  "http://a.ml/vocabularies/apiContract#required": "false",
  "http://a.ml/vocabularies/apiContract#style": "form",
  "http://a.ml/vocabularies/core#description": "limit row counts (page size for pagination)",
  "http://a.ml/vocabularies/core#name": "per_page",
  "http://a.ml/vocabularies/shapes#schema": {
    "http://www.w3.org/ns/shacl#datatype": "http://www.w3.org/2001/XMLSchema#integer",
    "http://www.w3.org/ns/shacl#name": "per_page",
    "id": "file:///Users/abettati/Desktop/apisContentFull/3391.json#/web-api/end-points/%2Fusers/get/request/parameter/per_page/scalar/per_page"
  },
  "id": "file:///Users/abettati/Desktop/apisContentFull/3391.json#/web-api/end-points/%2Fusers/get/request/parameter/per_page"
}, {
  "http://a.ml/vocabularies/apiContract#allowEmptyValue": "false",
  "http://a.ml/vocabularies/apiContract#allowReserved": "false",
  "http://a.ml/vocabularies/apiContract#binding": "query",
  "http://a.ml/vocabularies/apiContract#explode": "true",
  "http://a.ml/vocabularies/apiContract#paramName": "page",
  "http://a.ml/vocabularies/apiContract#required": "false",
  "http://a.ml/vocabularies/apiContract#style": "form",
  "http://a.ml/vocabularies/core#description": "shopw page (pagination)",
  "http://a.ml/vocabularies/core#name": "page",
  "http://a.ml/vocabularies/shapes#schema": {
    "http://www.w3.org/ns/shacl#datatype": "http://www.w3.org/2001/XMLSchema#integer",
    "http://www.w3.org/ns/shacl#name": "page",
    "id": "file:///Users/abettati/Desktop/apisContentFull/3391.json#/web-api/end-points/%2Fusers/get/request/parameter/page/scalar/page"
  },
  "id": "file:///Users/abettati/Desktop/apisContentFull/3391.json#/web-api/end-points/%2Fusers/get/request/parameter/page"
}, {
  "http://a.ml/vocabularies/apiContract#allowEmptyValue": "false",
  "http://a.ml/vocabularies/apiContract#allowReserved": "false",
  "http://a.ml/vocabularies/apiContract#binding": "query",
  "http://a.ml/vocabularies/apiContract#explode": "true",
  "http://a.ml/vocabularies/apiContract#paramName": "id",
  "http://a.ml/vocabularies/apiContract#required": "false",
  "http://a.ml/vocabularies/apiContract#style": "form",
  "http://a.ml/vocabularies/core#description": "filte by id, example '1', '1,2,3', '1:3'",
  "http://a.ml/vocabularies/core#name": "id",
  "http://a.ml/vocabularies/shapes#schema": {
    "http://www.w3.org/ns/shacl#datatype": "http://www.w3.org/2001/XMLSchema#string",
    "http://www.w3.org/ns/shacl#name": "id",
    "id": "file:///Users/abettati/Desktop/apisContentFull/3391.json#/web-api/end-points/%2Fusers/get/request/parameter/id/scalar/id"
  },
  "id": "file:///Users/abettati/Desktop/apisContentFull/3391.json#/web-api/end-points/%2Fusers/get/request/parameter/id"
}, {
  "http://a.ml/vocabularies/apiContract#allowEmptyValue": "false",
  "http://a.ml/vocabularies/apiContract#allowReserved": "false",
  "http://a.ml/vocabularies/apiContract#binding": "query",
  "http://a.ml/vocabularies/apiContract#explode": "true",
  "http://a.ml/vocabularies/apiContract#paramName": "login",
  "http://a.ml/vocabularies/apiContract#required": "false",
  "http://a.ml/vocabularies/apiContract#style": "form",
  "http://a.ml/vocabularies/core#description": "filter by login like '%text%'",
  "http://a.ml/vocabularies/core#name": "login",
  "http://a.ml/vocabularies/shapes#schema": {
    "http://www.w3.org/ns/shacl#datatype": "http://www.w3.org/2001/XMLSchema#string",
    "http://www.w3.org/ns/shacl#name": "login",
    "id": "file:///Users/abettati/Desktop/apisContentFull/3391.json#/web-api/end-points/%2Fusers/get/request/parameter/login/scalar/login"
  },
  "id": "file:///Users/abettati/Desktop/apisContentFull/3391.json#/web-api/end-points/%2Fusers/get/request/parameter/login"
}, {
  "http://a.ml/vocabularies/apiContract#allowEmptyValue": "false",
  "http://a.ml/vocabularies/apiContract#allowReserved": "false",
  "http://a.ml/vocabularies/apiContract#binding": "query",
  "http://a.ml/vocabularies/apiContract#explode": "true",
  "http://a.ml/vocabularies/apiContract#paramName": "fio",
  "http://a.ml/vocabularies/apiContract#required": "false",
  "http://a.ml/vocabularies/apiContract#style": "form",
  "http://a.ml/vocabularies/core#description": "filter by login like '%text%'",
  "http://a.ml/vocabularies/core#name": "fio",
  "http://a.ml/vocabularies/shapes#schema": {
    "http://www.w3.org/ns/shacl#datatype": "http://www.w3.org/2001/XMLSchema#string",
    "http://www.w3.org/ns/shacl#name": "fio",
    "id": "file:///Users/abettati/Desktop/apisContentFull/3391.json#/web-api/end-points/%2Fusers/get/request/parameter/fio/scalar/fio"
  },
  "id": "file:///Users/abettati/Desktop/apisContentFull/3391.json#/web-api/end-points/%2Fusers/get/request/parameter/fio"
}, {
  "http://a.ml/vocabularies/apiContract#binding": "path",
  "http://a.ml/vocabularies/apiContract#explode": "false",
  "http://a.ml/vocabularies/apiContract#paramName": "userId",
  "http://a.ml/vocabularies/apiContract#required": "true",
  "http://a.ml/vocabularies/apiContract#style": "simple",
  "http://a.ml/vocabularies/core#description": "the user identifier",
  "http://a.ml/vocabularies/core#name": "userId",
  "http://a.ml/vocabularies/shapes#schema": {
    "http://www.w3.org/ns/shacl#datatype": "http://www.w3.org/2001/XMLSchema#integer",
    "http://www.w3.org/ns/shacl#name": "userId",
    "id": "file:///Users/abettati/Desktop/apisContentFull/3391.json#/web-api/end-points/%2Fusers%2F%7BuserId%7D/parameter/userId/scalar/userId"
  },
  "id": "file:///Users/abettati/Desktop/apisContentFull/3391.json#/web-api/end-points/%2Fusers%2F%7BuserId%7D/parameter/userId"
}, {
  "http://a.ml/vocabularies/apiContract#binding": "path",
  "http://a.ml/vocabularies/apiContract#explode": "false",
  "http://a.ml/vocabularies/apiContract#paramName": "userId",
  "http://a.ml/vocabularies/apiContract#required": "true",
  "http://a.ml/vocabularies/apiContract#style": "simple",
  "http://a.ml/vocabularies/core#description": "the user identifier",
  "http://a.ml/vocabularies/core#name": "userId",
  "http://a.ml/vocabularies/shapes#schema": {
    "http://www.w3.org/ns/shacl#datatype": "http://www.w3.org/2001/XMLSchema#integer",
    "http://www.w3.org/ns/shacl#name": "userId",
    "id": "file:///Users/abettati/Desktop/apisContentFull/3391.json#/web-api/end-points/%2Fusers%2F%7BuserId%7D%2Fgroups/parameter/userId/scalar/userId"
  },
  "id": "file:///Users/abettati/Desktop/apisContentFull/3391.json#/web-api/end-points/%2Fusers%2F%7BuserId%7D%2Fgroups/parameter/userId"
}, {
  "http://a.ml/vocabularies/apiContract#binding": "path",
  "http://a.ml/vocabularies/apiContract#explode": "false",
  "http://a.ml/vocabularies/apiContract#paramName": "groupId",
  "http://a.ml/vocabularies/apiContract#required": "true",
  "http://a.ml/vocabularies/apiContract#style": "simple",
  "http://a.ml/vocabularies/core#description": "the group identifier",
  "http://a.ml/vocabularies/core#name": "groupId",
  "http://a.ml/vocabularies/shapes#schema": {
    "http://www.w3.org/ns/shacl#datatype": "http://www.w3.org/2001/XMLSchema#integer",
    "http://www.w3.org/ns/shacl#name": "groupId",
    "id": "file:///Users/abettati/Desktop/apisContentFull/3391.json#/web-api/end-points/%2Fusers%2F%7BuserId%7D%2Fgroups%2F%7BgroupId%7D/parameter/groupId/scalar/groupId"
  },
  "id": "file:///Users/abettati/Desktop/apisContentFull/3391.json#/web-api/end-points/%2Fusers%2F%7BuserId%7D%2Fgroups%2F%7BgroupId%7D/parameter/groupId"
}, {
  "http://a.ml/vocabularies/apiContract#binding": "path",
  "http://a.ml/vocabularies/apiContract#explode": "false",
  "http://a.ml/vocabularies/apiContract#paramName": "userId",
  "http://a.ml/vocabularies/apiContract#required": "true",
  "http://a.ml/vocabularies/apiContract#style": "simple",
  "http://a.ml/vocabularies/core#description": "the user identifier",
  "http://a.ml/vocabularies/core#name": "userId",
  "http://a.ml/vocabularies/shapes#schema": {
    "http://www.w3.org/ns/shacl#datatype": "http://www.w3.org/2001/XMLSchema#integer",
    "http://www.w3.org/ns/shacl#name": "userId",
    "id": "file:///Users/abettati/Desktop/apisContentFull/3391.json#/web-api/end-points/%2Fusers%2F%7BuserId%7D%2Fgroups%2F%7BgroupId%7D/parameter/userId/scalar/userId"
  },
  "id": "file:///Users/abettati/Desktop/apisContentFull/3391.json#/web-api/end-points/%2Fusers%2F%7BuserId%7D%2Fgroups%2F%7BgroupId%7D/parameter/userId"
}, {
  "http://a.ml/vocabularies/apiContract#binding": "path",
  "http://a.ml/vocabularies/apiContract#explode": "false",
  "http://a.ml/vocabularies/apiContract#paramName": "userId",
  "http://a.ml/vocabularies/apiContract#required": "true",
  "http://a.ml/vocabularies/apiContract#style": "simple",
  "http://a.ml/vocabularies/core#description": "the user identifier",
  "http://a.ml/vocabularies/core#name": "userId",
  "http://a.ml/vocabularies/shapes#schema": {
    "http://www.w3.org/ns/shacl#datatype": "http://www.w3.org/2001/XMLSchema#integer",
    "http://www.w3.org/ns/shacl#name": "userId",
    "id": "file:///Users/abettati/Desktop/apisContentFull/3391.json#/web-api/end-points/%2Fusers%2F%7BuserId%7D%2Fgroups%2Finfo/parameter/userId/scalar/userId"
  },
  "id": "file:///Users/abettati/Desktop/apisContentFull/3391.json#/web-api/end-points/%2Fusers%2F%7BuserId%7D%2Fgroups%2Finfo/parameter/userId"
}, {
  "http://a.ml/vocabularies/apiContract#binding": "path",
  "http://a.ml/vocabularies/apiContract#explode": "false",
  "http://a.ml/vocabularies/apiContract#paramName": "userId",
  "http://a.ml/vocabularies/apiContract#required": "true",
  "http://a.ml/vocabularies/apiContract#style": "simple",
  "http://a.ml/vocabularies/core#description": "the user identifier",
  "http://a.ml/vocabularies/core#name": "userId",
  "http://a.ml/vocabularies/shapes#schema": {
    "http://www.w3.org/ns/shacl#datatype": "http://www.w3.org/2001/XMLSchema#integer",
    "http://www.w3.org/ns/shacl#name": "userId",
    "id": "file:///Users/abettati/Desktop/apisContentFull/3391.json#/web-api/end-points/%2Fusers%2F%7BuserId%7D%2Foperations/parameter/userId/scalar/userId"
  },
  "id": "file:///Users/abettati/Desktop/apisContentFull/3391.json#/web-api/end-points/%2Fusers%2F%7BuserId%7D%2Foperations/parameter/userId"
}, {
  "http://a.ml/vocabularies/apiContract#binding": "path",
  "http://a.ml/vocabularies/apiContract#explode": "false",
  "http://a.ml/vocabularies/apiContract#paramName": "userId",
  "http://a.ml/vocabularies/apiContract#required": "true",
  "http://a.ml/vocabularies/apiContract#style": "simple",
  "http://a.ml/vocabularies/core#description": "the user identifier",
  "http://a.ml/vocabularies/core#name": "userId",
  "http://a.ml/vocabularies/shapes#schema": {
    "http://www.w3.org/ns/shacl#datatype": "http://www.w3.org/2001/XMLSchema#integer",
    "http://www.w3.org/ns/shacl#name": "userId",
    "id": "file:///Users/abettati/Desktop/apisContentFull/3391.json#/web-api/end-points/%2Fusers%2F%7BuserId%7D%2Foperations%2Finfo/parameter/userId/scalar/userId"
  },
  "id": "file:///Users/abettati/Desktop/apisContentFull/3391.json#/web-api/end-points/%2Fusers%2F%7BuserId%7D%2Foperations%2Finfo/parameter/userId"
}, {
  "http://a.ml/vocabularies/apiContract#binding": "path",
  "http://a.ml/vocabularies/apiContract#explode": "false",
  "http://a.ml/vocabularies/apiContract#paramName": "userId",
  "http://a.ml/vocabularies/apiContract#required": "true",
  "http://a.ml/vocabularies/apiContract#style": "simple",
  "http://a.ml/vocabularies/core#description": "the user identifier",
  "http://a.ml/vocabularies/core#name": "userId",
  "http://a.ml/vocabularies/shapes#schema": {
    "http://www.w3.org/ns/shacl#datatype": "http://www.w3.org/2001/XMLSchema#integer",
    "http://www.w3.org/ns/shacl#name": "userId",
    "id": "file:///Users/abettati/Desktop/apisContentFull/3391.json#/web-api/end-points/%2Fusers%2F%7BuserId%7D%2FoperationsCanAdd/parameter/userId/scalar/userId"
  },
  "id": "file:///Users/abettati/Desktop/apisContentFull/3391.json#/web-api/end-points/%2Fusers%2F%7BuserId%7D%2FoperationsCanAdd/parameter/userId"
}, {
  "http://a.ml/vocabularies/apiContract#binding": "path",
  "http://a.ml/vocabularies/apiContract#explode": "false",
  "http://a.ml/vocabularies/apiContract#paramName": "userId",
  "http://a.ml/vocabularies/apiContract#required": "true",
  "http://a.ml/vocabularies/apiContract#style": "simple",
  "http://a.ml/vocabularies/core#description": "the user identifier",
  "http://a.ml/vocabularies/core#name": "userId",
  "http://a.ml/vocabularies/shapes#schema": {
    "http://www.w3.org/ns/shacl#datatype": "http://www.w3.org/2001/XMLSchema#integer",
    "http://www.w3.org/ns/shacl#name": "userId",
    "id": "file:///Users/abettati/Desktop/apisContentFull/3391.json#/web-api/end-points/%2Fusers%2F%7BuserId%7D%2FoperationsByRoles/parameter/userId/scalar/userId"
  },
  "id": "file:///Users/abettati/Desktop/apisContentFull/3391.json#/web-api/end-points/%2Fusers%2F%7BuserId%7D%2FoperationsByRoles/parameter/userId"
}, {
  "http://a.ml/vocabularies/apiContract#binding": "path",
  "http://a.ml/vocabularies/apiContract#explode": "false",
  "http://a.ml/vocabularies/apiContract#paramName": "userId",
  "http://a.ml/vocabularies/apiContract#required": "true",
  "http://a.ml/vocabularies/apiContract#style": "simple",
  "http://a.ml/vocabularies/core#description": "the user identifier",
  "http://a.ml/vocabularies/core#name": "userId",
  "http://a.ml/vocabularies/shapes#schema": {
    "http://www.w3.org/ns/shacl#datatype": "http://www.w3.org/2001/XMLSchema#integer",
    "http://www.w3.org/ns/shacl#name": "userId",
    "id": "file:///Users/abettati/Desktop/apisContentFull/3391.json#/web-api/end-points/%2Fusers%2F%7BuserId%7D%2FoperationByRoles%2Finfo/parameter/userId/scalar/userId"
  },
  "id": "file:///Users/abettati/Desktop/apisContentFull/3391.json#/web-api/end-points/%2Fusers%2F%7BuserId%7D%2FoperationByRoles%2Finfo/parameter/userId"
}]