[{
  "http://a.ml/vocabularies/apiContract#binding": "header",
  "http://a.ml/vocabularies/apiContract#required": "true",
  "http://a.ml/vocabularies/core#description": "calls per hour allowed by the user",
  "http://a.ml/vocabularies/core#name": "X-Rate-Limit",
  "http://a.ml/vocabularies/shapes#schema": {
    "http://a.ml/vocabularies/core#description": "calls per hour allowed by the user",
    "http://a.ml/vocabularies/shapes#format": "int32",
    "http://www.w3.org/ns/shacl#datatype": "http://www.w3.org/2001/XMLSchema#integer",
    "http://www.w3.org/ns/shacl#name": "schema",
    "id": "file:///Users/abettati/Desktop/apisContentFull/4940.json#/web-api/end-points/%2Fuser%2Flogin/get/200/parameter/X-Rate-Limit/scalar/schema"
  },
  "id": "file:///Users/abettati/Desktop/apisContentFull/4940.json#/web-api/end-points/%2Fuser%2Flogin/get/200/parameter/X-Rate-Limit"
}, {
  "http://a.ml/vocabularies/apiContract#binding": "header",
  "http://a.ml/vocabularies/apiContract#required": "true",
  "http://a.ml/vocabularies/core#description": "date in UTC when token expires",
  "http://a.ml/vocabularies/core#name": "X-Expires-After",
  "http://a.ml/vocabularies/shapes#schema": {
    "http://a.ml/vocabularies/core#description": "date in UTC when token expires",
    "http://a.ml/vocabularies/shapes#format": "date-time",
    "http://www.w3.org/ns/shacl#datatype": "http://www.w3.org/2001/XMLSchema#dateTime",
    "http://www.w3.org/ns/shacl#name": "schema",
    "id": "file:///Users/abettati/Desktop/apisContentFull/4940.json#/web-api/end-points/%2Fuser%2Flogin/get/200/parameter/X-Expires-After/scalar/schema"
  },
  "id": "file:///Users/abettati/Desktop/apisContentFull/4940.json#/web-api/end-points/%2Fuser%2Flogin/get/200/parameter/X-Expires-After"
}, {
  "http://a.ml/vocabularies/apiContract#binding": "query",
  "http://a.ml/vocabularies/apiContract#paramName": "username",
  "http://a.ml/vocabularies/apiContract#required": "true",
  "http://a.ml/vocabularies/core#description": "The user name for login",
  "http://a.ml/vocabularies/core#name": "username",
  "http://a.ml/vocabularies/shapes#schema": {
    "http://a.ml/vocabularies/core#description": "The user name for login",
    "http://www.w3.org/ns/shacl#datatype": "http://www.w3.org/2001/XMLSchema#string",
    "http://www.w3.org/ns/shacl#name": "schema",
    "id": "file:///Users/abettati/Desktop/apisContentFull/4940.json#/web-api/end-points/%2Fuser%2Flogin/get/request/parameter/username/scalar/schema"
  },
  "id": "file:///Users/abettati/Desktop/apisContentFull/4940.json#/web-api/end-points/%2Fuser%2Flogin/get/request/parameter/username"
}, {
  "http://a.ml/vocabularies/apiContract#binding": "query",
  "http://a.ml/vocabularies/apiContract#paramName": "password",
  "http://a.ml/vocabularies/apiContract#required": "true",
  "http://a.ml/vocabularies/core#description": "The password for login in clear text",
  "http://a.ml/vocabularies/core#name": "password",
  "http://a.ml/vocabularies/shapes#schema": {
    "http://a.ml/vocabularies/core#description": "The password for login in clear text",
    "http://www.w3.org/ns/shacl#datatype": "http://www.w3.org/2001/XMLSchema#string",
    "http://www.w3.org/ns/shacl#name": "schema",
    "id": "file:///Users/abettati/Desktop/apisContentFull/4940.json#/web-api/end-points/%2Fuser%2Flogin/get/request/parameter/password/scalar/schema"
  },
  "id": "file:///Users/abettati/Desktop/apisContentFull/4940.json#/web-api/end-points/%2Fuser%2Flogin/get/request/parameter/password"
}, {
  "http://a.ml/vocabularies/apiContract#binding": "path",
  "http://a.ml/vocabularies/apiContract#paramName": "pseudo",
  "http://a.ml/vocabularies/apiContract#required": "true",
  "http://a.ml/vocabularies/core#description": "The name that needs to be fetched. Use user1 for testing.",
  "http://a.ml/vocabularies/core#name": "pseudo",
  "http://a.ml/vocabularies/shapes#schema": {
    "http://a.ml/vocabularies/core#description": "The name that needs to be fetched. Use user1 for testing.",
    "http://www.w3.org/ns/shacl#datatype": "http://www.w3.org/2001/XMLSchema#string",
    "http://www.w3.org/ns/shacl#name": "schema",
    "id": "file:///Users/abettati/Desktop/apisContentFull/4940.json#/web-api/end-points/%2Fuser%2F%7Busername%7D/get/request/parameter/pseudo/scalar/schema"
  },
  "id": "file:///Users/abettati/Desktop/apisContentFull/4940.json#/web-api/end-points/%2Fuser%2F%7Busername%7D/get/request/parameter/pseudo"
}, {
  "http://a.ml/vocabularies/apiContract#binding": "path",
  "http://a.ml/vocabularies/apiContract#paramName": "username",
  "http://a.ml/vocabularies/apiContract#required": "true",
  "http://a.ml/vocabularies/core#description": "name that need to be updated",
  "http://a.ml/vocabularies/core#name": "username",
  "http://a.ml/vocabularies/shapes#schema": {
    "http://a.ml/vocabularies/core#description": "name that need to be updated",
    "http://www.w3.org/ns/shacl#datatype": "http://www.w3.org/2001/XMLSchema#string",
    "http://www.w3.org/ns/shacl#name": "schema",
    "id": "file:///Users/abettati/Desktop/apisContentFull/4940.json#/web-api/end-points/%2Fuser%2F%7Busername%7D/put/request/parameter/username/scalar/schema"
  },
  "id": "file:///Users/abettati/Desktop/apisContentFull/4940.json#/web-api/end-points/%2Fuser%2F%7Busername%7D/put/request/parameter/username"
}, {
  "http://a.ml/vocabularies/apiContract#binding": "path",
  "http://a.ml/vocabularies/apiContract#paramName": "username",
  "http://a.ml/vocabularies/apiContract#required": "true",
  "http://a.ml/vocabularies/core#description": "The name that needs to be deleted",
  "http://a.ml/vocabularies/core#name": "username",
  "http://a.ml/vocabularies/shapes#schema": {
    "http://a.ml/vocabularies/core#description": "The name that needs to be deleted",
    "http://www.w3.org/ns/shacl#datatype": "http://www.w3.org/2001/XMLSchema#string",
    "http://www.w3.org/ns/shacl#name": "schema",
    "id": "file:///Users/abettati/Desktop/apisContentFull/4940.json#/web-api/end-points/%2Fuser%2F%7Busername%7D/delete/request/parameter/username/scalar/schema"
  },
  "id": "file:///Users/abettati/Desktop/apisContentFull/4940.json#/web-api/end-points/%2Fuser%2F%7Busername%7D/delete/request/parameter/username"
}]