[{
  "http://a.ml/vocabularies/apiContract#binding": "header",
  "http://a.ml/vocabularies/apiContract#paramName": "authorization",
  "http://a.ml/vocabularies/apiContract#required": "true",
  "http://a.ml/vocabularies/core#description": "Token returned by /registration/start request.",
  "http://a.ml/vocabularies/core#name": "authorization",
  "http://a.ml/vocabularies/shapes#schema": {
    "http://a.ml/vocabularies/core#description": "Token returned by /registration/start request.",
    "http://www.w3.org/ns/shacl#datatype": "http://www.w3.org/2001/XMLSchema#string",
    "http://www.w3.org/ns/shacl#name": "schema",
    "id": "file:///Users/abettati/Desktop/apisContentFull/7264.json#/web-api/end-points/%2Fregistration%2Fphones%2Fverification%2Fsend/post/request/parameter/authorization/scalar/schema"
  },
  "id": "file:///Users/abettati/Desktop/apisContentFull/7264.json#/web-api/end-points/%2Fregistration%2Fphones%2Fverification%2Fsend/post/request/parameter/authorization"
}, {
  "http://a.ml/vocabularies/apiContract#binding": "header",
  "http://a.ml/vocabularies/apiContract#paramName": "authorization",
  "http://a.ml/vocabularies/apiContract#required": "true",
  "http://a.ml/vocabularies/core#description": "Token returned by /registration/start request.",
  "http://a.ml/vocabularies/core#name": "authorization",
  "http://a.ml/vocabularies/shapes#schema": {
    "http://a.ml/vocabularies/core#description": "Token returned by /registration/start request.",
    "http://www.w3.org/ns/shacl#datatype": "http://www.w3.org/2001/XMLSchema#string",
    "http://www.w3.org/ns/shacl#name": "schema",
    "id": "file:///Users/abettati/Desktop/apisContentFull/7264.json#/web-api/end-points/%2Fregistration%2Fphones%2Fverification%2Fverify/post/request/parameter/authorization/scalar/schema"
  },
  "id": "file:///Users/abettati/Desktop/apisContentFull/7264.json#/web-api/end-points/%2Fregistration%2Fphones%2Fverification%2Fverify/post/request/parameter/authorization"
}, {
  "http://a.ml/vocabularies/apiContract#binding": "path",
  "http://a.ml/vocabularies/apiContract#paramName": "postcode",
  "http://a.ml/vocabularies/apiContract#required": "true",
  "http://a.ml/vocabularies/core#description": "UK Postcode",
  "http://a.ml/vocabularies/core#name": "postcode",
  "http://a.ml/vocabularies/shapes#schema": {
    "http://a.ml/vocabularies/core#description": "UK Postcode",
    "http://www.w3.org/ns/shacl#datatype": "http://www.w3.org/2001/XMLSchema#string",
    "http://www.w3.org/ns/shacl#name": "schema",
    "id": "file:///Users/abettati/Desktop/apisContentFull/7264.json#/web-api/end-points/%2Fregistration%2Fpostcodes%2F%7Bpostcode%7D/get/request/parameter/postcode/scalar/schema"
  },
  "id": "file:///Users/abettati/Desktop/apisContentFull/7264.json#/web-api/end-points/%2Fregistration%2Fpostcodes%2F%7Bpostcode%7D/get/request/parameter/postcode"
}, {
  "http://a.ml/vocabularies/apiContract#binding": "header",
  "http://a.ml/vocabularies/apiContract#paramName": "authorization",
  "http://a.ml/vocabularies/apiContract#required": "true",
  "http://a.ml/vocabularies/core#description": "Token returned by /registration/start request.",
  "http://a.ml/vocabularies/core#name": "authorization",
  "http://a.ml/vocabularies/shapes#schema": {
    "http://a.ml/vocabularies/core#description": "Token returned by /registration/start request.",
    "http://www.w3.org/ns/shacl#datatype": "http://www.w3.org/2001/XMLSchema#string",
    "http://www.w3.org/ns/shacl#name": "schema",
    "id": "file:///Users/abettati/Desktop/apisContentFull/7264.json#/web-api/end-points/%2Fregister/post/request/parameter/authorization/scalar/schema"
  },
  "id": "file:///Users/abettati/Desktop/apisContentFull/7264.json#/web-api/end-points/%2Fregister/post/request/parameter/authorization"
}, {
  "http://a.ml/vocabularies/apiContract#binding": "query",
  "http://a.ml/vocabularies/apiContract#paramName": "offset",
  "http://a.ml/vocabularies/apiContract#required": "false",
  "http://a.ml/vocabularies/core#description": "Limit the results to a particular record count.",
  "http://a.ml/vocabularies/core#name": "offset",
  "http://a.ml/vocabularies/shapes#schema": {
    "http://a.ml/vocabularies/core#description": "Limit the results to a particular record count.",
    "http://www.w3.org/ns/shacl#datatype": "http://www.w3.org/2001/XMLSchema#integer",
    "http://www.w3.org/ns/shacl#name": "schema",
    "id": "file:///Users/abettati/Desktop/apisContentFull/7264.json#/web-api/end-points/%2Ftransactions/get/request/parameter/offset/scalar/schema"
  },
  "id": "file:///Users/abettati/Desktop/apisContentFull/7264.json#/web-api/end-points/%2Ftransactions/get/request/parameter/offset"
}, {
  "http://a.ml/vocabularies/apiContract#binding": "query",
  "http://a.ml/vocabularies/apiContract#paramName": "limit",
  "http://a.ml/vocabularies/apiContract#required": "false",
  "http://a.ml/vocabularies/core#description": "Maximum number of items in the response.",
  "http://a.ml/vocabularies/core#name": "limit",
  "http://a.ml/vocabularies/shapes#schema": {
    "http://a.ml/vocabularies/core#description": "Maximum number of items in the response.",
    "http://www.w3.org/ns/shacl#datatype": "http://www.w3.org/2001/XMLSchema#integer",
    "http://www.w3.org/ns/shacl#name": "schema",
    "id": "file:///Users/abettati/Desktop/apisContentFull/7264.json#/web-api/end-points/%2Ftransactions/get/request/parameter/limit/scalar/schema"
  },
  "id": "file:///Users/abettati/Desktop/apisContentFull/7264.json#/web-api/end-points/%2Ftransactions/get/request/parameter/limit"
}, {
  "http://a.ml/vocabularies/apiContract#binding": "query",
  "http://a.ml/vocabularies/apiContract#paramName": "date",
  "http://a.ml/vocabularies/apiContract#required": "false",
  "http://a.ml/vocabularies/core#description": "Filter response by date.",
  "http://a.ml/vocabularies/core#name": "date",
  "http://a.ml/vocabularies/shapes#schema": {
    "http://a.ml/vocabularies/core#description": "Filter response by date.",
    "http://a.ml/vocabularies/shapes#format": "date",
    "http://www.w3.org/ns/shacl#datatype": "http://www.w3.org/2001/XMLSchema#date",
    "http://www.w3.org/ns/shacl#name": "schema",
    "id": "file:///Users/abettati/Desktop/apisContentFull/7264.json#/web-api/end-points/%2Ftransactions/get/request/parameter/date/scalar/schema"
  },
  "id": "file:///Users/abettati/Desktop/apisContentFull/7264.json#/web-api/end-points/%2Ftransactions/get/request/parameter/date"
}, {
  "http://a.ml/vocabularies/apiContract#binding": "path",
  "http://a.ml/vocabularies/apiContract#paramName": "id",
  "http://a.ml/vocabularies/apiContract#required": "true",
  "http://a.ml/vocabularies/core#description": "Transaction id.",
  "http://a.ml/vocabularies/core#name": "id",
  "http://a.ml/vocabularies/shapes#schema": {
    "http://a.ml/vocabularies/core#description": "Transaction id.",
    "http://www.w3.org/ns/shacl#datatype": "http://www.w3.org/2001/XMLSchema#string",
    "http://www.w3.org/ns/shacl#name": "schema",
    "id": "file:///Users/abettati/Desktop/apisContentFull/7264.json#/web-api/end-points/%2Ftransactions%2F%7Bid%7D/get/request/parameter/id/scalar/schema"
  },
  "id": "file:///Users/abettati/Desktop/apisContentFull/7264.json#/web-api/end-points/%2Ftransactions%2F%7Bid%7D/get/request/parameter/id"
}, {
  "http://a.ml/vocabularies/apiContract#binding": "query",
  "http://a.ml/vocabularies/apiContract#paramName": "email",
  "http://a.ml/vocabularies/apiContract#required": "false",
  "http://a.ml/vocabularies/core#description": "Email of VEBO contact",
  "http://a.ml/vocabularies/core#name": "email",
  "http://a.ml/vocabularies/shapes#schema": {
    "http://a.ml/vocabularies/core#description": "Email of VEBO contact",
    "http://www.w3.org/ns/shacl#datatype": "http://www.w3.org/2001/XMLSchema#string",
    "http://www.w3.org/ns/shacl#name": "schema",
    "id": "file:///Users/abettati/Desktop/apisContentFull/7264.json#/web-api/end-points/%2Fcontacts%2Fsearch/get/request/parameter/email/scalar/schema"
  },
  "id": "file:///Users/abettati/Desktop/apisContentFull/7264.json#/web-api/end-points/%2Fcontacts%2Fsearch/get/request/parameter/email"
}, {
  "http://a.ml/vocabularies/apiContract#binding": "query",
  "http://a.ml/vocabularies/apiContract#paramName": "phone",
  "http://a.ml/vocabularies/apiContract#required": "false",
  "http://a.ml/vocabularies/core#description": "Phone number of VEBO contact",
  "http://a.ml/vocabularies/core#name": "phone",
  "http://a.ml/vocabularies/shapes#schema": {
    "http://a.ml/vocabularies/core#description": "Phone number of VEBO contact",
    "http://www.w3.org/ns/shacl#datatype": "http://www.w3.org/2001/XMLSchema#string",
    "http://www.w3.org/ns/shacl#name": "schema",
    "id": "file:///Users/abettati/Desktop/apisContentFull/7264.json#/web-api/end-points/%2Fcontacts%2Fsearch/get/request/parameter/phone/scalar/schema"
  },
  "id": "file:///Users/abettati/Desktop/apisContentFull/7264.json#/web-api/end-points/%2Fcontacts%2Fsearch/get/request/parameter/phone"
}]