[{
  "http://a.ml/vocabularies/apiContract#binding": "query",
  "http://a.ml/vocabularies/apiContract#paramName": "producto_id",
  "http://a.ml/vocabularies/apiContract#required": "true",
  "http://a.ml/vocabularies/core#description": "ID of product to quote",
  "http://a.ml/vocabularies/core#name": "producto_id",
  "http://a.ml/vocabularies/shapes#schema": {
    "http://a.ml/vocabularies/core#description": "ID of product to quote",
    "http://www.w3.org/ns/shacl#datatype": "http://www.w3.org/2001/XMLSchema#integer",
    "http://www.w3.org/ns/shacl#name": "schema",
    "id": "file:///Users/abettati/Desktop/apisContentFull/1585.json#/web-api/end-points/%2Fv1%2FAR%2Fauto%2Fcotizar%2F%7Bcompany%7D/get/request/parameter/producto_id/scalar/schema"
  },
  "id": "file:///Users/abettati/Desktop/apisContentFull/1585.json#/web-api/end-points/%2Fv1%2FAR%2Fauto%2Fcotizar%2F%7Bcompany%7D/get/request/parameter/producto_id"
}, {
  "http://a.ml/vocabularies/apiContract#binding": "query",
  "http://a.ml/vocabularies/apiContract#paramName": "usuario_id",
  "http://a.ml/vocabularies/apiContract#required": "true",
  "http://a.ml/vocabularies/core#description": "ID of the product's owner",
  "http://a.ml/vocabularies/core#name": "usuario_id",
  "http://a.ml/vocabularies/shapes#schema": {
    "http://a.ml/vocabularies/core#description": "ID of the product's owner",
    "http://www.w3.org/ns/shacl#datatype": "http://www.w3.org/2001/XMLSchema#integer",
    "http://www.w3.org/ns/shacl#name": "schema",
    "id": "file:///Users/abettati/Desktop/apisContentFull/1585.json#/web-api/end-points/%2Fv1%2FAR%2Fauto%2Fcotizar%2F%7Bcompany%7D/get/request/parameter/usuario_id/scalar/schema"
  },
  "id": "file:///Users/abettati/Desktop/apisContentFull/1585.json#/web-api/end-points/%2Fv1%2FAR%2Fauto%2Fcotizar%2F%7Bcompany%7D/get/request/parameter/usuario_id"
}, {
  "http://a.ml/vocabularies/apiContract#binding": "query",
  "http://a.ml/vocabularies/apiContract#paramName": "canal_id",
  "http://a.ml/vocabularies/apiContract#required": "true",
  "http://a.ml/vocabularies/core#description": "ID of the product's last channel",
  "http://a.ml/vocabularies/core#name": "canal_id",
  "http://a.ml/vocabularies/shapes#schema": {
    "http://a.ml/vocabularies/core#description": "ID of the product's last channel",
    "http://www.w3.org/ns/shacl#datatype": "http://www.w3.org/2001/XMLSchema#integer",
    "http://www.w3.org/ns/shacl#name": "schema",
    "id": "file:///Users/abettati/Desktop/apisContentFull/1585.json#/web-api/end-points/%2Fv1%2FAR%2Fauto%2Fcotizar%2F%7Bcompany%7D/get/request/parameter/canal_id/scalar/schema"
  },
  "id": "file:///Users/abettati/Desktop/apisContentFull/1585.json#/web-api/end-points/%2Fv1%2FAR%2Fauto%2Fcotizar%2F%7Bcompany%7D/get/request/parameter/canal_id"
}, {
  "http://a.ml/vocabularies/apiContract#binding": "path",
  "http://a.ml/vocabularies/apiContract#paramName": "company",
  "http://a.ml/vocabularies/apiContract#required": "true",
  "http://a.ml/vocabularies/core#description": "Name of the company to quote",
  "http://a.ml/vocabularies/core#name": "company",
  "http://a.ml/vocabularies/shapes#schema": {
    "http://a.ml/vocabularies/core#description": "Name of the company to quote",
    "http://www.w3.org/ns/shacl#datatype": "http://www.w3.org/2001/XMLSchema#string",
    "http://www.w3.org/ns/shacl#name": "schema",
    "id": "file:///Users/abettati/Desktop/apisContentFull/1585.json#/web-api/end-points/%2Fv1%2FAR%2Fauto%2Fcotizar%2F%7Bcompany%7D/get/request/parameter/company/scalar/schema"
  },
  "id": "file:///Users/abettati/Desktop/apisContentFull/1585.json#/web-api/end-points/%2Fv1%2FAR%2Fauto%2Fcotizar%2F%7Bcompany%7D/get/request/parameter/company"
}]