[{
  "http://a.ml/vocabularies/apiContract#binding": "query",
  "http://a.ml/vocabularies/apiContract#paramName": "status",
  "http://a.ml/vocabularies/apiContract#required": "true",
  "http://a.ml/vocabularies/core#description": "Status values that need to be considered for filter",
  "http://a.ml/vocabularies/core#name": "status",
  "http://a.ml/vocabularies/shapes#schema": {
    "http://a.ml/vocabularies/core#description": "Status values that need to be considered for filter",
    "http://a.ml/vocabularies/shapes#collectionFormat": "multi",
    "http://a.ml/vocabularies/shapes#items": {
      "http://www.w3.org/ns/shacl#datatype": "http://www.w3.org/2001/XMLSchema#string",
      "http://www.w3.org/ns/shacl#defaultValue": {
        "http://a.ml/vocabularies/core#name": null,
        "http://a.ml/vocabularies/data#value": null,
        "http://www.w3.org/ns/shacl#datatype": null,
        "id": "file:///Users/abettati/Desktop/apisContentFull/6886.json#/web-api/end-points/%2Fpet%2FfindByStatus/get/request/parameter/status/array/schema/items/scalar/items/scalar_1"
      },
      "http://www.w3.org/ns/shacl#defaultValueStr": "available",
      "http://www.w3.org/ns/shacl#in": [null, null, null],
      "http://www.w3.org/ns/shacl#name": "items",
      "id": "file:///Users/abettati/Desktop/apisContentFull/6886.json#/web-api/end-points/%2Fpet%2FfindByStatus/get/request/parameter/status/array/schema/items/scalar/items"
    },
    "http://www.w3.org/ns/shacl#name": "schema",
    "id": "file:///Users/abettati/Desktop/apisContentFull/6886.json#/web-api/end-points/%2Fpet%2FfindByStatus/get/request/parameter/status/array/schema"
  },
  "id": "file:///Users/abettati/Desktop/apisContentFull/6886.json#/web-api/end-points/%2Fpet%2FfindByStatus/get/request/parameter/status"
}, {
  "http://a.ml/vocabularies/apiContract#binding": "query",
  "http://a.ml/vocabularies/apiContract#paramName": "tags",
  "http://a.ml/vocabularies/apiContract#required": "true",
  "http://a.ml/vocabularies/core#description": "Tags to filter by",
  "http://a.ml/vocabularies/core#name": "tags",
  "http://a.ml/vocabularies/shapes#schema": {
    "http://a.ml/vocabularies/core#description": "Tags to filter by",
    "http://a.ml/vocabularies/shapes#collectionFormat": "multi",
    "http://a.ml/vocabularies/shapes#items": {
      "http://www.w3.org/ns/shacl#datatype": "http://www.w3.org/2001/XMLSchema#string",
      "http://www.w3.org/ns/shacl#name": "items",
      "id": "file:///Users/abettati/Desktop/apisContentFull/6886.json#/web-api/end-points/%2Fpet%2FfindByTags/get/request/parameter/tags/array/schema/items/scalar/items"
    },
    "http://www.w3.org/ns/shacl#name": "schema",
    "id": "file:///Users/abettati/Desktop/apisContentFull/6886.json#/web-api/end-points/%2Fpet%2FfindByTags/get/request/parameter/tags/array/schema"
  },
  "id": "file:///Users/abettati/Desktop/apisContentFull/6886.json#/web-api/end-points/%2Fpet%2FfindByTags/get/request/parameter/tags"
}, {
  "http://a.ml/vocabularies/apiContract#binding": "path",
  "http://a.ml/vocabularies/apiContract#paramName": "petId",
  "http://a.ml/vocabularies/apiContract#required": "true",
  "http://a.ml/vocabularies/core#description": "ID of pet to return",
  "http://a.ml/vocabularies/core#name": "petId",
  "http://a.ml/vocabularies/shapes#schema": {
    "http://a.ml/vocabularies/core#description": "ID of pet to return",
    "http://a.ml/vocabularies/shapes#format": "int64",
    "http://www.w3.org/ns/shacl#datatype": "http://www.w3.org/2001/XMLSchema#long",
    "http://www.w3.org/ns/shacl#name": "schema",
    "id": "file:///Users/abettati/Desktop/apisContentFull/6886.json#/web-api/end-points/%2Fpet%2F%7BpetId%7D/get/request/parameter/petId/scalar/schema"
  },
  "id": "file:///Users/abettati/Desktop/apisContentFull/6886.json#/web-api/end-points/%2Fpet%2F%7BpetId%7D/get/request/parameter/petId"
}, {
  "http://a.ml/vocabularies/apiContract#binding": "path",
  "http://a.ml/vocabularies/apiContract#paramName": "petId",
  "http://a.ml/vocabularies/apiContract#required": "true",
  "http://a.ml/vocabularies/core#description": "ID of pet that needs to be updated",
  "http://a.ml/vocabularies/core#name": "petId",
  "http://a.ml/vocabularies/shapes#schema": {
    "http://a.ml/vocabularies/core#description": "ID of pet that needs to be updated",
    "http://a.ml/vocabularies/shapes#format": "int64",
    "http://www.w3.org/ns/shacl#datatype": "http://www.w3.org/2001/XMLSchema#long",
    "http://www.w3.org/ns/shacl#name": "schema",
    "id": "file:///Users/abettati/Desktop/apisContentFull/6886.json#/web-api/end-points/%2Fpet%2F%7BpetId%7D/post/request/parameter/petId/scalar/schema"
  },
  "id": "file:///Users/abettati/Desktop/apisContentFull/6886.json#/web-api/end-points/%2Fpet%2F%7BpetId%7D/post/request/parameter/petId"
}, {
  "http://a.ml/vocabularies/apiContract#binding": "path",
  "http://a.ml/vocabularies/apiContract#paramName": "petId",
  "http://a.ml/vocabularies/apiContract#required": "true",
  "http://a.ml/vocabularies/core#description": "Pet id to delete",
  "http://a.ml/vocabularies/core#name": "petId",
  "http://a.ml/vocabularies/shapes#schema": {
    "http://a.ml/vocabularies/core#description": "Pet id to delete",
    "http://a.ml/vocabularies/shapes#format": "int64",
    "http://www.w3.org/ns/shacl#datatype": "http://www.w3.org/2001/XMLSchema#long",
    "http://www.w3.org/ns/shacl#name": "schema",
    "id": "file:///Users/abettati/Desktop/apisContentFull/6886.json#/web-api/end-points/%2Fpet%2F%7BpetId%7D/delete/request/parameter/petId/scalar/schema"
  },
  "id": "file:///Users/abettati/Desktop/apisContentFull/6886.json#/web-api/end-points/%2Fpet%2F%7BpetId%7D/delete/request/parameter/petId"
}, {
  "http://a.ml/vocabularies/apiContract#binding": "path",
  "http://a.ml/vocabularies/apiContract#paramName": "petId",
  "http://a.ml/vocabularies/apiContract#required": "true",
  "http://a.ml/vocabularies/core#description": "ID of pet to update",
  "http://a.ml/vocabularies/core#name": "petId",
  "http://a.ml/vocabularies/shapes#schema": {
    "http://a.ml/vocabularies/core#description": "ID of pet to update",
    "http://a.ml/vocabularies/shapes#format": "int64",
    "http://www.w3.org/ns/shacl#datatype": "http://www.w3.org/2001/XMLSchema#long",
    "http://www.w3.org/ns/shacl#name": "schema",
    "id": "file:///Users/abettati/Desktop/apisContentFull/6886.json#/web-api/end-points/%2Fpet%2F%7BpetId%7D%2FuploadImage/post/request/parameter/petId/scalar/schema"
  },
  "id": "file:///Users/abettati/Desktop/apisContentFull/6886.json#/web-api/end-points/%2Fpet%2F%7BpetId%7D%2FuploadImage/post/request/parameter/petId"
}, {
  "http://a.ml/vocabularies/apiContract#binding": "path",
  "http://a.ml/vocabularies/apiContract#paramName": "orderId",
  "http://a.ml/vocabularies/apiContract#required": "true",
  "http://a.ml/vocabularies/core#description": "ID of pet that needs to be fetched",
  "http://a.ml/vocabularies/core#name": "orderId",
  "http://a.ml/vocabularies/shapes#schema": {
    "http://a.ml/vocabularies/core#description": "ID of pet that needs to be fetched",
    "http://a.ml/vocabularies/shapes#format": "int64",
    "http://www.w3.org/ns/shacl#datatype": "http://www.w3.org/2001/XMLSchema#long",
    "http://www.w3.org/ns/shacl#maxInclusive": "10.0",
    "http://www.w3.org/ns/shacl#minInclusive": "1.0",
    "http://www.w3.org/ns/shacl#name": "schema",
    "id": "file:///Users/abettati/Desktop/apisContentFull/6886.json#/web-api/end-points/%2Fstore%2Forder%2F%7BorderId%7D/get/request/parameter/orderId/scalar/schema"
  },
  "id": "file:///Users/abettati/Desktop/apisContentFull/6886.json#/web-api/end-points/%2Fstore%2Forder%2F%7BorderId%7D/get/request/parameter/orderId"
}, {
  "http://a.ml/vocabularies/apiContract#binding": "path",
  "http://a.ml/vocabularies/apiContract#paramName": "orderId",
  "http://a.ml/vocabularies/apiContract#required": "true",
  "http://a.ml/vocabularies/core#description": "ID of the order that needs to be deleted",
  "http://a.ml/vocabularies/core#name": "orderId",
  "http://a.ml/vocabularies/shapes#schema": {
    "http://a.ml/vocabularies/core#description": "ID of the order that needs to be deleted",
    "http://a.ml/vocabularies/shapes#format": "int64",
    "http://www.w3.org/ns/shacl#datatype": "http://www.w3.org/2001/XMLSchema#long",
    "http://www.w3.org/ns/shacl#minInclusive": "1.0",
    "http://www.w3.org/ns/shacl#name": "schema",
    "id": "file:///Users/abettati/Desktop/apisContentFull/6886.json#/web-api/end-points/%2Fstore%2Forder%2F%7BorderId%7D/delete/request/parameter/orderId/scalar/schema"
  },
  "id": "file:///Users/abettati/Desktop/apisContentFull/6886.json#/web-api/end-points/%2Fstore%2Forder%2F%7BorderId%7D/delete/request/parameter/orderId"
}, {
  "http://a.ml/vocabularies/apiContract#binding": "header",
  "http://a.ml/vocabularies/apiContract#required": "true",
  "http://a.ml/vocabularies/core#description": "calls per hour allowed by the user",
  "http://a.ml/vocabularies/core#name": "X-Rate-Limit",
  "http://a.ml/vocabularies/shapes#schema": {
    "http://a.ml/vocabularies/core#description": "calls per hour allowed by the user",
    "http://a.ml/vocabularies/shapes#format": "int32",
    "http://www.w3.org/ns/shacl#datatype": "http://www.w3.org/2001/XMLSchema#integer",
    "http://www.w3.org/ns/shacl#name": "schema",
    "id": "file:///Users/abettati/Desktop/apisContentFull/6886.json#/web-api/end-points/%2Fuser%2Flogin/get/200/parameter/X-Rate-Limit/scalar/schema"
  },
  "id": "file:///Users/abettati/Desktop/apisContentFull/6886.json#/web-api/end-points/%2Fuser%2Flogin/get/200/parameter/X-Rate-Limit"
}, {
  "http://a.ml/vocabularies/apiContract#binding": "header",
  "http://a.ml/vocabularies/apiContract#required": "true",
  "http://a.ml/vocabularies/core#description": "date in UTC when token expires",
  "http://a.ml/vocabularies/core#name": "X-Expires-After",
  "http://a.ml/vocabularies/shapes#schema": {
    "http://a.ml/vocabularies/core#description": "date in UTC when token expires",
    "http://a.ml/vocabularies/shapes#format": "date-time",
    "http://www.w3.org/ns/shacl#datatype": "http://www.w3.org/2001/XMLSchema#dateTime",
    "http://www.w3.org/ns/shacl#name": "schema",
    "id": "file:///Users/abettati/Desktop/apisContentFull/6886.json#/web-api/end-points/%2Fuser%2Flogin/get/200/parameter/X-Expires-After/scalar/schema"
  },
  "id": "file:///Users/abettati/Desktop/apisContentFull/6886.json#/web-api/end-points/%2Fuser%2Flogin/get/200/parameter/X-Expires-After"
}, {
  "http://a.ml/vocabularies/apiContract#binding": "query",
  "http://a.ml/vocabularies/apiContract#paramName": "username",
  "http://a.ml/vocabularies/apiContract#required": "true",
  "http://a.ml/vocabularies/core#description": "The user name for login",
  "http://a.ml/vocabularies/core#name": "username",
  "http://a.ml/vocabularies/shapes#schema": {
    "http://a.ml/vocabularies/core#description": "The user name for login",
    "http://www.w3.org/ns/shacl#datatype": "http://www.w3.org/2001/XMLSchema#string",
    "http://www.w3.org/ns/shacl#name": "schema",
    "id": "file:///Users/abettati/Desktop/apisContentFull/6886.json#/web-api/end-points/%2Fuser%2Flogin/get/request/parameter/username/scalar/schema"
  },
  "id": "file:///Users/abettati/Desktop/apisContentFull/6886.json#/web-api/end-points/%2Fuser%2Flogin/get/request/parameter/username"
}, {
  "http://a.ml/vocabularies/apiContract#binding": "query",
  "http://a.ml/vocabularies/apiContract#paramName": "password",
  "http://a.ml/vocabularies/apiContract#required": "true",
  "http://a.ml/vocabularies/core#description": "The password for login in clear text",
  "http://a.ml/vocabularies/core#name": "password",
  "http://a.ml/vocabularies/shapes#schema": {
    "http://a.ml/vocabularies/core#description": "The password for login in clear text",
    "http://www.w3.org/ns/shacl#datatype": "http://www.w3.org/2001/XMLSchema#string",
    "http://www.w3.org/ns/shacl#name": "schema",
    "id": "file:///Users/abettati/Desktop/apisContentFull/6886.json#/web-api/end-points/%2Fuser%2Flogin/get/request/parameter/password/scalar/schema"
  },
  "id": "file:///Users/abettati/Desktop/apisContentFull/6886.json#/web-api/end-points/%2Fuser%2Flogin/get/request/parameter/password"
}, {
  "http://a.ml/vocabularies/apiContract#binding": "path",
  "http://a.ml/vocabularies/apiContract#paramName": "username",
  "http://a.ml/vocabularies/apiContract#required": "true",
  "http://a.ml/vocabularies/core#description": "The name that needs to be fetched. Use user1 for testing.",
  "http://a.ml/vocabularies/core#name": "username",
  "http://a.ml/vocabularies/shapes#schema": {
    "http://a.ml/vocabularies/core#description": "The name that needs to be fetched. Use user1 for testing.",
    "http://www.w3.org/ns/shacl#datatype": "http://www.w3.org/2001/XMLSchema#string",
    "http://www.w3.org/ns/shacl#name": "schema",
    "id": "file:///Users/abettati/Desktop/apisContentFull/6886.json#/web-api/end-points/%2Fuser%2F%7Busername%7D/get/request/parameter/username/scalar/schema"
  },
  "id": "file:///Users/abettati/Desktop/apisContentFull/6886.json#/web-api/end-points/%2Fuser%2F%7Busername%7D/get/request/parameter/username"
}, {
  "http://a.ml/vocabularies/apiContract#binding": "path",
  "http://a.ml/vocabularies/apiContract#paramName": "username",
  "http://a.ml/vocabularies/apiContract#required": "true",
  "http://a.ml/vocabularies/core#description": "name that need to be updated",
  "http://a.ml/vocabularies/core#name": "username",
  "http://a.ml/vocabularies/shapes#schema": {
    "http://a.ml/vocabularies/core#description": "name that need to be updated",
    "http://www.w3.org/ns/shacl#datatype": "http://www.w3.org/2001/XMLSchema#string",
    "http://www.w3.org/ns/shacl#name": "schema",
    "id": "file:///Users/abettati/Desktop/apisContentFull/6886.json#/web-api/end-points/%2Fuser%2F%7Busername%7D/put/request/parameter/username/scalar/schema"
  },
  "id": "file:///Users/abettati/Desktop/apisContentFull/6886.json#/web-api/end-points/%2Fuser%2F%7Busername%7D/put/request/parameter/username"
}, {
  "http://a.ml/vocabularies/apiContract#binding": "path",
  "http://a.ml/vocabularies/apiContract#paramName": "username",
  "http://a.ml/vocabularies/apiContract#required": "true",
  "http://a.ml/vocabularies/core#description": "The name that needs to be deleted",
  "http://a.ml/vocabularies/core#name": "username",
  "http://a.ml/vocabularies/shapes#schema": {
    "http://a.ml/vocabularies/core#description": "The name that needs to be deleted",
    "http://www.w3.org/ns/shacl#datatype": "http://www.w3.org/2001/XMLSchema#string",
    "http://www.w3.org/ns/shacl#name": "schema",
    "id": "file:///Users/abettati/Desktop/apisContentFull/6886.json#/web-api/end-points/%2Fuser%2F%7Busername%7D/delete/request/parameter/username/scalar/schema"
  },
  "id": "file:///Users/abettati/Desktop/apisContentFull/6886.json#/web-api/end-points/%2Fuser%2F%7Busername%7D/delete/request/parameter/username"
}]