[{
  "http://a.ml/vocabularies/apiContract#binding": "query",
  "http://a.ml/vocabularies/apiContract#paramName": "searchString",
  "http://a.ml/vocabularies/apiContract#required": "false",
  "http://a.ml/vocabularies/core#description": "pass an optional search string for looking up inventory",
  "http://a.ml/vocabularies/core#name": "searchString",
  "http://a.ml/vocabularies/shapes#schema": {
    "http://a.ml/vocabularies/core#description": "pass an optional search string for looking up inventory",
    "http://www.w3.org/ns/shacl#datatype": "http://www.w3.org/2001/XMLSchema#string",
    "http://www.w3.org/ns/shacl#name": "schema",
    "id": "file:///Users/abettati/Desktop/apisContentFull/4219.json#/web-api/end-points/%2Faccount/get/request/parameter/searchString/scalar/schema"
  },
  "id": "file:///Users/abettati/Desktop/apisContentFull/4219.json#/web-api/end-points/%2Faccount/get/request/parameter/searchString"
}]