[{
  "http://a.ml/vocabularies/apiContract#binding": "query",
  "http://a.ml/vocabularies/apiContract#paramName": "boxId",
  "http://a.ml/vocabularies/apiContract#required": "true",
  "http://a.ml/vocabularies/core#description": "pass the unique box id",
  "http://a.ml/vocabularies/core#name": "boxId",
  "http://a.ml/vocabularies/shapes#schema": {
    "http://a.ml/vocabularies/core#description": "pass the unique box id",
    "http://a.ml/vocabularies/shapes#format": "uuid",
    "http://www.w3.org/ns/shacl#datatype": "http://www.w3.org/2001/XMLSchema#string",
    "http://www.w3.org/ns/shacl#name": "schema",
    "id": "file:///Users/abettati/Desktop/apisContentFull/4653.json#/web-api/end-points/%2Fagenda/get/request/parameter/boxId/scalar/schema"
  },
  "id": "file:///Users/abettati/Desktop/apisContentFull/4653.json#/web-api/end-points/%2Fagenda/get/request/parameter/boxId"
}]