[{
  "http://a.ml/vocabularies/apiContract#allowEmptyValue": "false",
  "http://a.ml/vocabularies/apiContract#allowReserved": "false",
  "http://a.ml/vocabularies/apiContract#binding": "query",
  "http://a.ml/vocabularies/apiContract#explode": "true",
  "http://a.ml/vocabularies/apiContract#paramName": "count",
  "http://a.ml/vocabularies/apiContract#required": "false",
  "http://a.ml/vocabularies/apiContract#style": "form",
  "http://a.ml/vocabularies/core#description": "Count of posts you want to get",
  "http://a.ml/vocabularies/core#name": "count",
  "http://a.ml/vocabularies/shapes#schema": {
    "http://www.w3.org/ns/shacl#datatype": "http://www.w3.org/2001/XMLSchema#integer",
    "http://www.w3.org/ns/shacl#defaultValue": {
      "http://a.ml/vocabularies/core#name": "scalar_1",
      "http://a.ml/vocabularies/data#value": "1",
      "http://www.w3.org/ns/shacl#datatype": "http://www.w3.org/2001/XMLSchema#integer",
      "id": "file:///Users/abettati/Desktop/apisContentFull/7992.json#/web-api/end-points/%2Fpost/get/request/parameter/count/scalar/count/scalar_1"
    },
    "http://www.w3.org/ns/shacl#defaultValueStr": "1",
    "http://www.w3.org/ns/shacl#name": "count",
    "id": "file:///Users/abettati/Desktop/apisContentFull/7992.json#/web-api/end-points/%2Fpost/get/request/parameter/count/scalar/count"
  },
  "id": "file:///Users/abettati/Desktop/apisContentFull/7992.json#/web-api/end-points/%2Fpost/get/request/parameter/count"
}]