[{
  "http://a.ml/vocabularies/apiContract#binding": "header",
  "http://a.ml/vocabularies/apiContract#explode": "false",
  "http://a.ml/vocabularies/apiContract#paramName": "client-id",
  "http://a.ml/vocabularies/apiContract#required": "true",
  "http://a.ml/vocabularies/apiContract#style": "simple",
  "http://a.ml/vocabularies/core#description": "Shop ID",
  "http://a.ml/vocabularies/core#name": "client-id",
  "http://a.ml/vocabularies/shapes#schema": {
    "http://www.w3.org/ns/shacl#datatype": "http://www.w3.org/2001/XMLSchema#string",
    "http://www.w3.org/ns/shacl#name": "client-id",
    "id": "file:///Users/abettati/Desktop/apisContentFull/2436.json#/declarations/parameters/parameter/client-id/scalar/client-id"
  },
  "id": "file:///Users/abettati/Desktop/apisContentFull/2436.json#/declarations/parameters/parameter/client-id"
}, {
  "http://a.ml/vocabularies/apiContract#binding": "header",
  "http://a.ml/vocabularies/apiContract#explode": "false",
  "http://a.ml/vocabularies/apiContract#paramName": "client-secret",
  "http://a.ml/vocabularies/apiContract#required": "true",
  "http://a.ml/vocabularies/apiContract#style": "simple",
  "http://a.ml/vocabularies/core#description": "Is the client-secret of the request, calculated as   sha256(jsonContent.Command.SecretKey) example JsonContent - request body in json format, Command     -  command name (method) \"/api/processing\", SecretKey   - secret key for online shop.",
  "http://a.ml/vocabularies/core#name": "client-secret",
  "http://a.ml/vocabularies/shapes#schema": {
    "http://www.w3.org/ns/shacl#datatype": "http://www.w3.org/2001/XMLSchema#string",
    "http://www.w3.org/ns/shacl#name": "client-secret",
    "id": "file:///Users/abettati/Desktop/apisContentFull/2436.json#/declarations/parameters/parameter/client-secret/scalar/client-secret"
  },
  "id": "file:///Users/abettati/Desktop/apisContentFull/2436.json#/declarations/parameters/parameter/client-secret"
}, {
  "http://a.ml/vocabularies/apiContract#allowEmptyValue": "false",
  "http://a.ml/vocabularies/apiContract#allowReserved": "false",
  "http://a.ml/vocabularies/apiContract#binding": "query",
  "http://a.ml/vocabularies/apiContract#explode": "true",
  "http://a.ml/vocabularies/apiContract#paramName": "id",
  "http://a.ml/vocabularies/apiContract#required": "true",
  "http://a.ml/vocabularies/apiContract#style": "form",
  "http://a.ml/vocabularies/core#description": "Payment form identifier.",
  "http://a.ml/vocabularies/core#name": "id",
  "http://a.ml/vocabularies/shapes#schema": {
    "http://a.ml/vocabularies/apiContract#examples": [{
      "http://a.ml/vocabularies/document#raw": null,
      "http://a.ml/vocabularies/document#strict": null,
      "http://a.ml/vocabularies/document#structuredValue": null,
      "id": "file:///Users/abettati/Desktop/apisContentFull/2436.json#/web-api/end-points/%2Fprocessing%2Fsimple-invoices%2Fget-available-currencies/get/request/parameter/id/scalar/id/example/default-example"
    }],
    "http://www.w3.org/ns/shacl#datatype": "http://www.w3.org/2001/XMLSchema#integer",
    "http://www.w3.org/ns/shacl#name": "id",
    "id": "file:///Users/abettati/Desktop/apisContentFull/2436.json#/web-api/end-points/%2Fprocessing%2Fsimple-invoices%2Fget-available-currencies/get/request/parameter/id/scalar/id"
  },
  "id": "file:///Users/abettati/Desktop/apisContentFull/2436.json#/web-api/end-points/%2Fprocessing%2Fsimple-invoices%2Fget-available-currencies/get/request/parameter/id"
}]