[{
  "http://a.ml/vocabularies/apiContract#binding": "query",
  "http://a.ml/vocabularies/apiContract#paramName": "account",
  "http://a.ml/vocabularies/apiContract#required": "true",
  "http://a.ml/vocabularies/core#description": "User account",
  "http://a.ml/vocabularies/core#name": "account",
  "http://a.ml/vocabularies/shapes#schema": {
    "http://a.ml/vocabularies/core#description": "User account",
    "http://www.w3.org/ns/shacl#datatype": "http://www.w3.org/2001/XMLSchema#string",
    "http://www.w3.org/ns/shacl#name": "schema",
    "id": "file:///Users/abettati/Desktop/apisContentFull/6118.json#/web-api/end-points/%2Fapi%2Fv1%2Faccount%2Fbalance/get/request/parameter/account/scalar/schema"
  },
  "id": "file:///Users/abettati/Desktop/apisContentFull/6118.json#/web-api/end-points/%2Fapi%2Fv1%2Faccount%2Fbalance/get/request/parameter/account"
}, {
  "http://a.ml/vocabularies/apiContract#binding": "query",
  "http://a.ml/vocabularies/apiContract#paramName": "limit",
  "http://a.ml/vocabularies/apiContract#required": "true",
  "http://a.ml/vocabularies/core#description": "limit records of 1 page",
  "http://a.ml/vocabularies/core#name": "limit",
  "http://a.ml/vocabularies/shapes#schema": {
    "http://a.ml/vocabularies/core#description": "limit records of 1 page",
    "http://www.w3.org/ns/shacl#datatype": "http://a.ml/vocabularies/shapes#number",
    "http://www.w3.org/ns/shacl#name": "schema",
    "id": "file:///Users/abettati/Desktop/apisContentFull/6118.json#/web-api/end-points/%2Fapi%2Fv1%2Factions%2Fwinners/get/request/parameter/limit/scalar/schema"
  },
  "id": "file:///Users/abettati/Desktop/apisContentFull/6118.json#/web-api/end-points/%2Fapi%2Fv1%2Factions%2Fwinners/get/request/parameter/limit"
}, {
  "http://a.ml/vocabularies/apiContract#binding": "query",
  "http://a.ml/vocabularies/apiContract#paramName": "page",
  "http://a.ml/vocabularies/apiContract#required": "true",
  "http://a.ml/vocabularies/core#description": "total page",
  "http://a.ml/vocabularies/core#name": "page",
  "http://a.ml/vocabularies/shapes#schema": {
    "http://a.ml/vocabularies/core#description": "total page",
    "http://www.w3.org/ns/shacl#datatype": "http://a.ml/vocabularies/shapes#number",
    "http://www.w3.org/ns/shacl#name": "schema",
    "id": "file:///Users/abettati/Desktop/apisContentFull/6118.json#/web-api/end-points/%2Fapi%2Fv1%2Factions%2Fwinners/get/request/parameter/page/scalar/schema"
  },
  "id": "file:///Users/abettati/Desktop/apisContentFull/6118.json#/web-api/end-points/%2Fapi%2Fv1%2Factions%2Fwinners/get/request/parameter/page"
}, {
  "http://a.ml/vocabularies/apiContract#binding": "query",
  "http://a.ml/vocabularies/apiContract#paramName": "buyer",
  "http://a.ml/vocabularies/apiContract#required": "true",
  "http://a.ml/vocabularies/core#description": "user name",
  "http://a.ml/vocabularies/core#name": "buyer",
  "http://a.ml/vocabularies/shapes#schema": {
    "http://a.ml/vocabularies/core#description": "user name",
    "http://www.w3.org/ns/shacl#datatype": "http://www.w3.org/2001/XMLSchema#string",
    "http://www.w3.org/ns/shacl#name": "schema",
    "id": "file:///Users/abettati/Desktop/apisContentFull/6118.json#/web-api/end-points/%2Fapi%2Fv1%2Ftickets/get/request/parameter/buyer/scalar/schema"
  },
  "id": "file:///Users/abettati/Desktop/apisContentFull/6118.json#/web-api/end-points/%2Fapi%2Fv1%2Ftickets/get/request/parameter/buyer"
}, {
  "http://a.ml/vocabularies/apiContract#binding": "query",
  "http://a.ml/vocabularies/apiContract#paramName": "status",
  "http://a.ml/vocabularies/apiContract#required": "true",
  "http://a.ml/vocabularies/core#description": "active/Played",
  "http://a.ml/vocabularies/core#name": "status",
  "http://a.ml/vocabularies/shapes#schema": {
    "http://a.ml/vocabularies/core#description": "active/Played",
    "http://www.w3.org/ns/shacl#datatype": "http://www.w3.org/2001/XMLSchema#string",
    "http://www.w3.org/ns/shacl#name": "schema",
    "id": "file:///Users/abettati/Desktop/apisContentFull/6118.json#/web-api/end-points/%2Fapi%2Fv1%2Ftickets/get/request/parameter/status/scalar/schema"
  },
  "id": "file:///Users/abettati/Desktop/apisContentFull/6118.json#/web-api/end-points/%2Fapi%2Fv1%2Ftickets/get/request/parameter/status"
}, {
  "http://a.ml/vocabularies/apiContract#binding": "query",
  "http://a.ml/vocabularies/apiContract#paramName": "limit",
  "http://a.ml/vocabularies/apiContract#required": "true",
  "http://a.ml/vocabularies/core#description": "records limit of 1 page",
  "http://a.ml/vocabularies/core#name": "limit",
  "http://a.ml/vocabularies/shapes#schema": {
    "http://a.ml/vocabularies/core#description": "records limit of 1 page",
    "http://www.w3.org/ns/shacl#datatype": "http://a.ml/vocabularies/shapes#number",
    "http://www.w3.org/ns/shacl#name": "schema",
    "id": "file:///Users/abettati/Desktop/apisContentFull/6118.json#/web-api/end-points/%2Fapi%2Fv1%2Ftickets/get/request/parameter/limit/scalar/schema"
  },
  "id": "file:///Users/abettati/Desktop/apisContentFull/6118.json#/web-api/end-points/%2Fapi%2Fv1%2Ftickets/get/request/parameter/limit"
}, {
  "http://a.ml/vocabularies/apiContract#binding": "query",
  "http://a.ml/vocabularies/apiContract#paramName": "page",
  "http://a.ml/vocabularies/apiContract#required": "true",
  "http://a.ml/vocabularies/core#description": "total page",
  "http://a.ml/vocabularies/core#name": "page",
  "http://a.ml/vocabularies/shapes#schema": {
    "http://a.ml/vocabularies/core#description": "total page",
    "http://www.w3.org/ns/shacl#datatype": "http://a.ml/vocabularies/shapes#number",
    "http://www.w3.org/ns/shacl#name": "schema",
    "id": "file:///Users/abettati/Desktop/apisContentFull/6118.json#/web-api/end-points/%2Fapi%2Fv1%2Ftickets/get/request/parameter/page/scalar/schema"
  },
  "id": "file:///Users/abettati/Desktop/apisContentFull/6118.json#/web-api/end-points/%2Fapi%2Fv1%2Ftickets/get/request/parameter/page"
}, {
  "http://a.ml/vocabularies/apiContract#binding": "query",
  "http://a.ml/vocabularies/apiContract#paramName": "block_hash",
  "http://a.ml/vocabularies/apiContract#required": "true",
  "http://a.ml/vocabularies/core#description": "eth block hash",
  "http://a.ml/vocabularies/core#name": "block_hash",
  "http://a.ml/vocabularies/shapes#schema": {
    "http://a.ml/vocabularies/core#description": "eth block hash",
    "http://www.w3.org/ns/shacl#datatype": "http://www.w3.org/2001/XMLSchema#string",
    "http://www.w3.org/ns/shacl#name": "schema",
    "id": "file:///Users/abettati/Desktop/apisContentFull/6118.json#/web-api/end-points/%2Fapi%2Fv1%2Fwinning_numbers/get/request/parameter/block_hash/scalar/schema"
  },
  "id": "file:///Users/abettati/Desktop/apisContentFull/6118.json#/web-api/end-points/%2Fapi%2Fv1%2Fwinning_numbers/get/request/parameter/block_hash"
}, {
  "http://a.ml/vocabularies/apiContract#binding": "query",
  "http://a.ml/vocabularies/apiContract#paramName": "limit",
  "http://a.ml/vocabularies/apiContract#required": "false",
  "http://a.ml/vocabularies/core#description": "show limit jackpots",
  "http://a.ml/vocabularies/core#name": "limit",
  "http://a.ml/vocabularies/shapes#schema": {
    "http://a.ml/vocabularies/core#description": "show limit jackpots",
    "http://www.w3.org/ns/shacl#datatype": "http://www.w3.org/2001/XMLSchema#string",
    "http://www.w3.org/ns/shacl#name": "schema",
    "id": "file:///Users/abettati/Desktop/apisContentFull/6118.json#/web-api/end-points/%2Fapi%2Fv1%2Flottery%2Fnewest/get/request/parameter/limit/scalar/schema"
  },
  "id": "file:///Users/abettati/Desktop/apisContentFull/6118.json#/web-api/end-points/%2Fapi%2Fv1%2Flottery%2Fnewest/get/request/parameter/limit"
}, {
  "http://a.ml/vocabularies/apiContract#binding": "query",
  "http://a.ml/vocabularies/apiContract#paramName": "from_date",
  "http://a.ml/vocabularies/apiContract#required": "true",
  "http://a.ml/vocabularies/core#description": "date start - example 1575133200000",
  "http://a.ml/vocabularies/core#name": "from_date",
  "http://a.ml/vocabularies/shapes#schema": {
    "http://a.ml/vocabularies/core#description": "date start - example 1575133200000",
    "http://www.w3.org/ns/shacl#datatype": "http://a.ml/vocabularies/shapes#number",
    "http://www.w3.org/ns/shacl#name": "schema",
    "id": "file:///Users/abettati/Desktop/apisContentFull/6118.json#/web-api/end-points/%2Fapi%2Fv1%2Flottery%2Frange/get/request/parameter/from_date/scalar/schema"
  },
  "id": "file:///Users/abettati/Desktop/apisContentFull/6118.json#/web-api/end-points/%2Fapi%2Fv1%2Flottery%2Frange/get/request/parameter/from_date"
}, {
  "http://a.ml/vocabularies/apiContract#binding": "query",
  "http://a.ml/vocabularies/apiContract#paramName": "to_date",
  "http://a.ml/vocabularies/apiContract#required": "false",
  "http://a.ml/vocabularies/core#description": "date end (default today) example 1577959999999",
  "http://a.ml/vocabularies/core#name": "to_date",
  "http://a.ml/vocabularies/shapes#schema": {
    "http://a.ml/vocabularies/core#description": "date end (default today) example 1577959999999",
    "http://www.w3.org/ns/shacl#datatype": "http://a.ml/vocabularies/shapes#number",
    "http://www.w3.org/ns/shacl#name": "schema",
    "id": "file:///Users/abettati/Desktop/apisContentFull/6118.json#/web-api/end-points/%2Fapi%2Fv1%2Flottery%2Frange/get/request/parameter/to_date/scalar/schema"
  },
  "id": "file:///Users/abettati/Desktop/apisContentFull/6118.json#/web-api/end-points/%2Fapi%2Fv1%2Flottery%2Frange/get/request/parameter/to_date"
}]