[{
  "http://a.ml/vocabularies/apiContract#binding": "path",
  "http://a.ml/vocabularies/apiContract#paramName": "point_id",
  "http://a.ml/vocabularies/apiContract#required": "true",
  "http://a.ml/vocabularies/core#description": "Point ID",
  "http://a.ml/vocabularies/core#name": "point_id",
  "http://a.ml/vocabularies/shapes#schema": {
    "http://a.ml/vocabularies/core#description": "Point ID",
    "http://www.w3.org/ns/shacl#datatype": "http://www.w3.org/2001/XMLSchema#integer",
    "http://www.w3.org/ns/shacl#name": "schema",
    "id": "file:///Users/abettati/Desktop/apisContentFull/856.json#/web-api/end-points/%2Fcomments%2F%7Bpoint_id%7D/get/request/parameter/point_id/scalar/schema"
  },
  "id": "file:///Users/abettati/Desktop/apisContentFull/856.json#/web-api/end-points/%2Fcomments%2F%7Bpoint_id%7D/get/request/parameter/point_id"
}, {
  "http://a.ml/vocabularies/apiContract#binding": "path",
  "http://a.ml/vocabularies/apiContract#paramName": "task_id",
  "http://a.ml/vocabularies/apiContract#required": "true",
  "http://a.ml/vocabularies/core#description": "Task ID",
  "http://a.ml/vocabularies/core#name": "task_id",
  "http://a.ml/vocabularies/shapes#schema": {
    "http://a.ml/vocabularies/core#description": "Task ID",
    "http://www.w3.org/ns/shacl#datatype": "http://www.w3.org/2001/XMLSchema#integer",
    "http://www.w3.org/ns/shacl#name": "schema",
    "id": "file:///Users/abettati/Desktop/apisContentFull/856.json#/web-api/end-points/%2Fcomments%2Fsos%2F%7Btask_id%7D/get/request/parameter/task_id/scalar/schema"
  },
  "id": "file:///Users/abettati/Desktop/apisContentFull/856.json#/web-api/end-points/%2Fcomments%2Fsos%2F%7Btask_id%7D/get/request/parameter/task_id"
}, {
  "http://a.ml/vocabularies/apiContract#binding": "path",
  "http://a.ml/vocabularies/apiContract#paramName": "task_id",
  "http://a.ml/vocabularies/apiContract#required": "true",
  "http://a.ml/vocabularies/core#description": "Task ID",
  "http://a.ml/vocabularies/core#name": "task_id",
  "http://a.ml/vocabularies/shapes#schema": {
    "http://a.ml/vocabularies/core#description": "Task ID",
    "http://www.w3.org/ns/shacl#datatype": "http://www.w3.org/2001/XMLSchema#integer",
    "http://www.w3.org/ns/shacl#name": "schema",
    "id": "file:///Users/abettati/Desktop/apisContentFull/856.json#/web-api/end-points/%2Ftask%2F%7Btask_id%7D/get/request/parameter/task_id/scalar/schema"
  },
  "id": "file:///Users/abettati/Desktop/apisContentFull/856.json#/web-api/end-points/%2Ftask%2F%7Btask_id%7D/get/request/parameter/task_id"
}, {
  "http://a.ml/vocabularies/apiContract#binding": "path",
  "http://a.ml/vocabularies/apiContract#paramName": "task_id",
  "http://a.ml/vocabularies/apiContract#required": "true",
  "http://a.ml/vocabularies/core#description": "Task ID",
  "http://a.ml/vocabularies/core#name": "task_id",
  "http://a.ml/vocabularies/shapes#schema": {
    "http://a.ml/vocabularies/core#description": "Task ID",
    "http://www.w3.org/ns/shacl#datatype": "http://www.w3.org/2001/XMLSchema#integer",
    "http://www.w3.org/ns/shacl#name": "schema",
    "id": "file:///Users/abettati/Desktop/apisContentFull/856.json#/web-api/end-points/%2Ftask%2F%7Btask_id%7D%2Fupload/post/request/parameter/task_id/scalar/schema"
  },
  "id": "file:///Users/abettati/Desktop/apisContentFull/856.json#/web-api/end-points/%2Ftask%2F%7Btask_id%7D%2Fupload/post/request/parameter/task_id"
}, {
  "http://a.ml/vocabularies/apiContract#binding": "path",
  "http://a.ml/vocabularies/apiContract#paramName": "task_id",
  "http://a.ml/vocabularies/apiContract#required": "true",
  "http://a.ml/vocabularies/core#description": "Task ID",
  "http://a.ml/vocabularies/core#name": "task_id",
  "http://a.ml/vocabularies/shapes#schema": {
    "http://a.ml/vocabularies/core#description": "Task ID",
    "http://www.w3.org/ns/shacl#datatype": "http://www.w3.org/2001/XMLSchema#integer",
    "http://www.w3.org/ns/shacl#name": "schema",
    "id": "file:///Users/abettati/Desktop/apisContentFull/856.json#/web-api/end-points/%2Ftask%2F%7Btask_id%7D%2Fsave_answers/post/request/parameter/task_id/scalar/schema"
  },
  "id": "file:///Users/abettati/Desktop/apisContentFull/856.json#/web-api/end-points/%2Ftask%2F%7Btask_id%7D%2Fsave_answers/post/request/parameter/task_id"
}]