[{
  "http://a.ml/vocabularies/apiContract#allowEmptyValue": "false",
  "http://a.ml/vocabularies/apiContract#allowReserved": "false",
  "http://a.ml/vocabularies/apiContract#binding": "query",
  "http://a.ml/vocabularies/apiContract#explode": "true",
  "http://a.ml/vocabularies/apiContract#paramName": "searchString",
  "http://a.ml/vocabularies/apiContract#required": "false",
  "http://a.ml/vocabularies/apiContract#style": "form",
  "http://a.ml/vocabularies/core#description": "pass an optional search string for looking up sales order",
  "http://a.ml/vocabularies/core#name": "searchString",
  "http://a.ml/vocabularies/shapes#schema": {
    "http://www.w3.org/ns/shacl#datatype": "http://www.w3.org/2001/XMLSchema#string",
    "http://www.w3.org/ns/shacl#name": "searchString",
    "id": "file:///Users/abettati/Desktop/apisContentFull/1304.json#/web-api/end-points/%2FaccountingInformation/get/request/parameter/searchString/scalar/searchString"
  },
  "id": "file:///Users/abettati/Desktop/apisContentFull/1304.json#/web-api/end-points/%2FaccountingInformation/get/request/parameter/searchString"
}]