[{
  "http://a.ml/vocabularies/apiContract#binding": "query",
  "http://a.ml/vocabularies/apiContract#paramName": "status",
  "http://a.ml/vocabularies/apiContract#required": "true",
  "http://a.ml/vocabularies/core#description": "Status values that need to be considered for filter",
  "http://a.ml/vocabularies/core#name": "status",
  "http://a.ml/vocabularies/shapes#schema": {
    "http://a.ml/vocabularies/core#description": "Status values that need to be considered for filter",
    "http://a.ml/vocabularies/shapes#collectionFormat": "multi",
    "http://a.ml/vocabularies/shapes#items": {
      "http://www.w3.org/ns/shacl#datatype": "http://www.w3.org/2001/XMLSchema#string",
      "http://www.w3.org/ns/shacl#defaultValue": {
        "http://a.ml/vocabularies/core#name": null,
        "http://a.ml/vocabularies/data#value": null,
        "http://www.w3.org/ns/shacl#datatype": null,
        "id": "file:///Users/abettati/Desktop/apisContentFull/8462.json#/web-api/end-points/%2Fv1%2Fcompanies/get/request/parameter/status/array/schema/items/scalar/items/scalar_1"
      },
      "http://www.w3.org/ns/shacl#defaultValueStr": "verified",
      "http://www.w3.org/ns/shacl#in": [null, null],
      "http://www.w3.org/ns/shacl#name": "items",
      "id": "file:///Users/abettati/Desktop/apisContentFull/8462.json#/web-api/end-points/%2Fv1%2Fcompanies/get/request/parameter/status/array/schema/items/scalar/items"
    },
    "http://www.w3.org/ns/shacl#name": "schema",
    "id": "file:///Users/abettati/Desktop/apisContentFull/8462.json#/web-api/end-points/%2Fv1%2Fcompanies/get/request/parameter/status/array/schema"
  },
  "id": "file:///Users/abettati/Desktop/apisContentFull/8462.json#/web-api/end-points/%2Fv1%2Fcompanies/get/request/parameter/status"
}, {
  "http://a.ml/vocabularies/apiContract#binding": "path",
  "http://a.ml/vocabularies/apiContract#paramName": "encryptedId",
  "http://a.ml/vocabularies/apiContract#required": "true",
  "http://a.ml/vocabularies/core#description": "Id of company to return",
  "http://a.ml/vocabularies/core#name": "encryptedId",
  "http://a.ml/vocabularies/shapes#schema": {
    "http://a.ml/vocabularies/core#description": "Id of company to return",
    "http://www.w3.org/ns/shacl#datatype": "http://www.w3.org/2001/XMLSchema#string",
    "http://www.w3.org/ns/shacl#name": "schema",
    "id": "file:///Users/abettati/Desktop/apisContentFull/8462.json#/web-api/end-points/%2Fv1%2Fcompanies%2Fverification%2F%7BencryptedId%7D/get/request/parameter/encryptedId/scalar/schema"
  },
  "id": "file:///Users/abettati/Desktop/apisContentFull/8462.json#/web-api/end-points/%2Fv1%2Fcompanies%2Fverification%2F%7BencryptedId%7D/get/request/parameter/encryptedId"
}, {
  "http://a.ml/vocabularies/apiContract#binding": "path",
  "http://a.ml/vocabularies/apiContract#paramName": "companyId",
  "http://a.ml/vocabularies/apiContract#required": "true",
  "http://a.ml/vocabularies/core#description": "Id of company to return",
  "http://a.ml/vocabularies/core#name": "companyId",
  "http://a.ml/vocabularies/shapes#schema": {
    "http://a.ml/vocabularies/core#description": "Id of company to return",
    "http://www.w3.org/ns/shacl#datatype": "http://www.w3.org/2001/XMLSchema#string",
    "http://www.w3.org/ns/shacl#name": "schema",
    "id": "file:///Users/abettati/Desktop/apisContentFull/8462.json#/web-api/end-points/%2Fv1%2Fcompanies%2F%7BcompanyId%7D/get/request/parameter/companyId/scalar/schema"
  },
  "id": "file:///Users/abettati/Desktop/apisContentFull/8462.json#/web-api/end-points/%2Fv1%2Fcompanies%2F%7BcompanyId%7D/get/request/parameter/companyId"
}, {
  "http://a.ml/vocabularies/apiContract#binding": "path",
  "http://a.ml/vocabularies/apiContract#paramName": "companyId",
  "http://a.ml/vocabularies/apiContract#required": "true",
  "http://a.ml/vocabularies/core#description": "The id that needs to be deleted",
  "http://a.ml/vocabularies/core#name": "companyId",
  "http://a.ml/vocabularies/shapes#schema": {
    "http://a.ml/vocabularies/core#description": "The id that needs to be deleted",
    "http://www.w3.org/ns/shacl#datatype": "http://www.w3.org/2001/XMLSchema#string",
    "http://www.w3.org/ns/shacl#name": "schema",
    "id": "file:///Users/abettati/Desktop/apisContentFull/8462.json#/web-api/end-points/%2Fv1%2Fcompanies%2F%7BcompanyId%7D/delete/request/parameter/companyId/scalar/schema"
  },
  "id": "file:///Users/abettati/Desktop/apisContentFull/8462.json#/web-api/end-points/%2Fv1%2Fcompanies%2F%7BcompanyId%7D/delete/request/parameter/companyId"
}]