[{
  "http://a.ml/vocabularies/apiContract#binding": "header",
  "http://a.ml/vocabularies/apiContract#paramName": "interviewID",
  "http://a.ml/vocabularies/apiContract#required": "true",
  "http://a.ml/vocabularies/core#description": "ID of current interview. Works as a kind of session.",
  "http://a.ml/vocabularies/core#name": "interviewID",
  "http://a.ml/vocabularies/shapes#schema": {
    "http://a.ml/vocabularies/core#description": "ID of current interview. Works as a kind of session.",
    "http://www.w3.org/ns/shacl#datatype": "http://www.w3.org/2001/XMLSchema#string",
    "http://www.w3.org/ns/shacl#name": "schema",
    "id": "file:///Users/abettati/Desktop/apisContentFull/7820.json#/web-api/end-points/%2Fruns/post/request/parameter/interviewID/scalar/schema"
  },
  "id": "file:///Users/abettati/Desktop/apisContentFull/7820.json#/web-api/end-points/%2Fruns/post/request/parameter/interviewID"
}, {
  "http://a.ml/vocabularies/apiContract#binding": "header",
  "http://a.ml/vocabularies/apiContract#paramName": "userID",
  "http://a.ml/vocabularies/apiContract#required": "true",
  "http://a.ml/vocabularies/core#description": "The userID of the request. Determines what access is available upon lookup unless JWT is used.",
  "http://a.ml/vocabularies/core#name": "userID",
  "http://a.ml/vocabularies/shapes#schema": {
    "http://a.ml/vocabularies/core#description": "The userID of the request. Determines what access is available upon lookup unless JWT is used.",
    "http://www.w3.org/ns/shacl#datatype": "http://www.w3.org/2001/XMLSchema#string",
    "http://www.w3.org/ns/shacl#name": "schema",
    "id": "file:///Users/abettati/Desktop/apisContentFull/7820.json#/web-api/end-points/%2Fruns/get/request/parameter/userID/scalar/schema"
  },
  "id": "file:///Users/abettati/Desktop/apisContentFull/7820.json#/web-api/end-points/%2Fruns/get/request/parameter/userID"
}, {
  "http://a.ml/vocabularies/apiContract#binding": "header",
  "http://a.ml/vocabularies/apiContract#paramName": "clientID",
  "http://a.ml/vocabularies/apiContract#required": "true",
  "http://a.ml/vocabularies/core#description": "The clientID of the request. Determines what access is available upon lookup unless JWT is used.",
  "http://a.ml/vocabularies/core#name": "clientID",
  "http://a.ml/vocabularies/shapes#schema": {
    "http://a.ml/vocabularies/core#description": "The clientID of the request. Determines what access is available upon lookup unless JWT is used.",
    "http://www.w3.org/ns/shacl#datatype": "http://www.w3.org/2001/XMLSchema#string",
    "http://www.w3.org/ns/shacl#name": "schema",
    "id": "file:///Users/abettati/Desktop/apisContentFull/7820.json#/web-api/end-points/%2Fruns/get/request/parameter/clientID/scalar/schema"
  },
  "id": "file:///Users/abettati/Desktop/apisContentFull/7820.json#/web-api/end-points/%2Fruns/get/request/parameter/clientID"
}, {
  "http://a.ml/vocabularies/apiContract#binding": "header",
  "http://a.ml/vocabularies/apiContract#paramName": "interviewID",
  "http://a.ml/vocabularies/apiContract#required": "true",
  "http://a.ml/vocabularies/core#description": "The interciewID of the request. Determines what access is available upon lookup unless JWT is used.",
  "http://a.ml/vocabularies/core#name": "interviewID",
  "http://a.ml/vocabularies/shapes#schema": {
    "http://a.ml/vocabularies/core#description": "The interciewID of the request. Determines what access is available upon lookup unless JWT is used.",
    "http://www.w3.org/ns/shacl#datatype": "http://www.w3.org/2001/XMLSchema#string",
    "http://www.w3.org/ns/shacl#name": "schema",
    "id": "file:///Users/abettati/Desktop/apisContentFull/7820.json#/web-api/end-points/%2Fruns/get/request/parameter/interviewID/scalar/schema"
  },
  "id": "file:///Users/abettati/Desktop/apisContentFull/7820.json#/web-api/end-points/%2Fruns/get/request/parameter/interviewID"
}]