[{
  "http://a.ml/vocabularies/apiContract#binding": "path",
  "http://a.ml/vocabularies/apiContract#explode": "false",
  "http://a.ml/vocabularies/apiContract#paramName": "domainid",
  "http://a.ml/vocabularies/apiContract#required": "true",
  "http://a.ml/vocabularies/apiContract#style": "simple",
  "http://a.ml/vocabularies/core#description": "Id of the Domain Verification",
  "http://a.ml/vocabularies/core#name": "domainIdParam",
  "http://a.ml/vocabularies/shapes#schema": {
    "http://www.w3.org/ns/shacl#datatype": "http://www.w3.org/2001/XMLSchema#string",
    "http://www.w3.org/ns/shacl#name": "domainIdParam",
    "id": "file:///Users/abettati/Desktop/apisContentFull/3094.json#/declarations/parameters/parameter/domainIdParam/scalar/domainIdParam"
  },
  "id": "file:///Users/abettati/Desktop/apisContentFull/3094.json#/declarations/parameters/parameter/domainIdParam"
}, {
  "http://a.ml/vocabularies/apiContract#binding": "path",
  "http://a.ml/vocabularies/apiContract#explode": "false",
  "http://a.ml/vocabularies/apiContract#paramName": "sslcertid",
  "http://a.ml/vocabularies/apiContract#required": "true",
  "http://a.ml/vocabularies/apiContract#style": "simple",
  "http://a.ml/vocabularies/core#description": "Id of the SSL certificate",
  "http://a.ml/vocabularies/core#name": "sslCertIdParam",
  "http://a.ml/vocabularies/shapes#schema": {
    "http://www.w3.org/ns/shacl#datatype": "http://www.w3.org/2001/XMLSchema#string",
    "http://www.w3.org/ns/shacl#name": "sslCertIdParam",
    "id": "file:///Users/abettati/Desktop/apisContentFull/3094.json#/declarations/parameters/parameter/sslCertIdParam/scalar/sslCertIdParam"
  },
  "id": "file:///Users/abettati/Desktop/apisContentFull/3094.json#/declarations/parameters/parameter/sslCertIdParam"
}]