[{
  "http://a.ml/vocabularies/apiContract#binding": "path",
  "http://a.ml/vocabularies/apiContract#paramName": "accountId",
  "http://a.ml/vocabularies/apiContract#required": "true",
  "http://a.ml/vocabularies/core#description": "Account id",
  "http://a.ml/vocabularies/core#name": "accountId",
  "http://a.ml/vocabularies/shapes#schema": {
    "http://a.ml/vocabularies/core#description": "Account id",
    "http://a.ml/vocabularies/shapes#format": "int64",
    "http://www.w3.org/ns/shacl#datatype": "http://www.w3.org/2001/XMLSchema#long",
    "http://www.w3.org/ns/shacl#name": "schema",
    "id": "file:///Users/abettati/Desktop/apisContentFull/8769.json#/web-api/end-points/%2Faccounts%2F%7BaccountId%7D%2Fcallcenters%2F%7BcallcenterId%7D%2Fprojects/get/request/parameter/accountId/scalar/schema"
  },
  "id": "file:///Users/abettati/Desktop/apisContentFull/8769.json#/web-api/end-points/%2Faccounts%2F%7BaccountId%7D%2Fcallcenters%2F%7BcallcenterId%7D%2Fprojects/get/request/parameter/accountId"
}, {
  "http://a.ml/vocabularies/apiContract#binding": "path",
  "http://a.ml/vocabularies/apiContract#paramName": "callcenterId",
  "http://a.ml/vocabularies/apiContract#required": "true",
  "http://a.ml/vocabularies/core#description": "Callcenter id",
  "http://a.ml/vocabularies/core#name": "callcenterId",
  "http://a.ml/vocabularies/shapes#schema": {
    "http://a.ml/vocabularies/core#description": "Callcenter id",
    "http://a.ml/vocabularies/shapes#format": "int64",
    "http://www.w3.org/ns/shacl#datatype": "http://www.w3.org/2001/XMLSchema#long",
    "http://www.w3.org/ns/shacl#name": "schema",
    "id": "file:///Users/abettati/Desktop/apisContentFull/8769.json#/web-api/end-points/%2Faccounts%2F%7BaccountId%7D%2Fcallcenters%2F%7BcallcenterId%7D%2Fprojects/get/request/parameter/callcenterId/scalar/schema"
  },
  "id": "file:///Users/abettati/Desktop/apisContentFull/8769.json#/web-api/end-points/%2Faccounts%2F%7BaccountId%7D%2Fcallcenters%2F%7BcallcenterId%7D%2Fprojects/get/request/parameter/callcenterId"
}, {
  "http://a.ml/vocabularies/apiContract#binding": "path",
  "http://a.ml/vocabularies/apiContract#paramName": "accountId",
  "http://a.ml/vocabularies/apiContract#required": "true",
  "http://a.ml/vocabularies/core#description": "Account id",
  "http://a.ml/vocabularies/core#name": "accountId",
  "http://a.ml/vocabularies/shapes#schema": {
    "http://a.ml/vocabularies/core#description": "Account id",
    "http://a.ml/vocabularies/shapes#format": "int64",
    "http://www.w3.org/ns/shacl#datatype": "http://www.w3.org/2001/XMLSchema#long",
    "http://www.w3.org/ns/shacl#name": "schema",
    "id": "file:///Users/abettati/Desktop/apisContentFull/8769.json#/web-api/end-points/%2Faccounts%2F%7BaccountId%7D%2Fcallcenters%2F%7BcallcenterId%7D%2Fprojects/put/request/parameter/accountId/scalar/schema"
  },
  "id": "file:///Users/abettati/Desktop/apisContentFull/8769.json#/web-api/end-points/%2Faccounts%2F%7BaccountId%7D%2Fcallcenters%2F%7BcallcenterId%7D%2Fprojects/put/request/parameter/accountId"
}, {
  "http://a.ml/vocabularies/apiContract#binding": "path",
  "http://a.ml/vocabularies/apiContract#paramName": "callcenterId",
  "http://a.ml/vocabularies/apiContract#required": "true",
  "http://a.ml/vocabularies/core#description": "Callcenter id",
  "http://a.ml/vocabularies/core#name": "callcenterId",
  "http://a.ml/vocabularies/shapes#schema": {
    "http://a.ml/vocabularies/core#description": "Callcenter id",
    "http://a.ml/vocabularies/shapes#format": "int64",
    "http://www.w3.org/ns/shacl#datatype": "http://www.w3.org/2001/XMLSchema#long",
    "http://www.w3.org/ns/shacl#name": "schema",
    "id": "file:///Users/abettati/Desktop/apisContentFull/8769.json#/web-api/end-points/%2Faccounts%2F%7BaccountId%7D%2Fcallcenters%2F%7BcallcenterId%7D%2Fprojects/put/request/parameter/callcenterId/scalar/schema"
  },
  "id": "file:///Users/abettati/Desktop/apisContentFull/8769.json#/web-api/end-points/%2Faccounts%2F%7BaccountId%7D%2Fcallcenters%2F%7BcallcenterId%7D%2Fprojects/put/request/parameter/callcenterId"
}, {
  "http://a.ml/vocabularies/apiContract#binding": "path",
  "http://a.ml/vocabularies/apiContract#paramName": "accountId",
  "http://a.ml/vocabularies/apiContract#required": "true",
  "http://a.ml/vocabularies/core#description": "Account id",
  "http://a.ml/vocabularies/core#name": "accountId",
  "http://a.ml/vocabularies/shapes#schema": {
    "http://a.ml/vocabularies/core#description": "Account id",
    "http://a.ml/vocabularies/shapes#format": "int64",
    "http://www.w3.org/ns/shacl#datatype": "http://www.w3.org/2001/XMLSchema#long",
    "http://www.w3.org/ns/shacl#name": "schema",
    "id": "file:///Users/abettati/Desktop/apisContentFull/8769.json#/web-api/end-points/%2Faccounts%2F%7BaccountId%7D%2Fcallcenters%2F%7BcallcenterId%7D%2Fprojects%2F%7BprojectId%7D/get/request/parameter/accountId/scalar/schema"
  },
  "id": "file:///Users/abettati/Desktop/apisContentFull/8769.json#/web-api/end-points/%2Faccounts%2F%7BaccountId%7D%2Fcallcenters%2F%7BcallcenterId%7D%2Fprojects%2F%7BprojectId%7D/get/request/parameter/accountId"
}, {
  "http://a.ml/vocabularies/apiContract#binding": "path",
  "http://a.ml/vocabularies/apiContract#paramName": "callcenterId",
  "http://a.ml/vocabularies/apiContract#required": "true",
  "http://a.ml/vocabularies/core#description": "Callcenter id",
  "http://a.ml/vocabularies/core#name": "callcenterId",
  "http://a.ml/vocabularies/shapes#schema": {
    "http://a.ml/vocabularies/core#description": "Callcenter id",
    "http://a.ml/vocabularies/shapes#format": "int64",
    "http://www.w3.org/ns/shacl#datatype": "http://www.w3.org/2001/XMLSchema#long",
    "http://www.w3.org/ns/shacl#name": "schema",
    "id": "file:///Users/abettati/Desktop/apisContentFull/8769.json#/web-api/end-points/%2Faccounts%2F%7BaccountId%7D%2Fcallcenters%2F%7BcallcenterId%7D%2Fprojects%2F%7BprojectId%7D/get/request/parameter/callcenterId/scalar/schema"
  },
  "id": "file:///Users/abettati/Desktop/apisContentFull/8769.json#/web-api/end-points/%2Faccounts%2F%7BaccountId%7D%2Fcallcenters%2F%7BcallcenterId%7D%2Fprojects%2F%7BprojectId%7D/get/request/parameter/callcenterId"
}, {
  "http://a.ml/vocabularies/apiContract#binding": "path",
  "http://a.ml/vocabularies/apiContract#paramName": "projectId",
  "http://a.ml/vocabularies/apiContract#required": "true",
  "http://a.ml/vocabularies/core#description": "Project id",
  "http://a.ml/vocabularies/core#name": "projectId",
  "http://a.ml/vocabularies/shapes#schema": {
    "http://a.ml/vocabularies/core#description": "Project id",
    "http://a.ml/vocabularies/shapes#format": "int64",
    "http://www.w3.org/ns/shacl#datatype": "http://www.w3.org/2001/XMLSchema#long",
    "http://www.w3.org/ns/shacl#name": "schema",
    "id": "file:///Users/abettati/Desktop/apisContentFull/8769.json#/web-api/end-points/%2Faccounts%2F%7BaccountId%7D%2Fcallcenters%2F%7BcallcenterId%7D%2Fprojects%2F%7BprojectId%7D/get/request/parameter/projectId/scalar/schema"
  },
  "id": "file:///Users/abettati/Desktop/apisContentFull/8769.json#/web-api/end-points/%2Faccounts%2F%7BaccountId%7D%2Fcallcenters%2F%7BcallcenterId%7D%2Fprojects%2F%7BprojectId%7D/get/request/parameter/projectId"
}, {
  "http://a.ml/vocabularies/apiContract#binding": "path",
  "http://a.ml/vocabularies/apiContract#paramName": "accountId",
  "http://a.ml/vocabularies/apiContract#required": "true",
  "http://a.ml/vocabularies/core#description": "Account id",
  "http://a.ml/vocabularies/core#name": "accountId",
  "http://a.ml/vocabularies/shapes#schema": {
    "http://a.ml/vocabularies/core#description": "Account id",
    "http://a.ml/vocabularies/shapes#format": "int64",
    "http://www.w3.org/ns/shacl#datatype": "http://www.w3.org/2001/XMLSchema#long",
    "http://www.w3.org/ns/shacl#name": "schema",
    "id": "file:///Users/abettati/Desktop/apisContentFull/8769.json#/web-api/end-points/%2Faccounts%2F%7BaccountId%7D%2Fcallcenters%2F%7BcallcenterId%7D%2Fprojects%2F%7BprojectId%7D/delete/request/parameter/accountId/scalar/schema"
  },
  "id": "file:///Users/abettati/Desktop/apisContentFull/8769.json#/web-api/end-points/%2Faccounts%2F%7BaccountId%7D%2Fcallcenters%2F%7BcallcenterId%7D%2Fprojects%2F%7BprojectId%7D/delete/request/parameter/accountId"
}, {
  "http://a.ml/vocabularies/apiContract#binding": "path",
  "http://a.ml/vocabularies/apiContract#paramName": "callcenterId",
  "http://a.ml/vocabularies/apiContract#required": "true",
  "http://a.ml/vocabularies/core#description": "Callcenter id",
  "http://a.ml/vocabularies/core#name": "callcenterId",
  "http://a.ml/vocabularies/shapes#schema": {
    "http://a.ml/vocabularies/core#description": "Callcenter id",
    "http://a.ml/vocabularies/shapes#format": "int64",
    "http://www.w3.org/ns/shacl#datatype": "http://www.w3.org/2001/XMLSchema#long",
    "http://www.w3.org/ns/shacl#name": "schema",
    "id": "file:///Users/abettati/Desktop/apisContentFull/8769.json#/web-api/end-points/%2Faccounts%2F%7BaccountId%7D%2Fcallcenters%2F%7BcallcenterId%7D%2Fprojects%2F%7BprojectId%7D/delete/request/parameter/callcenterId/scalar/schema"
  },
  "id": "file:///Users/abettati/Desktop/apisContentFull/8769.json#/web-api/end-points/%2Faccounts%2F%7BaccountId%7D%2Fcallcenters%2F%7BcallcenterId%7D%2Fprojects%2F%7BprojectId%7D/delete/request/parameter/callcenterId"
}, {
  "http://a.ml/vocabularies/apiContract#binding": "path",
  "http://a.ml/vocabularies/apiContract#paramName": "projectId",
  "http://a.ml/vocabularies/apiContract#required": "true",
  "http://a.ml/vocabularies/core#description": "Project id",
  "http://a.ml/vocabularies/core#name": "projectId",
  "http://a.ml/vocabularies/shapes#schema": {
    "http://a.ml/vocabularies/core#description": "Project id",
    "http://a.ml/vocabularies/shapes#format": "int64",
    "http://www.w3.org/ns/shacl#datatype": "http://www.w3.org/2001/XMLSchema#long",
    "http://www.w3.org/ns/shacl#name": "schema",
    "id": "file:///Users/abettati/Desktop/apisContentFull/8769.json#/web-api/end-points/%2Faccounts%2F%7BaccountId%7D%2Fcallcenters%2F%7BcallcenterId%7D%2Fprojects%2F%7BprojectId%7D/delete/request/parameter/projectId/scalar/schema"
  },
  "id": "file:///Users/abettati/Desktop/apisContentFull/8769.json#/web-api/end-points/%2Faccounts%2F%7BaccountId%7D%2Fcallcenters%2F%7BcallcenterId%7D%2Fprojects%2F%7BprojectId%7D/delete/request/parameter/projectId"
}, {
  "http://a.ml/vocabularies/apiContract#binding": "path",
  "http://a.ml/vocabularies/apiContract#paramName": "accountId",
  "http://a.ml/vocabularies/apiContract#required": "true",
  "http://a.ml/vocabularies/core#description": "Account id",
  "http://a.ml/vocabularies/core#name": "accountId",
  "http://a.ml/vocabularies/shapes#schema": {
    "http://a.ml/vocabularies/core#description": "Account id",
    "http://a.ml/vocabularies/shapes#format": "int64",
    "http://www.w3.org/ns/shacl#datatype": "http://www.w3.org/2001/XMLSchema#long",
    "http://www.w3.org/ns/shacl#name": "schema",
    "id": "file:///Users/abettati/Desktop/apisContentFull/8769.json#/web-api/end-points/%2Faccounts%2F%7BaccountId%7D%2Fcallcenters%2F%7BcallcenterId%7D%2Fprojects%2F%7BprojectId%7D/post/request/parameter/accountId/scalar/schema"
  },
  "id": "file:///Users/abettati/Desktop/apisContentFull/8769.json#/web-api/end-points/%2Faccounts%2F%7BaccountId%7D%2Fcallcenters%2F%7BcallcenterId%7D%2Fprojects%2F%7BprojectId%7D/post/request/parameter/accountId"
}, {
  "http://a.ml/vocabularies/apiContract#binding": "path",
  "http://a.ml/vocabularies/apiContract#paramName": "callcenterId",
  "http://a.ml/vocabularies/apiContract#required": "true",
  "http://a.ml/vocabularies/core#description": "Callcenter id",
  "http://a.ml/vocabularies/core#name": "callcenterId",
  "http://a.ml/vocabularies/shapes#schema": {
    "http://a.ml/vocabularies/core#description": "Callcenter id",
    "http://a.ml/vocabularies/shapes#format": "int64",
    "http://www.w3.org/ns/shacl#datatype": "http://www.w3.org/2001/XMLSchema#long",
    "http://www.w3.org/ns/shacl#name": "schema",
    "id": "file:///Users/abettati/Desktop/apisContentFull/8769.json#/web-api/end-points/%2Faccounts%2F%7BaccountId%7D%2Fcallcenters%2F%7BcallcenterId%7D%2Fprojects%2F%7BprojectId%7D/post/request/parameter/callcenterId/scalar/schema"
  },
  "id": "file:///Users/abettati/Desktop/apisContentFull/8769.json#/web-api/end-points/%2Faccounts%2F%7BaccountId%7D%2Fcallcenters%2F%7BcallcenterId%7D%2Fprojects%2F%7BprojectId%7D/post/request/parameter/callcenterId"
}, {
  "http://a.ml/vocabularies/apiContract#binding": "path",
  "http://a.ml/vocabularies/apiContract#paramName": "projectId",
  "http://a.ml/vocabularies/apiContract#required": "true",
  "http://a.ml/vocabularies/core#description": "Project id",
  "http://a.ml/vocabularies/core#name": "projectId",
  "http://a.ml/vocabularies/shapes#schema": {
    "http://a.ml/vocabularies/core#description": "Project id",
    "http://a.ml/vocabularies/shapes#format": "int64",
    "http://www.w3.org/ns/shacl#datatype": "http://www.w3.org/2001/XMLSchema#long",
    "http://www.w3.org/ns/shacl#name": "schema",
    "id": "file:///Users/abettati/Desktop/apisContentFull/8769.json#/web-api/end-points/%2Faccounts%2F%7BaccountId%7D%2Fcallcenters%2F%7BcallcenterId%7D%2Fprojects%2F%7BprojectId%7D/post/request/parameter/projectId/scalar/schema"
  },
  "id": "file:///Users/abettati/Desktop/apisContentFull/8769.json#/web-api/end-points/%2Faccounts%2F%7BaccountId%7D%2Fcallcenters%2F%7BcallcenterId%7D%2Fprojects%2F%7BprojectId%7D/post/request/parameter/projectId"
}, {
  "http://a.ml/vocabularies/apiContract#binding": "path",
  "http://a.ml/vocabularies/apiContract#paramName": "accountId",
  "http://a.ml/vocabularies/apiContract#required": "true",
  "http://a.ml/vocabularies/core#description": "Account id",
  "http://a.ml/vocabularies/core#name": "accountId",
  "http://a.ml/vocabularies/shapes#schema": {
    "http://a.ml/vocabularies/core#description": "Account id",
    "http://a.ml/vocabularies/shapes#format": "int64",
    "http://www.w3.org/ns/shacl#datatype": "http://www.w3.org/2001/XMLSchema#long",
    "http://www.w3.org/ns/shacl#name": "schema",
    "id": "file:///Users/abettati/Desktop/apisContentFull/8769.json#/web-api/end-points/%2Faccounts%2F%7BaccountId%7D%2Fcallcenters%2F%7BcallcenterId%7D%2Fprojects%2F%7BprojectId%7D%2FresultCodes/get/request/parameter/accountId/scalar/schema"
  },
  "id": "file:///Users/abettati/Desktop/apisContentFull/8769.json#/web-api/end-points/%2Faccounts%2F%7BaccountId%7D%2Fcallcenters%2F%7BcallcenterId%7D%2Fprojects%2F%7BprojectId%7D%2FresultCodes/get/request/parameter/accountId"
}, {
  "http://a.ml/vocabularies/apiContract#binding": "path",
  "http://a.ml/vocabularies/apiContract#paramName": "callcenterId",
  "http://a.ml/vocabularies/apiContract#required": "true",
  "http://a.ml/vocabularies/core#description": "Callcenter id",
  "http://a.ml/vocabularies/core#name": "callcenterId",
  "http://a.ml/vocabularies/shapes#schema": {
    "http://a.ml/vocabularies/core#description": "Callcenter id",
    "http://a.ml/vocabularies/shapes#format": "int64",
    "http://www.w3.org/ns/shacl#datatype": "http://www.w3.org/2001/XMLSchema#long",
    "http://www.w3.org/ns/shacl#name": "schema",
    "id": "file:///Users/abettati/Desktop/apisContentFull/8769.json#/web-api/end-points/%2Faccounts%2F%7BaccountId%7D%2Fcallcenters%2F%7BcallcenterId%7D%2Fprojects%2F%7BprojectId%7D%2FresultCodes/get/request/parameter/callcenterId/scalar/schema"
  },
  "id": "file:///Users/abettati/Desktop/apisContentFull/8769.json#/web-api/end-points/%2Faccounts%2F%7BaccountId%7D%2Fcallcenters%2F%7BcallcenterId%7D%2Fprojects%2F%7BprojectId%7D%2FresultCodes/get/request/parameter/callcenterId"
}, {
  "http://a.ml/vocabularies/apiContract#binding": "path",
  "http://a.ml/vocabularies/apiContract#paramName": "projectId",
  "http://a.ml/vocabularies/apiContract#required": "true",
  "http://a.ml/vocabularies/core#description": "Project id",
  "http://a.ml/vocabularies/core#name": "projectId",
  "http://a.ml/vocabularies/shapes#schema": {
    "http://a.ml/vocabularies/core#description": "Project id",
    "http://a.ml/vocabularies/shapes#format": "int64",
    "http://www.w3.org/ns/shacl#datatype": "http://www.w3.org/2001/XMLSchema#long",
    "http://www.w3.org/ns/shacl#name": "schema",
    "id": "file:///Users/abettati/Desktop/apisContentFull/8769.json#/web-api/end-points/%2Faccounts%2F%7BaccountId%7D%2Fcallcenters%2F%7BcallcenterId%7D%2Fprojects%2F%7BprojectId%7D%2FresultCodes/get/request/parameter/projectId/scalar/schema"
  },
  "id": "file:///Users/abettati/Desktop/apisContentFull/8769.json#/web-api/end-points/%2Faccounts%2F%7BaccountId%7D%2Fcallcenters%2F%7BcallcenterId%7D%2Fprojects%2F%7BprojectId%7D%2FresultCodes/get/request/parameter/projectId"
}, {
  "http://a.ml/vocabularies/apiContract#binding": "path",
  "http://a.ml/vocabularies/apiContract#paramName": "accountId",
  "http://a.ml/vocabularies/apiContract#required": "true",
  "http://a.ml/vocabularies/core#description": "Account id",
  "http://a.ml/vocabularies/core#name": "accountId",
  "http://a.ml/vocabularies/shapes#schema": {
    "http://a.ml/vocabularies/core#description": "Account id",
    "http://a.ml/vocabularies/shapes#format": "int64",
    "http://www.w3.org/ns/shacl#datatype": "http://www.w3.org/2001/XMLSchema#long",
    "http://www.w3.org/ns/shacl#name": "schema",
    "id": "file:///Users/abettati/Desktop/apisContentFull/8769.json#/web-api/end-points/%2Faccounts%2F%7BaccountId%7D%2Fcallcenters%2F%7BcallcenterId%7D%2Fprojects%2F%7BprojectId%7D%2FresultCodes/put/request/parameter/accountId/scalar/schema"
  },
  "id": "file:///Users/abettati/Desktop/apisContentFull/8769.json#/web-api/end-points/%2Faccounts%2F%7BaccountId%7D%2Fcallcenters%2F%7BcallcenterId%7D%2Fprojects%2F%7BprojectId%7D%2FresultCodes/put/request/parameter/accountId"
}, {
  "http://a.ml/vocabularies/apiContract#binding": "path",
  "http://a.ml/vocabularies/apiContract#paramName": "callcenterId",
  "http://a.ml/vocabularies/apiContract#required": "true",
  "http://a.ml/vocabularies/core#description": "Callcenter id",
  "http://a.ml/vocabularies/core#name": "callcenterId",
  "http://a.ml/vocabularies/shapes#schema": {
    "http://a.ml/vocabularies/core#description": "Callcenter id",
    "http://a.ml/vocabularies/shapes#format": "int64",
    "http://www.w3.org/ns/shacl#datatype": "http://www.w3.org/2001/XMLSchema#long",
    "http://www.w3.org/ns/shacl#name": "schema",
    "id": "file:///Users/abettati/Desktop/apisContentFull/8769.json#/web-api/end-points/%2Faccounts%2F%7BaccountId%7D%2Fcallcenters%2F%7BcallcenterId%7D%2Fprojects%2F%7BprojectId%7D%2FresultCodes/put/request/parameter/callcenterId/scalar/schema"
  },
  "id": "file:///Users/abettati/Desktop/apisContentFull/8769.json#/web-api/end-points/%2Faccounts%2F%7BaccountId%7D%2Fcallcenters%2F%7BcallcenterId%7D%2Fprojects%2F%7BprojectId%7D%2FresultCodes/put/request/parameter/callcenterId"
}, {
  "http://a.ml/vocabularies/apiContract#binding": "path",
  "http://a.ml/vocabularies/apiContract#paramName": "projectId",
  "http://a.ml/vocabularies/apiContract#required": "true",
  "http://a.ml/vocabularies/core#description": "Project id",
  "http://a.ml/vocabularies/core#name": "projectId",
  "http://a.ml/vocabularies/shapes#schema": {
    "http://a.ml/vocabularies/core#description": "Project id",
    "http://a.ml/vocabularies/shapes#format": "int64",
    "http://www.w3.org/ns/shacl#datatype": "http://www.w3.org/2001/XMLSchema#long",
    "http://www.w3.org/ns/shacl#name": "schema",
    "id": "file:///Users/abettati/Desktop/apisContentFull/8769.json#/web-api/end-points/%2Faccounts%2F%7BaccountId%7D%2Fcallcenters%2F%7BcallcenterId%7D%2Fprojects%2F%7BprojectId%7D%2FresultCodes/put/request/parameter/projectId/scalar/schema"
  },
  "id": "file:///Users/abettati/Desktop/apisContentFull/8769.json#/web-api/end-points/%2Faccounts%2F%7BaccountId%7D%2Fcallcenters%2F%7BcallcenterId%7D%2Fprojects%2F%7BprojectId%7D%2FresultCodes/put/request/parameter/projectId"
}, {
  "http://a.ml/vocabularies/apiContract#binding": "path",
  "http://a.ml/vocabularies/apiContract#paramName": "accountId",
  "http://a.ml/vocabularies/apiContract#required": "true",
  "http://a.ml/vocabularies/core#description": "Account id",
  "http://a.ml/vocabularies/core#name": "accountId",
  "http://a.ml/vocabularies/shapes#schema": {
    "http://a.ml/vocabularies/core#description": "Account id",
    "http://a.ml/vocabularies/shapes#format": "int64",
    "http://www.w3.org/ns/shacl#datatype": "http://www.w3.org/2001/XMLSchema#long",
    "http://www.w3.org/ns/shacl#name": "schema",
    "id": "file:///Users/abettati/Desktop/apisContentFull/8769.json#/web-api/end-points/%2Faccounts%2F%7BaccountId%7D%2Fcallcenters%2F%7BcallcenterId%7D%2Fprojects%2F%7BprojectId%7D%2FresultCodes%2F%7BresultCodeId%7D/get/request/parameter/accountId/scalar/schema"
  },
  "id": "file:///Users/abettati/Desktop/apisContentFull/8769.json#/web-api/end-points/%2Faccounts%2F%7BaccountId%7D%2Fcallcenters%2F%7BcallcenterId%7D%2Fprojects%2F%7BprojectId%7D%2FresultCodes%2F%7BresultCodeId%7D/get/request/parameter/accountId"
}, {
  "http://a.ml/vocabularies/apiContract#binding": "path",
  "http://a.ml/vocabularies/apiContract#paramName": "callcenterId",
  "http://a.ml/vocabularies/apiContract#required": "true",
  "http://a.ml/vocabularies/core#description": "Callcenter id",
  "http://a.ml/vocabularies/core#name": "callcenterId",
  "http://a.ml/vocabularies/shapes#schema": {
    "http://a.ml/vocabularies/core#description": "Callcenter id",
    "http://a.ml/vocabularies/shapes#format": "int64",
    "http://www.w3.org/ns/shacl#datatype": "http://www.w3.org/2001/XMLSchema#long",
    "http://www.w3.org/ns/shacl#name": "schema",
    "id": "file:///Users/abettati/Desktop/apisContentFull/8769.json#/web-api/end-points/%2Faccounts%2F%7BaccountId%7D%2Fcallcenters%2F%7BcallcenterId%7D%2Fprojects%2F%7BprojectId%7D%2FresultCodes%2F%7BresultCodeId%7D/get/request/parameter/callcenterId/scalar/schema"
  },
  "id": "file:///Users/abettati/Desktop/apisContentFull/8769.json#/web-api/end-points/%2Faccounts%2F%7BaccountId%7D%2Fcallcenters%2F%7BcallcenterId%7D%2Fprojects%2F%7BprojectId%7D%2FresultCodes%2F%7BresultCodeId%7D/get/request/parameter/callcenterId"
}, {
  "http://a.ml/vocabularies/apiContract#binding": "path",
  "http://a.ml/vocabularies/apiContract#paramName": "projectId",
  "http://a.ml/vocabularies/apiContract#required": "true",
  "http://a.ml/vocabularies/core#description": "Project id",
  "http://a.ml/vocabularies/core#name": "projectId",
  "http://a.ml/vocabularies/shapes#schema": {
    "http://a.ml/vocabularies/core#description": "Project id",
    "http://a.ml/vocabularies/shapes#format": "int64",
    "http://www.w3.org/ns/shacl#datatype": "http://www.w3.org/2001/XMLSchema#long",
    "http://www.w3.org/ns/shacl#name": "schema",
    "id": "file:///Users/abettati/Desktop/apisContentFull/8769.json#/web-api/end-points/%2Faccounts%2F%7BaccountId%7D%2Fcallcenters%2F%7BcallcenterId%7D%2Fprojects%2F%7BprojectId%7D%2FresultCodes%2F%7BresultCodeId%7D/get/request/parameter/projectId/scalar/schema"
  },
  "id": "file:///Users/abettati/Desktop/apisContentFull/8769.json#/web-api/end-points/%2Faccounts%2F%7BaccountId%7D%2Fcallcenters%2F%7BcallcenterId%7D%2Fprojects%2F%7BprojectId%7D%2FresultCodes%2F%7BresultCodeId%7D/get/request/parameter/projectId"
}, {
  "http://a.ml/vocabularies/apiContract#binding": "path",
  "http://a.ml/vocabularies/apiContract#paramName": "resultCodeId",
  "http://a.ml/vocabularies/apiContract#required": "true",
  "http://a.ml/vocabularies/core#description": "Result Code id",
  "http://a.ml/vocabularies/core#name": "resultCodeId",
  "http://a.ml/vocabularies/shapes#schema": {
    "http://a.ml/vocabularies/core#description": "Result Code id",
    "http://a.ml/vocabularies/shapes#format": "int64",
    "http://www.w3.org/ns/shacl#datatype": "http://www.w3.org/2001/XMLSchema#long",
    "http://www.w3.org/ns/shacl#name": "schema",
    "id": "file:///Users/abettati/Desktop/apisContentFull/8769.json#/web-api/end-points/%2Faccounts%2F%7BaccountId%7D%2Fcallcenters%2F%7BcallcenterId%7D%2Fprojects%2F%7BprojectId%7D%2FresultCodes%2F%7BresultCodeId%7D/get/request/parameter/resultCodeId/scalar/schema"
  },
  "id": "file:///Users/abettati/Desktop/apisContentFull/8769.json#/web-api/end-points/%2Faccounts%2F%7BaccountId%7D%2Fcallcenters%2F%7BcallcenterId%7D%2Fprojects%2F%7BprojectId%7D%2FresultCodes%2F%7BresultCodeId%7D/get/request/parameter/resultCodeId"
}, {
  "http://a.ml/vocabularies/apiContract#binding": "path",
  "http://a.ml/vocabularies/apiContract#paramName": "accountId",
  "http://a.ml/vocabularies/apiContract#required": "true",
  "http://a.ml/vocabularies/core#description": "Account id",
  "http://a.ml/vocabularies/core#name": "accountId",
  "http://a.ml/vocabularies/shapes#schema": {
    "http://a.ml/vocabularies/core#description": "Account id",
    "http://a.ml/vocabularies/shapes#format": "int64",
    "http://www.w3.org/ns/shacl#datatype": "http://www.w3.org/2001/XMLSchema#long",
    "http://www.w3.org/ns/shacl#name": "schema",
    "id": "file:///Users/abettati/Desktop/apisContentFull/8769.json#/web-api/end-points/%2Faccounts%2F%7BaccountId%7D%2Fcallcenters%2F%7BcallcenterId%7D%2Fprojects%2F%7BprojectId%7D%2FcallFields/get/request/parameter/accountId/scalar/schema"
  },
  "id": "file:///Users/abettati/Desktop/apisContentFull/8769.json#/web-api/end-points/%2Faccounts%2F%7BaccountId%7D%2Fcallcenters%2F%7BcallcenterId%7D%2Fprojects%2F%7BprojectId%7D%2FcallFields/get/request/parameter/accountId"
}, {
  "http://a.ml/vocabularies/apiContract#binding": "path",
  "http://a.ml/vocabularies/apiContract#paramName": "callcenterId",
  "http://a.ml/vocabularies/apiContract#required": "true",
  "http://a.ml/vocabularies/core#description": "Callcenter id",
  "http://a.ml/vocabularies/core#name": "callcenterId",
  "http://a.ml/vocabularies/shapes#schema": {
    "http://a.ml/vocabularies/core#description": "Callcenter id",
    "http://a.ml/vocabularies/shapes#format": "int64",
    "http://www.w3.org/ns/shacl#datatype": "http://www.w3.org/2001/XMLSchema#long",
    "http://www.w3.org/ns/shacl#name": "schema",
    "id": "file:///Users/abettati/Desktop/apisContentFull/8769.json#/web-api/end-points/%2Faccounts%2F%7BaccountId%7D%2Fcallcenters%2F%7BcallcenterId%7D%2Fprojects%2F%7BprojectId%7D%2FcallFields/get/request/parameter/callcenterId/scalar/schema"
  },
  "id": "file:///Users/abettati/Desktop/apisContentFull/8769.json#/web-api/end-points/%2Faccounts%2F%7BaccountId%7D%2Fcallcenters%2F%7BcallcenterId%7D%2Fprojects%2F%7BprojectId%7D%2FcallFields/get/request/parameter/callcenterId"
}, {
  "http://a.ml/vocabularies/apiContract#binding": "path",
  "http://a.ml/vocabularies/apiContract#paramName": "projectId",
  "http://a.ml/vocabularies/apiContract#required": "true",
  "http://a.ml/vocabularies/core#description": "Project id",
  "http://a.ml/vocabularies/core#name": "projectId",
  "http://a.ml/vocabularies/shapes#schema": {
    "http://a.ml/vocabularies/core#description": "Project id",
    "http://a.ml/vocabularies/shapes#format": "int64",
    "http://www.w3.org/ns/shacl#datatype": "http://www.w3.org/2001/XMLSchema#long",
    "http://www.w3.org/ns/shacl#name": "schema",
    "id": "file:///Users/abettati/Desktop/apisContentFull/8769.json#/web-api/end-points/%2Faccounts%2F%7BaccountId%7D%2Fcallcenters%2F%7BcallcenterId%7D%2Fprojects%2F%7BprojectId%7D%2FcallFields/get/request/parameter/projectId/scalar/schema"
  },
  "id": "file:///Users/abettati/Desktop/apisContentFull/8769.json#/web-api/end-points/%2Faccounts%2F%7BaccountId%7D%2Fcallcenters%2F%7BcallcenterId%7D%2Fprojects%2F%7BprojectId%7D%2FcallFields/get/request/parameter/projectId"
}, {
  "http://a.ml/vocabularies/apiContract#binding": "path",
  "http://a.ml/vocabularies/apiContract#paramName": "accountId",
  "http://a.ml/vocabularies/apiContract#required": "true",
  "http://a.ml/vocabularies/core#description": "Account id",
  "http://a.ml/vocabularies/core#name": "accountId",
  "http://a.ml/vocabularies/shapes#schema": {
    "http://a.ml/vocabularies/core#description": "Account id",
    "http://a.ml/vocabularies/shapes#format": "int64",
    "http://www.w3.org/ns/shacl#datatype": "http://www.w3.org/2001/XMLSchema#long",
    "http://www.w3.org/ns/shacl#name": "schema",
    "id": "file:///Users/abettati/Desktop/apisContentFull/8769.json#/web-api/end-points/%2Faccounts%2F%7BaccountId%7D%2Fcallcenters%2F%7BcallcenterId%7D%2Fprojects%2F%7BprojectId%7D%2FprojectVariables/get/request/parameter/accountId/scalar/schema"
  },
  "id": "file:///Users/abettati/Desktop/apisContentFull/8769.json#/web-api/end-points/%2Faccounts%2F%7BaccountId%7D%2Fcallcenters%2F%7BcallcenterId%7D%2Fprojects%2F%7BprojectId%7D%2FprojectVariables/get/request/parameter/accountId"
}, {
  "http://a.ml/vocabularies/apiContract#binding": "path",
  "http://a.ml/vocabularies/apiContract#paramName": "callcenterId",
  "http://a.ml/vocabularies/apiContract#required": "true",
  "http://a.ml/vocabularies/core#description": "Callcenter id",
  "http://a.ml/vocabularies/core#name": "callcenterId",
  "http://a.ml/vocabularies/shapes#schema": {
    "http://a.ml/vocabularies/core#description": "Callcenter id",
    "http://a.ml/vocabularies/shapes#format": "int64",
    "http://www.w3.org/ns/shacl#datatype": "http://www.w3.org/2001/XMLSchema#long",
    "http://www.w3.org/ns/shacl#name": "schema",
    "id": "file:///Users/abettati/Desktop/apisContentFull/8769.json#/web-api/end-points/%2Faccounts%2F%7BaccountId%7D%2Fcallcenters%2F%7BcallcenterId%7D%2Fprojects%2F%7BprojectId%7D%2FprojectVariables/get/request/parameter/callcenterId/scalar/schema"
  },
  "id": "file:///Users/abettati/Desktop/apisContentFull/8769.json#/web-api/end-points/%2Faccounts%2F%7BaccountId%7D%2Fcallcenters%2F%7BcallcenterId%7D%2Fprojects%2F%7BprojectId%7D%2FprojectVariables/get/request/parameter/callcenterId"
}, {
  "http://a.ml/vocabularies/apiContract#binding": "path",
  "http://a.ml/vocabularies/apiContract#paramName": "projectId",
  "http://a.ml/vocabularies/apiContract#required": "true",
  "http://a.ml/vocabularies/core#description": "Project id of ivr",
  "http://a.ml/vocabularies/core#name": "projectId",
  "http://a.ml/vocabularies/shapes#schema": {
    "http://a.ml/vocabularies/core#description": "Project id of ivr",
    "http://a.ml/vocabularies/shapes#format": "int64",
    "http://www.w3.org/ns/shacl#datatype": "http://www.w3.org/2001/XMLSchema#long",
    "http://www.w3.org/ns/shacl#name": "schema",
    "id": "file:///Users/abettati/Desktop/apisContentFull/8769.json#/web-api/end-points/%2Faccounts%2F%7BaccountId%7D%2Fcallcenters%2F%7BcallcenterId%7D%2Fprojects%2F%7BprojectId%7D%2FprojectVariables/get/request/parameter/projectId/scalar/schema"
  },
  "id": "file:///Users/abettati/Desktop/apisContentFull/8769.json#/web-api/end-points/%2Faccounts%2F%7BaccountId%7D%2Fcallcenters%2F%7BcallcenterId%7D%2Fprojects%2F%7BprojectId%7D%2FprojectVariables/get/request/parameter/projectId"
}, {
  "http://a.ml/vocabularies/apiContract#binding": "path",
  "http://a.ml/vocabularies/apiContract#paramName": "accountId",
  "http://a.ml/vocabularies/apiContract#required": "true",
  "http://a.ml/vocabularies/core#description": "Account id",
  "http://a.ml/vocabularies/core#name": "accountId",
  "http://a.ml/vocabularies/shapes#schema": {
    "http://a.ml/vocabularies/core#description": "Account id",
    "http://a.ml/vocabularies/shapes#format": "int64",
    "http://www.w3.org/ns/shacl#datatype": "http://www.w3.org/2001/XMLSchema#long",
    "http://www.w3.org/ns/shacl#name": "schema",
    "id": "file:///Users/abettati/Desktop/apisContentFull/8769.json#/web-api/end-points/%2Faccounts%2F%7BaccountId%7D%2Fcallcenters%2F%7BcallcenterId%7D%2Fprojects%2F%7BprojectId%7D%2Fivr/get/request/parameter/accountId/scalar/schema"
  },
  "id": "file:///Users/abettati/Desktop/apisContentFull/8769.json#/web-api/end-points/%2Faccounts%2F%7BaccountId%7D%2Fcallcenters%2F%7BcallcenterId%7D%2Fprojects%2F%7BprojectId%7D%2Fivr/get/request/parameter/accountId"
}, {
  "http://a.ml/vocabularies/apiContract#binding": "path",
  "http://a.ml/vocabularies/apiContract#paramName": "callcenterId",
  "http://a.ml/vocabularies/apiContract#required": "true",
  "http://a.ml/vocabularies/core#description": "Callcenter id",
  "http://a.ml/vocabularies/core#name": "callcenterId",
  "http://a.ml/vocabularies/shapes#schema": {
    "http://a.ml/vocabularies/core#description": "Callcenter id",
    "http://a.ml/vocabularies/shapes#format": "int64",
    "http://www.w3.org/ns/shacl#datatype": "http://www.w3.org/2001/XMLSchema#long",
    "http://www.w3.org/ns/shacl#name": "schema",
    "id": "file:///Users/abettati/Desktop/apisContentFull/8769.json#/web-api/end-points/%2Faccounts%2F%7BaccountId%7D%2Fcallcenters%2F%7BcallcenterId%7D%2Fprojects%2F%7BprojectId%7D%2Fivr/get/request/parameter/callcenterId/scalar/schema"
  },
  "id": "file:///Users/abettati/Desktop/apisContentFull/8769.json#/web-api/end-points/%2Faccounts%2F%7BaccountId%7D%2Fcallcenters%2F%7BcallcenterId%7D%2Fprojects%2F%7BprojectId%7D%2Fivr/get/request/parameter/callcenterId"
}, {
  "http://a.ml/vocabularies/apiContract#binding": "path",
  "http://a.ml/vocabularies/apiContract#paramName": "projectId",
  "http://a.ml/vocabularies/apiContract#required": "true",
  "http://a.ml/vocabularies/core#description": "Project id",
  "http://a.ml/vocabularies/core#name": "projectId",
  "http://a.ml/vocabularies/shapes#schema": {
    "http://a.ml/vocabularies/core#description": "Project id",
    "http://a.ml/vocabularies/shapes#format": "int64",
    "http://www.w3.org/ns/shacl#datatype": "http://www.w3.org/2001/XMLSchema#long",
    "http://www.w3.org/ns/shacl#name": "schema",
    "id": "file:///Users/abettati/Desktop/apisContentFull/8769.json#/web-api/end-points/%2Faccounts%2F%7BaccountId%7D%2Fcallcenters%2F%7BcallcenterId%7D%2Fprojects%2F%7BprojectId%7D%2Fivr/get/request/parameter/projectId/scalar/schema"
  },
  "id": "file:///Users/abettati/Desktop/apisContentFull/8769.json#/web-api/end-points/%2Faccounts%2F%7BaccountId%7D%2Fcallcenters%2F%7BcallcenterId%7D%2Fprojects%2F%7BprojectId%7D%2Fivr/get/request/parameter/projectId"
}, {
  "http://a.ml/vocabularies/apiContract#binding": "path",
  "http://a.ml/vocabularies/apiContract#paramName": "accountId",
  "http://a.ml/vocabularies/apiContract#required": "true",
  "http://a.ml/vocabularies/core#description": "Account id",
  "http://a.ml/vocabularies/core#name": "accountId",
  "http://a.ml/vocabularies/shapes#schema": {
    "http://a.ml/vocabularies/core#description": "Account id",
    "http://a.ml/vocabularies/shapes#format": "int64",
    "http://www.w3.org/ns/shacl#datatype": "http://www.w3.org/2001/XMLSchema#long",
    "http://www.w3.org/ns/shacl#name": "schema",
    "id": "file:///Users/abettati/Desktop/apisContentFull/8769.json#/web-api/end-points/%2Faccounts%2F%7BaccountId%7D%2Fcallcenters%2F%7BcallcenterId%7D%2Fprojects%2F%7BprojectId%7D%2Fivr/put/request/parameter/accountId/scalar/schema"
  },
  "id": "file:///Users/abettati/Desktop/apisContentFull/8769.json#/web-api/end-points/%2Faccounts%2F%7BaccountId%7D%2Fcallcenters%2F%7BcallcenterId%7D%2Fprojects%2F%7BprojectId%7D%2Fivr/put/request/parameter/accountId"
}, {
  "http://a.ml/vocabularies/apiContract#binding": "path",
  "http://a.ml/vocabularies/apiContract#paramName": "callcenterId",
  "http://a.ml/vocabularies/apiContract#required": "true",
  "http://a.ml/vocabularies/core#description": "Callcenter id",
  "http://a.ml/vocabularies/core#name": "callcenterId",
  "http://a.ml/vocabularies/shapes#schema": {
    "http://a.ml/vocabularies/core#description": "Callcenter id",
    "http://a.ml/vocabularies/shapes#format": "int64",
    "http://www.w3.org/ns/shacl#datatype": "http://www.w3.org/2001/XMLSchema#long",
    "http://www.w3.org/ns/shacl#name": "schema",
    "id": "file:///Users/abettati/Desktop/apisContentFull/8769.json#/web-api/end-points/%2Faccounts%2F%7BaccountId%7D%2Fcallcenters%2F%7BcallcenterId%7D%2Fprojects%2F%7BprojectId%7D%2Fivr/put/request/parameter/callcenterId/scalar/schema"
  },
  "id": "file:///Users/abettati/Desktop/apisContentFull/8769.json#/web-api/end-points/%2Faccounts%2F%7BaccountId%7D%2Fcallcenters%2F%7BcallcenterId%7D%2Fprojects%2F%7BprojectId%7D%2Fivr/put/request/parameter/callcenterId"
}, {
  "http://a.ml/vocabularies/apiContract#binding": "path",
  "http://a.ml/vocabularies/apiContract#paramName": "projectId",
  "http://a.ml/vocabularies/apiContract#required": "true",
  "http://a.ml/vocabularies/core#description": "Project id",
  "http://a.ml/vocabularies/core#name": "projectId",
  "http://a.ml/vocabularies/shapes#schema": {
    "http://a.ml/vocabularies/core#description": "Project id",
    "http://a.ml/vocabularies/shapes#format": "int64",
    "http://www.w3.org/ns/shacl#datatype": "http://www.w3.org/2001/XMLSchema#long",
    "http://www.w3.org/ns/shacl#name": "schema",
    "id": "file:///Users/abettati/Desktop/apisContentFull/8769.json#/web-api/end-points/%2Faccounts%2F%7BaccountId%7D%2Fcallcenters%2F%7BcallcenterId%7D%2Fprojects%2F%7BprojectId%7D%2Fivr/put/request/parameter/projectId/scalar/schema"
  },
  "id": "file:///Users/abettati/Desktop/apisContentFull/8769.json#/web-api/end-points/%2Faccounts%2F%7BaccountId%7D%2Fcallcenters%2F%7BcallcenterId%7D%2Fprojects%2F%7BprojectId%7D%2Fivr/put/request/parameter/projectId"
}, {
  "http://a.ml/vocabularies/apiContract#binding": "path",
  "http://a.ml/vocabularies/apiContract#paramName": "accountId",
  "http://a.ml/vocabularies/apiContract#required": "true",
  "http://a.ml/vocabularies/core#description": "Account id",
  "http://a.ml/vocabularies/core#name": "accountId",
  "http://a.ml/vocabularies/shapes#schema": {
    "http://a.ml/vocabularies/core#description": "Account id",
    "http://a.ml/vocabularies/shapes#format": "int64",
    "http://www.w3.org/ns/shacl#datatype": "http://www.w3.org/2001/XMLSchema#long",
    "http://www.w3.org/ns/shacl#name": "schema",
    "id": "file:///Users/abettati/Desktop/apisContentFull/8769.json#/web-api/end-points/%2Faccounts%2F%7BaccountId%7D%2Fcallcenters%2F%7BcallcenterId%7D%2Fprojects%2F%7BprojectId%7D%2Fivr%2F%7BivrId%7D/delete/request/parameter/accountId/scalar/schema"
  },
  "id": "file:///Users/abettati/Desktop/apisContentFull/8769.json#/web-api/end-points/%2Faccounts%2F%7BaccountId%7D%2Fcallcenters%2F%7BcallcenterId%7D%2Fprojects%2F%7BprojectId%7D%2Fivr%2F%7BivrId%7D/delete/request/parameter/accountId"
}, {
  "http://a.ml/vocabularies/apiContract#binding": "path",
  "http://a.ml/vocabularies/apiContract#paramName": "callcenterId",
  "http://a.ml/vocabularies/apiContract#required": "true",
  "http://a.ml/vocabularies/core#description": "Callcenter id",
  "http://a.ml/vocabularies/core#name": "callcenterId",
  "http://a.ml/vocabularies/shapes#schema": {
    "http://a.ml/vocabularies/core#description": "Callcenter id",
    "http://a.ml/vocabularies/shapes#format": "int64",
    "http://www.w3.org/ns/shacl#datatype": "http://www.w3.org/2001/XMLSchema#long",
    "http://www.w3.org/ns/shacl#name": "schema",
    "id": "file:///Users/abettati/Desktop/apisContentFull/8769.json#/web-api/end-points/%2Faccounts%2F%7BaccountId%7D%2Fcallcenters%2F%7BcallcenterId%7D%2Fprojects%2F%7BprojectId%7D%2Fivr%2F%7BivrId%7D/delete/request/parameter/callcenterId/scalar/schema"
  },
  "id": "file:///Users/abettati/Desktop/apisContentFull/8769.json#/web-api/end-points/%2Faccounts%2F%7BaccountId%7D%2Fcallcenters%2F%7BcallcenterId%7D%2Fprojects%2F%7BprojectId%7D%2Fivr%2F%7BivrId%7D/delete/request/parameter/callcenterId"
}, {
  "http://a.ml/vocabularies/apiContract#binding": "path",
  "http://a.ml/vocabularies/apiContract#paramName": "projectId",
  "http://a.ml/vocabularies/apiContract#required": "true",
  "http://a.ml/vocabularies/core#description": "Project id",
  "http://a.ml/vocabularies/core#name": "projectId",
  "http://a.ml/vocabularies/shapes#schema": {
    "http://a.ml/vocabularies/core#description": "Project id",
    "http://a.ml/vocabularies/shapes#format": "int64",
    "http://www.w3.org/ns/shacl#datatype": "http://www.w3.org/2001/XMLSchema#long",
    "http://www.w3.org/ns/shacl#name": "schema",
    "id": "file:///Users/abettati/Desktop/apisContentFull/8769.json#/web-api/end-points/%2Faccounts%2F%7BaccountId%7D%2Fcallcenters%2F%7BcallcenterId%7D%2Fprojects%2F%7BprojectId%7D%2Fivr%2F%7BivrId%7D/delete/request/parameter/projectId/scalar/schema"
  },
  "id": "file:///Users/abettati/Desktop/apisContentFull/8769.json#/web-api/end-points/%2Faccounts%2F%7BaccountId%7D%2Fcallcenters%2F%7BcallcenterId%7D%2Fprojects%2F%7BprojectId%7D%2Fivr%2F%7BivrId%7D/delete/request/parameter/projectId"
}, {
  "http://a.ml/vocabularies/apiContract#binding": "path",
  "http://a.ml/vocabularies/apiContract#paramName": "ivrId",
  "http://a.ml/vocabularies/apiContract#required": "true",
  "http://a.ml/vocabularies/core#description": "ivr id",
  "http://a.ml/vocabularies/core#name": "ivrId",
  "http://a.ml/vocabularies/shapes#schema": {
    "http://a.ml/vocabularies/core#description": "ivr id",
    "http://a.ml/vocabularies/shapes#format": "int64",
    "http://www.w3.org/ns/shacl#datatype": "http://www.w3.org/2001/XMLSchema#long",
    "http://www.w3.org/ns/shacl#name": "schema",
    "id": "file:///Users/abettati/Desktop/apisContentFull/8769.json#/web-api/end-points/%2Faccounts%2F%7BaccountId%7D%2Fcallcenters%2F%7BcallcenterId%7D%2Fprojects%2F%7BprojectId%7D%2Fivr%2F%7BivrId%7D/delete/request/parameter/ivrId/scalar/schema"
  },
  "id": "file:///Users/abettati/Desktop/apisContentFull/8769.json#/web-api/end-points/%2Faccounts%2F%7BaccountId%7D%2Fcallcenters%2F%7BcallcenterId%7D%2Fprojects%2F%7BprojectId%7D%2Fivr%2F%7BivrId%7D/delete/request/parameter/ivrId"
}, {
  "http://a.ml/vocabularies/apiContract#binding": "path",
  "http://a.ml/vocabularies/apiContract#paramName": "accountId",
  "http://a.ml/vocabularies/apiContract#required": "true",
  "http://a.ml/vocabularies/core#description": "Account id",
  "http://a.ml/vocabularies/core#name": "accountId",
  "http://a.ml/vocabularies/shapes#schema": {
    "http://a.ml/vocabularies/core#description": "Account id",
    "http://a.ml/vocabularies/shapes#format": "int64",
    "http://www.w3.org/ns/shacl#datatype": "http://www.w3.org/2001/XMLSchema#long",
    "http://www.w3.org/ns/shacl#name": "schema",
    "id": "file:///Users/abettati/Desktop/apisContentFull/8769.json#/web-api/end-points/%2Faccounts%2F%7BaccountId%7D%2Fcallcenters%2F%7BcallcenterId%7D%2Fmedia/get/request/parameter/accountId/scalar/schema"
  },
  "id": "file:///Users/abettati/Desktop/apisContentFull/8769.json#/web-api/end-points/%2Faccounts%2F%7BaccountId%7D%2Fcallcenters%2F%7BcallcenterId%7D%2Fmedia/get/request/parameter/accountId"
}, {
  "http://a.ml/vocabularies/apiContract#binding": "path",
  "http://a.ml/vocabularies/apiContract#paramName": "callcenterId",
  "http://a.ml/vocabularies/apiContract#required": "true",
  "http://a.ml/vocabularies/core#description": "Callcenter id",
  "http://a.ml/vocabularies/core#name": "callcenterId",
  "http://a.ml/vocabularies/shapes#schema": {
    "http://a.ml/vocabularies/core#description": "Callcenter id",
    "http://a.ml/vocabularies/shapes#format": "int64",
    "http://www.w3.org/ns/shacl#datatype": "http://www.w3.org/2001/XMLSchema#long",
    "http://www.w3.org/ns/shacl#name": "schema",
    "id": "file:///Users/abettati/Desktop/apisContentFull/8769.json#/web-api/end-points/%2Faccounts%2F%7BaccountId%7D%2Fcallcenters%2F%7BcallcenterId%7D%2Fmedia/get/request/parameter/callcenterId/scalar/schema"
  },
  "id": "file:///Users/abettati/Desktop/apisContentFull/8769.json#/web-api/end-points/%2Faccounts%2F%7BaccountId%7D%2Fcallcenters%2F%7BcallcenterId%7D%2Fmedia/get/request/parameter/callcenterId"
}, {
  "http://a.ml/vocabularies/apiContract#binding": "path",
  "http://a.ml/vocabularies/apiContract#paramName": "accountId",
  "http://a.ml/vocabularies/apiContract#required": "true",
  "http://a.ml/vocabularies/core#description": "Account id",
  "http://a.ml/vocabularies/core#name": "accountId",
  "http://a.ml/vocabularies/shapes#schema": {
    "http://a.ml/vocabularies/core#description": "Account id",
    "http://a.ml/vocabularies/shapes#format": "int64",
    "http://www.w3.org/ns/shacl#datatype": "http://www.w3.org/2001/XMLSchema#long",
    "http://www.w3.org/ns/shacl#name": "schema",
    "id": "file:///Users/abettati/Desktop/apisContentFull/8769.json#/web-api/end-points/%2Faccounts%2F%7BaccountId%7D%2Fcallcenters%2F%7BcallcenterId%7D%2FwebHooks/get/request/parameter/accountId/scalar/schema"
  },
  "id": "file:///Users/abettati/Desktop/apisContentFull/8769.json#/web-api/end-points/%2Faccounts%2F%7BaccountId%7D%2Fcallcenters%2F%7BcallcenterId%7D%2FwebHooks/get/request/parameter/accountId"
}, {
  "http://a.ml/vocabularies/apiContract#binding": "path",
  "http://a.ml/vocabularies/apiContract#paramName": "callcenterId",
  "http://a.ml/vocabularies/apiContract#required": "true",
  "http://a.ml/vocabularies/core#description": "Callcenter id",
  "http://a.ml/vocabularies/core#name": "callcenterId",
  "http://a.ml/vocabularies/shapes#schema": {
    "http://a.ml/vocabularies/core#description": "Callcenter id",
    "http://a.ml/vocabularies/shapes#format": "int64",
    "http://www.w3.org/ns/shacl#datatype": "http://www.w3.org/2001/XMLSchema#long",
    "http://www.w3.org/ns/shacl#name": "schema",
    "id": "file:///Users/abettati/Desktop/apisContentFull/8769.json#/web-api/end-points/%2Faccounts%2F%7BaccountId%7D%2Fcallcenters%2F%7BcallcenterId%7D%2FwebHooks/get/request/parameter/callcenterId/scalar/schema"
  },
  "id": "file:///Users/abettati/Desktop/apisContentFull/8769.json#/web-api/end-points/%2Faccounts%2F%7BaccountId%7D%2Fcallcenters%2F%7BcallcenterId%7D%2FwebHooks/get/request/parameter/callcenterId"
}, {
  "http://a.ml/vocabularies/apiContract#binding": "path",
  "http://a.ml/vocabularies/apiContract#paramName": "accountId",
  "http://a.ml/vocabularies/apiContract#required": "true",
  "http://a.ml/vocabularies/core#description": "Account id",
  "http://a.ml/vocabularies/core#name": "accountId",
  "http://a.ml/vocabularies/shapes#schema": {
    "http://a.ml/vocabularies/core#description": "Account id",
    "http://a.ml/vocabularies/shapes#format": "int64",
    "http://www.w3.org/ns/shacl#datatype": "http://www.w3.org/2001/XMLSchema#long",
    "http://www.w3.org/ns/shacl#name": "schema",
    "id": "file:///Users/abettati/Desktop/apisContentFull/8769.json#/web-api/end-points/%2Faccounts%2F%7BaccountId%7D%2Fcallcenters%2F%7BcallcenterId%7D%2FtimeZones/get/request/parameter/accountId/scalar/schema"
  },
  "id": "file:///Users/abettati/Desktop/apisContentFull/8769.json#/web-api/end-points/%2Faccounts%2F%7BaccountId%7D%2Fcallcenters%2F%7BcallcenterId%7D%2FtimeZones/get/request/parameter/accountId"
}, {
  "http://a.ml/vocabularies/apiContract#binding": "path",
  "http://a.ml/vocabularies/apiContract#paramName": "callcenterId",
  "http://a.ml/vocabularies/apiContract#required": "true",
  "http://a.ml/vocabularies/core#description": "Callcenter id",
  "http://a.ml/vocabularies/core#name": "callcenterId",
  "http://a.ml/vocabularies/shapes#schema": {
    "http://a.ml/vocabularies/core#description": "Callcenter id",
    "http://a.ml/vocabularies/shapes#format": "int64",
    "http://www.w3.org/ns/shacl#datatype": "http://www.w3.org/2001/XMLSchema#long",
    "http://www.w3.org/ns/shacl#name": "schema",
    "id": "file:///Users/abettati/Desktop/apisContentFull/8769.json#/web-api/end-points/%2Faccounts%2F%7BaccountId%7D%2Fcallcenters%2F%7BcallcenterId%7D%2FtimeZones/get/request/parameter/callcenterId/scalar/schema"
  },
  "id": "file:///Users/abettati/Desktop/apisContentFull/8769.json#/web-api/end-points/%2Faccounts%2F%7BaccountId%7D%2Fcallcenters%2F%7BcallcenterId%7D%2FtimeZones/get/request/parameter/callcenterId"
}, {
  "http://a.ml/vocabularies/apiContract#binding": "path",
  "http://a.ml/vocabularies/apiContract#paramName": "accountId",
  "http://a.ml/vocabularies/apiContract#required": "true",
  "http://a.ml/vocabularies/core#description": "Account id",
  "http://a.ml/vocabularies/core#name": "accountId",
  "http://a.ml/vocabularies/shapes#schema": {
    "http://a.ml/vocabularies/core#description": "Account id",
    "http://a.ml/vocabularies/shapes#format": "int64",
    "http://www.w3.org/ns/shacl#datatype": "http://www.w3.org/2001/XMLSchema#long",
    "http://www.w3.org/ns/shacl#name": "schema",
    "id": "file:///Users/abettati/Desktop/apisContentFull/8769.json#/web-api/end-points/%2Faccounts%2F%7BaccountId%7D%2Fcallcenters%2F%7BcallcenterId%7D%2FleadFields/get/request/parameter/accountId/scalar/schema"
  },
  "id": "file:///Users/abettati/Desktop/apisContentFull/8769.json#/web-api/end-points/%2Faccounts%2F%7BaccountId%7D%2Fcallcenters%2F%7BcallcenterId%7D%2FleadFields/get/request/parameter/accountId"
}, {
  "http://a.ml/vocabularies/apiContract#binding": "path",
  "http://a.ml/vocabularies/apiContract#paramName": "callcenterId",
  "http://a.ml/vocabularies/apiContract#required": "true",
  "http://a.ml/vocabularies/core#description": "Callcenter id",
  "http://a.ml/vocabularies/core#name": "callcenterId",
  "http://a.ml/vocabularies/shapes#schema": {
    "http://a.ml/vocabularies/core#description": "Callcenter id",
    "http://a.ml/vocabularies/shapes#format": "int64",
    "http://www.w3.org/ns/shacl#datatype": "http://www.w3.org/2001/XMLSchema#long",
    "http://www.w3.org/ns/shacl#name": "schema",
    "id": "file:///Users/abettati/Desktop/apisContentFull/8769.json#/web-api/end-points/%2Faccounts%2F%7BaccountId%7D%2Fcallcenters%2F%7BcallcenterId%7D%2FleadFields/get/request/parameter/callcenterId/scalar/schema"
  },
  "id": "file:///Users/abettati/Desktop/apisContentFull/8769.json#/web-api/end-points/%2Faccounts%2F%7BaccountId%7D%2Fcallcenters%2F%7BcallcenterId%7D%2FleadFields/get/request/parameter/callcenterId"
}, {
  "http://a.ml/vocabularies/apiContract#binding": "path",
  "http://a.ml/vocabularies/apiContract#paramName": "accountId",
  "http://a.ml/vocabularies/apiContract#required": "true",
  "http://a.ml/vocabularies/core#description": "Account id",
  "http://a.ml/vocabularies/core#name": "accountId",
  "http://a.ml/vocabularies/shapes#schema": {
    "http://a.ml/vocabularies/core#description": "Account id",
    "http://a.ml/vocabularies/shapes#format": "int64",
    "http://www.w3.org/ns/shacl#datatype": "http://www.w3.org/2001/XMLSchema#long",
    "http://www.w3.org/ns/shacl#name": "schema",
    "id": "file:///Users/abettati/Desktop/apisContentFull/8769.json#/web-api/end-points/%2Faccounts%2F%7BaccountId%7D%2Fcallcenters%2F%7BcallcenterId%7D%2FuserVariables/get/request/parameter/accountId/scalar/schema"
  },
  "id": "file:///Users/abettati/Desktop/apisContentFull/8769.json#/web-api/end-points/%2Faccounts%2F%7BaccountId%7D%2Fcallcenters%2F%7BcallcenterId%7D%2FuserVariables/get/request/parameter/accountId"
}, {
  "http://a.ml/vocabularies/apiContract#binding": "path",
  "http://a.ml/vocabularies/apiContract#paramName": "callcenterId",
  "http://a.ml/vocabularies/apiContract#required": "true",
  "http://a.ml/vocabularies/core#description": "Callcenter id",
  "http://a.ml/vocabularies/core#name": "callcenterId",
  "http://a.ml/vocabularies/shapes#schema": {
    "http://a.ml/vocabularies/core#description": "Callcenter id",
    "http://a.ml/vocabularies/shapes#format": "int64",
    "http://www.w3.org/ns/shacl#datatype": "http://www.w3.org/2001/XMLSchema#long",
    "http://www.w3.org/ns/shacl#name": "schema",
    "id": "file:///Users/abettati/Desktop/apisContentFull/8769.json#/web-api/end-points/%2Faccounts%2F%7BaccountId%7D%2Fcallcenters%2F%7BcallcenterId%7D%2FuserVariables/get/request/parameter/callcenterId/scalar/schema"
  },
  "id": "file:///Users/abettati/Desktop/apisContentFull/8769.json#/web-api/end-points/%2Faccounts%2F%7BaccountId%7D%2Fcallcenters%2F%7BcallcenterId%7D%2FuserVariables/get/request/parameter/callcenterId"
}]