[{
  "http://a.ml/vocabularies/apiContract#allowEmptyValue": "false",
  "http://a.ml/vocabularies/apiContract#allowReserved": "false",
  "http://a.ml/vocabularies/apiContract#binding": "query",
  "http://a.ml/vocabularies/apiContract#explode": "false",
  "http://a.ml/vocabularies/apiContract#paramName": "partNumbers",
  "http://a.ml/vocabularies/apiContract#required": "true",
  "http://a.ml/vocabularies/apiContract#style": "pipeDelimited",
  "http://a.ml/vocabularies/core#description": "One or more product IDs, separated by pipe (|)",
  "http://a.ml/vocabularies/core#name": "partNumbers",
  "http://a.ml/vocabularies/shapes#schema": {
    "http://a.ml/vocabularies/apiContract#examples": [{
      "http://a.ml/vocabularies/apiContract#guiSummary": null,
      "http://a.ml/vocabularies/core#name": null,
      "http://a.ml/vocabularies/document#raw": null,
      "http://a.ml/vocabularies/document#strict": null,
      "http://a.ml/vocabularies/document#structuredValue": null,
      "id": "file:///Users/abettati/Desktop/apisContentFull/4148.json#/web-api/end-points/%2Factor%2FTAPPriceActor%2FfetchPricingDetails/get/request/parameter/partNumbers/example/one"
    }, {
      "http://a.ml/vocabularies/apiContract#guiSummary": null,
      "http://a.ml/vocabularies/core#name": null,
      "http://a.ml/vocabularies/document#raw": null,
      "http://a.ml/vocabularies/document#strict": null,
      "http://a.ml/vocabularies/document#structuredValue": null,
      "id": "file:///Users/abettati/Desktop/apisContentFull/4148.json#/web-api/end-points/%2Factor%2FTAPPriceActor%2FfetchPricingDetails/get/request/parameter/partNumbers/example/two"
    }],
    "http://www.w3.org/ns/shacl#datatype": "http://www.w3.org/2001/XMLSchema#string",
    "http://www.w3.org/ns/shacl#name": "partNumbers",
    "id": "file:///Users/abettati/Desktop/apisContentFull/4148.json#/web-api/end-points/%2Factor%2FTAPPriceActor%2FfetchPricingDetails/get/request/parameter/partNumbers/scalar/partNumbers"
  },
  "id": "file:///Users/abettati/Desktop/apisContentFull/4148.json#/web-api/end-points/%2Factor%2FTAPPriceActor%2FfetchPricingDetails/get/request/parameter/partNumbers"
}]