[{
  "http://a.ml/vocabularies/apiContract#binding": "header",
  "http://a.ml/vocabularies/apiContract#explode": "false",
  "http://a.ml/vocabularies/apiContract#paramName": "authorization",
  "http://a.ml/vocabularies/apiContract#required": "true",
  "http://a.ml/vocabularies/apiContract#style": "simple",
  "http://a.ml/vocabularies/core#description": "Authorization header containing signed JWT",
  "http://a.ml/vocabularies/core#name": "authorization",
  "http://a.ml/vocabularies/shapes#schema": {
    "http://www.w3.org/ns/shacl#datatype": "http://www.w3.org/2001/XMLSchema#string",
    "http://www.w3.org/ns/shacl#name": "authorization",
    "id": "file:///Users/abettati/Desktop/apisContentFull/4201.json#/web-api/end-points/%2Fusers/get/request/parameter/authorization/scalar/authorization"
  },
  "id": "file:///Users/abettati/Desktop/apisContentFull/4201.json#/web-api/end-points/%2Fusers/get/request/parameter/authorization"
}, {
  "http://a.ml/vocabularies/apiContract#binding": "header",
  "http://a.ml/vocabularies/apiContract#explode": "false",
  "http://a.ml/vocabularies/apiContract#paramName": "authorization",
  "http://a.ml/vocabularies/apiContract#required": "true",
  "http://a.ml/vocabularies/apiContract#style": "simple",
  "http://a.ml/vocabularies/core#description": "Authorization header containing signed JWT",
  "http://a.ml/vocabularies/core#name": "authorization",
  "http://a.ml/vocabularies/shapes#schema": {
    "http://www.w3.org/ns/shacl#datatype": "http://www.w3.org/2001/XMLSchema#string",
    "http://www.w3.org/ns/shacl#name": "authorization",
    "id": "file:///Users/abettati/Desktop/apisContentFull/4201.json#/web-api/end-points/%2Fuser%2F%7Bid%7D/get/request/parameter/authorization/scalar/authorization"
  },
  "id": "file:///Users/abettati/Desktop/apisContentFull/4201.json#/web-api/end-points/%2Fuser%2F%7Bid%7D/get/request/parameter/authorization"
}, {
  "http://a.ml/vocabularies/apiContract#binding": "path",
  "http://a.ml/vocabularies/apiContract#explode": "false",
  "http://a.ml/vocabularies/apiContract#paramName": "id",
  "http://a.ml/vocabularies/apiContract#required": "true",
  "http://a.ml/vocabularies/apiContract#style": "simple",
  "http://a.ml/vocabularies/core#description": "Unique user id",
  "http://a.ml/vocabularies/core#name": "id",
  "http://a.ml/vocabularies/shapes#schema": {
    "http://www.w3.org/ns/shacl#datatype": "http://www.w3.org/2001/XMLSchema#integer",
    "http://www.w3.org/ns/shacl#name": "id",
    "id": "file:///Users/abettati/Desktop/apisContentFull/4201.json#/web-api/end-points/%2Fuser%2F%7Bid%7D/get/request/parameter/id/scalar/id"
  },
  "id": "file:///Users/abettati/Desktop/apisContentFull/4201.json#/web-api/end-points/%2Fuser%2F%7Bid%7D/get/request/parameter/id"
}, {
  "http://a.ml/vocabularies/apiContract#binding": "header",
  "http://a.ml/vocabularies/apiContract#explode": "false",
  "http://a.ml/vocabularies/apiContract#paramName": "authorization",
  "http://a.ml/vocabularies/apiContract#required": "true",
  "http://a.ml/vocabularies/apiContract#style": "simple",
  "http://a.ml/vocabularies/core#description": "Authorization header containing signed JWT",
  "http://a.ml/vocabularies/core#name": "authorization",
  "http://a.ml/vocabularies/shapes#schema": {
    "http://www.w3.org/ns/shacl#datatype": "http://www.w3.org/2001/XMLSchema#string",
    "http://www.w3.org/ns/shacl#name": "authorization",
    "id": "file:///Users/abettati/Desktop/apisContentFull/4201.json#/web-api/end-points/%2Fcategories/get/request/parameter/authorization/scalar/authorization"
  },
  "id": "file:///Users/abettati/Desktop/apisContentFull/4201.json#/web-api/end-points/%2Fcategories/get/request/parameter/authorization"
}, {
  "http://a.ml/vocabularies/apiContract#binding": "header",
  "http://a.ml/vocabularies/apiContract#explode": "false",
  "http://a.ml/vocabularies/apiContract#paramName": "authorization",
  "http://a.ml/vocabularies/apiContract#required": "true",
  "http://a.ml/vocabularies/apiContract#style": "simple",
  "http://a.ml/vocabularies/core#description": "Authorization header containing signed JWT",
  "http://a.ml/vocabularies/core#name": "authorization",
  "http://a.ml/vocabularies/shapes#schema": {
    "http://www.w3.org/ns/shacl#datatype": "http://www.w3.org/2001/XMLSchema#string",
    "http://www.w3.org/ns/shacl#name": "authorization",
    "id": "file:///Users/abettati/Desktop/apisContentFull/4201.json#/web-api/end-points/%2Fcategory%2F%7Bid%7D/get/request/parameter/authorization/scalar/authorization"
  },
  "id": "file:///Users/abettati/Desktop/apisContentFull/4201.json#/web-api/end-points/%2Fcategory%2F%7Bid%7D/get/request/parameter/authorization"
}, {
  "http://a.ml/vocabularies/apiContract#binding": "path",
  "http://a.ml/vocabularies/apiContract#explode": "false",
  "http://a.ml/vocabularies/apiContract#paramName": "id",
  "http://a.ml/vocabularies/apiContract#required": "true",
  "http://a.ml/vocabularies/apiContract#style": "simple",
  "http://a.ml/vocabularies/core#description": "Desired category ID",
  "http://a.ml/vocabularies/core#name": "id",
  "http://a.ml/vocabularies/shapes#schema": {
    "http://www.w3.org/ns/shacl#datatype": "http://www.w3.org/2001/XMLSchema#integer",
    "http://www.w3.org/ns/shacl#name": "id",
    "id": "file:///Users/abettati/Desktop/apisContentFull/4201.json#/web-api/end-points/%2Fcategory%2F%7Bid%7D/get/request/parameter/id/scalar/id"
  },
  "id": "file:///Users/abettati/Desktop/apisContentFull/4201.json#/web-api/end-points/%2Fcategory%2F%7Bid%7D/get/request/parameter/id"
}, {
  "http://a.ml/vocabularies/apiContract#binding": "header",
  "http://a.ml/vocabularies/apiContract#explode": "false",
  "http://a.ml/vocabularies/apiContract#paramName": "authorization",
  "http://a.ml/vocabularies/apiContract#required": "true",
  "http://a.ml/vocabularies/apiContract#style": "simple",
  "http://a.ml/vocabularies/core#description": "Authorization header containing signed JWT",
  "http://a.ml/vocabularies/core#name": "authorization",
  "http://a.ml/vocabularies/shapes#schema": {
    "http://www.w3.org/ns/shacl#datatype": "http://www.w3.org/2001/XMLSchema#string",
    "http://www.w3.org/ns/shacl#name": "authorization",
    "id": "file:///Users/abettati/Desktop/apisContentFull/4201.json#/web-api/end-points/%2Fmarkets/get/request/parameter/authorization/scalar/authorization"
  },
  "id": "file:///Users/abettati/Desktop/apisContentFull/4201.json#/web-api/end-points/%2Fmarkets/get/request/parameter/authorization"
}, {
  "http://a.ml/vocabularies/apiContract#binding": "header",
  "http://a.ml/vocabularies/apiContract#explode": "false",
  "http://a.ml/vocabularies/apiContract#paramName": "authorization",
  "http://a.ml/vocabularies/apiContract#required": "true",
  "http://a.ml/vocabularies/apiContract#style": "simple",
  "http://a.ml/vocabularies/core#description": "Authorization header containing signed JWT",
  "http://a.ml/vocabularies/core#name": "authorization",
  "http://a.ml/vocabularies/shapes#schema": {
    "http://www.w3.org/ns/shacl#datatype": "http://www.w3.org/2001/XMLSchema#string",
    "http://www.w3.org/ns/shacl#name": "authorization",
    "id": "file:///Users/abettati/Desktop/apisContentFull/4201.json#/web-api/end-points/%2Fmarket%2F%7Bid%7D/get/request/parameter/authorization/scalar/authorization"
  },
  "id": "file:///Users/abettati/Desktop/apisContentFull/4201.json#/web-api/end-points/%2Fmarket%2F%7Bid%7D/get/request/parameter/authorization"
}, {
  "http://a.ml/vocabularies/apiContract#binding": "path",
  "http://a.ml/vocabularies/apiContract#explode": "false",
  "http://a.ml/vocabularies/apiContract#paramName": "id",
  "http://a.ml/vocabularies/apiContract#required": "true",
  "http://a.ml/vocabularies/apiContract#style": "simple",
  "http://a.ml/vocabularies/core#description": "Desired market ID",
  "http://a.ml/vocabularies/core#name": "id",
  "http://a.ml/vocabularies/shapes#schema": {
    "http://www.w3.org/ns/shacl#datatype": "http://www.w3.org/2001/XMLSchema#string",
    "http://www.w3.org/ns/shacl#name": "id",
    "id": "file:///Users/abettati/Desktop/apisContentFull/4201.json#/web-api/end-points/%2Fmarket%2F%7Bid%7D/get/request/parameter/id/scalar/id"
  },
  "id": "file:///Users/abettati/Desktop/apisContentFull/4201.json#/web-api/end-points/%2Fmarket%2F%7Bid%7D/get/request/parameter/id"
}, {
  "http://a.ml/vocabularies/apiContract#binding": "header",
  "http://a.ml/vocabularies/apiContract#explode": "false",
  "http://a.ml/vocabularies/apiContract#paramName": "authorization",
  "http://a.ml/vocabularies/apiContract#required": "true",
  "http://a.ml/vocabularies/apiContract#style": "simple",
  "http://a.ml/vocabularies/core#description": "Authorization header containing signed JWT",
  "http://a.ml/vocabularies/core#name": "authorization",
  "http://a.ml/vocabularies/shapes#schema": {
    "http://www.w3.org/ns/shacl#datatype": "http://www.w3.org/2001/XMLSchema#string",
    "http://www.w3.org/ns/shacl#name": "authorization",
    "id": "file:///Users/abettati/Desktop/apisContentFull/4201.json#/web-api/end-points/%2Fproducts/get/request/parameter/authorization/scalar/authorization"
  },
  "id": "file:///Users/abettati/Desktop/apisContentFull/4201.json#/web-api/end-points/%2Fproducts/get/request/parameter/authorization"
}, {
  "http://a.ml/vocabularies/apiContract#binding": "header",
  "http://a.ml/vocabularies/apiContract#explode": "false",
  "http://a.ml/vocabularies/apiContract#paramName": "authorization",
  "http://a.ml/vocabularies/apiContract#required": "true",
  "http://a.ml/vocabularies/apiContract#style": "simple",
  "http://a.ml/vocabularies/core#description": "Authorization header containing signed JWT",
  "http://a.ml/vocabularies/core#name": "authorization",
  "http://a.ml/vocabularies/shapes#schema": {
    "http://www.w3.org/ns/shacl#datatype": "http://www.w3.org/2001/XMLSchema#string",
    "http://www.w3.org/ns/shacl#name": "authorization",
    "id": "file:///Users/abettati/Desktop/apisContentFull/4201.json#/web-api/end-points/%2Fproducts/post/requestBody/parameter/authorization/scalar/authorization"
  },
  "id": "file:///Users/abettati/Desktop/apisContentFull/4201.json#/web-api/end-points/%2Fproducts/post/requestBody/parameter/authorization"
}, {
  "http://a.ml/vocabularies/apiContract#binding": "header",
  "http://a.ml/vocabularies/apiContract#explode": "false",
  "http://a.ml/vocabularies/apiContract#paramName": "authorization",
  "http://a.ml/vocabularies/apiContract#required": "true",
  "http://a.ml/vocabularies/apiContract#style": "simple",
  "http://a.ml/vocabularies/core#description": "Authorization header containing signed JWT",
  "http://a.ml/vocabularies/core#name": "authorization",
  "http://a.ml/vocabularies/shapes#schema": {
    "http://www.w3.org/ns/shacl#datatype": "http://www.w3.org/2001/XMLSchema#string",
    "http://www.w3.org/ns/shacl#name": "authorization",
    "id": "file:///Users/abettati/Desktop/apisContentFull/4201.json#/web-api/end-points/%2Fproduct%2F%7Bid%7D/get/request/parameter/authorization/scalar/authorization"
  },
  "id": "file:///Users/abettati/Desktop/apisContentFull/4201.json#/web-api/end-points/%2Fproduct%2F%7Bid%7D/get/request/parameter/authorization"
}, {
  "http://a.ml/vocabularies/apiContract#binding": "path",
  "http://a.ml/vocabularies/apiContract#explode": "false",
  "http://a.ml/vocabularies/apiContract#paramName": "id",
  "http://a.ml/vocabularies/apiContract#required": "true",
  "http://a.ml/vocabularies/apiContract#style": "simple",
  "http://a.ml/vocabularies/core#description": "Desired product ID",
  "http://a.ml/vocabularies/core#name": "id",
  "http://a.ml/vocabularies/shapes#schema": {
    "http://www.w3.org/ns/shacl#datatype": "http://www.w3.org/2001/XMLSchema#string",
    "http://www.w3.org/ns/shacl#name": "id",
    "id": "file:///Users/abettati/Desktop/apisContentFull/4201.json#/web-api/end-points/%2Fproduct%2F%7Bid%7D/get/request/parameter/id/scalar/id"
  },
  "id": "file:///Users/abettati/Desktop/apisContentFull/4201.json#/web-api/end-points/%2Fproduct%2F%7Bid%7D/get/request/parameter/id"
}, {
  "http://a.ml/vocabularies/apiContract#binding": "header",
  "http://a.ml/vocabularies/apiContract#explode": "false",
  "http://a.ml/vocabularies/apiContract#paramName": "authorization",
  "http://a.ml/vocabularies/apiContract#required": "true",
  "http://a.ml/vocabularies/apiContract#style": "simple",
  "http://a.ml/vocabularies/core#description": "Authorization header containing signed JWT",
  "http://a.ml/vocabularies/core#name": "authorization",
  "http://a.ml/vocabularies/shapes#schema": {
    "http://www.w3.org/ns/shacl#datatype": "http://www.w3.org/2001/XMLSchema#string",
    "http://www.w3.org/ns/shacl#name": "authorization",
    "id": "file:///Users/abettati/Desktop/apisContentFull/4201.json#/web-api/end-points/%2Fproduct%2F%7Bid%7D/post/requestBody/parameter/authorization/scalar/authorization"
  },
  "id": "file:///Users/abettati/Desktop/apisContentFull/4201.json#/web-api/end-points/%2Fproduct%2F%7Bid%7D/post/requestBody/parameter/authorization"
}, {
  "http://a.ml/vocabularies/apiContract#binding": "path",
  "http://a.ml/vocabularies/apiContract#explode": "false",
  "http://a.ml/vocabularies/apiContract#paramName": "id",
  "http://a.ml/vocabularies/apiContract#required": "true",
  "http://a.ml/vocabularies/apiContract#style": "simple",
  "http://a.ml/vocabularies/core#description": "ID of product to update",
  "http://a.ml/vocabularies/core#name": "id",
  "http://a.ml/vocabularies/shapes#schema": {
    "http://www.w3.org/ns/shacl#datatype": "http://www.w3.org/2001/XMLSchema#string",
    "http://www.w3.org/ns/shacl#name": "id",
    "id": "file:///Users/abettati/Desktop/apisContentFull/4201.json#/web-api/end-points/%2Fproduct%2F%7Bid%7D/post/requestBody/parameter/id/scalar/id"
  },
  "id": "file:///Users/abettati/Desktop/apisContentFull/4201.json#/web-api/end-points/%2Fproduct%2F%7Bid%7D/post/requestBody/parameter/id"
}, {
  "http://a.ml/vocabularies/apiContract#binding": "header",
  "http://a.ml/vocabularies/apiContract#explode": "false",
  "http://a.ml/vocabularies/apiContract#paramName": "authoriation",
  "http://a.ml/vocabularies/apiContract#required": "true",
  "http://a.ml/vocabularies/apiContract#style": "simple",
  "http://a.ml/vocabularies/core#description": "Authorization header containing signed JWT",
  "http://a.ml/vocabularies/core#name": "authoriation",
  "http://a.ml/vocabularies/shapes#schema": {
    "http://www.w3.org/ns/shacl#datatype": "http://www.w3.org/2001/XMLSchema#string",
    "http://www.w3.org/ns/shacl#name": "authoriation",
    "id": "file:///Users/abettati/Desktop/apisContentFull/4201.json#/web-api/end-points/%2Fproduct-del%2F%7Bid%7D/post/request/parameter/authoriation/scalar/authoriation"
  },
  "id": "file:///Users/abettati/Desktop/apisContentFull/4201.json#/web-api/end-points/%2Fproduct-del%2F%7Bid%7D/post/request/parameter/authoriation"
}, {
  "http://a.ml/vocabularies/apiContract#binding": "path",
  "http://a.ml/vocabularies/apiContract#explode": "false",
  "http://a.ml/vocabularies/apiContract#paramName": "id",
  "http://a.ml/vocabularies/apiContract#required": "true",
  "http://a.ml/vocabularies/apiContract#style": "simple",
  "http://a.ml/vocabularies/core#description": "ID of product to delete",
  "http://a.ml/vocabularies/core#name": "id",
  "http://a.ml/vocabularies/shapes#schema": {
    "http://www.w3.org/ns/shacl#datatype": "http://www.w3.org/2001/XMLSchema#integer",
    "http://www.w3.org/ns/shacl#name": "id",
    "id": "file:///Users/abettati/Desktop/apisContentFull/4201.json#/web-api/end-points/%2Fproduct-del%2F%7Bid%7D/post/request/parameter/id/scalar/id"
  },
  "id": "file:///Users/abettati/Desktop/apisContentFull/4201.json#/web-api/end-points/%2Fproduct-del%2F%7Bid%7D/post/request/parameter/id"
}]