[{
  "http://a.ml/vocabularies/apiContract#allowEmptyValue": "false",
  "http://a.ml/vocabularies/apiContract#allowReserved": "false",
  "http://a.ml/vocabularies/apiContract#binding": "query",
  "http://a.ml/vocabularies/apiContract#explode": "true",
  "http://a.ml/vocabularies/apiContract#paramName": "Month",
  "http://a.ml/vocabularies/apiContract#required": "false",
  "http://a.ml/vocabularies/apiContract#style": "form",
  "http://a.ml/vocabularies/core#description": "Account statement month",
  "http://a.ml/vocabularies/core#name": "Month",
  "http://a.ml/vocabularies/shapes#schema": {
    "http://a.ml/vocabularies/apiContract#examples": [{
      "http://a.ml/vocabularies/document#raw": null,
      "http://a.ml/vocabularies/document#strict": null,
      "http://a.ml/vocabularies/document#structuredValue": null,
      "id": "file:///Users/abettati/Desktop/apisContentFull/4959.json#/web-api/end-points/%2Fsmt/get/request/parameter/Month/scalar/Month/example/default-example"
    }],
    "http://a.ml/vocabularies/shapes#format": "int32",
    "http://www.w3.org/ns/shacl#datatype": "http://www.w3.org/2001/XMLSchema#integer",
    "http://www.w3.org/ns/shacl#name": "Month",
    "id": "file:///Users/abettati/Desktop/apisContentFull/4959.json#/web-api/end-points/%2Fsmt/get/request/parameter/Month/scalar/Month"
  },
  "id": "file:///Users/abettati/Desktop/apisContentFull/4959.json#/web-api/end-points/%2Fsmt/get/request/parameter/Month"
}, {
  "http://a.ml/vocabularies/apiContract#allowEmptyValue": "false",
  "http://a.ml/vocabularies/apiContract#allowReserved": "false",
  "http://a.ml/vocabularies/apiContract#binding": "query",
  "http://a.ml/vocabularies/apiContract#explode": "true",
  "http://a.ml/vocabularies/apiContract#paramName": "Year",
  "http://a.ml/vocabularies/apiContract#required": "false",
  "http://a.ml/vocabularies/apiContract#style": "form",
  "http://a.ml/vocabularies/core#description": "Account statement year",
  "http://a.ml/vocabularies/core#name": "Year",
  "http://a.ml/vocabularies/shapes#schema": {
    "http://a.ml/vocabularies/apiContract#examples": [{
      "http://a.ml/vocabularies/document#raw": null,
      "http://a.ml/vocabularies/document#strict": null,
      "http://a.ml/vocabularies/document#structuredValue": null,
      "id": "file:///Users/abettati/Desktop/apisContentFull/4959.json#/web-api/end-points/%2Fsmt/get/request/parameter/Year/scalar/Year/example/default-example"
    }],
    "http://a.ml/vocabularies/shapes#format": "int32",
    "http://www.w3.org/ns/shacl#datatype": "http://www.w3.org/2001/XMLSchema#integer",
    "http://www.w3.org/ns/shacl#name": "Year",
    "id": "file:///Users/abettati/Desktop/apisContentFull/4959.json#/web-api/end-points/%2Fsmt/get/request/parameter/Year/scalar/Year"
  },
  "id": "file:///Users/abettati/Desktop/apisContentFull/4959.json#/web-api/end-points/%2Fsmt/get/request/parameter/Year"
}, {
  "http://a.ml/vocabularies/apiContract#allowEmptyValue": "false",
  "http://a.ml/vocabularies/apiContract#allowReserved": "false",
  "http://a.ml/vocabularies/apiContract#binding": "query",
  "http://a.ml/vocabularies/apiContract#explode": "true",
  "http://a.ml/vocabularies/apiContract#paramName": "AcctId",
  "http://a.ml/vocabularies/apiContract#required": "false",
  "http://a.ml/vocabularies/apiContract#style": "form",
  "http://a.ml/vocabularies/core#description": "Product Code (Account Number)",
  "http://a.ml/vocabularies/core#name": "AcctId",
  "http://a.ml/vocabularies/shapes#schema": {
    "http://a.ml/vocabularies/apiContract#examples": [{
      "http://a.ml/vocabularies/document#raw": null,
      "http://a.ml/vocabularies/document#strict": null,
      "http://a.ml/vocabularies/document#structuredValue": null,
      "id": "file:///Users/abettati/Desktop/apisContentFull/4959.json#/web-api/end-points/%2Fsmt/get/request/parameter/AcctId/scalar/AcctId/example/default-example"
    }],
    "http://www.w3.org/ns/shacl#datatype": "http://www.w3.org/2001/XMLSchema#string",
    "http://www.w3.org/ns/shacl#name": "AcctId",
    "id": "file:///Users/abettati/Desktop/apisContentFull/4959.json#/web-api/end-points/%2Fsmt/get/request/parameter/AcctId/scalar/AcctId"
  },
  "id": "file:///Users/abettati/Desktop/apisContentFull/4959.json#/web-api/end-points/%2Fsmt/get/request/parameter/AcctId"
}, {
  "http://a.ml/vocabularies/apiContract#allowEmptyValue": "false",
  "http://a.ml/vocabularies/apiContract#allowReserved": "false",
  "http://a.ml/vocabularies/apiContract#binding": "query",
  "http://a.ml/vocabularies/apiContract#explode": "true",
  "http://a.ml/vocabularies/apiContract#paramName": "AcctType",
  "http://a.ml/vocabularies/apiContract#required": "true",
  "http://a.ml/vocabularies/apiContract#style": "form",
  "http://a.ml/vocabularies/core#description": "account type",
  "http://a.ml/vocabularies/core#name": "AcctType",
  "http://a.ml/vocabularies/shapes#schema": {
    "http://a.ml/vocabularies/apiContract#examples": [{
      "http://a.ml/vocabularies/document#raw": null,
      "http://a.ml/vocabularies/document#strict": null,
      "http://a.ml/vocabularies/document#structuredValue": null,
      "id": "file:///Users/abettati/Desktop/apisContentFull/4959.json#/web-api/end-points/%2Fsmt/get/request/parameter/AcctType/scalar/AcctType/example/default-example"
    }],
    "http://www.w3.org/ns/shacl#datatype": "http://www.w3.org/2001/XMLSchema#string",
    "http://www.w3.org/ns/shacl#name": "AcctType",
    "id": "file:///Users/abettati/Desktop/apisContentFull/4959.json#/web-api/end-points/%2Fsmt/get/request/parameter/AcctType/scalar/AcctType"
  },
  "id": "file:///Users/abettati/Desktop/apisContentFull/4959.json#/web-api/end-points/%2Fsmt/get/request/parameter/AcctType"
}, {
  "http://a.ml/vocabularies/apiContract#allowEmptyValue": "false",
  "http://a.ml/vocabularies/apiContract#allowReserved": "false",
  "http://a.ml/vocabularies/apiContract#binding": "query",
  "http://a.ml/vocabularies/apiContract#explode": "true",
  "http://a.ml/vocabularies/apiContract#paramName": "DueDt",
  "http://a.ml/vocabularies/apiContract#required": "false",
  "http://a.ml/vocabularies/apiContract#style": "form",
  "http://a.ml/vocabularies/core#description": "consultation date",
  "http://a.ml/vocabularies/core#name": "DueDt",
  "http://a.ml/vocabularies/shapes#schema": {
    "http://a.ml/vocabularies/apiContract#examples": [{
      "http://a.ml/vocabularies/document#raw": null,
      "http://a.ml/vocabularies/document#strict": null,
      "http://a.ml/vocabularies/document#structuredValue": null,
      "id": "file:///Users/abettati/Desktop/apisContentFull/4959.json#/web-api/end-points/%2Fsmt/get/request/parameter/DueDt/scalar/DueDt/example/default-example"
    }],
    "http://www.w3.org/ns/shacl#datatype": "http://www.w3.org/2001/XMLSchema#string",
    "http://www.w3.org/ns/shacl#name": "DueDt",
    "id": "file:///Users/abettati/Desktop/apisContentFull/4959.json#/web-api/end-points/%2Fsmt/get/request/parameter/DueDt/scalar/DueDt"
  },
  "id": "file:///Users/abettati/Desktop/apisContentFull/4959.json#/web-api/end-points/%2Fsmt/get/request/parameter/DueDt"
}, {
  "http://a.ml/vocabularies/apiContract#allowEmptyValue": "false",
  "http://a.ml/vocabularies/apiContract#allowReserved": "false",
  "http://a.ml/vocabularies/apiContract#binding": "query",
  "http://a.ml/vocabularies/apiContract#explode": "true",
  "http://a.ml/vocabularies/apiContract#paramName": "Day",
  "http://a.ml/vocabularies/apiContract#required": "false",
  "http://a.ml/vocabularies/apiContract#style": "form",
  "http://a.ml/vocabularies/core#description": "Account statement day",
  "http://a.ml/vocabularies/core#name": "Day",
  "http://a.ml/vocabularies/shapes#schema": {
    "http://a.ml/vocabularies/apiContract#examples": [{
      "http://a.ml/vocabularies/document#raw": null,
      "http://a.ml/vocabularies/document#strict": null,
      "http://a.ml/vocabularies/document#structuredValue": null,
      "id": "file:///Users/abettati/Desktop/apisContentFull/4959.json#/web-api/end-points/%2Fsmt/get/request/parameter/Day/scalar/Day/example/default-example"
    }],
    "http://a.ml/vocabularies/shapes#format": "int32",
    "http://www.w3.org/ns/shacl#datatype": "http://www.w3.org/2001/XMLSchema#integer",
    "http://www.w3.org/ns/shacl#name": "Day",
    "id": "file:///Users/abettati/Desktop/apisContentFull/4959.json#/web-api/end-points/%2Fsmt/get/request/parameter/Day/scalar/Day"
  },
  "id": "file:///Users/abettati/Desktop/apisContentFull/4959.json#/web-api/end-points/%2Fsmt/get/request/parameter/Day"
}, {
  "http://a.ml/vocabularies/apiContract#allowEmptyValue": "false",
  "http://a.ml/vocabularies/apiContract#allowReserved": "false",
  "http://a.ml/vocabularies/apiContract#binding": "query",
  "http://a.ml/vocabularies/apiContract#explode": "false",
  "http://a.ml/vocabularies/apiContract#paramName": "CardNum",
  "http://a.ml/vocabularies/apiContract#required": "false",
  "http://a.ml/vocabularies/apiContract#style": "form",
  "http://a.ml/vocabularies/core#description": "Last 4 digits card",
  "http://a.ml/vocabularies/core#name": "CardNum",
  "http://a.ml/vocabularies/shapes#schema": {
    "http://a.ml/vocabularies/apiContract#examples": [{
      "http://a.ml/vocabularies/document#raw": null,
      "http://a.ml/vocabularies/document#strict": null,
      "http://a.ml/vocabularies/document#structuredValue": null,
      "id": "file:///Users/abettati/Desktop/apisContentFull/4959.json#/web-api/end-points/%2Fsmt/get/request/parameter/CardNum/scalar/CardNum/example/default-example"
    }],
    "http://www.w3.org/ns/shacl#datatype": "http://www.w3.org/2001/XMLSchema#string",
    "http://www.w3.org/ns/shacl#name": "CardNum",
    "id": "file:///Users/abettati/Desktop/apisContentFull/4959.json#/web-api/end-points/%2Fsmt/get/request/parameter/CardNum/scalar/CardNum"
  },
  "id": "file:///Users/abettati/Desktop/apisContentFull/4959.json#/web-api/end-points/%2Fsmt/get/request/parameter/CardNum"
}, {
  "http://a.ml/vocabularies/apiContract#allowEmptyValue": "false",
  "http://a.ml/vocabularies/apiContract#allowReserved": "false",
  "http://a.ml/vocabularies/apiContract#binding": "query",
  "http://a.ml/vocabularies/apiContract#explode": "true",
  "http://a.ml/vocabularies/apiContract#paramName": "DocId",
  "http://a.ml/vocabularies/apiContract#required": "false",
  "http://a.ml/vocabularies/apiContract#style": "form",
  "http://a.ml/vocabularies/core#description": "Document id",
  "http://a.ml/vocabularies/core#name": "DocId",
  "http://a.ml/vocabularies/shapes#schema": {
    "http://a.ml/vocabularies/apiContract#examples": [{
      "http://a.ml/vocabularies/document#raw": null,
      "http://a.ml/vocabularies/document#strict": null,
      "http://a.ml/vocabularies/document#structuredValue": null,
      "id": "file:///Users/abettati/Desktop/apisContentFull/4959.json#/web-api/end-points/%2Fsmt/get/request/parameter/DocId/scalar/DocId/example/default-example"
    }],
    "http://a.ml/vocabularies/shapes#format": "int32",
    "http://www.w3.org/ns/shacl#datatype": "http://www.w3.org/2001/XMLSchema#integer",
    "http://www.w3.org/ns/shacl#name": "DocId",
    "id": "file:///Users/abettati/Desktop/apisContentFull/4959.json#/web-api/end-points/%2Fsmt/get/request/parameter/DocId/scalar/DocId"
  },
  "id": "file:///Users/abettati/Desktop/apisContentFull/4959.json#/web-api/end-points/%2Fsmt/get/request/parameter/DocId"
}, {
  "http://a.ml/vocabularies/apiContract#allowEmptyValue": "false",
  "http://a.ml/vocabularies/apiContract#allowReserved": "false",
  "http://a.ml/vocabularies/apiContract#binding": "query",
  "http://a.ml/vocabularies/apiContract#explode": "true",
  "http://a.ml/vocabularies/apiContract#paramName": "IssuedIdentValue",
  "http://a.ml/vocabularies/apiContract#required": "false",
  "http://a.ml/vocabularies/apiContract#style": "form",
  "http://a.ml/vocabularies/core#description": "Identification card",
  "http://a.ml/vocabularies/core#name": "IssuedIdentValue",
  "http://a.ml/vocabularies/shapes#schema": {
    "http://a.ml/vocabularies/apiContract#examples": [{
      "http://a.ml/vocabularies/document#raw": null,
      "http://a.ml/vocabularies/document#strict": null,
      "http://a.ml/vocabularies/document#structuredValue": null,
      "id": "file:///Users/abettati/Desktop/apisContentFull/4959.json#/web-api/end-points/%2Fsmt/get/request/parameter/IssuedIdentValue/scalar/IssuedIdentValue/example/default-example"
    }],
    "http://a.ml/vocabularies/shapes#format": "int32",
    "http://www.w3.org/ns/shacl#datatype": "http://www.w3.org/2001/XMLSchema#integer",
    "http://www.w3.org/ns/shacl#name": "IssuedIdentValue",
    "id": "file:///Users/abettati/Desktop/apisContentFull/4959.json#/web-api/end-points/%2Fsmt/get/request/parameter/IssuedIdentValue/scalar/IssuedIdentValue"
  },
  "id": "file:///Users/abettati/Desktop/apisContentFull/4959.json#/web-api/end-points/%2Fsmt/get/request/parameter/IssuedIdentValue"
}, {
  "http://a.ml/vocabularies/apiContract#binding": "header",
  "http://a.ml/vocabularies/apiContract#explode": "false",
  "http://a.ml/vocabularies/apiContract#paramName": "MsgHdrRq.ClientDt",
  "http://a.ml/vocabularies/apiContract#required": "true",
  "http://a.ml/vocabularies/apiContract#style": "simple",
  "http://a.ml/vocabularies/core#description": "Date and time of client message",
  "http://a.ml/vocabularies/core#name": "MsgHdrRq.ClientDt",
  "http://a.ml/vocabularies/shapes#schema": {
    "http://a.ml/vocabularies/apiContract#examples": [{
      "http://a.ml/vocabularies/document#raw": null,
      "http://a.ml/vocabularies/document#strict": null,
      "http://a.ml/vocabularies/document#structuredValue": null,
      "id": "file:///Users/abettati/Desktop/apisContentFull/4959.json#/web-api/end-points/%2Fsmt/get/request/parameter/MsgHdrRq.ClientDt/scalar/MsgHdrRq.ClientDt/example/default-example"
    }],
    "http://www.w3.org/ns/shacl#datatype": "http://www.w3.org/2001/XMLSchema#string",
    "http://www.w3.org/ns/shacl#name": "MsgHdrRq.ClientDt",
    "id": "file:///Users/abettati/Desktop/apisContentFull/4959.json#/web-api/end-points/%2Fsmt/get/request/parameter/MsgHdrRq.ClientDt/scalar/MsgHdrRq.ClientDt"
  },
  "id": "file:///Users/abettati/Desktop/apisContentFull/4959.json#/web-api/end-points/%2Fsmt/get/request/parameter/MsgHdrRq.ClientDt"
}, {
  "http://a.ml/vocabularies/apiContract#binding": "header",
  "http://a.ml/vocabularies/apiContract#explode": "false",
  "http://a.ml/vocabularies/apiContract#paramName": "MsgHdrRq.ClientApp.ChannelId",
  "http://a.ml/vocabularies/apiContract#required": "true",
  "http://a.ml/vocabularies/apiContract#style": "simple",
  "http://a.ml/vocabularies/core#description": "APLICATION CHANEL ID ,Default value=BOL",
  "http://a.ml/vocabularies/core#name": "MsgHdrRq.ClientApp.ChannelId",
  "http://a.ml/vocabularies/shapes#schema": {
    "http://a.ml/vocabularies/apiContract#examples": [{
      "http://a.ml/vocabularies/document#raw": null,
      "http://a.ml/vocabularies/document#strict": null,
      "http://a.ml/vocabularies/document#structuredValue": null,
      "id": "file:///Users/abettati/Desktop/apisContentFull/4959.json#/web-api/end-points/%2Fsmt/get/request/parameter/MsgHdrRq.ClientApp.ChannelId/scalar/MsgHdrRq.ClientApp.ChannelId/example/default-example"
    }],
    "http://www.w3.org/ns/shacl#datatype": "http://www.w3.org/2001/XMLSchema#string",
    "http://www.w3.org/ns/shacl#name": "MsgHdrRq.ClientApp.ChannelId",
    "id": "file:///Users/abettati/Desktop/apisContentFull/4959.json#/web-api/end-points/%2Fsmt/get/request/parameter/MsgHdrRq.ClientApp.ChannelId/scalar/MsgHdrRq.ClientApp.ChannelId"
  },
  "id": "file:///Users/abettati/Desktop/apisContentFull/4959.json#/web-api/end-points/%2Fsmt/get/request/parameter/MsgHdrRq.ClientApp.ChannelId"
}, {
  "http://a.ml/vocabularies/apiContract#binding": "header",
  "http://a.ml/vocabularies/apiContract#explode": "false",
  "http://a.ml/vocabularies/apiContract#paramName": "MsgHdrRq.ClientApp.Name",
  "http://a.ml/vocabularies/apiContract#required": "true",
  "http://a.ml/vocabularies/apiContract#style": "simple",
  "http://a.ml/vocabularies/core#description": "APLICATION NAME , default=Internet Banking",
  "http://a.ml/vocabularies/core#name": "MsgHdrRq.ClientApp.Name",
  "http://a.ml/vocabularies/shapes#schema": {
    "http://a.ml/vocabularies/apiContract#examples": [{
      "http://a.ml/vocabularies/document#raw": null,
      "http://a.ml/vocabularies/document#strict": null,
      "http://a.ml/vocabularies/document#structuredValue": null,
      "id": "file:///Users/abettati/Desktop/apisContentFull/4959.json#/web-api/end-points/%2Fsmt/get/request/parameter/MsgHdrRq.ClientApp.Name/scalar/MsgHdrRq.ClientApp.Name/example/default-example"
    }],
    "http://www.w3.org/ns/shacl#datatype": "http://www.w3.org/2001/XMLSchema#string",
    "http://www.w3.org/ns/shacl#name": "MsgHdrRq.ClientApp.Name",
    "id": "file:///Users/abettati/Desktop/apisContentFull/4959.json#/web-api/end-points/%2Fsmt/get/request/parameter/MsgHdrRq.ClientApp.Name/scalar/MsgHdrRq.ClientApp.Name"
  },
  "id": "file:///Users/abettati/Desktop/apisContentFull/4959.json#/web-api/end-points/%2Fsmt/get/request/parameter/MsgHdrRq.ClientApp.Name"
}, {
  "http://a.ml/vocabularies/apiContract#binding": "header",
  "http://a.ml/vocabularies/apiContract#explode": "false",
  "http://a.ml/vocabularies/apiContract#paramName": "MsgHdrRq.ClientApp.Org",
  "http://a.ml/vocabularies/apiContract#required": "true",
  "http://a.ml/vocabularies/apiContract#style": "simple",
  "http://a.ml/vocabularies/core#description": "ORGNIZATION NAME ,default value=Banesco RD",
  "http://a.ml/vocabularies/core#name": "MsgHdrRq.ClientApp.Org",
  "http://a.ml/vocabularies/shapes#schema": {
    "http://a.ml/vocabularies/apiContract#examples": [{
      "http://a.ml/vocabularies/document#raw": null,
      "http://a.ml/vocabularies/document#strict": null,
      "http://a.ml/vocabularies/document#structuredValue": null,
      "id": "file:///Users/abettati/Desktop/apisContentFull/4959.json#/web-api/end-points/%2Fsmt/get/request/parameter/MsgHdrRq.ClientApp.Org/scalar/MsgHdrRq.ClientApp.Org/example/default-example"
    }],
    "http://www.w3.org/ns/shacl#datatype": "http://www.w3.org/2001/XMLSchema#string",
    "http://www.w3.org/ns/shacl#name": "MsgHdrRq.ClientApp.Org",
    "id": "file:///Users/abettati/Desktop/apisContentFull/4959.json#/web-api/end-points/%2Fsmt/get/request/parameter/MsgHdrRq.ClientApp.Org/scalar/MsgHdrRq.ClientApp.Org"
  },
  "id": "file:///Users/abettati/Desktop/apisContentFull/4959.json#/web-api/end-points/%2Fsmt/get/request/parameter/MsgHdrRq.ClientApp.Org"
}, {
  "http://a.ml/vocabularies/apiContract#binding": "header",
  "http://a.ml/vocabularies/apiContract#explode": "false",
  "http://a.ml/vocabularies/apiContract#paramName": "MsgHdrRq.ClientApp.UserId",
  "http://a.ml/vocabularies/apiContract#required": "true",
  "http://a.ml/vocabularies/apiContract#style": "simple",
  "http://a.ml/vocabularies/core#description": "Internal UserID",
  "http://a.ml/vocabularies/core#name": "MsgHdrRq.ClientApp.UserId",
  "http://a.ml/vocabularies/shapes#schema": {
    "http://a.ml/vocabularies/apiContract#examples": [{
      "http://a.ml/vocabularies/document#raw": null,
      "http://a.ml/vocabularies/document#strict": null,
      "http://a.ml/vocabularies/document#structuredValue": null,
      "id": "file:///Users/abettati/Desktop/apisContentFull/4959.json#/web-api/end-points/%2Fsmt/get/request/parameter/MsgHdrRq.ClientApp.UserId/scalar/MsgHdrRq.ClientApp.UserId/example/default-example"
    }],
    "http://www.w3.org/ns/shacl#datatype": "http://www.w3.org/2001/XMLSchema#string",
    "http://www.w3.org/ns/shacl#name": "MsgHdrRq.ClientApp.UserId",
    "id": "file:///Users/abettati/Desktop/apisContentFull/4959.json#/web-api/end-points/%2Fsmt/get/request/parameter/MsgHdrRq.ClientApp.UserId/scalar/MsgHdrRq.ClientApp.UserId"
  },
  "id": "file:///Users/abettati/Desktop/apisContentFull/4959.json#/web-api/end-points/%2Fsmt/get/request/parameter/MsgHdrRq.ClientApp.UserId"
}, {
  "http://a.ml/vocabularies/apiContract#binding": "header",
  "http://a.ml/vocabularies/apiContract#explode": "false",
  "http://a.ml/vocabularies/apiContract#paramName": "MsgHdrRq.ClientApp.UserType",
  "http://a.ml/vocabularies/apiContract#required": "true",
  "http://a.ml/vocabularies/apiContract#style": "simple",
  "http://a.ml/vocabularies/core#description": "APLICATION USER TYPE , default=Internet",
  "http://a.ml/vocabularies/core#name": "MsgHdrRq.ClientApp.UserType",
  "http://a.ml/vocabularies/shapes#schema": {
    "http://a.ml/vocabularies/apiContract#examples": [{
      "http://a.ml/vocabularies/document#raw": null,
      "http://a.ml/vocabularies/document#strict": null,
      "http://a.ml/vocabularies/document#structuredValue": null,
      "id": "file:///Users/abettati/Desktop/apisContentFull/4959.json#/web-api/end-points/%2Fsmt/get/request/parameter/MsgHdrRq.ClientApp.UserType/scalar/MsgHdrRq.ClientApp.UserType/example/default-example"
    }],
    "http://www.w3.org/ns/shacl#datatype": "http://www.w3.org/2001/XMLSchema#string",
    "http://www.w3.org/ns/shacl#name": "MsgHdrRq.ClientApp.UserType",
    "id": "file:///Users/abettati/Desktop/apisContentFull/4959.json#/web-api/end-points/%2Fsmt/get/request/parameter/MsgHdrRq.ClientApp.UserType/scalar/MsgHdrRq.ClientApp.UserType"
  },
  "id": "file:///Users/abettati/Desktop/apisContentFull/4959.json#/web-api/end-points/%2Fsmt/get/request/parameter/MsgHdrRq.ClientApp.UserType"
}, {
  "http://a.ml/vocabularies/apiContract#binding": "header",
  "http://a.ml/vocabularies/apiContract#explode": "false",
  "http://a.ml/vocabularies/apiContract#paramName": "MsgHdrRq.Destination",
  "http://a.ml/vocabularies/apiContract#required": "true",
  "http://a.ml/vocabularies/apiContract#style": "simple",
  "http://a.ml/vocabularies/core#description": "REQUEST DESTINATION, default=CORE",
  "http://a.ml/vocabularies/core#name": "MsgHdrRq.Destination",
  "http://a.ml/vocabularies/shapes#schema": {
    "http://a.ml/vocabularies/apiContract#examples": [{
      "http://a.ml/vocabularies/document#raw": null,
      "http://a.ml/vocabularies/document#strict": null,
      "http://a.ml/vocabularies/document#structuredValue": null,
      "id": "file:///Users/abettati/Desktop/apisContentFull/4959.json#/web-api/end-points/%2Fsmt/get/request/parameter/MsgHdrRq.Destination/scalar/MsgHdrRq.Destination/example/default-example"
    }],
    "http://www.w3.org/ns/shacl#datatype": "http://www.w3.org/2001/XMLSchema#string",
    "http://www.w3.org/ns/shacl#name": "MsgHdrRq.Destination",
    "id": "file:///Users/abettati/Desktop/apisContentFull/4959.json#/web-api/end-points/%2Fsmt/get/request/parameter/MsgHdrRq.Destination/scalar/MsgHdrRq.Destination"
  },
  "id": "file:///Users/abettati/Desktop/apisContentFull/4959.json#/web-api/end-points/%2Fsmt/get/request/parameter/MsgHdrRq.Destination"
}, {
  "http://a.ml/vocabularies/apiContract#binding": "header",
  "http://a.ml/vocabularies/apiContract#explode": "false",
  "http://a.ml/vocabularies/apiContract#paramName": "MsgHdrRq.MsgPriority",
  "http://a.ml/vocabularies/apiContract#required": "true",
  "http://a.ml/vocabularies/apiContract#style": "simple",
  "http://a.ml/vocabularies/core#description": "MESSAGE PRIORITY, default=1",
  "http://a.ml/vocabularies/core#name": "MsgHdrRq.MsgPriority",
  "http://a.ml/vocabularies/shapes#schema": {
    "http://a.ml/vocabularies/apiContract#examples": [{
      "http://a.ml/vocabularies/document#raw": null,
      "http://a.ml/vocabularies/document#strict": null,
      "http://a.ml/vocabularies/document#structuredValue": null,
      "id": "file:///Users/abettati/Desktop/apisContentFull/4959.json#/web-api/end-points/%2Fsmt/get/request/parameter/MsgHdrRq.MsgPriority/scalar/MsgHdrRq.MsgPriority/example/default-example"
    }],
    "http://a.ml/vocabularies/shapes#format": "int32",
    "http://www.w3.org/ns/shacl#datatype": "http://www.w3.org/2001/XMLSchema#integer",
    "http://www.w3.org/ns/shacl#name": "MsgHdrRq.MsgPriority",
    "id": "file:///Users/abettati/Desktop/apisContentFull/4959.json#/web-api/end-points/%2Fsmt/get/request/parameter/MsgHdrRq.MsgPriority/scalar/MsgHdrRq.MsgPriority"
  },
  "id": "file:///Users/abettati/Desktop/apisContentFull/4959.json#/web-api/end-points/%2Fsmt/get/request/parameter/MsgHdrRq.MsgPriority"
}, {
  "http://a.ml/vocabularies/apiContract#binding": "header",
  "http://a.ml/vocabularies/apiContract#explode": "false",
  "http://a.ml/vocabularies/apiContract#paramName": "MsgHdrRq.NetworkTrnData.HostName",
  "http://a.ml/vocabularies/apiContract#required": "true",
  "http://a.ml/vocabularies/apiContract#style": "simple",
  "http://a.ml/vocabularies/core#description": "NETWORK TRANSACTION DATA HOST NAME, default=banesco.internetbanking",
  "http://a.ml/vocabularies/core#name": "MsgHdrRq.NetworkTrnData.HostName",
  "http://a.ml/vocabularies/shapes#schema": {
    "http://a.ml/vocabularies/apiContract#examples": [{
      "http://a.ml/vocabularies/document#raw": null,
      "http://a.ml/vocabularies/document#strict": null,
      "http://a.ml/vocabularies/document#structuredValue": null,
      "id": "file:///Users/abettati/Desktop/apisContentFull/4959.json#/web-api/end-points/%2Fsmt/get/request/parameter/MsgHdrRq.NetworkTrnData.HostName/scalar/MsgHdrRq.NetworkTrnData.HostName/example/default-example"
    }],
    "http://www.w3.org/ns/shacl#datatype": "http://www.w3.org/2001/XMLSchema#string",
    "http://www.w3.org/ns/shacl#name": "MsgHdrRq.NetworkTrnData.HostName",
    "id": "file:///Users/abettati/Desktop/apisContentFull/4959.json#/web-api/end-points/%2Fsmt/get/request/parameter/MsgHdrRq.NetworkTrnData.HostName/scalar/MsgHdrRq.NetworkTrnData.HostName"
  },
  "id": "file:///Users/abettati/Desktop/apisContentFull/4959.json#/web-api/end-points/%2Fsmt/get/request/parameter/MsgHdrRq.NetworkTrnData.HostName"
}, {
  "http://a.ml/vocabularies/apiContract#binding": "header",
  "http://a.ml/vocabularies/apiContract#explode": "false",
  "http://a.ml/vocabularies/apiContract#paramName": "MsgHdrRq.NetworkTrnData.IpAddress",
  "http://a.ml/vocabularies/apiContract#required": "true",
  "http://a.ml/vocabularies/apiContract#style": "simple",
  "http://a.ml/vocabularies/core#description": "NETWORK TRANSACTION DATA IP",
  "http://a.ml/vocabularies/core#name": "MsgHdrRq.NetworkTrnData.IpAddress",
  "http://a.ml/vocabularies/shapes#schema": {
    "http://a.ml/vocabularies/apiContract#examples": [{
      "http://a.ml/vocabularies/document#raw": null,
      "http://a.ml/vocabularies/document#strict": null,
      "http://a.ml/vocabularies/document#structuredValue": null,
      "id": "file:///Users/abettati/Desktop/apisContentFull/4959.json#/web-api/end-points/%2Fsmt/get/request/parameter/MsgHdrRq.NetworkTrnData.IpAddress/scalar/MsgHdrRq.NetworkTrnData.IpAddress/example/default-example"
    }],
    "http://www.w3.org/ns/shacl#datatype": "http://www.w3.org/2001/XMLSchema#string",
    "http://www.w3.org/ns/shacl#name": "MsgHdrRq.NetworkTrnData.IpAddress",
    "id": "file:///Users/abettati/Desktop/apisContentFull/4959.json#/web-api/end-points/%2Fsmt/get/request/parameter/MsgHdrRq.NetworkTrnData.IpAddress/scalar/MsgHdrRq.NetworkTrnData.IpAddress"
  },
  "id": "file:///Users/abettati/Desktop/apisContentFull/4959.json#/web-api/end-points/%2Fsmt/get/request/parameter/MsgHdrRq.NetworkTrnData.IpAddress"
}, {
  "http://a.ml/vocabularies/apiContract#binding": "header",
  "http://a.ml/vocabularies/apiContract#explode": "false",
  "http://a.ml/vocabularies/apiContract#paramName": "MsgHdrRq.NetworkTrnData.MacAddress",
  "http://a.ml/vocabularies/apiContract#required": "true",
  "http://a.ml/vocabularies/apiContract#style": "simple",
  "http://a.ml/vocabularies/core#description": "NETWORK TRANSACTION DATA MAC ADDRESS",
  "http://a.ml/vocabularies/core#name": "MsgHdrRq.NetworkTrnData.MacAddress",
  "http://a.ml/vocabularies/shapes#schema": {
    "http://a.ml/vocabularies/apiContract#examples": [{
      "http://a.ml/vocabularies/document#raw": null,
      "http://a.ml/vocabularies/document#strict": null,
      "http://a.ml/vocabularies/document#structuredValue": null,
      "id": "file:///Users/abettati/Desktop/apisContentFull/4959.json#/web-api/end-points/%2Fsmt/get/request/parameter/MsgHdrRq.NetworkTrnData.MacAddress/scalar/MsgHdrRq.NetworkTrnData.MacAddress/example/default-example"
    }],
    "http://www.w3.org/ns/shacl#datatype": "http://www.w3.org/2001/XMLSchema#string",
    "http://www.w3.org/ns/shacl#name": "MsgHdrRq.NetworkTrnData.MacAddress",
    "id": "file:///Users/abettati/Desktop/apisContentFull/4959.json#/web-api/end-points/%2Fsmt/get/request/parameter/MsgHdrRq.NetworkTrnData.MacAddress/scalar/MsgHdrRq.NetworkTrnData.MacAddress"
  },
  "id": "file:///Users/abettati/Desktop/apisContentFull/4959.json#/web-api/end-points/%2Fsmt/get/request/parameter/MsgHdrRq.NetworkTrnData.MacAddress"
}, {
  "http://a.ml/vocabularies/apiContract#binding": "header",
  "http://a.ml/vocabularies/apiContract#explode": "false",
  "http://a.ml/vocabularies/apiContract#paramName": "MsgHdrRq.RequestId",
  "http://a.ml/vocabularies/apiContract#required": "true",
  "http://a.ml/vocabularies/apiContract#style": "simple",
  "http://a.ml/vocabularies/core#description": "REQUEST ID, send  GUID id",
  "http://a.ml/vocabularies/core#name": "MsgHdrRq.RequestId",
  "http://a.ml/vocabularies/shapes#schema": {
    "http://a.ml/vocabularies/apiContract#examples": [{
      "http://a.ml/vocabularies/document#raw": null,
      "http://a.ml/vocabularies/document#strict": null,
      "http://a.ml/vocabularies/document#structuredValue": null,
      "id": "file:///Users/abettati/Desktop/apisContentFull/4959.json#/web-api/end-points/%2Fsmt/get/request/parameter/MsgHdrRq.RequestId/scalar/MsgHdrRq.RequestId/example/default-example"
    }],
    "http://www.w3.org/ns/shacl#datatype": "http://www.w3.org/2001/XMLSchema#string",
    "http://www.w3.org/ns/shacl#name": "MsgHdrRq.RequestId",
    "id": "file:///Users/abettati/Desktop/apisContentFull/4959.json#/web-api/end-points/%2Fsmt/get/request/parameter/MsgHdrRq.RequestId/scalar/MsgHdrRq.RequestId"
  },
  "id": "file:///Users/abettati/Desktop/apisContentFull/4959.json#/web-api/end-points/%2Fsmt/get/request/parameter/MsgHdrRq.RequestId"
}, {
  "http://a.ml/vocabularies/apiContract#binding": "header",
  "http://a.ml/vocabularies/apiContract#explode": "false",
  "http://a.ml/vocabularies/apiContract#paramName": "MsgHdrRq.RqdOper",
  "http://a.ml/vocabularies/apiContract#required": "true",
  "http://a.ml/vocabularies/apiContract#style": "simple",
  "http://a.ml/vocabularies/core#description": "Identifica la operacion que origina la solicitud",
  "http://a.ml/vocabularies/core#name": "MsgHdrRq.RqdOper",
  "http://a.ml/vocabularies/shapes#schema": {
    "http://a.ml/vocabularies/apiContract#examples": [{
      "http://a.ml/vocabularies/document#raw": null,
      "http://a.ml/vocabularies/document#strict": null,
      "http://a.ml/vocabularies/document#structuredValue": null,
      "id": "file:///Users/abettati/Desktop/apisContentFull/4959.json#/web-api/end-points/%2Fsmt/get/request/parameter/MsgHdrRq.RqdOper/scalar/MsgHdrRq.RqdOper/example/default-example"
    }],
    "http://www.w3.org/ns/shacl#datatype": "http://www.w3.org/2001/XMLSchema#string",
    "http://www.w3.org/ns/shacl#name": "MsgHdrRq.RqdOper",
    "id": "file:///Users/abettati/Desktop/apisContentFull/4959.json#/web-api/end-points/%2Fsmt/get/request/parameter/MsgHdrRq.RqdOper/scalar/MsgHdrRq.RqdOper"
  },
  "id": "file:///Users/abettati/Desktop/apisContentFull/4959.json#/web-api/end-points/%2Fsmt/get/request/parameter/MsgHdrRq.RqdOper"
}, {
  "http://a.ml/vocabularies/apiContract#binding": "header",
  "http://a.ml/vocabularies/apiContract#explode": "false",
  "http://a.ml/vocabularies/apiContract#paramName": "MsgHdrRq.RqdOperType",
  "http://a.ml/vocabularies/apiContract#required": "true",
  "http://a.ml/vocabularies/apiContract#style": "simple",
  "http://a.ml/vocabularies/core#description": "REQUEST OPERACION ,Default value=GET",
  "http://a.ml/vocabularies/core#name": "MsgHdrRq.RqdOperType",
  "http://a.ml/vocabularies/shapes#schema": {
    "http://a.ml/vocabularies/apiContract#examples": [{
      "http://a.ml/vocabularies/document#raw": null,
      "http://a.ml/vocabularies/document#strict": null,
      "http://a.ml/vocabularies/document#structuredValue": null,
      "id": "file:///Users/abettati/Desktop/apisContentFull/4959.json#/web-api/end-points/%2Fsmt/get/request/parameter/MsgHdrRq.RqdOperType/scalar/MsgHdrRq.RqdOperType/example/default-example"
    }],
    "http://www.w3.org/ns/shacl#datatype": "http://www.w3.org/2001/XMLSchema#string",
    "http://www.w3.org/ns/shacl#name": "MsgHdrRq.RqdOperType",
    "id": "file:///Users/abettati/Desktop/apisContentFull/4959.json#/web-api/end-points/%2Fsmt/get/request/parameter/MsgHdrRq.RqdOperType/scalar/MsgHdrRq.RqdOperType"
  },
  "id": "file:///Users/abettati/Desktop/apisContentFull/4959.json#/web-api/end-points/%2Fsmt/get/request/parameter/MsgHdrRq.RqdOperType"
}, {
  "http://a.ml/vocabularies/apiContract#binding": "header",
  "http://a.ml/vocabularies/apiContract#explode": "false",
  "http://a.ml/vocabularies/apiContract#paramName": "MsgHdrRq.RqdService",
  "http://a.ml/vocabularies/apiContract#required": "true",
  "http://a.ml/vocabularies/apiContract#style": "simple",
  "http://a.ml/vocabularies/core#description": "REQUEST SERVICE ,Default value=Utility",
  "http://a.ml/vocabularies/core#name": "MsgHdrRq.RqdService",
  "http://a.ml/vocabularies/shapes#schema": {
    "http://a.ml/vocabularies/apiContract#examples": [{
      "http://a.ml/vocabularies/document#raw": null,
      "http://a.ml/vocabularies/document#strict": null,
      "http://a.ml/vocabularies/document#structuredValue": null,
      "id": "file:///Users/abettati/Desktop/apisContentFull/4959.json#/web-api/end-points/%2Fsmt/get/request/parameter/MsgHdrRq.RqdService/scalar/MsgHdrRq.RqdService/example/default-example"
    }],
    "http://www.w3.org/ns/shacl#datatype": "http://www.w3.org/2001/XMLSchema#string",
    "http://www.w3.org/ns/shacl#name": "MsgHdrRq.RqdService",
    "id": "file:///Users/abettati/Desktop/apisContentFull/4959.json#/web-api/end-points/%2Fsmt/get/request/parameter/MsgHdrRq.RqdService/scalar/MsgHdrRq.RqdService"
  },
  "id": "file:///Users/abettati/Desktop/apisContentFull/4959.json#/web-api/end-points/%2Fsmt/get/request/parameter/MsgHdrRq.RqdService"
}]