[{
  "http://a.ml/vocabularies/apiContract#binding": "query",
  "http://a.ml/vocabularies/apiContract#paramName": "token",
  "http://a.ml/vocabularies/apiContract#required": "false",
  "http://a.ml/vocabularies/core#description": "User's token",
  "http://a.ml/vocabularies/core#name": "token",
  "http://a.ml/vocabularies/shapes#schema": {
    "http://a.ml/vocabularies/core#description": "User's token",
    "http://www.w3.org/ns/shacl#datatype": "http://www.w3.org/2001/XMLSchema#string",
    "http://www.w3.org/ns/shacl#name": "schema",
    "id": "file:///Users/abettati/Desktop/apisContentFull/5745.json#/web-api/end-points/%2Fsubscriptions2%2F%3Cname_number%3E/post/request/parameter/token/scalar/schema"
  },
  "id": "file:///Users/abettati/Desktop/apisContentFull/5745.json#/web-api/end-points/%2Fsubscriptions2%2F%3Cname_number%3E/post/request/parameter/token"
}, {
  "http://a.ml/vocabularies/apiContract#binding": "query",
  "http://a.ml/vocabularies/apiContract#paramName": "typeservice",
  "http://a.ml/vocabularies/apiContract#required": "false",
  "http://a.ml/vocabularies/core#description": "kind of service subscribed",
  "http://a.ml/vocabularies/core#name": "typeservice",
  "http://a.ml/vocabularies/shapes#schema": {
    "http://a.ml/vocabularies/core#description": "kind of service subscribed",
    "http://www.w3.org/ns/shacl#datatype": "http://www.w3.org/2001/XMLSchema#string",
    "http://www.w3.org/ns/shacl#name": "schema",
    "id": "file:///Users/abettati/Desktop/apisContentFull/5745.json#/web-api/end-points/%2Fsubscriptions2%2F%3Cname_number%3E/post/request/parameter/typeservice/scalar/schema"
  },
  "id": "file:///Users/abettati/Desktop/apisContentFull/5745.json#/web-api/end-points/%2Fsubscriptions2%2F%3Cname_number%3E/post/request/parameter/typeservice"
}]