[{
  "http://a.ml/vocabularies/apiContract#allowEmptyValue": "false",
  "http://a.ml/vocabularies/apiContract#allowReserved": "false",
  "http://a.ml/vocabularies/apiContract#binding": "query",
  "http://a.ml/vocabularies/apiContract#explode": "true",
  "http://a.ml/vocabularies/apiContract#paramName": "ordering",
  "http://a.ml/vocabularies/apiContract#required": "false",
  "http://a.ml/vocabularies/apiContract#style": "form",
  "http://a.ml/vocabularies/core#description": "Which field to use when ordering the results.",
  "http://a.ml/vocabularies/core#name": "ordering",
  "http://a.ml/vocabularies/shapes#schema": {
    "http://www.w3.org/ns/shacl#datatype": "http://www.w3.org/2001/XMLSchema#string",
    "http://www.w3.org/ns/shacl#name": "ordering",
    "id": "file:///Users/abettati/Desktop/apisContentFull/2258.json#/web-api/end-points/%2Fagencies%2F/get/request/parameter/ordering/scalar/ordering"
  },
  "id": "file:///Users/abettati/Desktop/apisContentFull/2258.json#/web-api/end-points/%2Fagencies%2F/get/request/parameter/ordering"
}, {
  "http://a.ml/vocabularies/apiContract#allowEmptyValue": "false",
  "http://a.ml/vocabularies/apiContract#allowReserved": "false",
  "http://a.ml/vocabularies/apiContract#binding": "query",
  "http://a.ml/vocabularies/apiContract#explode": "true",
  "http://a.ml/vocabularies/apiContract#paramName": "page",
  "http://a.ml/vocabularies/apiContract#required": "false",
  "http://a.ml/vocabularies/apiContract#style": "form",
  "http://a.ml/vocabularies/core#description": "A page number within the paginated result set.",
  "http://a.ml/vocabularies/core#name": "page",
  "http://a.ml/vocabularies/shapes#schema": {
    "http://a.ml/vocabularies/shapes#format": "int32",
    "http://www.w3.org/ns/shacl#datatype": "http://www.w3.org/2001/XMLSchema#integer",
    "http://www.w3.org/ns/shacl#minInclusive": "1",
    "http://www.w3.org/ns/shacl#name": "page",
    "id": "file:///Users/abettati/Desktop/apisContentFull/2258.json#/web-api/end-points/%2Fagencies%2F/get/request/parameter/page/scalar/page"
  },
  "id": "file:///Users/abettati/Desktop/apisContentFull/2258.json#/web-api/end-points/%2Fagencies%2F/get/request/parameter/page"
}, {
  "http://a.ml/vocabularies/apiContract#allowEmptyValue": "false",
  "http://a.ml/vocabularies/apiContract#allowReserved": "false",
  "http://a.ml/vocabularies/apiContract#binding": "query",
  "http://a.ml/vocabularies/apiContract#explode": "true",
  "http://a.ml/vocabularies/apiContract#paramName": "page_size",
  "http://a.ml/vocabularies/apiContract#required": "false",
  "http://a.ml/vocabularies/apiContract#style": "form",
  "http://a.ml/vocabularies/core#description": "Number of results to return per page.",
  "http://a.ml/vocabularies/core#name": "page_size",
  "http://a.ml/vocabularies/shapes#schema": {
    "http://a.ml/vocabularies/shapes#format": "int32",
    "http://www.w3.org/ns/shacl#datatype": "http://www.w3.org/2001/XMLSchema#integer",
    "http://www.w3.org/ns/shacl#minInclusive": "1",
    "http://www.w3.org/ns/shacl#name": "page_size",
    "id": "file:///Users/abettati/Desktop/apisContentFull/2258.json#/web-api/end-points/%2Fagencies%2F/get/request/parameter/page_size/scalar/page_size"
  },
  "id": "file:///Users/abettati/Desktop/apisContentFull/2258.json#/web-api/end-points/%2Fagencies%2F/get/request/parameter/page_size"
}, {
  "http://a.ml/vocabularies/apiContract#binding": "header",
  "http://a.ml/vocabularies/apiContract#explode": "false",
  "http://a.ml/vocabularies/apiContract#paramName": "x-zpr-user-identities",
  "http://a.ml/vocabularies/apiContract#required": "true",
  "http://a.ml/vocabularies/apiContract#style": "simple",
  "http://a.ml/vocabularies/core#description": "Json serialized list of UserIdentity objects. See\nhttps://api.swaggerhub.com/domains/Zipari-Core-Services/UserIdentityModel/10.0.1#/components/schemas/UserIdentity\nfor more info.\n",
  "http://a.ml/vocabularies/core#name": "x-zpr-user-identities",
  "http://a.ml/vocabularies/shapes#schema": {
    "http://www.w3.org/ns/shacl#datatype": "http://www.w3.org/2001/XMLSchema#string",
    "http://www.w3.org/ns/shacl#name": "x-zpr-user-identities",
    "id": "file:///Users/abettati/Desktop/apisContentFull/2258.json#/web-api/end-points/%2Fagencies%2F/get/request/parameter/x-zpr-user-identities/scalar/x-zpr-user-identities"
  },
  "id": "file:///Users/abettati/Desktop/apisContentFull/2258.json#/web-api/end-points/%2Fagencies%2F/get/request/parameter/x-zpr-user-identities"
}]