[{
  "http://a.ml/vocabularies/apiContract#binding": "header",
  "http://a.ml/vocabularies/apiContract#explode": "false",
  "http://a.ml/vocabularies/apiContract#required": "true",
  "http://a.ml/vocabularies/apiContract#style": "simple",
  "http://a.ml/vocabularies/core#description": "Contains the URI of the newly created resource, according to the structure: {apiRoot}/nudm-uecm/v1/{ueId}/registrations/amf-3gpp-access",
  "http://a.ml/vocabularies/core#name": "Location",
  "http://a.ml/vocabularies/shapes#schema": {
    "http://www.w3.org/ns/shacl#datatype": "http://www.w3.org/2001/XMLSchema#string",
    "http://www.w3.org/ns/shacl#name": "schema",
    "id": "file:///Users/abettati/Desktop/apisContentFull/1825.json#/web-api/end-points/%2F%7BueId%7D%2Fregistrations%2Famf-3gpp-access/put/201/parameter/Location/scalar/schema"
  },
  "id": "file:///Users/abettati/Desktop/apisContentFull/1825.json#/web-api/end-points/%2F%7BueId%7D%2Fregistrations%2Famf-3gpp-access/put/201/parameter/Location"
}, {
  "http://a.ml/vocabularies/apiContract#binding": "path",
  "http://a.ml/vocabularies/apiContract#explode": "false",
  "http://a.ml/vocabularies/apiContract#paramName": "ueId",
  "http://a.ml/vocabularies/apiContract#required": "true",
  "http://a.ml/vocabularies/apiContract#style": "simple",
  "http://a.ml/vocabularies/core#description": "Identifier of the UE",
  "http://a.ml/vocabularies/core#name": "ueId",
  "http://a.ml/vocabularies/shapes#schema": {
    "http://a.ml/vocabularies/document#link-label": "TS29571_CommonData.yaml#/components/schemas/Supi",
    "http://a.ml/vocabularies/document#recursive": "true",
    "http://www.w3.org/ns/shacl#name": "ueId",
    "id": "file:///Users/abettati/Desktop/apisContentFull/1825.json#/web-api/end-points/%2F%7BueId%7D%2Fregistrations%2Famf-3gpp-access/put/requestBody/parameter/ueId/unresolved"
  },
  "id": "file:///Users/abettati/Desktop/apisContentFull/1825.json#/web-api/end-points/%2F%7BueId%7D%2Fregistrations%2Famf-3gpp-access/put/requestBody/parameter/ueId"
}, {
  "http://a.ml/vocabularies/apiContract#binding": "path",
  "http://a.ml/vocabularies/apiContract#explode": "false",
  "http://a.ml/vocabularies/apiContract#paramName": "ueId",
  "http://a.ml/vocabularies/apiContract#required": "true",
  "http://a.ml/vocabularies/apiContract#style": "simple",
  "http://a.ml/vocabularies/core#description": "Identifier of the UE",
  "http://a.ml/vocabularies/core#name": "ueId",
  "http://a.ml/vocabularies/shapes#schema": {
    "http://a.ml/vocabularies/document#link-label": "TS29571_CommonData.yaml#/components/schemas/Supi",
    "http://a.ml/vocabularies/document#recursive": "true",
    "http://www.w3.org/ns/shacl#name": "ueId",
    "id": "file:///Users/abettati/Desktop/apisContentFull/1825.json#/web-api/end-points/%2F%7BueId%7D%2Fregistrations%2Famf-3gpp-access/patch/requestBody/parameter/ueId/unresolved"
  },
  "id": "file:///Users/abettati/Desktop/apisContentFull/1825.json#/web-api/end-points/%2F%7BueId%7D%2Fregistrations%2Famf-3gpp-access/patch/requestBody/parameter/ueId"
}, {
  "http://a.ml/vocabularies/apiContract#binding": "path",
  "http://a.ml/vocabularies/apiContract#explode": "false",
  "http://a.ml/vocabularies/apiContract#paramName": "ueId",
  "http://a.ml/vocabularies/apiContract#required": "true",
  "http://a.ml/vocabularies/apiContract#style": "simple",
  "http://a.ml/vocabularies/core#description": "Identifier of the UE",
  "http://a.ml/vocabularies/core#name": "ueId",
  "http://a.ml/vocabularies/shapes#schema": {
    "http://a.ml/vocabularies/document#recursive": "true",
    "http://www.w3.org/ns/shacl#name": "ueId",
    "id": "file:///Users/abettati/Desktop/apisContentFull/1825.json#/web-api/end-points/%2F%7BueId%7D%2Fregistrations%2Famf-3gpp-access/get/request/parameter/ueId/unresolved"
  },
  "id": "file:///Users/abettati/Desktop/apisContentFull/1825.json#/web-api/end-points/%2F%7BueId%7D%2Fregistrations%2Famf-3gpp-access/get/request/parameter/ueId"
}, {
  "http://a.ml/vocabularies/apiContract#binding": "header",
  "http://a.ml/vocabularies/apiContract#explode": "false",
  "http://a.ml/vocabularies/apiContract#required": "true",
  "http://a.ml/vocabularies/apiContract#style": "simple",
  "http://a.ml/vocabularies/core#description": "Contains the URI of the newly created resource, according to the structure: {apiRoot}/nudm-uecm/v1/{ueId}/registrations/amf-non-3gpp-access",
  "http://a.ml/vocabularies/core#name": "Location",
  "http://a.ml/vocabularies/shapes#schema": {
    "http://www.w3.org/ns/shacl#datatype": "http://www.w3.org/2001/XMLSchema#string",
    "http://www.w3.org/ns/shacl#name": "schema",
    "id": "file:///Users/abettati/Desktop/apisContentFull/1825.json#/web-api/end-points/%2F%7BueId%7D%2Fregistrations%2Famf-non-3gpp-access/put/201/parameter/Location/scalar/schema"
  },
  "id": "file:///Users/abettati/Desktop/apisContentFull/1825.json#/web-api/end-points/%2F%7BueId%7D%2Fregistrations%2Famf-non-3gpp-access/put/201/parameter/Location"
}, {
  "http://a.ml/vocabularies/apiContract#binding": "path",
  "http://a.ml/vocabularies/apiContract#explode": "false",
  "http://a.ml/vocabularies/apiContract#paramName": "ueId",
  "http://a.ml/vocabularies/apiContract#required": "true",
  "http://a.ml/vocabularies/apiContract#style": "simple",
  "http://a.ml/vocabularies/core#description": "Identifier of the UE",
  "http://a.ml/vocabularies/core#name": "ueId",
  "http://a.ml/vocabularies/shapes#schema": {
    "http://a.ml/vocabularies/document#link-label": "TS29571_CommonData.yaml#/components/schemas/Supi",
    "http://a.ml/vocabularies/document#recursive": "true",
    "http://www.w3.org/ns/shacl#name": "ueId",
    "id": "file:///Users/abettati/Desktop/apisContentFull/1825.json#/web-api/end-points/%2F%7BueId%7D%2Fregistrations%2Famf-non-3gpp-access/put/requestBody/parameter/ueId/unresolved"
  },
  "id": "file:///Users/abettati/Desktop/apisContentFull/1825.json#/web-api/end-points/%2F%7BueId%7D%2Fregistrations%2Famf-non-3gpp-access/put/requestBody/parameter/ueId"
}, {
  "http://a.ml/vocabularies/apiContract#binding": "path",
  "http://a.ml/vocabularies/apiContract#explode": "false",
  "http://a.ml/vocabularies/apiContract#paramName": "ueId",
  "http://a.ml/vocabularies/apiContract#required": "true",
  "http://a.ml/vocabularies/apiContract#style": "simple",
  "http://a.ml/vocabularies/core#description": "Identifier of the UE",
  "http://a.ml/vocabularies/core#name": "ueId",
  "http://a.ml/vocabularies/shapes#schema": {
    "http://a.ml/vocabularies/document#link-label": "TS29571_CommonData.yaml#/components/schemas/Supi",
    "http://a.ml/vocabularies/document#recursive": "true",
    "http://www.w3.org/ns/shacl#name": "ueId",
    "id": "file:///Users/abettati/Desktop/apisContentFull/1825.json#/web-api/end-points/%2F%7BueId%7D%2Fregistrations%2Famf-non-3gpp-access/patch/requestBody/parameter/ueId/unresolved"
  },
  "id": "file:///Users/abettati/Desktop/apisContentFull/1825.json#/web-api/end-points/%2F%7BueId%7D%2Fregistrations%2Famf-non-3gpp-access/patch/requestBody/parameter/ueId"
}, {
  "http://a.ml/vocabularies/apiContract#binding": "path",
  "http://a.ml/vocabularies/apiContract#explode": "false",
  "http://a.ml/vocabularies/apiContract#paramName": "ueId",
  "http://a.ml/vocabularies/apiContract#required": "true",
  "http://a.ml/vocabularies/apiContract#style": "simple",
  "http://a.ml/vocabularies/core#description": "Identifier of the UE",
  "http://a.ml/vocabularies/core#name": "ueId",
  "http://a.ml/vocabularies/shapes#schema": {
    "http://a.ml/vocabularies/document#link-label": "TS29571_CommonData.yaml#/components/schemas/VarUeId",
    "http://a.ml/vocabularies/document#recursive": "true",
    "http://www.w3.org/ns/shacl#name": "ueId",
    "id": "file:///Users/abettati/Desktop/apisContentFull/1825.json#/web-api/end-points/%2F%7BueId%7D%2Fregistrations%2Famf-non-3gpp-access/get/request/parameter/ueId/unresolved"
  },
  "id": "file:///Users/abettati/Desktop/apisContentFull/1825.json#/web-api/end-points/%2F%7BueId%7D%2Fregistrations%2Famf-non-3gpp-access/get/request/parameter/ueId"
}, {
  "http://a.ml/vocabularies/apiContract#binding": "header",
  "http://a.ml/vocabularies/apiContract#explode": "false",
  "http://a.ml/vocabularies/apiContract#required": "true",
  "http://a.ml/vocabularies/apiContract#style": "simple",
  "http://a.ml/vocabularies/core#description": "Contains the URI of the newly created resource, according to the structure: {apiRoot}/nudm-uecm/v1/{ueId}/registrations/smf-registrations/{pduSessionId}",
  "http://a.ml/vocabularies/core#name": "Location",
  "http://a.ml/vocabularies/shapes#schema": {
    "http://www.w3.org/ns/shacl#datatype": "http://www.w3.org/2001/XMLSchema#string",
    "http://www.w3.org/ns/shacl#name": "schema",
    "id": "file:///Users/abettati/Desktop/apisContentFull/1825.json#/web-api/end-points/%2F%7BueId%7D%2Fregistrations%2Fsmf-registrations%2F%7BpduSessionId%7D/put/201/parameter/Location/scalar/schema"
  },
  "id": "file:///Users/abettati/Desktop/apisContentFull/1825.json#/web-api/end-points/%2F%7BueId%7D%2Fregistrations%2Fsmf-registrations%2F%7BpduSessionId%7D/put/201/parameter/Location"
}, {
  "http://a.ml/vocabularies/apiContract#binding": "path",
  "http://a.ml/vocabularies/apiContract#explode": "false",
  "http://a.ml/vocabularies/apiContract#paramName": "ueId",
  "http://a.ml/vocabularies/apiContract#required": "true",
  "http://a.ml/vocabularies/apiContract#style": "simple",
  "http://a.ml/vocabularies/core#description": "Identifier of the UE",
  "http://a.ml/vocabularies/core#name": "ueId",
  "http://a.ml/vocabularies/shapes#schema": {
    "http://a.ml/vocabularies/document#link-label": "TS29571_CommonData.yaml#/components/schemas/Supi",
    "http://a.ml/vocabularies/document#recursive": "true",
    "http://www.w3.org/ns/shacl#name": "ueId",
    "id": "file:///Users/abettati/Desktop/apisContentFull/1825.json#/web-api/end-points/%2F%7BueId%7D%2Fregistrations%2Fsmf-registrations%2F%7BpduSessionId%7D/put/requestBody/parameter/ueId/unresolved"
  },
  "id": "file:///Users/abettati/Desktop/apisContentFull/1825.json#/web-api/end-points/%2F%7BueId%7D%2Fregistrations%2Fsmf-registrations%2F%7BpduSessionId%7D/put/requestBody/parameter/ueId"
}, {
  "http://a.ml/vocabularies/apiContract#binding": "path",
  "http://a.ml/vocabularies/apiContract#explode": "false",
  "http://a.ml/vocabularies/apiContract#paramName": "pduSessionId",
  "http://a.ml/vocabularies/apiContract#required": "true",
  "http://a.ml/vocabularies/apiContract#style": "simple",
  "http://a.ml/vocabularies/core#description": "Identifier of the PDU session",
  "http://a.ml/vocabularies/core#name": "pduSessionId",
  "http://a.ml/vocabularies/shapes#schema": {
    "http://a.ml/vocabularies/document#link-label": "TS29571_CommonData.yaml#/components/schemas/PduSessionId",
    "http://a.ml/vocabularies/document#recursive": "true",
    "http://www.w3.org/ns/shacl#name": "pduSessionId",
    "id": "file:///Users/abettati/Desktop/apisContentFull/1825.json#/web-api/end-points/%2F%7BueId%7D%2Fregistrations%2Fsmf-registrations%2F%7BpduSessionId%7D/put/requestBody/parameter/pduSessionId/unresolved"
  },
  "id": "file:///Users/abettati/Desktop/apisContentFull/1825.json#/web-api/end-points/%2F%7BueId%7D%2Fregistrations%2Fsmf-registrations%2F%7BpduSessionId%7D/put/requestBody/parameter/pduSessionId"
}, {
  "http://a.ml/vocabularies/apiContract#binding": "path",
  "http://a.ml/vocabularies/apiContract#explode": "false",
  "http://a.ml/vocabularies/apiContract#paramName": "ueId",
  "http://a.ml/vocabularies/apiContract#required": "true",
  "http://a.ml/vocabularies/apiContract#style": "simple",
  "http://a.ml/vocabularies/core#description": "Identifier of the UE",
  "http://a.ml/vocabularies/core#name": "ueId",
  "http://a.ml/vocabularies/shapes#schema": {
    "http://a.ml/vocabularies/document#link-label": "TS29571_CommonData.yaml#/components/schemas/Supi",
    "http://a.ml/vocabularies/document#recursive": "true",
    "http://www.w3.org/ns/shacl#name": "ueId",
    "id": "file:///Users/abettati/Desktop/apisContentFull/1825.json#/web-api/end-points/%2F%7BueId%7D%2Fregistrations%2Fsmf-registrations%2F%7BpduSessionId%7D/delete/request/parameter/ueId/unresolved"
  },
  "id": "file:///Users/abettati/Desktop/apisContentFull/1825.json#/web-api/end-points/%2F%7BueId%7D%2Fregistrations%2Fsmf-registrations%2F%7BpduSessionId%7D/delete/request/parameter/ueId"
}, {
  "http://a.ml/vocabularies/apiContract#binding": "path",
  "http://a.ml/vocabularies/apiContract#explode": "false",
  "http://a.ml/vocabularies/apiContract#paramName": "pduSessionId",
  "http://a.ml/vocabularies/apiContract#required": "true",
  "http://a.ml/vocabularies/apiContract#style": "simple",
  "http://a.ml/vocabularies/core#description": "Identifier of the PDU session",
  "http://a.ml/vocabularies/core#name": "pduSessionId",
  "http://a.ml/vocabularies/shapes#schema": {
    "http://a.ml/vocabularies/document#link-label": "TS29571_CommonData.yaml#/components/schemas/PduSessionId",
    "http://a.ml/vocabularies/document#recursive": "true",
    "http://www.w3.org/ns/shacl#name": "pduSessionId",
    "id": "file:///Users/abettati/Desktop/apisContentFull/1825.json#/web-api/end-points/%2F%7BueId%7D%2Fregistrations%2Fsmf-registrations%2F%7BpduSessionId%7D/delete/request/parameter/pduSessionId/unresolved"
  },
  "id": "file:///Users/abettati/Desktop/apisContentFull/1825.json#/web-api/end-points/%2F%7BueId%7D%2Fregistrations%2Fsmf-registrations%2F%7BpduSessionId%7D/delete/request/parameter/pduSessionId"
}, {
  "http://a.ml/vocabularies/apiContract#binding": "header",
  "http://a.ml/vocabularies/apiContract#explode": "false",
  "http://a.ml/vocabularies/apiContract#required": "true",
  "http://a.ml/vocabularies/apiContract#style": "simple",
  "http://a.ml/vocabularies/core#description": "Contains the URI of the newly created resource, according to the structure: {apiRoot}/nudm-uecm/v1/{ueId}/registrations/smsf-3gpp-access",
  "http://a.ml/vocabularies/core#name": "Location",
  "http://a.ml/vocabularies/shapes#schema": {
    "http://www.w3.org/ns/shacl#datatype": "http://www.w3.org/2001/XMLSchema#string",
    "http://www.w3.org/ns/shacl#name": "schema",
    "id": "file:///Users/abettati/Desktop/apisContentFull/1825.json#/web-api/end-points/%2F%7BueId%7D%2Fregistrations%2Fsmsf-3gpp-access/put/201/parameter/Location/scalar/schema"
  },
  "id": "file:///Users/abettati/Desktop/apisContentFull/1825.json#/web-api/end-points/%2F%7BueId%7D%2Fregistrations%2Fsmsf-3gpp-access/put/201/parameter/Location"
}, {
  "http://a.ml/vocabularies/apiContract#binding": "path",
  "http://a.ml/vocabularies/apiContract#explode": "false",
  "http://a.ml/vocabularies/apiContract#paramName": "ueId",
  "http://a.ml/vocabularies/apiContract#required": "true",
  "http://a.ml/vocabularies/apiContract#style": "simple",
  "http://a.ml/vocabularies/core#description": "Identifier of the UE",
  "http://a.ml/vocabularies/core#name": "ueId",
  "http://a.ml/vocabularies/shapes#schema": {
    "http://a.ml/vocabularies/document#link-label": "TS29571_CommonData.yaml#/components/schemas/Supi",
    "http://a.ml/vocabularies/document#recursive": "true",
    "http://www.w3.org/ns/shacl#name": "ueId",
    "id": "file:///Users/abettati/Desktop/apisContentFull/1825.json#/web-api/end-points/%2F%7BueId%7D%2Fregistrations%2Fsmsf-3gpp-access/put/requestBody/parameter/ueId/unresolved"
  },
  "id": "file:///Users/abettati/Desktop/apisContentFull/1825.json#/web-api/end-points/%2F%7BueId%7D%2Fregistrations%2Fsmsf-3gpp-access/put/requestBody/parameter/ueId"
}, {
  "http://a.ml/vocabularies/apiContract#binding": "path",
  "http://a.ml/vocabularies/apiContract#explode": "false",
  "http://a.ml/vocabularies/apiContract#paramName": "ueId",
  "http://a.ml/vocabularies/apiContract#required": "true",
  "http://a.ml/vocabularies/apiContract#style": "simple",
  "http://a.ml/vocabularies/core#description": "Identifier of the UE",
  "http://a.ml/vocabularies/core#name": "ueId",
  "http://a.ml/vocabularies/shapes#schema": {
    "http://a.ml/vocabularies/document#link-label": "TS29571_CommonData.yaml#/components/schemas/Supi",
    "http://a.ml/vocabularies/document#recursive": "true",
    "http://www.w3.org/ns/shacl#name": "ueId",
    "id": "file:///Users/abettati/Desktop/apisContentFull/1825.json#/web-api/end-points/%2F%7BueId%7D%2Fregistrations%2Fsmsf-3gpp-access/delete/request/parameter/ueId/unresolved"
  },
  "id": "file:///Users/abettati/Desktop/apisContentFull/1825.json#/web-api/end-points/%2F%7BueId%7D%2Fregistrations%2Fsmsf-3gpp-access/delete/request/parameter/ueId"
}, {
  "http://a.ml/vocabularies/apiContract#binding": "path",
  "http://a.ml/vocabularies/apiContract#explode": "false",
  "http://a.ml/vocabularies/apiContract#paramName": "ueId",
  "http://a.ml/vocabularies/apiContract#required": "true",
  "http://a.ml/vocabularies/apiContract#style": "simple",
  "http://a.ml/vocabularies/core#description": "Identifier of the UE",
  "http://a.ml/vocabularies/core#name": "ueId",
  "http://a.ml/vocabularies/shapes#schema": {
    "http://a.ml/vocabularies/document#recursive": "true",
    "http://www.w3.org/ns/shacl#name": "ueId",
    "id": "file:///Users/abettati/Desktop/apisContentFull/1825.json#/web-api/end-points/%2F%7BueId%7D%2Fregistrations%2Fsmsf-3gpp-access/get/request/parameter/ueId/unresolved"
  },
  "id": "file:///Users/abettati/Desktop/apisContentFull/1825.json#/web-api/end-points/%2F%7BueId%7D%2Fregistrations%2Fsmsf-3gpp-access/get/request/parameter/ueId"
}, {
  "http://a.ml/vocabularies/apiContract#binding": "header",
  "http://a.ml/vocabularies/apiContract#explode": "false",
  "http://a.ml/vocabularies/apiContract#required": "true",
  "http://a.ml/vocabularies/apiContract#style": "simple",
  "http://a.ml/vocabularies/core#description": "Contains the URI of the newly created resource, according to the structure: {apiRoot}/nudm-uecm/v1/{ueId}/registrations/smsf-non-3gpp-access",
  "http://a.ml/vocabularies/core#name": "Location",
  "http://a.ml/vocabularies/shapes#schema": {
    "http://www.w3.org/ns/shacl#datatype": "http://www.w3.org/2001/XMLSchema#string",
    "http://www.w3.org/ns/shacl#name": "schema",
    "id": "file:///Users/abettati/Desktop/apisContentFull/1825.json#/web-api/end-points/%2F%7BueId%7D%2Fregistrations%2Fsmsf-non-3gpp-access/put/201/parameter/Location/scalar/schema"
  },
  "id": "file:///Users/abettati/Desktop/apisContentFull/1825.json#/web-api/end-points/%2F%7BueId%7D%2Fregistrations%2Fsmsf-non-3gpp-access/put/201/parameter/Location"
}, {
  "http://a.ml/vocabularies/apiContract#binding": "path",
  "http://a.ml/vocabularies/apiContract#explode": "false",
  "http://a.ml/vocabularies/apiContract#paramName": "ueId",
  "http://a.ml/vocabularies/apiContract#required": "true",
  "http://a.ml/vocabularies/apiContract#style": "simple",
  "http://a.ml/vocabularies/core#description": "Identifier of the UE",
  "http://a.ml/vocabularies/core#name": "ueId",
  "http://a.ml/vocabularies/shapes#schema": {
    "http://a.ml/vocabularies/document#link-label": "TS29571_CommonData.yaml#/components/schemas/Supi",
    "http://a.ml/vocabularies/document#recursive": "true",
    "http://www.w3.org/ns/shacl#name": "ueId",
    "id": "file:///Users/abettati/Desktop/apisContentFull/1825.json#/web-api/end-points/%2F%7BueId%7D%2Fregistrations%2Fsmsf-non-3gpp-access/put/requestBody/parameter/ueId/unresolved"
  },
  "id": "file:///Users/abettati/Desktop/apisContentFull/1825.json#/web-api/end-points/%2F%7BueId%7D%2Fregistrations%2Fsmsf-non-3gpp-access/put/requestBody/parameter/ueId"
}, {
  "http://a.ml/vocabularies/apiContract#binding": "path",
  "http://a.ml/vocabularies/apiContract#explode": "false",
  "http://a.ml/vocabularies/apiContract#paramName": "ueId",
  "http://a.ml/vocabularies/apiContract#required": "true",
  "http://a.ml/vocabularies/apiContract#style": "simple",
  "http://a.ml/vocabularies/core#description": "Identifier of the UE",
  "http://a.ml/vocabularies/core#name": "ueId",
  "http://a.ml/vocabularies/shapes#schema": {
    "http://a.ml/vocabularies/document#link-label": "TS29571_CommonData.yaml#/components/schemas/Supi",
    "http://a.ml/vocabularies/document#recursive": "true",
    "http://www.w3.org/ns/shacl#name": "ueId",
    "id": "file:///Users/abettati/Desktop/apisContentFull/1825.json#/web-api/end-points/%2F%7BueId%7D%2Fregistrations%2Fsmsf-non-3gpp-access/delete/request/parameter/ueId/unresolved"
  },
  "id": "file:///Users/abettati/Desktop/apisContentFull/1825.json#/web-api/end-points/%2F%7BueId%7D%2Fregistrations%2Fsmsf-non-3gpp-access/delete/request/parameter/ueId"
}, {
  "http://a.ml/vocabularies/apiContract#binding": "path",
  "http://a.ml/vocabularies/apiContract#explode": "false",
  "http://a.ml/vocabularies/apiContract#paramName": "ueId",
  "http://a.ml/vocabularies/apiContract#required": "true",
  "http://a.ml/vocabularies/apiContract#style": "simple",
  "http://a.ml/vocabularies/core#description": "Identifier of the UE",
  "http://a.ml/vocabularies/core#name": "ueId",
  "http://a.ml/vocabularies/shapes#schema": {
    "http://a.ml/vocabularies/document#link-label": "TS29571_CommonData.yaml#/components/schemas/Gpsi",
    "http://a.ml/vocabularies/document#recursive": "true",
    "http://www.w3.org/ns/shacl#name": "ueId",
    "id": "file:///Users/abettati/Desktop/apisContentFull/1825.json#/web-api/end-points/%2F%7BueId%7D%2Fregistrations%2Fsmsf-non-3gpp-access/get/request/parameter/ueId/unresolved"
  },
  "id": "file:///Users/abettati/Desktop/apisContentFull/1825.json#/web-api/end-points/%2F%7BueId%7D%2Fregistrations%2Fsmsf-non-3gpp-access/get/request/parameter/ueId"
}]