[{
  "http://a.ml/vocabularies/apiContract#allowEmptyValue": "false",
  "http://a.ml/vocabularies/apiContract#allowReserved": "false",
  "http://a.ml/vocabularies/apiContract#binding": "query",
  "http://a.ml/vocabularies/apiContract#explode": "true",
  "http://a.ml/vocabularies/apiContract#paramName": "email",
  "http://a.ml/vocabularies/apiContract#required": "true",
  "http://a.ml/vocabularies/apiContract#style": "form",
  "http://a.ml/vocabularies/core#description": "User's email",
  "http://a.ml/vocabularies/core#name": "email",
  "http://a.ml/vocabularies/shapes#schema": {
    "http://www.w3.org/ns/shacl#datatype": "http://www.w3.org/2001/XMLSchema#string",
    "http://www.w3.org/ns/shacl#name": "email",
    "id": "file:///Users/abettati/Desktop/apisContentFull/5623.json#/web-api/end-points/%2Fauthenticate/post/request/parameter/email/scalar/email"
  },
  "id": "file:///Users/abettati/Desktop/apisContentFull/5623.json#/web-api/end-points/%2Fauthenticate/post/request/parameter/email"
}, {
  "http://a.ml/vocabularies/apiContract#allowEmptyValue": "false",
  "http://a.ml/vocabularies/apiContract#allowReserved": "false",
  "http://a.ml/vocabularies/apiContract#binding": "query",
  "http://a.ml/vocabularies/apiContract#explode": "true",
  "http://a.ml/vocabularies/apiContract#paramName": "password",
  "http://a.ml/vocabularies/apiContract#required": "true",
  "http://a.ml/vocabularies/apiContract#style": "form",
  "http://a.ml/vocabularies/core#description": "User's password",
  "http://a.ml/vocabularies/core#name": "password",
  "http://a.ml/vocabularies/shapes#schema": {
    "http://www.w3.org/ns/shacl#datatype": "http://www.w3.org/2001/XMLSchema#string",
    "http://www.w3.org/ns/shacl#name": "password",
    "id": "file:///Users/abettati/Desktop/apisContentFull/5623.json#/web-api/end-points/%2Fauthenticate/post/request/parameter/password/scalar/password"
  },
  "id": "file:///Users/abettati/Desktop/apisContentFull/5623.json#/web-api/end-points/%2Fauthenticate/post/request/parameter/password"
}]