[{
  "http://a.ml/vocabularies/apiContract#binding": "query",
  "http://a.ml/vocabularies/apiContract#paramName": "warehouseid",
  "http://a.ml/vocabularies/apiContract#required": "true",
  "http://a.ml/vocabularies/core#description": "pass a search string for looking up warehouse",
  "http://a.ml/vocabularies/core#name": "warehouseid",
  "http://a.ml/vocabularies/shapes#schema": {
    "http://a.ml/vocabularies/core#description": "pass a search string for looking up warehouse",
    "http://www.w3.org/ns/shacl#datatype": "http://www.w3.org/2001/XMLSchema#string",
    "http://www.w3.org/ns/shacl#name": "schema",
    "id": "file:///Users/abettati/Desktop/apisContentFull/5904.json#/web-api/end-points/%2Fwarehouse/get/request/parameter/warehouseid/scalar/schema"
  },
  "id": "file:///Users/abettati/Desktop/apisContentFull/5904.json#/web-api/end-points/%2Fwarehouse/get/request/parameter/warehouseid"
}]