[{
  "http://a.ml/vocabularies/apiContract#binding": "path",
  "http://a.ml/vocabularies/apiContract#paramName": "id",
  "http://a.ml/vocabularies/apiContract#required": "true",
  "http://a.ml/vocabularies/core#description": "Application Id",
  "http://a.ml/vocabularies/core#name": "id",
  "http://a.ml/vocabularies/shapes#schema": {
    "http://a.ml/vocabularies/core#description": "Application Id",
    "http://a.ml/vocabularies/shapes#format": "int64",
    "http://www.w3.org/ns/shacl#datatype": "http://www.w3.org/2001/XMLSchema#long",
    "http://www.w3.org/ns/shacl#name": "schema",
    "id": "file:///Users/abettati/Desktop/apisContentFull/2941.json#/web-api/end-points/%2Fapplications%2F%7Bid%7D/put/request/parameter/id/scalar/schema"
  },
  "id": "file:///Users/abettati/Desktop/apisContentFull/2941.json#/web-api/end-points/%2Fapplications%2F%7Bid%7D/put/request/parameter/id"
}, {
  "http://a.ml/vocabularies/apiContract#binding": "path",
  "http://a.ml/vocabularies/apiContract#paramName": "id",
  "http://a.ml/vocabularies/apiContract#required": "true",
  "http://a.ml/vocabularies/core#description": "Application Id",
  "http://a.ml/vocabularies/core#name": "id",
  "http://a.ml/vocabularies/shapes#schema": {
    "http://a.ml/vocabularies/core#description": "Application Id",
    "http://www.w3.org/ns/shacl#datatype": "http://www.w3.org/2001/XMLSchema#integer",
    "http://www.w3.org/ns/shacl#name": "schema",
    "id": "file:///Users/abettati/Desktop/apisContentFull/2941.json#/web-api/end-points/%2Fapplications%2F%7Bid%7D/get/request/parameter/id/scalar/schema"
  },
  "id": "file:///Users/abettati/Desktop/apisContentFull/2941.json#/web-api/end-points/%2Fapplications%2F%7Bid%7D/get/request/parameter/id"
}, {
  "http://a.ml/vocabularies/apiContract#binding": "path",
  "http://a.ml/vocabularies/apiContract#paramName": "memberId",
  "http://a.ml/vocabularies/apiContract#required": "true",
  "http://a.ml/vocabularies/core#description": "Individual Id of the member",
  "http://a.ml/vocabularies/core#name": "memberId",
  "http://a.ml/vocabularies/shapes#schema": {
    "http://a.ml/vocabularies/core#description": "Individual Id of the member",
    "http://www.w3.org/ns/shacl#datatype": "http://www.w3.org/2001/XMLSchema#integer",
    "http://www.w3.org/ns/shacl#name": "schema",
    "id": "file:///Users/abettati/Desktop/apisContentFull/2941.json#/web-api/end-points/%2Fjob-income%2F%7BmemberId%7D/get/request/parameter/memberId/scalar/schema"
  },
  "id": "file:///Users/abettati/Desktop/apisContentFull/2941.json#/web-api/end-points/%2Fjob-income%2F%7BmemberId%7D/get/request/parameter/memberId"
}, {
  "http://a.ml/vocabularies/apiContract#binding": "path",
  "http://a.ml/vocabularies/apiContract#paramName": "memberId",
  "http://a.ml/vocabularies/apiContract#required": "true",
  "http://a.ml/vocabularies/core#description": "Individual Id of the member",
  "http://a.ml/vocabularies/core#name": "memberId",
  "http://a.ml/vocabularies/shapes#schema": {
    "http://a.ml/vocabularies/core#description": "Individual Id of the member",
    "http://www.w3.org/ns/shacl#datatype": "http://www.w3.org/2001/XMLSchema#integer",
    "http://www.w3.org/ns/shacl#name": "schema",
    "id": "file:///Users/abettati/Desktop/apisContentFull/2941.json#/web-api/end-points/%2Fjob-income%2F%7BmemberId%7D/post/request/parameter/memberId/scalar/schema"
  },
  "id": "file:///Users/abettati/Desktop/apisContentFull/2941.json#/web-api/end-points/%2Fjob-income%2F%7BmemberId%7D/post/request/parameter/memberId"
}]