[{
  "http://a.ml/vocabularies/apiContract#allowEmptyValue": "false",
  "http://a.ml/vocabularies/apiContract#allowReserved": "false",
  "http://a.ml/vocabularies/apiContract#binding": "query",
  "http://a.ml/vocabularies/apiContract#explode": "true",
  "http://a.ml/vocabularies/apiContract#paramName": "contract",
  "http://a.ml/vocabularies/apiContract#required": "true",
  "http://a.ml/vocabularies/apiContract#style": "form",
  "http://a.ml/vocabularies/core#description": "contract name",
  "http://a.ml/vocabularies/core#name": "contract",
  "http://a.ml/vocabularies/shapes#schema": {
    "http://www.w3.org/ns/shacl#datatype": "http://www.w3.org/2001/XMLSchema#string",
    "http://www.w3.org/ns/shacl#name": "contract",
    "id": "file:///Users/abettati/Desktop/apisContentFull/6584.json#/web-api/end-points/%2Fcandles/parameter/contract/scalar/contract"
  },
  "id": "file:///Users/abettati/Desktop/apisContentFull/6584.json#/web-api/end-points/%2Fcandles/parameter/contract"
}, {
  "http://a.ml/vocabularies/apiContract#binding": "path",
  "http://a.ml/vocabularies/apiContract#explode": "false",
  "http://a.ml/vocabularies/apiContract#paramName": "exchange",
  "http://a.ml/vocabularies/apiContract#required": "true",
  "http://a.ml/vocabularies/apiContract#style": "simple",
  "http://a.ml/vocabularies/core#description": "exchange name",
  "http://a.ml/vocabularies/core#name": "exchange",
  "http://a.ml/vocabularies/shapes#schema": {
    "http://www.w3.org/ns/shacl#datatype": "http://www.w3.org/2001/XMLSchema#string",
    "http://www.w3.org/ns/shacl#name": "exchange",
    "id": "file:///Users/abettati/Desktop/apisContentFull/6584.json#/web-api/end-points/%2Fsingle-tick%2F%7Bexchange%7D%2F%7Bcontract%7D/parameter/exchange/scalar/exchange"
  },
  "id": "file:///Users/abettati/Desktop/apisContentFull/6584.json#/web-api/end-points/%2Fsingle-tick%2F%7Bexchange%7D%2F%7Bcontract%7D/parameter/exchange"
}, {
  "http://a.ml/vocabularies/apiContract#allowEmptyValue": "false",
  "http://a.ml/vocabularies/apiContract#allowReserved": "false",
  "http://a.ml/vocabularies/apiContract#binding": "query",
  "http://a.ml/vocabularies/apiContract#explode": "true",
  "http://a.ml/vocabularies/apiContract#paramName": "exchange",
  "http://a.ml/vocabularies/apiContract#required": "false",
  "http://a.ml/vocabularies/apiContract#style": "form",
  "http://a.ml/vocabularies/core#description": "exchange name",
  "http://a.ml/vocabularies/core#name": "exchange",
  "http://a.ml/vocabularies/shapes#schema": {
    "http://www.w3.org/ns/shacl#datatype": "http://www.w3.org/2001/XMLSchema#string",
    "http://www.w3.org/ns/shacl#name": "exchange",
    "id": "file:///Users/abettati/Desktop/apisContentFull/6584.json#/web-api/end-points/%2Fticks/parameter/exchange/scalar/exchange"
  },
  "id": "file:///Users/abettati/Desktop/apisContentFull/6584.json#/web-api/end-points/%2Fticks/parameter/exchange"
}]