[{
  "http://a.ml/vocabularies/apiContract#binding": "path",
  "http://a.ml/vocabularies/apiContract#paramName": "Id",
  "http://a.ml/vocabularies/apiContract#required": "true",
  "http://a.ml/vocabularies/core#description": "customerId",
  "http://a.ml/vocabularies/core#name": "Id",
  "http://a.ml/vocabularies/shapes#schema": {
    "http://a.ml/vocabularies/core#description": "customerId",
    "http://www.w3.org/ns/shacl#datatype": "http://www.w3.org/2001/XMLSchema#string",
    "http://www.w3.org/ns/shacl#name": "schema",
    "id": "file:///Users/abettati/Desktop/apisContentFull/8215.json#/web-api/end-points/%2FcustomerEnquiry%2FgetFullProfile%2F%7BId%7D/get/request/parameter/Id/scalar/schema"
  },
  "id": "file:///Users/abettati/Desktop/apisContentFull/8215.json#/web-api/end-points/%2FcustomerEnquiry%2FgetFullProfile%2F%7BId%7D/get/request/parameter/Id"
}]