[{
  "http://a.ml/vocabularies/apiContract#binding": "path",
  "http://a.ml/vocabularies/apiContract#explode": "false",
  "http://a.ml/vocabularies/apiContract#paramName": "orderId",
  "http://a.ml/vocabularies/apiContract#required": "true",
  "http://a.ml/vocabularies/apiContract#style": "simple",
  "http://a.ml/vocabularies/core#description": "Andromeda Order ID",
  "http://a.ml/vocabularies/core#name": "orderId",
  "http://a.ml/vocabularies/shapes#schema": {
    "http://www.w3.org/ns/shacl#datatype": "http://www.w3.org/2001/XMLSchema#integer",
    "http://www.w3.org/ns/shacl#name": "orderId",
    "id": "file:///Users/abettati/Desktop/apisContentFull/579.json#/web-api/end-points/%2Forders%2F%7BorderId%7D/get/request/parameter/orderId/scalar/orderId"
  },
  "id": "file:///Users/abettati/Desktop/apisContentFull/579.json#/web-api/end-points/%2Forders%2F%7BorderId%7D/get/request/parameter/orderId"
}, {
  "http://a.ml/vocabularies/apiContract#binding": "path",
  "http://a.ml/vocabularies/apiContract#explode": "false",
  "http://a.ml/vocabularies/apiContract#paramName": "orderId",
  "http://a.ml/vocabularies/apiContract#required": "true",
  "http://a.ml/vocabularies/apiContract#style": "simple",
  "http://a.ml/vocabularies/core#description": "Andromeda Order ID",
  "http://a.ml/vocabularies/core#name": "orderId",
  "http://a.ml/vocabularies/shapes#schema": {
    "http://www.w3.org/ns/shacl#datatype": "http://www.w3.org/2001/XMLSchema#integer",
    "http://www.w3.org/ns/shacl#name": "orderId",
    "id": "file:///Users/abettati/Desktop/apisContentFull/579.json#/web-api/end-points/%2Forders%2F%7BorderId%7D/put/requestBody/parameter/orderId/scalar/orderId"
  },
  "id": "file:///Users/abettati/Desktop/apisContentFull/579.json#/web-api/end-points/%2Forders%2F%7BorderId%7D/put/requestBody/parameter/orderId"
}, {
  "http://a.ml/vocabularies/apiContract#binding": "path",
  "http://a.ml/vocabularies/apiContract#explode": "false",
  "http://a.ml/vocabularies/apiContract#paramName": "userId",
  "http://a.ml/vocabularies/apiContract#required": "true",
  "http://a.ml/vocabularies/apiContract#style": "simple",
  "http://a.ml/vocabularies/core#description": "Andromeda User ID",
  "http://a.ml/vocabularies/core#name": "userId",
  "http://a.ml/vocabularies/shapes#schema": {
    "http://www.w3.org/ns/shacl#datatype": "http://www.w3.org/2001/XMLSchema#string",
    "http://www.w3.org/ns/shacl#name": "userId",
    "id": "file:///Users/abettati/Desktop/apisContentFull/579.json#/web-api/end-points/%2Fusers%2F%7BuserId%7D/get/request/parameter/userId/scalar/userId"
  },
  "id": "file:///Users/abettati/Desktop/apisContentFull/579.json#/web-api/end-points/%2Fusers%2F%7BuserId%7D/get/request/parameter/userId"
}]