[{
  "http://a.ml/vocabularies/apiContract#binding": "query",
  "http://a.ml/vocabularies/apiContract#paramName": "matchmaker",
  "http://a.ml/vocabularies/apiContract#required": "false",
  "http://a.ml/vocabularies/core#description": "Find only singles connected to this matchmaker (username).",
  "http://a.ml/vocabularies/core#name": "matchmaker",
  "http://a.ml/vocabularies/shapes#schema": {
    "http://a.ml/vocabularies/core#description": "Find only singles connected to this matchmaker (username).",
    "http://www.w3.org/ns/shacl#datatype": "http://www.w3.org/2001/XMLSchema#string",
    "http://www.w3.org/ns/shacl#name": "schema",
    "id": "file:///Users/abettati/Desktop/apisContentFull/2064.json#/web-api/end-points/%2Fusers/get/request/parameter/matchmaker/scalar/schema"
  },
  "id": "file:///Users/abettati/Desktop/apisContentFull/2064.json#/web-api/end-points/%2Fusers/get/request/parameter/matchmaker"
}, {
  "http://a.ml/vocabularies/apiContract#binding": "query",
  "http://a.ml/vocabularies/apiContract#paramName": "query",
  "http://a.ml/vocabularies/apiContract#required": "false",
  "http://a.ml/vocabularies/core#description": "Text to search for. Will look at the user's name and username.",
  "http://a.ml/vocabularies/core#name": "query",
  "http://a.ml/vocabularies/shapes#schema": {
    "http://a.ml/vocabularies/core#description": "Text to search for. Will look at the user's name and username.",
    "http://www.w3.org/ns/shacl#datatype": "http://www.w3.org/2001/XMLSchema#string",
    "http://www.w3.org/ns/shacl#name": "schema",
    "id": "file:///Users/abettati/Desktop/apisContentFull/2064.json#/web-api/end-points/%2Fusers/get/request/parameter/query/scalar/schema"
  },
  "id": "file:///Users/abettati/Desktop/apisContentFull/2064.json#/web-api/end-points/%2Fusers/get/request/parameter/query"
}, {
  "http://a.ml/vocabularies/apiContract#binding": "query",
  "http://a.ml/vocabularies/apiContract#paramName": "singles_only",
  "http://a.ml/vocabularies/apiContract#required": "false",
  "http://a.ml/vocabularies/core#description": "Use this to filter only singles or matchmakers.",
  "http://a.ml/vocabularies/core#name": "singles_only",
  "http://a.ml/vocabularies/shapes#schema": {
    "http://a.ml/vocabularies/core#description": "Use this to filter only singles or matchmakers.",
    "http://www.w3.org/ns/shacl#datatype": "http://www.w3.org/2001/XMLSchema#boolean",
    "http://www.w3.org/ns/shacl#name": "schema",
    "id": "file:///Users/abettati/Desktop/apisContentFull/2064.json#/web-api/end-points/%2Fusers/get/request/parameter/singles_only/scalar/schema"
  },
  "id": "file:///Users/abettati/Desktop/apisContentFull/2064.json#/web-api/end-points/%2Fusers/get/request/parameter/singles_only"
}, {
  "http://a.ml/vocabularies/apiContract#binding": "query",
  "http://a.ml/vocabularies/apiContract#paramName": "exclude_my_connections",
  "http://a.ml/vocabularies/apiContract#required": "false",
  "http://a.ml/vocabularies/core#description": "Set to true if the logged-in user's connections should not be included in the results.",
  "http://a.ml/vocabularies/core#name": "exclude_my_connections",
  "http://a.ml/vocabularies/shapes#schema": {
    "http://a.ml/vocabularies/core#description": "Set to true if the logged-in user's connections should not be included in the results.",
    "http://www.w3.org/ns/shacl#datatype": "http://www.w3.org/2001/XMLSchema#boolean",
    "http://www.w3.org/ns/shacl#name": "schema",
    "id": "file:///Users/abettati/Desktop/apisContentFull/2064.json#/web-api/end-points/%2Fusers/get/request/parameter/exclude_my_connections/scalar/schema"
  },
  "id": "file:///Users/abettati/Desktop/apisContentFull/2064.json#/web-api/end-points/%2Fusers/get/request/parameter/exclude_my_connections"
}, {
  "http://a.ml/vocabularies/apiContract#binding": "query",
  "http://a.ml/vocabularies/apiContract#paramName": "age_from",
  "http://a.ml/vocabularies/apiContract#required": "false",
  "http://a.ml/vocabularies/core#description": "Filter the results to only results within this age range.",
  "http://a.ml/vocabularies/core#name": "age_from",
  "http://a.ml/vocabularies/shapes#schema": {
    "http://a.ml/vocabularies/core#description": "Filter the results to only results within this age range.",
    "http://www.w3.org/ns/shacl#datatype": "http://www.w3.org/2001/XMLSchema#integer",
    "http://www.w3.org/ns/shacl#name": "schema",
    "id": "file:///Users/abettati/Desktop/apisContentFull/2064.json#/web-api/end-points/%2Fusers%2F%7Busername%7D%2Fpotential-matches/get/request/parameter/age_from/scalar/schema"
  },
  "id": "file:///Users/abettati/Desktop/apisContentFull/2064.json#/web-api/end-points/%2Fusers%2F%7Busername%7D%2Fpotential-matches/get/request/parameter/age_from"
}, {
  "http://a.ml/vocabularies/apiContract#binding": "query",
  "http://a.ml/vocabularies/apiContract#paramName": "age_to",
  "http://a.ml/vocabularies/apiContract#required": "false",
  "http://a.ml/vocabularies/core#description": "Filter the results to only results within this age range.",
  "http://a.ml/vocabularies/core#name": "age_to",
  "http://a.ml/vocabularies/shapes#schema": {
    "http://a.ml/vocabularies/core#description": "Filter the results to only results within this age range.",
    "http://www.w3.org/ns/shacl#datatype": "http://www.w3.org/2001/XMLSchema#integer",
    "http://www.w3.org/ns/shacl#name": "schema",
    "id": "file:///Users/abettati/Desktop/apisContentFull/2064.json#/web-api/end-points/%2Fusers%2F%7Busername%7D%2Fpotential-matches/get/request/parameter/age_to/scalar/schema"
  },
  "id": "file:///Users/abettati/Desktop/apisContentFull/2064.json#/web-api/end-points/%2Fusers%2F%7Busername%7D%2Fpotential-matches/get/request/parameter/age_to"
}, {
  "http://a.ml/vocabularies/apiContract#binding": "query",
  "http://a.ml/vocabularies/apiContract#paramName": "matchmaker",
  "http://a.ml/vocabularies/apiContract#required": "false",
  "http://a.ml/vocabularies/core#description": "Find only singles connected to this matchmaker (username).",
  "http://a.ml/vocabularies/core#name": "matchmaker",
  "http://a.ml/vocabularies/shapes#schema": {
    "http://a.ml/vocabularies/core#description": "Find only singles connected to this matchmaker (username).",
    "http://www.w3.org/ns/shacl#datatype": "http://www.w3.org/2001/XMLSchema#string",
    "http://www.w3.org/ns/shacl#name": "schema",
    "id": "file:///Users/abettati/Desktop/apisContentFull/2064.json#/web-api/end-points/%2Fusers%2F%7Busername%7D%2Fpotential-matches/get/request/parameter/matchmaker/scalar/schema"
  },
  "id": "file:///Users/abettati/Desktop/apisContentFull/2064.json#/web-api/end-points/%2Fusers%2F%7Busername%7D%2Fpotential-matches/get/request/parameter/matchmaker"
}]