[{
  "http://a.ml/vocabularies/apiContract#binding": "path",
  "http://a.ml/vocabularies/apiContract#explode": "false",
  "http://a.ml/vocabularies/apiContract#paramName": "Id",
  "http://a.ml/vocabularies/apiContract#required": "true",
  "http://a.ml/vocabularies/apiContract#style": "simple",
  "http://a.ml/vocabularies/core#description": "Parameter description in CommonMark or HTML.",
  "http://a.ml/vocabularies/core#name": "Id",
  "http://a.ml/vocabularies/shapes#schema": {
    "http://www.w3.org/ns/shacl#datatype": "http://www.w3.org/2001/XMLSchema#string",
    "http://www.w3.org/ns/shacl#name": "Id",
    "id": "file:///Users/abettati/Desktop/apisContentFull/4289.json#/web-api/end-points/%2FRegistrationUTILSystemAPI%2FAccount%2F%7BId%7D/get/request/parameter/Id/scalar/Id"
  },
  "id": "file:///Users/abettati/Desktop/apisContentFull/4289.json#/web-api/end-points/%2FRegistrationUTILSystemAPI%2FAccount%2F%7BId%7D/get/request/parameter/Id"
}, {
  "http://a.ml/vocabularies/apiContract#binding": "path",
  "http://a.ml/vocabularies/apiContract#explode": "false",
  "http://a.ml/vocabularies/apiContract#paramName": "Id",
  "http://a.ml/vocabularies/apiContract#required": "true",
  "http://a.ml/vocabularies/apiContract#style": "simple",
  "http://a.ml/vocabularies/core#description": "Parameter description in CommonMark or HTML.",
  "http://a.ml/vocabularies/core#name": "Id",
  "http://a.ml/vocabularies/shapes#schema": {
    "http://www.w3.org/ns/shacl#datatype": "http://www.w3.org/2001/XMLSchema#string",
    "http://www.w3.org/ns/shacl#name": "Id",
    "id": "file:///Users/abettati/Desktop/apisContentFull/4289.json#/web-api/end-points/%2FRegistrationUTILSystemAPI%2FAccountContacts%2F%7BId%7D/get/request/parameter/Id/scalar/Id"
  },
  "id": "file:///Users/abettati/Desktop/apisContentFull/4289.json#/web-api/end-points/%2FRegistrationUTILSystemAPI%2FAccountContacts%2F%7BId%7D/get/request/parameter/Id"
}, {
  "http://a.ml/vocabularies/apiContract#binding": "path",
  "http://a.ml/vocabularies/apiContract#explode": "false",
  "http://a.ml/vocabularies/apiContract#paramName": "Id",
  "http://a.ml/vocabularies/apiContract#required": "true",
  "http://a.ml/vocabularies/apiContract#style": "simple",
  "http://a.ml/vocabularies/core#description": "Parameter description in CommonMark or HTML.",
  "http://a.ml/vocabularies/core#name": "Id",
  "http://a.ml/vocabularies/shapes#schema": {
    "http://www.w3.org/ns/shacl#datatype": "http://www.w3.org/2001/XMLSchema#string",
    "http://www.w3.org/ns/shacl#name": "Id",
    "id": "file:///Users/abettati/Desktop/apisContentFull/4289.json#/web-api/end-points/%2FAccountContacts%2F%7BId%7D/get/request/parameter/Id/scalar/Id"
  },
  "id": "file:///Users/abettati/Desktop/apisContentFull/4289.json#/web-api/end-points/%2FAccountContacts%2F%7BId%7D/get/request/parameter/Id"
}]