[{
  "http://a.ml/vocabularies/apiContract#binding": "query",
  "http://a.ml/vocabularies/apiContract#paramName": "city",
  "http://a.ml/vocabularies/apiContract#required": "true",
  "http://a.ml/vocabularies/core#description": "getCurrency put kharkov",
  "http://a.ml/vocabularies/core#name": "city",
  "http://a.ml/vocabularies/shapes#schema": {
    "http://a.ml/vocabularies/core#description": "getCurrency put kharkov",
    "http://www.w3.org/ns/shacl#datatype": "http://www.w3.org/2001/XMLSchema#string",
    "http://www.w3.org/ns/shacl#name": "schema",
    "id": "file:///Users/abettati/Desktop/apisContentFull/598.json#/web-api/end-points/%2FgetCurrency/get/request/parameter/city/scalar/schema"
  },
  "id": "file:///Users/abettati/Desktop/apisContentFull/598.json#/web-api/end-points/%2FgetCurrency/get/request/parameter/city"
}, {
  "http://a.ml/vocabularies/apiContract#binding": "query",
  "http://a.ml/vocabularies/apiContract#paramName": "city",
  "http://a.ml/vocabularies/apiContract#required": "true",
  "http://a.ml/vocabularies/core#description": "city kharkov",
  "http://a.ml/vocabularies/core#name": "city",
  "http://a.ml/vocabularies/shapes#schema": {
    "http://a.ml/vocabularies/core#description": "city kharkov",
    "http://www.w3.org/ns/shacl#datatype": "http://www.w3.org/2001/XMLSchema#string",
    "http://www.w3.org/ns/shacl#name": "schema",
    "id": "file:///Users/abettati/Desktop/apisContentFull/598.json#/web-api/end-points/%2FcallBack/get/request/parameter/city/scalar/schema"
  },
  "id": "file:///Users/abettati/Desktop/apisContentFull/598.json#/web-api/end-points/%2FcallBack/get/request/parameter/city"
}, {
  "http://a.ml/vocabularies/apiContract#binding": "query",
  "http://a.ml/vocabularies/apiContract#paramName": "phone",
  "http://a.ml/vocabularies/apiContract#required": "true",
  "http://a.ml/vocabularies/core#description": "phone",
  "http://a.ml/vocabularies/core#name": "phone",
  "http://a.ml/vocabularies/shapes#schema": {
    "http://a.ml/vocabularies/core#description": "phone",
    "http://www.w3.org/ns/shacl#datatype": "http://www.w3.org/2001/XMLSchema#string",
    "http://www.w3.org/ns/shacl#name": "schema",
    "id": "file:///Users/abettati/Desktop/apisContentFull/598.json#/web-api/end-points/%2FcallBack/get/request/parameter/phone/scalar/schema"
  },
  "id": "file:///Users/abettati/Desktop/apisContentFull/598.json#/web-api/end-points/%2FcallBack/get/request/parameter/phone"
}, {
  "http://a.ml/vocabularies/apiContract#binding": "query",
  "http://a.ml/vocabularies/apiContract#paramName": "city",
  "http://a.ml/vocabularies/apiContract#required": "true",
  "http://a.ml/vocabularies/core#description": "getCurrencyExchanges put kharkov",
  "http://a.ml/vocabularies/core#name": "city",
  "http://a.ml/vocabularies/shapes#schema": {
    "http://a.ml/vocabularies/core#description": "getCurrencyExchanges put kharkov",
    "http://www.w3.org/ns/shacl#datatype": "http://www.w3.org/2001/XMLSchema#string",
    "http://www.w3.org/ns/shacl#name": "schema",
    "id": "file:///Users/abettati/Desktop/apisContentFull/598.json#/web-api/end-points/%2FgetOrders/get/request/parameter/city/scalar/schema"
  },
  "id": "file:///Users/abettati/Desktop/apisContentFull/598.json#/web-api/end-points/%2FgetOrders/get/request/parameter/city"
}, {
  "http://a.ml/vocabularies/apiContract#binding": "query",
  "http://a.ml/vocabularies/apiContract#paramName": "uuid",
  "http://a.ml/vocabularies/apiContract#required": "true",
  "http://a.ml/vocabularies/core#description": "getOrders function put uuid",
  "http://a.ml/vocabularies/core#name": "uuid",
  "http://a.ml/vocabularies/shapes#schema": {
    "http://a.ml/vocabularies/core#description": "getOrders function put uuid",
    "http://www.w3.org/ns/shacl#datatype": "http://www.w3.org/2001/XMLSchema#string",
    "http://www.w3.org/ns/shacl#name": "schema",
    "id": "file:///Users/abettati/Desktop/apisContentFull/598.json#/web-api/end-points/%2FgetOrders/get/request/parameter/uuid/scalar/schema"
  },
  "id": "file:///Users/abettati/Desktop/apisContentFull/598.json#/web-api/end-points/%2FgetOrders/get/request/parameter/uuid"
}, {
  "http://a.ml/vocabularies/apiContract#binding": "query",
  "http://a.ml/vocabularies/apiContract#paramName": "city",
  "http://a.ml/vocabularies/apiContract#required": "true",
  "http://a.ml/vocabularies/core#description": "token put kharkov",
  "http://a.ml/vocabularies/core#name": "city",
  "http://a.ml/vocabularies/shapes#schema": {
    "http://a.ml/vocabularies/core#description": "token put kharkov",
    "http://www.w3.org/ns/shacl#datatype": "http://www.w3.org/2001/XMLSchema#string",
    "http://www.w3.org/ns/shacl#name": "schema",
    "id": "file:///Users/abettati/Desktop/apisContentFull/598.json#/web-api/end-points/%2Ftoken/get/request/parameter/city/scalar/schema"
  },
  "id": "file:///Users/abettati/Desktop/apisContentFull/598.json#/web-api/end-points/%2Ftoken/get/request/parameter/city"
}, {
  "http://a.ml/vocabularies/apiContract#binding": "query",
  "http://a.ml/vocabularies/apiContract#paramName": "UUID",
  "http://a.ml/vocabularies/apiContract#required": "true",
  "http://a.ml/vocabularies/core#description": "put UUID",
  "http://a.ml/vocabularies/core#name": "UUID",
  "http://a.ml/vocabularies/shapes#schema": {
    "http://a.ml/vocabularies/core#description": "put UUID",
    "http://www.w3.org/ns/shacl#datatype": "http://www.w3.org/2001/XMLSchema#string",
    "http://www.w3.org/ns/shacl#name": "schema",
    "id": "file:///Users/abettati/Desktop/apisContentFull/598.json#/web-api/end-points/%2Ftoken/get/request/parameter/UUID/scalar/schema"
  },
  "id": "file:///Users/abettati/Desktop/apisContentFull/598.json#/web-api/end-points/%2Ftoken/get/request/parameter/UUID"
}, {
  "http://a.ml/vocabularies/apiContract#binding": "query",
  "http://a.ml/vocabularies/apiContract#paramName": "token",
  "http://a.ml/vocabularies/apiContract#required": "true",
  "http://a.ml/vocabularies/core#description": "reg token",
  "http://a.ml/vocabularies/core#name": "token",
  "http://a.ml/vocabularies/shapes#schema": {
    "http://a.ml/vocabularies/core#description": "reg token",
    "http://www.w3.org/ns/shacl#datatype": "http://www.w3.org/2001/XMLSchema#string",
    "http://www.w3.org/ns/shacl#name": "schema",
    "id": "file:///Users/abettati/Desktop/apisContentFull/598.json#/web-api/end-points/%2Ftoken/get/request/parameter/token/scalar/schema"
  },
  "id": "file:///Users/abettati/Desktop/apisContentFull/598.json#/web-api/end-points/%2Ftoken/get/request/parameter/token"
}, {
  "http://a.ml/vocabularies/apiContract#binding": "query",
  "http://a.ml/vocabularies/apiContract#paramName": "city",
  "http://a.ml/vocabularies/apiContract#required": "true",
  "http://a.ml/vocabularies/core#description": "getCurrencyExchanges put kharkov",
  "http://a.ml/vocabularies/core#name": "city",
  "http://a.ml/vocabularies/shapes#schema": {
    "http://a.ml/vocabularies/core#description": "getCurrencyExchanges put kharkov",
    "http://www.w3.org/ns/shacl#datatype": "http://www.w3.org/2001/XMLSchema#string",
    "http://www.w3.org/ns/shacl#name": "schema",
    "id": "file:///Users/abettati/Desktop/apisContentFull/598.json#/web-api/end-points/%2FgetCurrencyExchanges/get/request/parameter/city/scalar/schema"
  },
  "id": "file:///Users/abettati/Desktop/apisContentFull/598.json#/web-api/end-points/%2FgetCurrencyExchanges/get/request/parameter/city"
}]