[{
  "http://a.ml/vocabularies/apiContract#binding": "path",
  "http://a.ml/vocabularies/apiContract#explode": "false",
  "http://a.ml/vocabularies/apiContract#paramName": "id",
  "http://a.ml/vocabularies/apiContract#required": "true",
  "http://a.ml/vocabularies/apiContract#style": "simple",
  "http://a.ml/vocabularies/core#description": "The ID of the attachment.",
  "http://a.ml/vocabularies/core#name": "id",
  "http://a.ml/vocabularies/shapes#schema": {
    "http://www.w3.org/ns/shacl#datatype": "http://www.w3.org/2001/XMLSchema#integer",
    "http://www.w3.org/ns/shacl#name": "id",
    "id": "file:///Users/abettati/Desktop/apisContentFull/1083.json#/web-api/end-points/%2Fattachments%2F%7Bid%7D/get/request/parameter/id/scalar/id"
  },
  "id": "file:///Users/abettati/Desktop/apisContentFull/1083.json#/web-api/end-points/%2Fattachments%2F%7Bid%7D/get/request/parameter/id"
}, {
  "http://a.ml/vocabularies/apiContract#binding": "path",
  "http://a.ml/vocabularies/apiContract#explode": "false",
  "http://a.ml/vocabularies/apiContract#paramName": "id",
  "http://a.ml/vocabularies/apiContract#required": "true",
  "http://a.ml/vocabularies/apiContract#style": "simple",
  "http://a.ml/vocabularies/core#description": "The ID of the attachment.",
  "http://a.ml/vocabularies/core#name": "id",
  "http://a.ml/vocabularies/shapes#schema": {
    "http://www.w3.org/ns/shacl#datatype": "http://www.w3.org/2001/XMLSchema#integer",
    "http://www.w3.org/ns/shacl#name": "id",
    "id": "file:///Users/abettati/Desktop/apisContentFull/1083.json#/web-api/end-points/%2Fattachments%2F%7Bid%7D%2Fpayload/get/request/parameter/id/scalar/id"
  },
  "id": "file:///Users/abettati/Desktop/apisContentFull/1083.json#/web-api/end-points/%2Fattachments%2F%7Bid%7D%2Fpayload/get/request/parameter/id"
}, {
  "http://a.ml/vocabularies/apiContract#allowEmptyValue": "false",
  "http://a.ml/vocabularies/apiContract#allowReserved": "false",
  "http://a.ml/vocabularies/apiContract#binding": "query",
  "http://a.ml/vocabularies/apiContract#explode": "true",
  "http://a.ml/vocabularies/apiContract#paramName": "includePrivate",
  "http://a.ml/vocabularies/apiContract#required": "false",
  "http://a.ml/vocabularies/apiContract#style": "form",
  "http://a.ml/vocabularies/core#description": "Whether to include private chats (1-to-1 chats) or not.",
  "http://a.ml/vocabularies/core#name": "includePrivate",
  "http://a.ml/vocabularies/shapes#schema": {
    "http://www.w3.org/ns/shacl#datatype": "http://www.w3.org/2001/XMLSchema#boolean",
    "http://www.w3.org/ns/shacl#defaultValue": {
      "http://a.ml/vocabularies/core#name": "scalar_1",
      "http://a.ml/vocabularies/data#value": "true",
      "http://www.w3.org/ns/shacl#datatype": "http://www.w3.org/2001/XMLSchema#boolean",
      "id": "file:///Users/abettati/Desktop/apisContentFull/1083.json#/web-api/end-points/%2Fchannels/get/request/parameter/includePrivate/scalar/includePrivate/scalar_1"
    },
    "http://www.w3.org/ns/shacl#defaultValueStr": "true",
    "http://www.w3.org/ns/shacl#name": "includePrivate",
    "id": "file:///Users/abettati/Desktop/apisContentFull/1083.json#/web-api/end-points/%2Fchannels/get/request/parameter/includePrivate/scalar/includePrivate"
  },
  "id": "file:///Users/abettati/Desktop/apisContentFull/1083.json#/web-api/end-points/%2Fchannels/get/request/parameter/includePrivate"
}, {
  "http://a.ml/vocabularies/apiContract#allowEmptyValue": "false",
  "http://a.ml/vocabularies/apiContract#allowReserved": "false",
  "http://a.ml/vocabularies/apiContract#binding": "query",
  "http://a.ml/vocabularies/apiContract#explode": "true",
  "http://a.ml/vocabularies/apiContract#paramName": "updatedSince",
  "http://a.ml/vocabularies/apiContract#required": "false",
  "http://a.ml/vocabularies/apiContract#style": "form",
  "http://a.ml/vocabularies/core#description": "Retrieves only channels updated since this value. If not set, everything is retrieved.",
  "http://a.ml/vocabularies/core#name": "updatedSince",
  "http://a.ml/vocabularies/shapes#schema": {
    "http://a.ml/vocabularies/shapes#format": "date-time",
    "http://www.w3.org/ns/shacl#datatype": "http://www.w3.org/2001/XMLSchema#dateTime",
    "http://www.w3.org/ns/shacl#name": "updatedSince",
    "id": "file:///Users/abettati/Desktop/apisContentFull/1083.json#/web-api/end-points/%2Fchannels/get/request/parameter/updatedSince/scalar/updatedSince"
  },
  "id": "file:///Users/abettati/Desktop/apisContentFull/1083.json#/web-api/end-points/%2Fchannels/get/request/parameter/updatedSince"
}, {
  "http://a.ml/vocabularies/apiContract#allowEmptyValue": "false",
  "http://a.ml/vocabularies/apiContract#allowReserved": "false",
  "http://a.ml/vocabularies/apiContract#binding": "query",
  "http://a.ml/vocabularies/apiContract#explode": "true",
  "http://a.ml/vocabularies/apiContract#paramName": "page",
  "http://a.ml/vocabularies/apiContract#required": "false",
  "http://a.ml/vocabularies/apiContract#style": "form",
  "http://a.ml/vocabularies/core#description": "The page to retrieve (zero-based index).",
  "http://a.ml/vocabularies/core#name": "page",
  "http://a.ml/vocabularies/shapes#schema": {
    "http://www.w3.org/ns/shacl#datatype": "http://www.w3.org/2001/XMLSchema#integer",
    "http://www.w3.org/ns/shacl#defaultValue": {
      "http://a.ml/vocabularies/core#name": "scalar_1",
      "http://a.ml/vocabularies/data#value": "0",
      "http://www.w3.org/ns/shacl#datatype": "http://www.w3.org/2001/XMLSchema#integer",
      "id": "file:///Users/abettati/Desktop/apisContentFull/1083.json#/web-api/end-points/%2Fchannels/get/request/parameter/page/scalar/page/scalar_1"
    },
    "http://www.w3.org/ns/shacl#defaultValueStr": "0",
    "http://www.w3.org/ns/shacl#minInclusive": "0",
    "http://www.w3.org/ns/shacl#name": "page",
    "id": "file:///Users/abettati/Desktop/apisContentFull/1083.json#/web-api/end-points/%2Fchannels/get/request/parameter/page/scalar/page"
  },
  "id": "file:///Users/abettati/Desktop/apisContentFull/1083.json#/web-api/end-points/%2Fchannels/get/request/parameter/page"
}, {
  "http://a.ml/vocabularies/apiContract#allowEmptyValue": "false",
  "http://a.ml/vocabularies/apiContract#allowReserved": "false",
  "http://a.ml/vocabularies/apiContract#binding": "query",
  "http://a.ml/vocabularies/apiContract#explode": "true",
  "http://a.ml/vocabularies/apiContract#paramName": "size",
  "http://a.ml/vocabularies/apiContract#required": "false",
  "http://a.ml/vocabularies/apiContract#style": "form",
  "http://a.ml/vocabularies/core#description": "The size of a page. If set to less or equal to zero, the page size is infinite.",
  "http://a.ml/vocabularies/core#name": "size",
  "http://a.ml/vocabularies/shapes#schema": {
    "http://www.w3.org/ns/shacl#datatype": "http://www.w3.org/2001/XMLSchema#integer",
    "http://www.w3.org/ns/shacl#defaultValue": {
      "http://a.ml/vocabularies/core#name": "scalar_1",
      "http://a.ml/vocabularies/data#value": "20",
      "http://www.w3.org/ns/shacl#datatype": "http://www.w3.org/2001/XMLSchema#integer",
      "id": "file:///Users/abettati/Desktop/apisContentFull/1083.json#/web-api/end-points/%2Fchannels/get/request/parameter/size/scalar/size/scalar_1"
    },
    "http://www.w3.org/ns/shacl#defaultValueStr": "20",
    "http://www.w3.org/ns/shacl#name": "size",
    "id": "file:///Users/abettati/Desktop/apisContentFull/1083.json#/web-api/end-points/%2Fchannels/get/request/parameter/size/scalar/size"
  },
  "id": "file:///Users/abettati/Desktop/apisContentFull/1083.json#/web-api/end-points/%2Fchannels/get/request/parameter/size"
}, {
  "http://a.ml/vocabularies/apiContract#binding": "path",
  "http://a.ml/vocabularies/apiContract#explode": "false",
  "http://a.ml/vocabularies/apiContract#paramName": "id",
  "http://a.ml/vocabularies/apiContract#required": "true",
  "http://a.ml/vocabularies/apiContract#style": "simple",
  "http://a.ml/vocabularies/core#description": "The ID of the channel.",
  "http://a.ml/vocabularies/core#name": "id",
  "http://a.ml/vocabularies/shapes#schema": {
    "http://www.w3.org/ns/shacl#datatype": "http://www.w3.org/2001/XMLSchema#integer",
    "http://www.w3.org/ns/shacl#name": "id",
    "id": "file:///Users/abettati/Desktop/apisContentFull/1083.json#/web-api/end-points/%2Fchannels%2F%7Bid%7D/get/request/parameter/id/scalar/id"
  },
  "id": "file:///Users/abettati/Desktop/apisContentFull/1083.json#/web-api/end-points/%2Fchannels%2F%7Bid%7D/get/request/parameter/id"
}, {
  "http://a.ml/vocabularies/apiContract#binding": "path",
  "http://a.ml/vocabularies/apiContract#explode": "false",
  "http://a.ml/vocabularies/apiContract#paramName": "id",
  "http://a.ml/vocabularies/apiContract#required": "true",
  "http://a.ml/vocabularies/apiContract#style": "simple",
  "http://a.ml/vocabularies/core#description": "The ID of the channel.",
  "http://a.ml/vocabularies/core#name": "id",
  "http://a.ml/vocabularies/shapes#schema": {
    "http://www.w3.org/ns/shacl#datatype": "http://www.w3.org/2001/XMLSchema#integer",
    "http://www.w3.org/ns/shacl#name": "id",
    "id": "file:///Users/abettati/Desktop/apisContentFull/1083.json#/web-api/end-points/%2Fchannels%2F%7Bid%7D/delete/request/parameter/id/scalar/id"
  },
  "id": "file:///Users/abettati/Desktop/apisContentFull/1083.json#/web-api/end-points/%2Fchannels%2F%7Bid%7D/delete/request/parameter/id"
}, {
  "http://a.ml/vocabularies/apiContract#binding": "path",
  "http://a.ml/vocabularies/apiContract#explode": "false",
  "http://a.ml/vocabularies/apiContract#paramName": "id",
  "http://a.ml/vocabularies/apiContract#required": "true",
  "http://a.ml/vocabularies/apiContract#style": "simple",
  "http://a.ml/vocabularies/core#description": "The ID of the channel.",
  "http://a.ml/vocabularies/core#name": "id",
  "http://a.ml/vocabularies/shapes#schema": {
    "http://www.w3.org/ns/shacl#datatype": "http://www.w3.org/2001/XMLSchema#integer",
    "http://www.w3.org/ns/shacl#name": "id",
    "id": "file:///Users/abettati/Desktop/apisContentFull/1083.json#/web-api/end-points/%2Fchannels%2F%7Bid%7D/post/requestBody/parameter/id/scalar/id"
  },
  "id": "file:///Users/abettati/Desktop/apisContentFull/1083.json#/web-api/end-points/%2Fchannels%2F%7Bid%7D/post/requestBody/parameter/id"
}, {
  "http://a.ml/vocabularies/apiContract#binding": "path",
  "http://a.ml/vocabularies/apiContract#explode": "false",
  "http://a.ml/vocabularies/apiContract#paramName": "id",
  "http://a.ml/vocabularies/apiContract#required": "true",
  "http://a.ml/vocabularies/apiContract#style": "simple",
  "http://a.ml/vocabularies/core#description": "The ID of the channel.",
  "http://a.ml/vocabularies/core#name": "id",
  "http://a.ml/vocabularies/shapes#schema": {
    "http://www.w3.org/ns/shacl#datatype": "http://www.w3.org/2001/XMLSchema#integer",
    "http://www.w3.org/ns/shacl#name": "id",
    "id": "file:///Users/abettati/Desktop/apisContentFull/1083.json#/web-api/end-points/%2Fchannels%2F%7Bid%7D%2Fleave/post/request/parameter/id/scalar/id"
  },
  "id": "file:///Users/abettati/Desktop/apisContentFull/1083.json#/web-api/end-points/%2Fchannels%2F%7Bid%7D%2Fleave/post/request/parameter/id"
}, {
  "http://a.ml/vocabularies/apiContract#binding": "path",
  "http://a.ml/vocabularies/apiContract#explode": "false",
  "http://a.ml/vocabularies/apiContract#paramName": "id",
  "http://a.ml/vocabularies/apiContract#required": "true",
  "http://a.ml/vocabularies/apiContract#style": "simple",
  "http://a.ml/vocabularies/core#description": "The ID of the channel.",
  "http://a.ml/vocabularies/core#name": "id",
  "http://a.ml/vocabularies/shapes#schema": {
    "http://www.w3.org/ns/shacl#datatype": "http://www.w3.org/2001/XMLSchema#integer",
    "http://www.w3.org/ns/shacl#name": "id",
    "id": "file:///Users/abettati/Desktop/apisContentFull/1083.json#/web-api/end-points/%2Fchannels%2F%7Bid%7D%2Fmoderators/get/request/parameter/id/scalar/id"
  },
  "id": "file:///Users/abettati/Desktop/apisContentFull/1083.json#/web-api/end-points/%2Fchannels%2F%7Bid%7D%2Fmoderators/get/request/parameter/id"
}, {
  "http://a.ml/vocabularies/apiContract#binding": "path",
  "http://a.ml/vocabularies/apiContract#explode": "false",
  "http://a.ml/vocabularies/apiContract#paramName": "id",
  "http://a.ml/vocabularies/apiContract#required": "true",
  "http://a.ml/vocabularies/apiContract#style": "simple",
  "http://a.ml/vocabularies/core#description": "The ID of the channel.",
  "http://a.ml/vocabularies/core#name": "id",
  "http://a.ml/vocabularies/shapes#schema": {
    "http://www.w3.org/ns/shacl#datatype": "http://www.w3.org/2001/XMLSchema#integer",
    "http://www.w3.org/ns/shacl#name": "id",
    "id": "file:///Users/abettati/Desktop/apisContentFull/1083.json#/web-api/end-points/%2Fchannels%2F%7Bid%7D%2Fmembers/get/request/parameter/id/scalar/id"
  },
  "id": "file:///Users/abettati/Desktop/apisContentFull/1083.json#/web-api/end-points/%2Fchannels%2F%7Bid%7D%2Fmembers/get/request/parameter/id"
}, {
  "http://a.ml/vocabularies/apiContract#binding": "path",
  "http://a.ml/vocabularies/apiContract#explode": "false",
  "http://a.ml/vocabularies/apiContract#paramName": "id",
  "http://a.ml/vocabularies/apiContract#required": "true",
  "http://a.ml/vocabularies/apiContract#style": "simple",
  "http://a.ml/vocabularies/core#description": "The ID of the channel.",
  "http://a.ml/vocabularies/core#name": "id",
  "http://a.ml/vocabularies/shapes#schema": {
    "http://www.w3.org/ns/shacl#datatype": "http://www.w3.org/2001/XMLSchema#integer",
    "http://www.w3.org/ns/shacl#name": "id",
    "id": "file:///Users/abettati/Desktop/apisContentFull/1083.json#/web-api/end-points/%2Fchannels%2F%7Bid%7D%2Fmembers/put/requestBody/parameter/id/scalar/id"
  },
  "id": "file:///Users/abettati/Desktop/apisContentFull/1083.json#/web-api/end-points/%2Fchannels%2F%7Bid%7D%2Fmembers/put/requestBody/parameter/id"
}, {
  "http://a.ml/vocabularies/apiContract#binding": "path",
  "http://a.ml/vocabularies/apiContract#explode": "false",
  "http://a.ml/vocabularies/apiContract#paramName": "id",
  "http://a.ml/vocabularies/apiContract#required": "true",
  "http://a.ml/vocabularies/apiContract#style": "simple",
  "http://a.ml/vocabularies/core#description": "The ID of the channel.",
  "http://a.ml/vocabularies/core#name": "id",
  "http://a.ml/vocabularies/shapes#schema": {
    "http://www.w3.org/ns/shacl#datatype": "http://www.w3.org/2001/XMLSchema#integer",
    "http://www.w3.org/ns/shacl#name": "id",
    "id": "file:///Users/abettati/Desktop/apisContentFull/1083.json#/web-api/end-points/%2Fchannels%2F%7Bid%7D%2Fmembers%2F%7Busername%7D/delete/request/parameter/id/scalar/id"
  },
  "id": "file:///Users/abettati/Desktop/apisContentFull/1083.json#/web-api/end-points/%2Fchannels%2F%7Bid%7D%2Fmembers%2F%7Busername%7D/delete/request/parameter/id"
}, {
  "http://a.ml/vocabularies/apiContract#binding": "path",
  "http://a.ml/vocabularies/apiContract#explode": "false",
  "http://a.ml/vocabularies/apiContract#paramName": "username",
  "http://a.ml/vocabularies/apiContract#required": "true",
  "http://a.ml/vocabularies/apiContract#style": "simple",
  "http://a.ml/vocabularies/core#description": "The name of the user.",
  "http://a.ml/vocabularies/core#name": "username",
  "http://a.ml/vocabularies/shapes#schema": {
    "http://www.w3.org/ns/shacl#datatype": "http://www.w3.org/2001/XMLSchema#string",
    "http://www.w3.org/ns/shacl#name": "username",
    "id": "file:///Users/abettati/Desktop/apisContentFull/1083.json#/web-api/end-points/%2Fchannels%2F%7Bid%7D%2Fmembers%2F%7Busername%7D/delete/request/parameter/username/scalar/username"
  },
  "id": "file:///Users/abettati/Desktop/apisContentFull/1083.json#/web-api/end-points/%2Fchannels%2F%7Bid%7D%2Fmembers%2F%7Busername%7D/delete/request/parameter/username"
}, {
  "http://a.ml/vocabularies/apiContract#binding": "path",
  "http://a.ml/vocabularies/apiContract#explode": "false",
  "http://a.ml/vocabularies/apiContract#paramName": "id",
  "http://a.ml/vocabularies/apiContract#required": "true",
  "http://a.ml/vocabularies/apiContract#style": "simple",
  "http://a.ml/vocabularies/core#description": "The ID of the message.",
  "http://a.ml/vocabularies/core#name": "id",
  "http://a.ml/vocabularies/shapes#schema": {
    "http://www.w3.org/ns/shacl#datatype": "http://www.w3.org/2001/XMLSchema#string",
    "http://www.w3.org/ns/shacl#name": "id",
    "id": "file:///Users/abettati/Desktop/apisContentFull/1083.json#/web-api/end-points/%2Fmessages%2F%7Bid%7D%2Freceivers/get/request/parameter/id/scalar/id"
  },
  "id": "file:///Users/abettati/Desktop/apisContentFull/1083.json#/web-api/end-points/%2Fmessages%2F%7Bid%7D%2Freceivers/get/request/parameter/id"
}, {
  "http://a.ml/vocabularies/apiContract#binding": "path",
  "http://a.ml/vocabularies/apiContract#explode": "false",
  "http://a.ml/vocabularies/apiContract#paramName": "number",
  "http://a.ml/vocabularies/apiContract#required": "true",
  "http://a.ml/vocabularies/apiContract#style": "simple",
  "http://a.ml/vocabularies/core#description": "The number of the train.",
  "http://a.ml/vocabularies/core#name": "number",
  "http://a.ml/vocabularies/shapes#schema": {
    "http://www.w3.org/ns/shacl#datatype": "http://www.w3.org/2001/XMLSchema#string",
    "http://www.w3.org/ns/shacl#name": "number",
    "id": "file:///Users/abettati/Desktop/apisContentFull/1083.json#/web-api/end-points/%2Ftrains%2F%7Bnumber%7D/get/request/parameter/number/scalar/number"
  },
  "id": "file:///Users/abettati/Desktop/apisContentFull/1083.json#/web-api/end-points/%2Ftrains%2F%7Bnumber%7D/get/request/parameter/number"
}, {
  "http://a.ml/vocabularies/apiContract#binding": "path",
  "http://a.ml/vocabularies/apiContract#explode": "false",
  "http://a.ml/vocabularies/apiContract#paramName": "number",
  "http://a.ml/vocabularies/apiContract#required": "true",
  "http://a.ml/vocabularies/apiContract#style": "simple",
  "http://a.ml/vocabularies/core#description": "The number of the train.",
  "http://a.ml/vocabularies/core#name": "number",
  "http://a.ml/vocabularies/shapes#schema": {
    "http://www.w3.org/ns/shacl#datatype": "http://www.w3.org/2001/XMLSchema#string",
    "http://www.w3.org/ns/shacl#name": "number",
    "id": "file:///Users/abettati/Desktop/apisContentFull/1083.json#/web-api/end-points/%2Ftrains%2F%7Bnumber%7D/post/request/parameter/number/scalar/number"
  },
  "id": "file:///Users/abettati/Desktop/apisContentFull/1083.json#/web-api/end-points/%2Ftrains%2F%7Bnumber%7D/post/request/parameter/number"
}, {
  "http://a.ml/vocabularies/apiContract#allowEmptyValue": "false",
  "http://a.ml/vocabularies/apiContract#allowReserved": "false",
  "http://a.ml/vocabularies/apiContract#binding": "query",
  "http://a.ml/vocabularies/apiContract#explode": "true",
  "http://a.ml/vocabularies/apiContract#paramName": "updatedSince",
  "http://a.ml/vocabularies/apiContract#required": "false",
  "http://a.ml/vocabularies/apiContract#style": "form",
  "http://a.ml/vocabularies/core#description": "Since when updates should be considered as \"new\".",
  "http://a.ml/vocabularies/core#name": "updatedSince",
  "http://a.ml/vocabularies/shapes#schema": {
    "http://a.ml/vocabularies/shapes#format": "date-time",
    "http://www.w3.org/ns/shacl#datatype": "http://www.w3.org/2001/XMLSchema#dateTime",
    "http://www.w3.org/ns/shacl#name": "updatedSince",
    "id": "file:///Users/abettati/Desktop/apisContentFull/1083.json#/web-api/end-points/%2Fupdates/get/request/parameter/updatedSince/scalar/updatedSince"
  },
  "id": "file:///Users/abettati/Desktop/apisContentFull/1083.json#/web-api/end-points/%2Fupdates/get/request/parameter/updatedSince"
}, {
  "http://a.ml/vocabularies/apiContract#allowEmptyValue": "false",
  "http://a.ml/vocabularies/apiContract#allowReserved": "false",
  "http://a.ml/vocabularies/apiContract#binding": "query",
  "http://a.ml/vocabularies/apiContract#explode": "true",
  "http://a.ml/vocabularies/apiContract#paramName": "initial",
  "http://a.ml/vocabularies/apiContract#required": "false",
  "http://a.ml/vocabularies/apiContract#style": "form",
  "http://a.ml/vocabularies/core#description": "If this is the initial refresh. If so, users are not included.",
  "http://a.ml/vocabularies/core#name": "initial",
  "http://a.ml/vocabularies/shapes#schema": {
    "http://www.w3.org/ns/shacl#datatype": "http://www.w3.org/2001/XMLSchema#boolean",
    "http://www.w3.org/ns/shacl#name": "initial",
    "id": "file:///Users/abettati/Desktop/apisContentFull/1083.json#/web-api/end-points/%2Fupdates/get/request/parameter/initial/scalar/initial"
  },
  "id": "file:///Users/abettati/Desktop/apisContentFull/1083.json#/web-api/end-points/%2Fupdates/get/request/parameter/initial"
}, {
  "http://a.ml/vocabularies/apiContract#allowEmptyValue": "false",
  "http://a.ml/vocabularies/apiContract#allowReserved": "false",
  "http://a.ml/vocabularies/apiContract#binding": "query",
  "http://a.ml/vocabularies/apiContract#explode": "true",
  "http://a.ml/vocabularies/apiContract#paramName": "query",
  "http://a.ml/vocabularies/apiContract#required": "true",
  "http://a.ml/vocabularies/apiContract#style": "form",
  "http://a.ml/vocabularies/core#description": "The string to search for.",
  "http://a.ml/vocabularies/core#name": "query",
  "http://a.ml/vocabularies/shapes#schema": {
    "http://www.w3.org/ns/shacl#datatype": "http://www.w3.org/2001/XMLSchema#string",
    "http://www.w3.org/ns/shacl#name": "query",
    "id": "file:///Users/abettati/Desktop/apisContentFull/1083.json#/web-api/end-points/%2Fusers/get/request/parameter/query/scalar/query"
  },
  "id": "file:///Users/abettati/Desktop/apisContentFull/1083.json#/web-api/end-points/%2Fusers/get/request/parameter/query"
}, {
  "http://a.ml/vocabularies/apiContract#binding": "path",
  "http://a.ml/vocabularies/apiContract#explode": "false",
  "http://a.ml/vocabularies/apiContract#paramName": "username",
  "http://a.ml/vocabularies/apiContract#required": "true",
  "http://a.ml/vocabularies/apiContract#style": "simple",
  "http://a.ml/vocabularies/core#description": "The name of the user.",
  "http://a.ml/vocabularies/core#name": "username",
  "http://a.ml/vocabularies/shapes#schema": {
    "http://www.w3.org/ns/shacl#datatype": "http://www.w3.org/2001/XMLSchema#string",
    "http://www.w3.org/ns/shacl#name": "username",
    "id": "file:///Users/abettati/Desktop/apisContentFull/1083.json#/web-api/end-points/%2Fusers%2F%7Busername%7D/get/request/parameter/username/scalar/username"
  },
  "id": "file:///Users/abettati/Desktop/apisContentFull/1083.json#/web-api/end-points/%2Fusers%2F%7Busername%7D/get/request/parameter/username"
}, {
  "http://a.ml/vocabularies/apiContract#binding": "path",
  "http://a.ml/vocabularies/apiContract#explode": "false",
  "http://a.ml/vocabularies/apiContract#paramName": "username",
  "http://a.ml/vocabularies/apiContract#required": "true",
  "http://a.ml/vocabularies/apiContract#style": "simple",
  "http://a.ml/vocabularies/core#description": "The name of the user.",
  "http://a.ml/vocabularies/core#name": "username",
  "http://a.ml/vocabularies/shapes#schema": {
    "http://www.w3.org/ns/shacl#datatype": "http://www.w3.org/2001/XMLSchema#string",
    "http://www.w3.org/ns/shacl#name": "username",
    "id": "file:///Users/abettati/Desktop/apisContentFull/1083.json#/web-api/end-points/%2Fusers%2F%7Busername%7D/patch/requestBody/parameter/username/scalar/username"
  },
  "id": "file:///Users/abettati/Desktop/apisContentFull/1083.json#/web-api/end-points/%2Fusers%2F%7Busername%7D/patch/requestBody/parameter/username"
}]