[{
  "http://a.ml/vocabularies/apiContract#allowEmptyValue": "false",
  "http://a.ml/vocabularies/apiContract#allowReserved": "false",
  "http://a.ml/vocabularies/apiContract#binding": "query",
  "http://a.ml/vocabularies/apiContract#explode": "true",
  "http://a.ml/vocabularies/apiContract#paramName": "type",
  "http://a.ml/vocabularies/apiContract#required": "true",
  "http://a.ml/vocabularies/apiContract#style": "form",
  "http://a.ml/vocabularies/core#description": "live: Nomal query | storage: return records of the last query",
  "http://a.ml/vocabularies/core#name": "type",
  "http://a.ml/vocabularies/shapes#schema": {
    "http://www.w3.org/ns/shacl#datatype": "http://www.w3.org/2001/XMLSchema#string",
    "http://www.w3.org/ns/shacl#in": [{
      "http://a.ml/vocabularies/core#name": null,
      "http://a.ml/vocabularies/data#value": null,
      "http://www.w3.org/ns/shacl#datatype": null,
      "id": "file:///Users/abettati/Desktop/apisContentFull/2198.json#/web-api/end-points/%2Felegibility/get/request/parameter/type/scalar/type/enum/scalar_1"
    }, {
      "http://a.ml/vocabularies/core#name": null,
      "http://a.ml/vocabularies/data#value": null,
      "http://www.w3.org/ns/shacl#datatype": null,
      "id": "file:///Users/abettati/Desktop/apisContentFull/2198.json#/web-api/end-points/%2Felegibility/get/request/parameter/type/scalar/type/enum/scalar_2"
    }],
    "http://www.w3.org/ns/shacl#name": "type",
    "id": "file:///Users/abettati/Desktop/apisContentFull/2198.json#/web-api/end-points/%2Felegibility/get/request/parameter/type/scalar/type"
  },
  "id": "file:///Users/abettati/Desktop/apisContentFull/2198.json#/web-api/end-points/%2Felegibility/get/request/parameter/type"
}, {
  "http://a.ml/vocabularies/apiContract#binding": "header",
  "http://a.ml/vocabularies/apiContract#explode": "false",
  "http://a.ml/vocabularies/apiContract#paramName": "user",
  "http://a.ml/vocabularies/apiContract#required": "true",
  "http://a.ml/vocabularies/apiContract#style": "simple",
  "http://a.ml/vocabularies/core#description": "Username to login to the applications.",
  "http://a.ml/vocabularies/core#name": "user",
  "http://a.ml/vocabularies/shapes#schema": {
    "http://www.w3.org/ns/shacl#datatype": "http://www.w3.org/2001/XMLSchema#string",
    "http://www.w3.org/ns/shacl#name": "user",
    "id": "file:///Users/abettati/Desktop/apisContentFull/2198.json#/web-api/end-points/%2Felegibility/get/request/parameter/user/scalar/user"
  },
  "id": "file:///Users/abettati/Desktop/apisContentFull/2198.json#/web-api/end-points/%2Felegibility/get/request/parameter/user"
}, {
  "http://a.ml/vocabularies/apiContract#binding": "header",
  "http://a.ml/vocabularies/apiContract#explode": "false",
  "http://a.ml/vocabularies/apiContract#paramName": "password",
  "http://a.ml/vocabularies/apiContract#required": "true",
  "http://a.ml/vocabularies/apiContract#style": "simple",
  "http://a.ml/vocabularies/core#description": "Password to login to the applications.",
  "http://a.ml/vocabularies/core#name": "password",
  "http://a.ml/vocabularies/shapes#schema": {
    "http://www.w3.org/ns/shacl#datatype": "http://www.w3.org/2001/XMLSchema#string",
    "http://www.w3.org/ns/shacl#name": "password",
    "id": "file:///Users/abettati/Desktop/apisContentFull/2198.json#/web-api/end-points/%2Felegibility/get/request/parameter/password/scalar/password"
  },
  "id": "file:///Users/abettati/Desktop/apisContentFull/2198.json#/web-api/end-points/%2Felegibility/get/request/parameter/password"
}, {
  "http://a.ml/vocabularies/apiContract#allowEmptyValue": "false",
  "http://a.ml/vocabularies/apiContract#allowReserved": "false",
  "http://a.ml/vocabularies/apiContract#binding": "query",
  "http://a.ml/vocabularies/apiContract#explode": "true",
  "http://a.ml/vocabularies/apiContract#paramName": "searchString",
  "http://a.ml/vocabularies/apiContract#required": "false",
  "http://a.ml/vocabularies/apiContract#style": "form",
  "http://a.ml/vocabularies/core#description": "pass an optional search string for looking up inventory",
  "http://a.ml/vocabularies/core#name": "searchString",
  "http://a.ml/vocabularies/shapes#schema": {
    "http://www.w3.org/ns/shacl#datatype": "http://www.w3.org/2001/XMLSchema#string",
    "http://www.w3.org/ns/shacl#name": "searchString",
    "id": "file:///Users/abettati/Desktop/apisContentFull/2198.json#/web-api/end-points/%2Fclaim_status/get/request/parameter/searchString/scalar/searchString"
  },
  "id": "file:///Users/abettati/Desktop/apisContentFull/2198.json#/web-api/end-points/%2Fclaim_status/get/request/parameter/searchString"
}, {
  "http://a.ml/vocabularies/apiContract#allowEmptyValue": "false",
  "http://a.ml/vocabularies/apiContract#allowReserved": "false",
  "http://a.ml/vocabularies/apiContract#binding": "query",
  "http://a.ml/vocabularies/apiContract#explode": "true",
  "http://a.ml/vocabularies/apiContract#paramName": "skip",
  "http://a.ml/vocabularies/apiContract#required": "false",
  "http://a.ml/vocabularies/apiContract#style": "form",
  "http://a.ml/vocabularies/core#description": "number of records to skip for pagination",
  "http://a.ml/vocabularies/core#name": "skip",
  "http://a.ml/vocabularies/shapes#schema": {
    "http://a.ml/vocabularies/shapes#format": "int32",
    "http://www.w3.org/ns/shacl#datatype": "http://www.w3.org/2001/XMLSchema#integer",
    "http://www.w3.org/ns/shacl#minInclusive": "0",
    "http://www.w3.org/ns/shacl#name": "skip",
    "id": "file:///Users/abettati/Desktop/apisContentFull/2198.json#/web-api/end-points/%2Fclaim_status/get/request/parameter/skip/scalar/skip"
  },
  "id": "file:///Users/abettati/Desktop/apisContentFull/2198.json#/web-api/end-points/%2Fclaim_status/get/request/parameter/skip"
}, {
  "http://a.ml/vocabularies/apiContract#allowEmptyValue": "false",
  "http://a.ml/vocabularies/apiContract#allowReserved": "false",
  "http://a.ml/vocabularies/apiContract#binding": "query",
  "http://a.ml/vocabularies/apiContract#explode": "true",
  "http://a.ml/vocabularies/apiContract#paramName": "limit",
  "http://a.ml/vocabularies/apiContract#required": "false",
  "http://a.ml/vocabularies/apiContract#style": "form",
  "http://a.ml/vocabularies/core#description": "maximum number of records to return",
  "http://a.ml/vocabularies/core#name": "limit",
  "http://a.ml/vocabularies/shapes#schema": {
    "http://a.ml/vocabularies/shapes#format": "int32",
    "http://www.w3.org/ns/shacl#datatype": "http://www.w3.org/2001/XMLSchema#integer",
    "http://www.w3.org/ns/shacl#maxInclusive": "50",
    "http://www.w3.org/ns/shacl#minInclusive": "0",
    "http://www.w3.org/ns/shacl#name": "limit",
    "id": "file:///Users/abettati/Desktop/apisContentFull/2198.json#/web-api/end-points/%2Fclaim_status/get/request/parameter/limit/scalar/limit"
  },
  "id": "file:///Users/abettati/Desktop/apisContentFull/2198.json#/web-api/end-points/%2Fclaim_status/get/request/parameter/limit"
}]