[{
  "http://a.ml/vocabularies/apiContract#binding": "path",
  "http://a.ml/vocabularies/apiContract#paramName": "param0",
  "http://a.ml/vocabularies/apiContract#required": "true",
  "http://a.ml/vocabularies/core#description": "Example values form path are: 'products' and 'categories'",
  "http://a.ml/vocabularies/core#name": "param0",
  "http://a.ml/vocabularies/shapes#schema": {
    "http://a.ml/vocabularies/core#description": "Example values form path are: 'products' and 'categories'",
    "http://www.w3.org/ns/shacl#datatype": "http://www.w3.org/2001/XMLSchema#string",
    "http://www.w3.org/ns/shacl#name": "schema",
    "id": "file:///Users/abettati/Desktop/apisContentFull/4565.json#/web-api/end-points/%2F%7Bparam0%7D/post/request/parameter/param0/scalar/schema"
  },
  "id": "file:///Users/abettati/Desktop/apisContentFull/4565.json#/web-api/end-points/%2F%7Bparam0%7D/post/request/parameter/param0"
}, {
  "http://a.ml/vocabularies/apiContract#binding": "path",
  "http://a.ml/vocabularies/apiContract#paramName": "param1",
  "http://a.ml/vocabularies/apiContract#required": "true",
  "http://a.ml/vocabularies/core#description": "Example values form path are: 'products' and 'categories'",
  "http://a.ml/vocabularies/core#name": "param1",
  "http://a.ml/vocabularies/shapes#schema": {
    "http://a.ml/vocabularies/core#description": "Example values form path are: 'products' and 'categories'",
    "http://www.w3.org/ns/shacl#datatype": "http://www.w3.org/2001/XMLSchema#string",
    "http://www.w3.org/ns/shacl#name": "schema",
    "id": "file:///Users/abettati/Desktop/apisContentFull/4565.json#/web-api/end-points/%2F%7Bparam1%7D/get/request/parameter/param1/scalar/schema"
  },
  "id": "file:///Users/abettati/Desktop/apisContentFull/4565.json#/web-api/end-points/%2F%7Bparam1%7D/get/request/parameter/param1"
}, {
  "http://a.ml/vocabularies/apiContract#binding": "path",
  "http://a.ml/vocabularies/apiContract#paramName": "param2",
  "http://a.ml/vocabularies/apiContract#required": "true",
  "http://a.ml/vocabularies/core#description": "Example values form path are: 'products' and 'categories'",
  "http://a.ml/vocabularies/core#name": "param2",
  "http://a.ml/vocabularies/shapes#schema": {
    "http://a.ml/vocabularies/core#description": "Example values form path are: 'products' and 'categories'",
    "http://www.w3.org/ns/shacl#datatype": "http://www.w3.org/2001/XMLSchema#string",
    "http://www.w3.org/ns/shacl#name": "schema",
    "id": "file:///Users/abettati/Desktop/apisContentFull/4565.json#/web-api/end-points/%2F%7Bparam2%7D%2F2/put/request/parameter/param2/scalar/schema"
  },
  "id": "file:///Users/abettati/Desktop/apisContentFull/4565.json#/web-api/end-points/%2F%7Bparam2%7D%2F2/put/request/parameter/param2"
}, {
  "http://a.ml/vocabularies/apiContract#binding": "path",
  "http://a.ml/vocabularies/apiContract#paramName": "param3",
  "http://a.ml/vocabularies/apiContract#required": "true",
  "http://a.ml/vocabularies/core#description": "Example values form path are: 'products' and 'categories'",
  "http://a.ml/vocabularies/core#name": "param3",
  "http://a.ml/vocabularies/shapes#schema": {
    "http://a.ml/vocabularies/core#description": "Example values form path are: 'products' and 'categories'",
    "http://www.w3.org/ns/shacl#datatype": "http://www.w3.org/2001/XMLSchema#string",
    "http://www.w3.org/ns/shacl#name": "schema",
    "id": "file:///Users/abettati/Desktop/apisContentFull/4565.json#/web-api/end-points/%2F%7Bparam3%7D%2F2/patch/request/parameter/param3/scalar/schema"
  },
  "id": "file:///Users/abettati/Desktop/apisContentFull/4565.json#/web-api/end-points/%2F%7Bparam3%7D%2F2/patch/request/parameter/param3"
}, {
  "http://a.ml/vocabularies/apiContract#binding": "path",
  "http://a.ml/vocabularies/apiContract#paramName": "param4",
  "http://a.ml/vocabularies/apiContract#required": "true",
  "http://a.ml/vocabularies/core#description": "Example values form path are: 'products' and 'categories'",
  "http://a.ml/vocabularies/core#name": "param4",
  "http://a.ml/vocabularies/shapes#schema": {
    "http://a.ml/vocabularies/core#description": "Example values form path are: 'products' and 'categories'",
    "http://www.w3.org/ns/shacl#datatype": "http://www.w3.org/2001/XMLSchema#string",
    "http://www.w3.org/ns/shacl#name": "schema",
    "id": "file:///Users/abettati/Desktop/apisContentFull/4565.json#/web-api/end-points/%2F%7Bparam4%7D%2F2/delete/request/parameter/param4/scalar/schema"
  },
  "id": "file:///Users/abettati/Desktop/apisContentFull/4565.json#/web-api/end-points/%2F%7Bparam4%7D%2F2/delete/request/parameter/param4"
}]