[{
  "http://a.ml/vocabularies/apiContract#allowEmptyValue": "false",
  "http://a.ml/vocabularies/apiContract#allowReserved": "false",
  "http://a.ml/vocabularies/apiContract#binding": "query",
  "http://a.ml/vocabularies/apiContract#explode": "true",
  "http://a.ml/vocabularies/apiContract#paramName": "status",
  "http://a.ml/vocabularies/apiContract#required": "true",
  "http://a.ml/vocabularies/apiContract#style": "form",
  "http://a.ml/vocabularies/core#description": "Status values that need to be considered for filter",
  "http://a.ml/vocabularies/core#name": "status",
  "http://a.ml/vocabularies/shapes#schema": {
    "http://a.ml/vocabularies/shapes#items": {
      "http://www.w3.org/ns/shacl#datatype": "http://www.w3.org/2001/XMLSchema#string",
      "http://www.w3.org/ns/shacl#defaultValue": {
        "http://a.ml/vocabularies/core#name": null,
        "http://a.ml/vocabularies/data#value": null,
        "http://www.w3.org/ns/shacl#datatype": null,
        "id": "file:///Users/abettati/Desktop/apisContentFull/4172.json#/web-api/end-points/%2Fposts/get/request/parameter/status/array/status/items/scalar/items/scalar_1"
      },
      "http://www.w3.org/ns/shacl#defaultValueStr": "available",
      "http://www.w3.org/ns/shacl#in": [null, null, null],
      "http://www.w3.org/ns/shacl#name": "items",
      "id": "file:///Users/abettati/Desktop/apisContentFull/4172.json#/web-api/end-points/%2Fposts/get/request/parameter/status/array/status/items/scalar/items"
    },
    "http://www.w3.org/ns/shacl#name": "status",
    "id": "file:///Users/abettati/Desktop/apisContentFull/4172.json#/web-api/end-points/%2Fposts/get/request/parameter/status/array/status"
  },
  "id": "file:///Users/abettati/Desktop/apisContentFull/4172.json#/web-api/end-points/%2Fposts/get/request/parameter/status"
}, {
  "http://a.ml/vocabularies/apiContract#binding": "path",
  "http://a.ml/vocabularies/apiContract#explode": "false",
  "http://a.ml/vocabularies/apiContract#paramName": "slug",
  "http://a.ml/vocabularies/apiContract#required": "true",
  "http://a.ml/vocabularies/apiContract#style": "simple",
  "http://a.ml/vocabularies/core#description": "ID or Slug of Post to return",
  "http://a.ml/vocabularies/core#name": "slug",
  "http://a.ml/vocabularies/shapes#schema": {
    "http://www.w3.org/ns/shacl#datatype": "http://www.w3.org/2001/XMLSchema#string",
    "http://www.w3.org/ns/shacl#name": "slug",
    "id": "file:///Users/abettati/Desktop/apisContentFull/4172.json#/web-api/end-points/%2Fposts%2F%7Bslug%7D/get/request/parameter/slug/scalar/slug"
  },
  "id": "file:///Users/abettati/Desktop/apisContentFull/4172.json#/web-api/end-points/%2Fposts%2F%7Bslug%7D/get/request/parameter/slug"
}, {
  "http://a.ml/vocabularies/apiContract#binding": "path",
  "http://a.ml/vocabularies/apiContract#explode": "false",
  "http://a.ml/vocabularies/apiContract#paramName": "slug",
  "http://a.ml/vocabularies/apiContract#required": "true",
  "http://a.ml/vocabularies/apiContract#style": "simple",
  "http://a.ml/vocabularies/core#description": "ID or Slug of Post to return",
  "http://a.ml/vocabularies/core#name": "slug",
  "http://a.ml/vocabularies/shapes#schema": {
    "http://www.w3.org/ns/shacl#datatype": "http://www.w3.org/2001/XMLSchema#string",
    "http://www.w3.org/ns/shacl#name": "slug",
    "id": "file:///Users/abettati/Desktop/apisContentFull/4172.json#/web-api/end-points/%2Fposts%2F%7Bslug%7D/patch/request/parameter/slug/scalar/slug"
  },
  "id": "file:///Users/abettati/Desktop/apisContentFull/4172.json#/web-api/end-points/%2Fposts%2F%7Bslug%7D/patch/request/parameter/slug"
}, {
  "http://a.ml/vocabularies/apiContract#binding": "path",
  "http://a.ml/vocabularies/apiContract#explode": "false",
  "http://a.ml/vocabularies/apiContract#paramName": "slug",
  "http://a.ml/vocabularies/apiContract#required": "true",
  "http://a.ml/vocabularies/apiContract#style": "simple",
  "http://a.ml/vocabularies/core#description": "ID or Slug of Post to upload",
  "http://a.ml/vocabularies/core#name": "slug",
  "http://a.ml/vocabularies/shapes#schema": {
    "http://www.w3.org/ns/shacl#datatype": "http://www.w3.org/2001/XMLSchema#string",
    "http://www.w3.org/ns/shacl#name": "slug",
    "id": "file:///Users/abettati/Desktop/apisContentFull/4172.json#/web-api/end-points/%2Fposts%2F%7Bslug%7D%2Fpost_images/post/requestBody/parameter/slug/scalar/slug"
  },
  "id": "file:///Users/abettati/Desktop/apisContentFull/4172.json#/web-api/end-points/%2Fposts%2F%7Bslug%7D%2Fpost_images/post/requestBody/parameter/slug"
}, {
  "http://a.ml/vocabularies/apiContract#binding": "path",
  "http://a.ml/vocabularies/apiContract#explode": "false",
  "http://a.ml/vocabularies/apiContract#paramName": "id",
  "http://a.ml/vocabularies/apiContract#required": "true",
  "http://a.ml/vocabularies/apiContract#style": "simple",
  "http://a.ml/vocabularies/core#description": "ID of PostImage that needs to be updated",
  "http://a.ml/vocabularies/core#name": "id",
  "http://a.ml/vocabularies/shapes#schema": {
    "http://www.w3.org/ns/shacl#datatype": "http://www.w3.org/2001/XMLSchema#string",
    "http://www.w3.org/ns/shacl#name": "id",
    "id": "file:///Users/abettati/Desktop/apisContentFull/4172.json#/web-api/end-points/%2Fpost_images%2F%7Bid%7D/patch/request/parameter/id/scalar/id"
  },
  "id": "file:///Users/abettati/Desktop/apisContentFull/4172.json#/web-api/end-points/%2Fpost_images%2F%7Bid%7D/patch/request/parameter/id"
}, {
  "http://a.ml/vocabularies/apiContract#binding": "path",
  "http://a.ml/vocabularies/apiContract#explode": "false",
  "http://a.ml/vocabularies/apiContract#paramName": "id",
  "http://a.ml/vocabularies/apiContract#required": "true",
  "http://a.ml/vocabularies/apiContract#style": "simple",
  "http://a.ml/vocabularies/core#description": "ID of PostImage that needs to be deleted",
  "http://a.ml/vocabularies/core#name": "id",
  "http://a.ml/vocabularies/shapes#schema": {
    "http://www.w3.org/ns/shacl#datatype": "http://www.w3.org/2001/XMLSchema#integer",
    "http://www.w3.org/ns/shacl#name": "id",
    "id": "file:///Users/abettati/Desktop/apisContentFull/4172.json#/web-api/end-points/%2Fpost_images%2F%7Bid%7D/delete/request/parameter/id/scalar/id"
  },
  "id": "file:///Users/abettati/Desktop/apisContentFull/4172.json#/web-api/end-points/%2Fpost_images%2F%7Bid%7D/delete/request/parameter/id"
}, {
  "http://a.ml/vocabularies/apiContract#allowEmptyValue": "false",
  "http://a.ml/vocabularies/apiContract#allowReserved": "false",
  "http://a.ml/vocabularies/apiContract#binding": "query",
  "http://a.ml/vocabularies/apiContract#explode": "true",
  "http://a.ml/vocabularies/apiContract#paramName": "username",
  "http://a.ml/vocabularies/apiContract#required": "true",
  "http://a.ml/vocabularies/apiContract#style": "form",
  "http://a.ml/vocabularies/core#description": "The user name for login",
  "http://a.ml/vocabularies/core#name": "username",
  "http://a.ml/vocabularies/shapes#schema": {
    "http://www.w3.org/ns/shacl#datatype": "http://www.w3.org/2001/XMLSchema#string",
    "http://www.w3.org/ns/shacl#name": "username",
    "id": "file:///Users/abettati/Desktop/apisContentFull/4172.json#/web-api/end-points/%2Fuser%2Fsing_up/post/requestBody/parameter/username/scalar/username"
  },
  "id": "file:///Users/abettati/Desktop/apisContentFull/4172.json#/web-api/end-points/%2Fuser%2Fsing_up/post/requestBody/parameter/username"
}, {
  "http://a.ml/vocabularies/apiContract#allowEmptyValue": "false",
  "http://a.ml/vocabularies/apiContract#allowReserved": "false",
  "http://a.ml/vocabularies/apiContract#binding": "query",
  "http://a.ml/vocabularies/apiContract#explode": "true",
  "http://a.ml/vocabularies/apiContract#paramName": "email",
  "http://a.ml/vocabularies/apiContract#required": "true",
  "http://a.ml/vocabularies/apiContract#style": "form",
  "http://a.ml/vocabularies/core#description": "The user name for login",
  "http://a.ml/vocabularies/core#name": "email",
  "http://a.ml/vocabularies/shapes#schema": {
    "http://www.w3.org/ns/shacl#datatype": "http://www.w3.org/2001/XMLSchema#string",
    "http://www.w3.org/ns/shacl#name": "email",
    "id": "file:///Users/abettati/Desktop/apisContentFull/4172.json#/web-api/end-points/%2Fuser%2Fsing_up/post/requestBody/parameter/email/scalar/email"
  },
  "id": "file:///Users/abettati/Desktop/apisContentFull/4172.json#/web-api/end-points/%2Fuser%2Fsing_up/post/requestBody/parameter/email"
}, {
  "http://a.ml/vocabularies/apiContract#allowEmptyValue": "false",
  "http://a.ml/vocabularies/apiContract#allowReserved": "false",
  "http://a.ml/vocabularies/apiContract#binding": "query",
  "http://a.ml/vocabularies/apiContract#explode": "true",
  "http://a.ml/vocabularies/apiContract#paramName": "password",
  "http://a.ml/vocabularies/apiContract#required": "true",
  "http://a.ml/vocabularies/apiContract#style": "form",
  "http://a.ml/vocabularies/core#description": "The password for login in clear text",
  "http://a.ml/vocabularies/core#name": "password",
  "http://a.ml/vocabularies/shapes#schema": {
    "http://www.w3.org/ns/shacl#datatype": "http://www.w3.org/2001/XMLSchema#string",
    "http://www.w3.org/ns/shacl#name": "password",
    "id": "file:///Users/abettati/Desktop/apisContentFull/4172.json#/web-api/end-points/%2Fuser%2Fsing_up/post/requestBody/parameter/password/scalar/password"
  },
  "id": "file:///Users/abettati/Desktop/apisContentFull/4172.json#/web-api/end-points/%2Fuser%2Fsing_up/post/requestBody/parameter/password"
}, {
  "http://a.ml/vocabularies/apiContract#allowEmptyValue": "false",
  "http://a.ml/vocabularies/apiContract#allowReserved": "false",
  "http://a.ml/vocabularies/apiContract#binding": "query",
  "http://a.ml/vocabularies/apiContract#explode": "true",
  "http://a.ml/vocabularies/apiContract#paramName": "email",
  "http://a.ml/vocabularies/apiContract#required": "true",
  "http://a.ml/vocabularies/apiContract#style": "form",
  "http://a.ml/vocabularies/core#description": "The user email for login",
  "http://a.ml/vocabularies/core#name": "email",
  "http://a.ml/vocabularies/shapes#schema": {
    "http://www.w3.org/ns/shacl#datatype": "http://www.w3.org/2001/XMLSchema#string",
    "http://www.w3.org/ns/shacl#name": "email",
    "id": "file:///Users/abettati/Desktop/apisContentFull/4172.json#/web-api/end-points/%2Fusers%2Fsign_in/post/request/parameter/email/scalar/email"
  },
  "id": "file:///Users/abettati/Desktop/apisContentFull/4172.json#/web-api/end-points/%2Fusers%2Fsign_in/post/request/parameter/email"
}, {
  "http://a.ml/vocabularies/apiContract#allowEmptyValue": "false",
  "http://a.ml/vocabularies/apiContract#allowReserved": "false",
  "http://a.ml/vocabularies/apiContract#binding": "query",
  "http://a.ml/vocabularies/apiContract#explode": "true",
  "http://a.ml/vocabularies/apiContract#paramName": "password",
  "http://a.ml/vocabularies/apiContract#required": "true",
  "http://a.ml/vocabularies/apiContract#style": "form",
  "http://a.ml/vocabularies/core#description": "The password for login",
  "http://a.ml/vocabularies/core#name": "password",
  "http://a.ml/vocabularies/shapes#schema": {
    "http://www.w3.org/ns/shacl#datatype": "http://www.w3.org/2001/XMLSchema#string",
    "http://www.w3.org/ns/shacl#name": "password",
    "id": "file:///Users/abettati/Desktop/apisContentFull/4172.json#/web-api/end-points/%2Fusers%2Fsign_in/post/request/parameter/password/scalar/password"
  },
  "id": "file:///Users/abettati/Desktop/apisContentFull/4172.json#/web-api/end-points/%2Fusers%2Fsign_in/post/request/parameter/password"
}, {
  "http://a.ml/vocabularies/apiContract#binding": "path",
  "http://a.ml/vocabularies/apiContract#explode": "false",
  "http://a.ml/vocabularies/apiContract#paramName": "username",
  "http://a.ml/vocabularies/apiContract#required": "true",
  "http://a.ml/vocabularies/apiContract#style": "simple",
  "http://a.ml/vocabularies/core#description": "The name that needs to be fetched. Use user1 for testing.",
  "http://a.ml/vocabularies/core#name": "username",
  "http://a.ml/vocabularies/shapes#schema": {
    "http://www.w3.org/ns/shacl#datatype": "http://www.w3.org/2001/XMLSchema#string",
    "http://www.w3.org/ns/shacl#name": "username",
    "id": "file:///Users/abettati/Desktop/apisContentFull/4172.json#/web-api/end-points/%2Fuser%2F%7Busername%7D/get/request/parameter/username/scalar/username"
  },
  "id": "file:///Users/abettati/Desktop/apisContentFull/4172.json#/web-api/end-points/%2Fuser%2F%7Busername%7D/get/request/parameter/username"
}, {
  "http://a.ml/vocabularies/apiContract#binding": "path",
  "http://a.ml/vocabularies/apiContract#explode": "false",
  "http://a.ml/vocabularies/apiContract#paramName": "username",
  "http://a.ml/vocabularies/apiContract#required": "true",
  "http://a.ml/vocabularies/apiContract#style": "simple",
  "http://a.ml/vocabularies/core#description": "name that need to be updated",
  "http://a.ml/vocabularies/core#name": "username",
  "http://a.ml/vocabularies/shapes#schema": {
    "http://www.w3.org/ns/shacl#datatype": "http://www.w3.org/2001/XMLSchema#string",
    "http://www.w3.org/ns/shacl#name": "username",
    "id": "file:///Users/abettati/Desktop/apisContentFull/4172.json#/web-api/end-points/%2Fuser%2F%7Busername%7D/put/requestBody/parameter/username/scalar/username"
  },
  "id": "file:///Users/abettati/Desktop/apisContentFull/4172.json#/web-api/end-points/%2Fuser%2F%7Busername%7D/put/requestBody/parameter/username"
}, {
  "http://a.ml/vocabularies/apiContract#binding": "path",
  "http://a.ml/vocabularies/apiContract#explode": "false",
  "http://a.ml/vocabularies/apiContract#paramName": "username",
  "http://a.ml/vocabularies/apiContract#required": "true",
  "http://a.ml/vocabularies/apiContract#style": "simple",
  "http://a.ml/vocabularies/core#description": "The name that needs to be deleted",
  "http://a.ml/vocabularies/core#name": "username",
  "http://a.ml/vocabularies/shapes#schema": {
    "http://www.w3.org/ns/shacl#datatype": "http://www.w3.org/2001/XMLSchema#string",
    "http://www.w3.org/ns/shacl#name": "username",
    "id": "file:///Users/abettati/Desktop/apisContentFull/4172.json#/web-api/end-points/%2Fuser%2F%7Busername%7D/delete/request/parameter/username/scalar/username"
  },
  "id": "file:///Users/abettati/Desktop/apisContentFull/4172.json#/web-api/end-points/%2Fuser%2F%7Busername%7D/delete/request/parameter/username"
}]