[{
  "http://a.ml/vocabularies/apiContract#binding": "header",
  "http://a.ml/vocabularies/apiContract#explode": "false",
  "http://a.ml/vocabularies/apiContract#paramName": "lang",
  "http://a.ml/vocabularies/apiContract#required": "false",
  "http://a.ml/vocabularies/apiContract#style": "simple",
  "http://a.ml/vocabularies/core#description": "Language",
  "http://a.ml/vocabularies/core#name": "lang",
  "http://a.ml/vocabularies/shapes#schema": {
    "http://www.w3.org/ns/shacl#datatype": "http://www.w3.org/2001/XMLSchema#string",
    "http://www.w3.org/ns/shacl#defaultValue": {
      "http://a.ml/vocabularies/core#name": "scalar_1",
      "http://a.ml/vocabularies/data#value": "en",
      "http://www.w3.org/ns/shacl#datatype": "http://www.w3.org/2001/XMLSchema#string",
      "id": "file:///Users/abettati/Desktop/apisContentFull/6224.json#/web-api/end-points/%2Fapi%2Fv1%2Fregister/post/requestBody/parameter/lang/scalar/lang/scalar_1"
    },
    "http://www.w3.org/ns/shacl#defaultValueStr": "en",
    "http://www.w3.org/ns/shacl#name": "lang",
    "id": "file:///Users/abettati/Desktop/apisContentFull/6224.json#/web-api/end-points/%2Fapi%2Fv1%2Fregister/post/requestBody/parameter/lang/scalar/lang"
  },
  "id": "file:///Users/abettati/Desktop/apisContentFull/6224.json#/web-api/end-points/%2Fapi%2Fv1%2Fregister/post/requestBody/parameter/lang"
}, {
  "http://a.ml/vocabularies/apiContract#binding": "header",
  "http://a.ml/vocabularies/apiContract#explode": "false",
  "http://a.ml/vocabularies/apiContract#paramName": "lang",
  "http://a.ml/vocabularies/apiContract#required": "false",
  "http://a.ml/vocabularies/apiContract#style": "simple",
  "http://a.ml/vocabularies/core#description": "Language",
  "http://a.ml/vocabularies/core#name": "lang",
  "http://a.ml/vocabularies/shapes#schema": {
    "http://www.w3.org/ns/shacl#datatype": "http://www.w3.org/2001/XMLSchema#string",
    "http://www.w3.org/ns/shacl#defaultValue": {
      "http://a.ml/vocabularies/core#name": "scalar_1",
      "http://a.ml/vocabularies/data#value": "en",
      "http://www.w3.org/ns/shacl#datatype": "http://www.w3.org/2001/XMLSchema#string",
      "id": "file:///Users/abettati/Desktop/apisContentFull/6224.json#/web-api/end-points/%2Fapi%2Fv1%2Fmain-balance/get/request/parameter/lang/scalar/lang/scalar_1"
    },
    "http://www.w3.org/ns/shacl#defaultValueStr": "en",
    "http://www.w3.org/ns/shacl#name": "lang",
    "id": "file:///Users/abettati/Desktop/apisContentFull/6224.json#/web-api/end-points/%2Fapi%2Fv1%2Fmain-balance/get/request/parameter/lang/scalar/lang"
  },
  "id": "file:///Users/abettati/Desktop/apisContentFull/6224.json#/web-api/end-points/%2Fapi%2Fv1%2Fmain-balance/get/request/parameter/lang"
}, {
  "http://a.ml/vocabularies/apiContract#binding": "header",
  "http://a.ml/vocabularies/apiContract#explode": "false",
  "http://a.ml/vocabularies/apiContract#paramName": "lang",
  "http://a.ml/vocabularies/apiContract#required": "false",
  "http://a.ml/vocabularies/apiContract#style": "simple",
  "http://a.ml/vocabularies/core#description": "Language",
  "http://a.ml/vocabularies/core#name": "lang",
  "http://a.ml/vocabularies/shapes#schema": {
    "http://www.w3.org/ns/shacl#datatype": "http://www.w3.org/2001/XMLSchema#string",
    "http://www.w3.org/ns/shacl#defaultValue": {
      "http://a.ml/vocabularies/core#name": "scalar_1",
      "http://a.ml/vocabularies/data#value": "en",
      "http://www.w3.org/ns/shacl#datatype": "http://www.w3.org/2001/XMLSchema#string",
      "id": "file:///Users/abettati/Desktop/apisContentFull/6224.json#/web-api/end-points/%2Fapi%2Fv1%2Fbrand%2Fbundle/get/request/parameter/lang/scalar/lang/scalar_1"
    },
    "http://www.w3.org/ns/shacl#defaultValueStr": "en",
    "http://www.w3.org/ns/shacl#name": "lang",
    "id": "file:///Users/abettati/Desktop/apisContentFull/6224.json#/web-api/end-points/%2Fapi%2Fv1%2Fbrand%2Fbundle/get/request/parameter/lang/scalar/lang"
  },
  "id": "file:///Users/abettati/Desktop/apisContentFull/6224.json#/web-api/end-points/%2Fapi%2Fv1%2Fbrand%2Fbundle/get/request/parameter/lang"
}, {
  "http://a.ml/vocabularies/apiContract#binding": "header",
  "http://a.ml/vocabularies/apiContract#explode": "false",
  "http://a.ml/vocabularies/apiContract#paramName": "lang",
  "http://a.ml/vocabularies/apiContract#required": "false",
  "http://a.ml/vocabularies/apiContract#style": "simple",
  "http://a.ml/vocabularies/core#description": "Language",
  "http://a.ml/vocabularies/core#name": "lang",
  "http://a.ml/vocabularies/shapes#schema": {
    "http://www.w3.org/ns/shacl#datatype": "http://www.w3.org/2001/XMLSchema#string",
    "http://www.w3.org/ns/shacl#defaultValue": {
      "http://a.ml/vocabularies/core#name": "scalar_1",
      "http://a.ml/vocabularies/data#value": "en",
      "http://www.w3.org/ns/shacl#datatype": "http://www.w3.org/2001/XMLSchema#string",
      "id": "file:///Users/abettati/Desktop/apisContentFull/6224.json#/web-api/end-points/%2Fapi%2Fv1%2Fbrand%2Ftop-up/post/request/parameter/lang/scalar/lang/scalar_1"
    },
    "http://www.w3.org/ns/shacl#defaultValueStr": "en",
    "http://www.w3.org/ns/shacl#name": "lang",
    "id": "file:///Users/abettati/Desktop/apisContentFull/6224.json#/web-api/end-points/%2Fapi%2Fv1%2Fbrand%2Ftop-up/post/request/parameter/lang/scalar/lang"
  },
  "id": "file:///Users/abettati/Desktop/apisContentFull/6224.json#/web-api/end-points/%2Fapi%2Fv1%2Fbrand%2Ftop-up/post/request/parameter/lang"
}, {
  "http://a.ml/vocabularies/apiContract#binding": "header",
  "http://a.ml/vocabularies/apiContract#explode": "false",
  "http://a.ml/vocabularies/apiContract#paramName": "lang",
  "http://a.ml/vocabularies/apiContract#required": "false",
  "http://a.ml/vocabularies/apiContract#style": "simple",
  "http://a.ml/vocabularies/core#description": "Language",
  "http://a.ml/vocabularies/core#name": "lang",
  "http://a.ml/vocabularies/shapes#schema": {
    "http://www.w3.org/ns/shacl#datatype": "http://www.w3.org/2001/XMLSchema#string",
    "http://www.w3.org/ns/shacl#defaultValue": {
      "http://a.ml/vocabularies/core#name": "scalar_1",
      "http://a.ml/vocabularies/data#value": "en",
      "http://www.w3.org/ns/shacl#datatype": "http://www.w3.org/2001/XMLSchema#string",
      "id": "file:///Users/abettati/Desktop/apisContentFull/6224.json#/web-api/end-points/%2Fapi%2Fv1%2Fbundle%2Fpayment-method/get/request/parameter/lang/scalar/lang/scalar_1"
    },
    "http://www.w3.org/ns/shacl#defaultValueStr": "en",
    "http://www.w3.org/ns/shacl#name": "lang",
    "id": "file:///Users/abettati/Desktop/apisContentFull/6224.json#/web-api/end-points/%2Fapi%2Fv1%2Fbundle%2Fpayment-method/get/request/parameter/lang/scalar/lang"
  },
  "id": "file:///Users/abettati/Desktop/apisContentFull/6224.json#/web-api/end-points/%2Fapi%2Fv1%2Fbundle%2Fpayment-method/get/request/parameter/lang"
}, {
  "http://a.ml/vocabularies/apiContract#binding": "header",
  "http://a.ml/vocabularies/apiContract#explode": "false",
  "http://a.ml/vocabularies/apiContract#paramName": "lang",
  "http://a.ml/vocabularies/apiContract#required": "false",
  "http://a.ml/vocabularies/apiContract#style": "simple",
  "http://a.ml/vocabularies/core#description": "Language",
  "http://a.ml/vocabularies/core#name": "lang",
  "http://a.ml/vocabularies/shapes#schema": {
    "http://www.w3.org/ns/shacl#datatype": "http://www.w3.org/2001/XMLSchema#string",
    "http://www.w3.org/ns/shacl#defaultValue": {
      "http://a.ml/vocabularies/core#name": "scalar_1",
      "http://a.ml/vocabularies/data#value": "en",
      "http://www.w3.org/ns/shacl#datatype": "http://www.w3.org/2001/XMLSchema#string",
      "id": "file:///Users/abettati/Desktop/apisContentFull/6224.json#/web-api/end-points/%2Fapi%2Fv1%2Fbundle%2F/get/request/parameter/lang/scalar/lang/scalar_1"
    },
    "http://www.w3.org/ns/shacl#defaultValueStr": "en",
    "http://www.w3.org/ns/shacl#name": "lang",
    "id": "file:///Users/abettati/Desktop/apisContentFull/6224.json#/web-api/end-points/%2Fapi%2Fv1%2Fbundle%2F/get/request/parameter/lang/scalar/lang"
  },
  "id": "file:///Users/abettati/Desktop/apisContentFull/6224.json#/web-api/end-points/%2Fapi%2Fv1%2Fbundle%2F/get/request/parameter/lang"
}, {
  "http://a.ml/vocabularies/apiContract#binding": "header",
  "http://a.ml/vocabularies/apiContract#explode": "false",
  "http://a.ml/vocabularies/apiContract#paramName": "lang",
  "http://a.ml/vocabularies/apiContract#required": "false",
  "http://a.ml/vocabularies/apiContract#style": "simple",
  "http://a.ml/vocabularies/core#description": "Language",
  "http://a.ml/vocabularies/core#name": "lang",
  "http://a.ml/vocabularies/shapes#schema": {
    "http://www.w3.org/ns/shacl#datatype": "http://www.w3.org/2001/XMLSchema#string",
    "http://www.w3.org/ns/shacl#defaultValue": {
      "http://a.ml/vocabularies/core#name": "scalar_1",
      "http://a.ml/vocabularies/data#value": "en",
      "http://www.w3.org/ns/shacl#datatype": "http://www.w3.org/2001/XMLSchema#string",
      "id": "file:///Users/abettati/Desktop/apisContentFull/6224.json#/web-api/end-points/%2Fapi%2Fv1%2Fbundle%2Fpay/post/requestBody/parameter/lang/scalar/lang/scalar_1"
    },
    "http://www.w3.org/ns/shacl#defaultValueStr": "en",
    "http://www.w3.org/ns/shacl#name": "lang",
    "id": "file:///Users/abettati/Desktop/apisContentFull/6224.json#/web-api/end-points/%2Fapi%2Fv1%2Fbundle%2Fpay/post/requestBody/parameter/lang/scalar/lang"
  },
  "id": "file:///Users/abettati/Desktop/apisContentFull/6224.json#/web-api/end-points/%2Fapi%2Fv1%2Fbundle%2Fpay/post/requestBody/parameter/lang"
}, {
  "http://a.ml/vocabularies/apiContract#binding": "header",
  "http://a.ml/vocabularies/apiContract#explode": "false",
  "http://a.ml/vocabularies/apiContract#paramName": "lang",
  "http://a.ml/vocabularies/apiContract#required": "false",
  "http://a.ml/vocabularies/apiContract#style": "simple",
  "http://a.ml/vocabularies/core#description": "Language",
  "http://a.ml/vocabularies/core#name": "lang",
  "http://a.ml/vocabularies/shapes#schema": {
    "http://www.w3.org/ns/shacl#datatype": "http://www.w3.org/2001/XMLSchema#string",
    "http://www.w3.org/ns/shacl#defaultValue": {
      "http://a.ml/vocabularies/core#name": "scalar_1",
      "http://a.ml/vocabularies/data#value": "en",
      "http://www.w3.org/ns/shacl#datatype": "http://www.w3.org/2001/XMLSchema#string",
      "id": "file:///Users/abettati/Desktop/apisContentFull/6224.json#/web-api/end-points/%2Fapi%2Fv1%2Fhistory/get/request/parameter/lang/scalar/lang/scalar_1"
    },
    "http://www.w3.org/ns/shacl#defaultValueStr": "en",
    "http://www.w3.org/ns/shacl#name": "lang",
    "id": "file:///Users/abettati/Desktop/apisContentFull/6224.json#/web-api/end-points/%2Fapi%2Fv1%2Fhistory/get/request/parameter/lang/scalar/lang"
  },
  "id": "file:///Users/abettati/Desktop/apisContentFull/6224.json#/web-api/end-points/%2Fapi%2Fv1%2Fhistory/get/request/parameter/lang"
}, {
  "http://a.ml/vocabularies/apiContract#binding": "header",
  "http://a.ml/vocabularies/apiContract#explode": "false",
  "http://a.ml/vocabularies/apiContract#paramName": "lang",
  "http://a.ml/vocabularies/apiContract#required": "false",
  "http://a.ml/vocabularies/apiContract#style": "simple",
  "http://a.ml/vocabularies/core#description": "Language",
  "http://a.ml/vocabularies/core#name": "lang",
  "http://a.ml/vocabularies/shapes#schema": {
    "http://www.w3.org/ns/shacl#datatype": "http://www.w3.org/2001/XMLSchema#string",
    "http://www.w3.org/ns/shacl#defaultValue": {
      "http://a.ml/vocabularies/core#name": "scalar_1",
      "http://a.ml/vocabularies/data#value": "en",
      "http://www.w3.org/ns/shacl#datatype": "http://www.w3.org/2001/XMLSchema#string",
      "id": "file:///Users/abettati/Desktop/apisContentFull/6224.json#/web-api/end-points/%2Fapi%2Fv1%2Fivr%2FtopUp/post/requestBody/parameter/lang/scalar/lang/scalar_1"
    },
    "http://www.w3.org/ns/shacl#defaultValueStr": "en",
    "http://www.w3.org/ns/shacl#name": "lang",
    "id": "file:///Users/abettati/Desktop/apisContentFull/6224.json#/web-api/end-points/%2Fapi%2Fv1%2Fivr%2FtopUp/post/requestBody/parameter/lang/scalar/lang"
  },
  "id": "file:///Users/abettati/Desktop/apisContentFull/6224.json#/web-api/end-points/%2Fapi%2Fv1%2Fivr%2FtopUp/post/requestBody/parameter/lang"
}, {
  "http://a.ml/vocabularies/apiContract#binding": "header",
  "http://a.ml/vocabularies/apiContract#explode": "false",
  "http://a.ml/vocabularies/apiContract#paramName": "lang",
  "http://a.ml/vocabularies/apiContract#required": "false",
  "http://a.ml/vocabularies/apiContract#style": "simple",
  "http://a.ml/vocabularies/core#description": "Language",
  "http://a.ml/vocabularies/core#name": "lang",
  "http://a.ml/vocabularies/shapes#schema": {
    "http://www.w3.org/ns/shacl#datatype": "http://www.w3.org/2001/XMLSchema#string",
    "http://www.w3.org/ns/shacl#defaultValue": {
      "http://a.ml/vocabularies/core#name": "scalar_1",
      "http://a.ml/vocabularies/data#value": "en",
      "http://www.w3.org/ns/shacl#datatype": "http://www.w3.org/2001/XMLSchema#string",
      "id": "file:///Users/abettati/Desktop/apisContentFull/6224.json#/web-api/end-points/%2Fapi%2Fv1%2Fivr%2FfriendTopUp/post/requestBody/parameter/lang/scalar/lang/scalar_1"
    },
    "http://www.w3.org/ns/shacl#defaultValueStr": "en",
    "http://www.w3.org/ns/shacl#name": "lang",
    "id": "file:///Users/abettati/Desktop/apisContentFull/6224.json#/web-api/end-points/%2Fapi%2Fv1%2Fivr%2FfriendTopUp/post/requestBody/parameter/lang/scalar/lang"
  },
  "id": "file:///Users/abettati/Desktop/apisContentFull/6224.json#/web-api/end-points/%2Fapi%2Fv1%2Fivr%2FfriendTopUp/post/requestBody/parameter/lang"
}, {
  "http://a.ml/vocabularies/apiContract#binding": "header",
  "http://a.ml/vocabularies/apiContract#explode": "false",
  "http://a.ml/vocabularies/apiContract#paramName": "lang",
  "http://a.ml/vocabularies/apiContract#required": "false",
  "http://a.ml/vocabularies/apiContract#style": "simple",
  "http://a.ml/vocabularies/core#description": "Language",
  "http://a.ml/vocabularies/core#name": "lang",
  "http://a.ml/vocabularies/shapes#schema": {
    "http://www.w3.org/ns/shacl#datatype": "http://www.w3.org/2001/XMLSchema#string",
    "http://www.w3.org/ns/shacl#defaultValue": {
      "http://a.ml/vocabularies/core#name": "scalar_1",
      "http://a.ml/vocabularies/data#value": "en",
      "http://www.w3.org/ns/shacl#datatype": "http://www.w3.org/2001/XMLSchema#string",
      "id": "file:///Users/abettati/Desktop/apisContentFull/6224.json#/web-api/end-points/%2Fapi%2Fv1%2Fivr%2FchangePin/post/requestBody/parameter/lang/scalar/lang/scalar_1"
    },
    "http://www.w3.org/ns/shacl#defaultValueStr": "en",
    "http://www.w3.org/ns/shacl#name": "lang",
    "id": "file:///Users/abettati/Desktop/apisContentFull/6224.json#/web-api/end-points/%2Fapi%2Fv1%2Fivr%2FchangePin/post/requestBody/parameter/lang/scalar/lang"
  },
  "id": "file:///Users/abettati/Desktop/apisContentFull/6224.json#/web-api/end-points/%2Fapi%2Fv1%2Fivr%2FchangePin/post/requestBody/parameter/lang"
}, {
  "http://a.ml/vocabularies/apiContract#binding": "header",
  "http://a.ml/vocabularies/apiContract#explode": "false",
  "http://a.ml/vocabularies/apiContract#paramName": "lang",
  "http://a.ml/vocabularies/apiContract#required": "false",
  "http://a.ml/vocabularies/apiContract#style": "simple",
  "http://a.ml/vocabularies/core#description": "Language",
  "http://a.ml/vocabularies/core#name": "lang",
  "http://a.ml/vocabularies/shapes#schema": {
    "http://www.w3.org/ns/shacl#datatype": "http://www.w3.org/2001/XMLSchema#string",
    "http://www.w3.org/ns/shacl#defaultValue": {
      "http://a.ml/vocabularies/core#name": "scalar_1",
      "http://a.ml/vocabularies/data#value": "en",
      "http://www.w3.org/ns/shacl#datatype": "http://www.w3.org/2001/XMLSchema#string",
      "id": "file:///Users/abettati/Desktop/apisContentFull/6224.json#/web-api/end-points/%2Fapi%2Fv1%2Fivr%2Funsubscribe/post/requestBody/parameter/lang/scalar/lang/scalar_1"
    },
    "http://www.w3.org/ns/shacl#defaultValueStr": "en",
    "http://www.w3.org/ns/shacl#name": "lang",
    "id": "file:///Users/abettati/Desktop/apisContentFull/6224.json#/web-api/end-points/%2Fapi%2Fv1%2Fivr%2Funsubscribe/post/requestBody/parameter/lang/scalar/lang"
  },
  "id": "file:///Users/abettati/Desktop/apisContentFull/6224.json#/web-api/end-points/%2Fapi%2Fv1%2Fivr%2Funsubscribe/post/requestBody/parameter/lang"
}, {
  "http://a.ml/vocabularies/apiContract#binding": "header",
  "http://a.ml/vocabularies/apiContract#explode": "false",
  "http://a.ml/vocabularies/apiContract#paramName": "lang",
  "http://a.ml/vocabularies/apiContract#required": "false",
  "http://a.ml/vocabularies/apiContract#style": "simple",
  "http://a.ml/vocabularies/core#description": "Language",
  "http://a.ml/vocabularies/core#name": "lang",
  "http://a.ml/vocabularies/shapes#schema": {
    "http://www.w3.org/ns/shacl#datatype": "http://www.w3.org/2001/XMLSchema#string",
    "http://www.w3.org/ns/shacl#defaultValue": {
      "http://a.ml/vocabularies/core#name": "scalar_1",
      "http://a.ml/vocabularies/data#value": "en",
      "http://www.w3.org/ns/shacl#datatype": "http://www.w3.org/2001/XMLSchema#string",
      "id": "file:///Users/abettati/Desktop/apisContentFull/6224.json#/web-api/end-points/%2Fapi%2Fv1%2Fivr%2FcheckMSISDN/post/requestBody/parameter/lang/scalar/lang/scalar_1"
    },
    "http://www.w3.org/ns/shacl#defaultValueStr": "en",
    "http://www.w3.org/ns/shacl#name": "lang",
    "id": "file:///Users/abettati/Desktop/apisContentFull/6224.json#/web-api/end-points/%2Fapi%2Fv1%2Fivr%2FcheckMSISDN/post/requestBody/parameter/lang/scalar/lang"
  },
  "id": "file:///Users/abettati/Desktop/apisContentFull/6224.json#/web-api/end-points/%2Fapi%2Fv1%2Fivr%2FcheckMSISDN/post/requestBody/parameter/lang"
}, {
  "http://a.ml/vocabularies/apiContract#binding": "header",
  "http://a.ml/vocabularies/apiContract#explode": "false",
  "http://a.ml/vocabularies/apiContract#paramName": "lang",
  "http://a.ml/vocabularies/apiContract#required": "false",
  "http://a.ml/vocabularies/apiContract#style": "simple",
  "http://a.ml/vocabularies/core#description": "Language",
  "http://a.ml/vocabularies/core#name": "lang",
  "http://a.ml/vocabularies/shapes#schema": {
    "http://www.w3.org/ns/shacl#datatype": "http://www.w3.org/2001/XMLSchema#string",
    "http://www.w3.org/ns/shacl#defaultValue": {
      "http://a.ml/vocabularies/core#name": "scalar_1",
      "http://a.ml/vocabularies/data#value": "en",
      "http://www.w3.org/ns/shacl#datatype": "http://www.w3.org/2001/XMLSchema#string",
      "id": "file:///Users/abettati/Desktop/apisContentFull/6224.json#/web-api/end-points/%2Fapi%2Fv1%2Fivr%2FcheckFriendMSISDN/post/requestBody/parameter/lang/scalar/lang/scalar_1"
    },
    "http://www.w3.org/ns/shacl#defaultValueStr": "en",
    "http://www.w3.org/ns/shacl#name": "lang",
    "id": "file:///Users/abettati/Desktop/apisContentFull/6224.json#/web-api/end-points/%2Fapi%2Fv1%2Fivr%2FcheckFriendMSISDN/post/requestBody/parameter/lang/scalar/lang"
  },
  "id": "file:///Users/abettati/Desktop/apisContentFull/6224.json#/web-api/end-points/%2Fapi%2Fv1%2Fivr%2FcheckFriendMSISDN/post/requestBody/parameter/lang"
}, {
  "http://a.ml/vocabularies/apiContract#binding": "header",
  "http://a.ml/vocabularies/apiContract#explode": "false",
  "http://a.ml/vocabularies/apiContract#paramName": "lang",
  "http://a.ml/vocabularies/apiContract#required": "false",
  "http://a.ml/vocabularies/apiContract#style": "simple",
  "http://a.ml/vocabularies/core#description": "Language",
  "http://a.ml/vocabularies/core#name": "lang",
  "http://a.ml/vocabularies/shapes#schema": {
    "http://www.w3.org/ns/shacl#datatype": "http://www.w3.org/2001/XMLSchema#string",
    "http://www.w3.org/ns/shacl#defaultValue": {
      "http://a.ml/vocabularies/core#name": "scalar_1",
      "http://a.ml/vocabularies/data#value": "en",
      "http://www.w3.org/ns/shacl#datatype": "http://www.w3.org/2001/XMLSchema#string",
      "id": "file:///Users/abettati/Desktop/apisContentFull/6224.json#/web-api/end-points/%2Fapi%2Fv1%2Fivr%2FblockCustomer/post/requestBody/parameter/lang/scalar/lang/scalar_1"
    },
    "http://www.w3.org/ns/shacl#defaultValueStr": "en",
    "http://www.w3.org/ns/shacl#name": "lang",
    "id": "file:///Users/abettati/Desktop/apisContentFull/6224.json#/web-api/end-points/%2Fapi%2Fv1%2Fivr%2FblockCustomer/post/requestBody/parameter/lang/scalar/lang"
  },
  "id": "file:///Users/abettati/Desktop/apisContentFull/6224.json#/web-api/end-points/%2Fapi%2Fv1%2Fivr%2FblockCustomer/post/requestBody/parameter/lang"
}, {
  "http://a.ml/vocabularies/apiContract#binding": "header",
  "http://a.ml/vocabularies/apiContract#explode": "false",
  "http://a.ml/vocabularies/apiContract#paramName": "lang",
  "http://a.ml/vocabularies/apiContract#required": "false",
  "http://a.ml/vocabularies/apiContract#style": "simple",
  "http://a.ml/vocabularies/core#description": "Language",
  "http://a.ml/vocabularies/core#name": "lang",
  "http://a.ml/vocabularies/shapes#schema": {
    "http://www.w3.org/ns/shacl#datatype": "http://www.w3.org/2001/XMLSchema#string",
    "http://www.w3.org/ns/shacl#defaultValue": {
      "http://a.ml/vocabularies/core#name": "scalar_1",
      "http://a.ml/vocabularies/data#value": "en",
      "http://www.w3.org/ns/shacl#datatype": "http://www.w3.org/2001/XMLSchema#string",
      "id": "file:///Users/abettati/Desktop/apisContentFull/6224.json#/web-api/end-points/%2Fapi%2Fv1%2Fpin%2Fcreate/post/requestBody/parameter/lang/scalar/lang/scalar_1"
    },
    "http://www.w3.org/ns/shacl#defaultValueStr": "en",
    "http://www.w3.org/ns/shacl#name": "lang",
    "id": "file:///Users/abettati/Desktop/apisContentFull/6224.json#/web-api/end-points/%2Fapi%2Fv1%2Fpin%2Fcreate/post/requestBody/parameter/lang/scalar/lang"
  },
  "id": "file:///Users/abettati/Desktop/apisContentFull/6224.json#/web-api/end-points/%2Fapi%2Fv1%2Fpin%2Fcreate/post/requestBody/parameter/lang"
}, {
  "http://a.ml/vocabularies/apiContract#binding": "header",
  "http://a.ml/vocabularies/apiContract#explode": "false",
  "http://a.ml/vocabularies/apiContract#paramName": "lang",
  "http://a.ml/vocabularies/apiContract#required": "false",
  "http://a.ml/vocabularies/apiContract#style": "simple",
  "http://a.ml/vocabularies/core#description": "Language",
  "http://a.ml/vocabularies/core#name": "lang",
  "http://a.ml/vocabularies/shapes#schema": {
    "http://www.w3.org/ns/shacl#datatype": "http://www.w3.org/2001/XMLSchema#string",
    "http://www.w3.org/ns/shacl#defaultValue": {
      "http://a.ml/vocabularies/core#name": "scalar_1",
      "http://a.ml/vocabularies/data#value": "en",
      "http://www.w3.org/ns/shacl#datatype": "http://www.w3.org/2001/XMLSchema#string",
      "id": "file:///Users/abettati/Desktop/apisContentFull/6224.json#/web-api/end-points/%2Fapi%2Fv1%2Fpin%2Fverify/post/requestBody/parameter/lang/scalar/lang/scalar_1"
    },
    "http://www.w3.org/ns/shacl#defaultValueStr": "en",
    "http://www.w3.org/ns/shacl#name": "lang",
    "id": "file:///Users/abettati/Desktop/apisContentFull/6224.json#/web-api/end-points/%2Fapi%2Fv1%2Fpin%2Fverify/post/requestBody/parameter/lang/scalar/lang"
  },
  "id": "file:///Users/abettati/Desktop/apisContentFull/6224.json#/web-api/end-points/%2Fapi%2Fv1%2Fpin%2Fverify/post/requestBody/parameter/lang"
}, {
  "http://a.ml/vocabularies/apiContract#binding": "header",
  "http://a.ml/vocabularies/apiContract#explode": "false",
  "http://a.ml/vocabularies/apiContract#paramName": "lang",
  "http://a.ml/vocabularies/apiContract#required": "false",
  "http://a.ml/vocabularies/apiContract#style": "simple",
  "http://a.ml/vocabularies/core#description": "Language",
  "http://a.ml/vocabularies/core#name": "lang",
  "http://a.ml/vocabularies/shapes#schema": {
    "http://www.w3.org/ns/shacl#datatype": "http://www.w3.org/2001/XMLSchema#string",
    "http://www.w3.org/ns/shacl#defaultValue": {
      "http://a.ml/vocabularies/core#name": "scalar_1",
      "http://a.ml/vocabularies/data#value": "en",
      "http://www.w3.org/ns/shacl#datatype": "http://www.w3.org/2001/XMLSchema#string",
      "id": "file:///Users/abettati/Desktop/apisContentFull/6224.json#/web-api/end-points/%2Fapi%2Fv1%2Fsubscriber-details/get/request/parameter/lang/scalar/lang/scalar_1"
    },
    "http://www.w3.org/ns/shacl#defaultValueStr": "en",
    "http://www.w3.org/ns/shacl#name": "lang",
    "id": "file:///Users/abettati/Desktop/apisContentFull/6224.json#/web-api/end-points/%2Fapi%2Fv1%2Fsubscriber-details/get/request/parameter/lang/scalar/lang"
  },
  "id": "file:///Users/abettati/Desktop/apisContentFull/6224.json#/web-api/end-points/%2Fapi%2Fv1%2Fsubscriber-details/get/request/parameter/lang"
}, {
  "http://a.ml/vocabularies/apiContract#binding": "header",
  "http://a.ml/vocabularies/apiContract#explode": "false",
  "http://a.ml/vocabularies/apiContract#paramName": "lang",
  "http://a.ml/vocabularies/apiContract#required": "false",
  "http://a.ml/vocabularies/apiContract#style": "simple",
  "http://a.ml/vocabularies/core#description": "Language",
  "http://a.ml/vocabularies/core#name": "lang",
  "http://a.ml/vocabularies/shapes#schema": {
    "http://www.w3.org/ns/shacl#datatype": "http://www.w3.org/2001/XMLSchema#string",
    "http://www.w3.org/ns/shacl#defaultValue": {
      "http://a.ml/vocabularies/core#name": "scalar_1",
      "http://a.ml/vocabularies/data#value": "en",
      "http://www.w3.org/ns/shacl#datatype": "http://www.w3.org/2001/XMLSchema#string",
      "id": "file:///Users/abettati/Desktop/apisContentFull/6224.json#/web-api/end-points/%2Fapi%2Fv1%2Ftopup%2Fpayment-method/get/request/parameter/lang/scalar/lang/scalar_1"
    },
    "http://www.w3.org/ns/shacl#defaultValueStr": "en",
    "http://www.w3.org/ns/shacl#name": "lang",
    "id": "file:///Users/abettati/Desktop/apisContentFull/6224.json#/web-api/end-points/%2Fapi%2Fv1%2Ftopup%2Fpayment-method/get/request/parameter/lang/scalar/lang"
  },
  "id": "file:///Users/abettati/Desktop/apisContentFull/6224.json#/web-api/end-points/%2Fapi%2Fv1%2Ftopup%2Fpayment-method/get/request/parameter/lang"
}, {
  "http://a.ml/vocabularies/apiContract#binding": "header",
  "http://a.ml/vocabularies/apiContract#explode": "false",
  "http://a.ml/vocabularies/apiContract#paramName": "lang",
  "http://a.ml/vocabularies/apiContract#required": "false",
  "http://a.ml/vocabularies/apiContract#style": "simple",
  "http://a.ml/vocabularies/core#description": "Language",
  "http://a.ml/vocabularies/core#name": "lang",
  "http://a.ml/vocabularies/shapes#schema": {
    "http://www.w3.org/ns/shacl#datatype": "http://www.w3.org/2001/XMLSchema#string",
    "http://www.w3.org/ns/shacl#defaultValue": {
      "http://a.ml/vocabularies/core#name": "scalar_1",
      "http://a.ml/vocabularies/data#value": "en",
      "http://www.w3.org/ns/shacl#datatype": "http://www.w3.org/2001/XMLSchema#string",
      "id": "file:///Users/abettati/Desktop/apisContentFull/6224.json#/web-api/end-points/%2Fapi%2Fv1%2Ftopup%2Fhistory/get/request/parameter/lang/scalar/lang/scalar_1"
    },
    "http://www.w3.org/ns/shacl#defaultValueStr": "en",
    "http://www.w3.org/ns/shacl#name": "lang",
    "id": "file:///Users/abettati/Desktop/apisContentFull/6224.json#/web-api/end-points/%2Fapi%2Fv1%2Ftopup%2Fhistory/get/request/parameter/lang/scalar/lang"
  },
  "id": "file:///Users/abettati/Desktop/apisContentFull/6224.json#/web-api/end-points/%2Fapi%2Fv1%2Ftopup%2Fhistory/get/request/parameter/lang"
}, {
  "http://a.ml/vocabularies/apiContract#binding": "header",
  "http://a.ml/vocabularies/apiContract#explode": "false",
  "http://a.ml/vocabularies/apiContract#paramName": "lang",
  "http://a.ml/vocabularies/apiContract#required": "false",
  "http://a.ml/vocabularies/apiContract#style": "simple",
  "http://a.ml/vocabularies/core#description": "Language",
  "http://a.ml/vocabularies/core#name": "lang",
  "http://a.ml/vocabularies/shapes#schema": {
    "http://www.w3.org/ns/shacl#datatype": "http://www.w3.org/2001/XMLSchema#string",
    "http://www.w3.org/ns/shacl#defaultValue": {
      "http://a.ml/vocabularies/core#name": "scalar_1",
      "http://a.ml/vocabularies/data#value": "en",
      "http://www.w3.org/ns/shacl#datatype": "http://www.w3.org/2001/XMLSchema#string",
      "id": "file:///Users/abettati/Desktop/apisContentFull/6224.json#/web-api/end-points/%2Fapi%2Fv1%2Ftopup%2Fdetails/get/request/parameter/lang/scalar/lang/scalar_1"
    },
    "http://www.w3.org/ns/shacl#defaultValueStr": "en",
    "http://www.w3.org/ns/shacl#name": "lang",
    "id": "file:///Users/abettati/Desktop/apisContentFull/6224.json#/web-api/end-points/%2Fapi%2Fv1%2Ftopup%2Fdetails/get/request/parameter/lang/scalar/lang"
  },
  "id": "file:///Users/abettati/Desktop/apisContentFull/6224.json#/web-api/end-points/%2Fapi%2Fv1%2Ftopup%2Fdetails/get/request/parameter/lang"
}, {
  "http://a.ml/vocabularies/apiContract#binding": "header",
  "http://a.ml/vocabularies/apiContract#explode": "false",
  "http://a.ml/vocabularies/apiContract#paramName": "lang",
  "http://a.ml/vocabularies/apiContract#required": "false",
  "http://a.ml/vocabularies/apiContract#style": "simple",
  "http://a.ml/vocabularies/core#description": "Language",
  "http://a.ml/vocabularies/core#name": "lang",
  "http://a.ml/vocabularies/shapes#schema": {
    "http://www.w3.org/ns/shacl#datatype": "http://www.w3.org/2001/XMLSchema#string",
    "http://www.w3.org/ns/shacl#defaultValue": {
      "http://a.ml/vocabularies/core#name": "scalar_1",
      "http://a.ml/vocabularies/data#value": "en",
      "http://www.w3.org/ns/shacl#datatype": "http://www.w3.org/2001/XMLSchema#string",
      "id": "file:///Users/abettati/Desktop/apisContentFull/6224.json#/web-api/end-points/%2Fapi%2Fv1%2Ftopup%2Fpay/post/requestBody/parameter/lang/scalar/lang/scalar_1"
    },
    "http://www.w3.org/ns/shacl#defaultValueStr": "en",
    "http://www.w3.org/ns/shacl#name": "lang",
    "id": "file:///Users/abettati/Desktop/apisContentFull/6224.json#/web-api/end-points/%2Fapi%2Fv1%2Ftopup%2Fpay/post/requestBody/parameter/lang/scalar/lang"
  },
  "id": "file:///Users/abettati/Desktop/apisContentFull/6224.json#/web-api/end-points/%2Fapi%2Fv1%2Ftopup%2Fpay/post/requestBody/parameter/lang"
}, {
  "http://a.ml/vocabularies/apiContract#binding": "header",
  "http://a.ml/vocabularies/apiContract#explode": "false",
  "http://a.ml/vocabularies/apiContract#paramName": "lang",
  "http://a.ml/vocabularies/apiContract#required": "false",
  "http://a.ml/vocabularies/apiContract#style": "simple",
  "http://a.ml/vocabularies/core#description": "Language",
  "http://a.ml/vocabularies/core#name": "lang",
  "http://a.ml/vocabularies/shapes#schema": {
    "http://www.w3.org/ns/shacl#datatype": "http://www.w3.org/2001/XMLSchema#string",
    "http://www.w3.org/ns/shacl#defaultValue": {
      "http://a.ml/vocabularies/core#name": "scalar_1",
      "http://a.ml/vocabularies/data#value": "en",
      "http://www.w3.org/ns/shacl#datatype": "http://www.w3.org/2001/XMLSchema#string",
      "id": "file:///Users/abettati/Desktop/apisContentFull/6224.json#/web-api/end-points/%2Fapi%2Fv1%2Ftopup%2Frecurring/put/requestBody/parameter/lang/scalar/lang/scalar_1"
    },
    "http://www.w3.org/ns/shacl#defaultValueStr": "en",
    "http://www.w3.org/ns/shacl#name": "lang",
    "id": "file:///Users/abettati/Desktop/apisContentFull/6224.json#/web-api/end-points/%2Fapi%2Fv1%2Ftopup%2Frecurring/put/requestBody/parameter/lang/scalar/lang"
  },
  "id": "file:///Users/abettati/Desktop/apisContentFull/6224.json#/web-api/end-points/%2Fapi%2Fv1%2Ftopup%2Frecurring/put/requestBody/parameter/lang"
}, {
  "http://a.ml/vocabularies/apiContract#binding": "header",
  "http://a.ml/vocabularies/apiContract#explode": "false",
  "http://a.ml/vocabularies/apiContract#paramName": "lang",
  "http://a.ml/vocabularies/apiContract#required": "false",
  "http://a.ml/vocabularies/apiContract#style": "simple",
  "http://a.ml/vocabularies/core#description": "Language",
  "http://a.ml/vocabularies/core#name": "lang",
  "http://a.ml/vocabularies/shapes#schema": {
    "http://www.w3.org/ns/shacl#datatype": "http://www.w3.org/2001/XMLSchema#string",
    "http://www.w3.org/ns/shacl#defaultValue": {
      "http://a.ml/vocabularies/core#name": "scalar_1",
      "http://a.ml/vocabularies/data#value": "en",
      "http://www.w3.org/ns/shacl#datatype": "http://www.w3.org/2001/XMLSchema#string",
      "id": "file:///Users/abettati/Desktop/apisContentFull/6224.json#/web-api/end-points/%2Fapi%2Fv1%2Ftopup%2Frecurring/post/requestBody/parameter/lang/scalar/lang/scalar_1"
    },
    "http://www.w3.org/ns/shacl#defaultValueStr": "en",
    "http://www.w3.org/ns/shacl#name": "lang",
    "id": "file:///Users/abettati/Desktop/apisContentFull/6224.json#/web-api/end-points/%2Fapi%2Fv1%2Ftopup%2Frecurring/post/requestBody/parameter/lang/scalar/lang"
  },
  "id": "file:///Users/abettati/Desktop/apisContentFull/6224.json#/web-api/end-points/%2Fapi%2Fv1%2Ftopup%2Frecurring/post/requestBody/parameter/lang"
}, {
  "http://a.ml/vocabularies/apiContract#binding": "header",
  "http://a.ml/vocabularies/apiContract#explode": "false",
  "http://a.ml/vocabularies/apiContract#paramName": "lang",
  "http://a.ml/vocabularies/apiContract#required": "false",
  "http://a.ml/vocabularies/apiContract#style": "simple",
  "http://a.ml/vocabularies/core#description": "Language",
  "http://a.ml/vocabularies/core#name": "lang",
  "http://a.ml/vocabularies/shapes#schema": {
    "http://www.w3.org/ns/shacl#datatype": "http://www.w3.org/2001/XMLSchema#string",
    "http://www.w3.org/ns/shacl#defaultValue": {
      "http://a.ml/vocabularies/core#name": "scalar_1",
      "http://a.ml/vocabularies/data#value": "en",
      "http://www.w3.org/ns/shacl#datatype": "http://www.w3.org/2001/XMLSchema#string",
      "id": "file:///Users/abettati/Desktop/apisContentFull/6224.json#/web-api/end-points/%2Fapi%2Fv1%2Ftopup%2Frecurring/delete/request/parameter/lang/scalar/lang/scalar_1"
    },
    "http://www.w3.org/ns/shacl#defaultValueStr": "en",
    "http://www.w3.org/ns/shacl#name": "lang",
    "id": "file:///Users/abettati/Desktop/apisContentFull/6224.json#/web-api/end-points/%2Fapi%2Fv1%2Ftopup%2Frecurring/delete/request/parameter/lang/scalar/lang"
  },
  "id": "file:///Users/abettati/Desktop/apisContentFull/6224.json#/web-api/end-points/%2Fapi%2Fv1%2Ftopup%2Frecurring/delete/request/parameter/lang"
}]