[{
  "http://a.ml/vocabularies/apiContract#allowEmptyValue": "false",
  "http://a.ml/vocabularies/apiContract#allowReserved": "false",
  "http://a.ml/vocabularies/apiContract#binding": "query",
  "http://a.ml/vocabularies/apiContract#explode": "true",
  "http://a.ml/vocabularies/apiContract#paramName": "billId",
  "http://a.ml/vocabularies/apiContract#required": "true",
  "http://a.ml/vocabularies/apiContract#style": "form",
  "http://a.ml/vocabularies/core#description": "id of the bill",
  "http://a.ml/vocabularies/core#name": "billId",
  "http://a.ml/vocabularies/shapes#schema": {
    "http://a.ml/vocabularies/apiContract#examples": [{
      "http://a.ml/vocabularies/document#raw": null,
      "http://a.ml/vocabularies/document#strict": null,
      "http://a.ml/vocabularies/document#structuredValue": null,
      "id": "file:///Users/abettati/Desktop/apisContentFull/5665.json#/web-api/end-points/%2Fbill/post/requestBody/parameter/billId/scalar/billId/example/default-example"
    }],
    "http://www.w3.org/ns/shacl#datatype": "http://www.w3.org/2001/XMLSchema#integer",
    "http://www.w3.org/ns/shacl#name": "billId",
    "id": "file:///Users/abettati/Desktop/apisContentFull/5665.json#/web-api/end-points/%2Fbill/post/requestBody/parameter/billId/scalar/billId"
  },
  "id": "file:///Users/abettati/Desktop/apisContentFull/5665.json#/web-api/end-points/%2Fbill/post/requestBody/parameter/billId"
}, {
  "http://a.ml/vocabularies/apiContract#allowEmptyValue": "false",
  "http://a.ml/vocabularies/apiContract#allowReserved": "false",
  "http://a.ml/vocabularies/apiContract#binding": "query",
  "http://a.ml/vocabularies/apiContract#explode": "true",
  "http://a.ml/vocabularies/apiContract#paramName": "bookingCost",
  "http://a.ml/vocabularies/apiContract#required": "true",
  "http://a.ml/vocabularies/apiContract#style": "form",
  "http://a.ml/vocabularies/core#description": "cost of the hotel booking",
  "http://a.ml/vocabularies/core#name": "bookingCost",
  "http://a.ml/vocabularies/shapes#schema": {
    "http://a.ml/vocabularies/apiContract#examples": [{
      "http://a.ml/vocabularies/document#raw": null,
      "http://a.ml/vocabularies/document#strict": null,
      "http://a.ml/vocabularies/document#structuredValue": null,
      "id": "file:///Users/abettati/Desktop/apisContentFull/5665.json#/web-api/end-points/%2Fbill/post/requestBody/parameter/bookingCost/scalar/bookingCost/example/default-example"
    }],
    "http://www.w3.org/ns/shacl#datatype": "http://a.ml/vocabularies/shapes#number",
    "http://www.w3.org/ns/shacl#name": "bookingCost",
    "id": "file:///Users/abettati/Desktop/apisContentFull/5665.json#/web-api/end-points/%2Fbill/post/requestBody/parameter/bookingCost/scalar/bookingCost"
  },
  "id": "file:///Users/abettati/Desktop/apisContentFull/5665.json#/web-api/end-points/%2Fbill/post/requestBody/parameter/bookingCost"
}, {
  "http://a.ml/vocabularies/apiContract#allowEmptyValue": "false",
  "http://a.ml/vocabularies/apiContract#allowReserved": "false",
  "http://a.ml/vocabularies/apiContract#binding": "query",
  "http://a.ml/vocabularies/apiContract#explode": "true",
  "http://a.ml/vocabularies/apiContract#paramName": "arrayOfServices",
  "http://a.ml/vocabularies/apiContract#required": "true",
  "http://a.ml/vocabularies/apiContract#style": "form",
  "http://a.ml/vocabularies/core#description": "services used by the client",
  "http://a.ml/vocabularies/core#name": "arrayOfServices",
  "http://a.ml/vocabularies/shapes#schema": {
    "http://a.ml/vocabularies/apiContract#examples": [{
      "http://a.ml/vocabularies/document#raw": null,
      "http://a.ml/vocabularies/document#strict": null,
      "http://a.ml/vocabularies/document#structuredValue": null,
      "id": "file:///Users/abettati/Desktop/apisContentFull/5665.json#/web-api/end-points/%2Fbill/post/requestBody/parameter/arrayOfServices/array/arrayOfServices/example/default-example"
    }],
    "http://a.ml/vocabularies/shapes#items": {
      "http://www.w3.org/ns/shacl#datatype": "http://www.w3.org/2001/XMLSchema#string",
      "http://www.w3.org/ns/shacl#name": "items",
      "id": "file:///Users/abettati/Desktop/apisContentFull/5665.json#/web-api/end-points/%2Fbill/post/requestBody/parameter/arrayOfServices/array/arrayOfServices/items/scalar/items"
    },
    "http://www.w3.org/ns/shacl#name": "arrayOfServices",
    "id": "file:///Users/abettati/Desktop/apisContentFull/5665.json#/web-api/end-points/%2Fbill/post/requestBody/parameter/arrayOfServices/array/arrayOfServices"
  },
  "id": "file:///Users/abettati/Desktop/apisContentFull/5665.json#/web-api/end-points/%2Fbill/post/requestBody/parameter/arrayOfServices"
}, {
  "http://a.ml/vocabularies/apiContract#allowEmptyValue": "false",
  "http://a.ml/vocabularies/apiContract#allowReserved": "false",
  "http://a.ml/vocabularies/apiContract#binding": "query",
  "http://a.ml/vocabularies/apiContract#explode": "true",
  "http://a.ml/vocabularies/apiContract#paramName": "clientId",
  "http://a.ml/vocabularies/apiContract#required": "true",
  "http://a.ml/vocabularies/apiContract#style": "form",
  "http://a.ml/vocabularies/core#description": "id of the client",
  "http://a.ml/vocabularies/core#name": "clientId",
  "http://a.ml/vocabularies/shapes#schema": {
    "http://a.ml/vocabularies/apiContract#examples": [{
      "http://a.ml/vocabularies/document#raw": null,
      "http://a.ml/vocabularies/document#strict": null,
      "http://a.ml/vocabularies/document#structuredValue": null,
      "id": "file:///Users/abettati/Desktop/apisContentFull/5665.json#/web-api/end-points/%2Fbill/post/requestBody/parameter/clientId/scalar/clientId/example/default-example"
    }],
    "http://www.w3.org/ns/shacl#datatype": "http://www.w3.org/2001/XMLSchema#integer",
    "http://www.w3.org/ns/shacl#name": "clientId",
    "id": "file:///Users/abettati/Desktop/apisContentFull/5665.json#/web-api/end-points/%2Fbill/post/requestBody/parameter/clientId/scalar/clientId"
  },
  "id": "file:///Users/abettati/Desktop/apisContentFull/5665.json#/web-api/end-points/%2Fbill/post/requestBody/parameter/clientId"
}, {
  "http://a.ml/vocabularies/apiContract#allowEmptyValue": "false",
  "http://a.ml/vocabularies/apiContract#allowReserved": "false",
  "http://a.ml/vocabularies/apiContract#binding": "query",
  "http://a.ml/vocabularies/apiContract#explode": "true",
  "http://a.ml/vocabularies/apiContract#paramName": "totalAmount",
  "http://a.ml/vocabularies/apiContract#required": "true",
  "http://a.ml/vocabularies/apiContract#style": "form",
  "http://a.ml/vocabularies/core#description": "the total amount for all services and booking",
  "http://a.ml/vocabularies/core#name": "totalAmount",
  "http://a.ml/vocabularies/shapes#schema": {
    "http://a.ml/vocabularies/apiContract#examples": [{
      "http://a.ml/vocabularies/document#raw": null,
      "http://a.ml/vocabularies/document#strict": null,
      "http://a.ml/vocabularies/document#structuredValue": null,
      "id": "file:///Users/abettati/Desktop/apisContentFull/5665.json#/web-api/end-points/%2Fbill/post/requestBody/parameter/totalAmount/scalar/totalAmount/example/default-example"
    }],
    "http://www.w3.org/ns/shacl#datatype": "http://a.ml/vocabularies/shapes#number",
    "http://www.w3.org/ns/shacl#name": "totalAmount",
    "id": "file:///Users/abettati/Desktop/apisContentFull/5665.json#/web-api/end-points/%2Fbill/post/requestBody/parameter/totalAmount/scalar/totalAmount"
  },
  "id": "file:///Users/abettati/Desktop/apisContentFull/5665.json#/web-api/end-points/%2Fbill/post/requestBody/parameter/totalAmount"
}, {
  "http://a.ml/vocabularies/apiContract#allowEmptyValue": "false",
  "http://a.ml/vocabularies/apiContract#allowReserved": "false",
  "http://a.ml/vocabularies/apiContract#binding": "query",
  "http://a.ml/vocabularies/apiContract#explode": "true",
  "http://a.ml/vocabularies/apiContract#paramName": "paymentStatus",
  "http://a.ml/vocabularies/apiContract#required": "true",
  "http://a.ml/vocabularies/apiContract#style": "form",
  "http://a.ml/vocabularies/core#description": "payment status of the bill",
  "http://a.ml/vocabularies/core#name": "paymentStatus",
  "http://a.ml/vocabularies/shapes#schema": {
    "http://a.ml/vocabularies/apiContract#examples": [{
      "http://a.ml/vocabularies/document#raw": null,
      "http://a.ml/vocabularies/document#strict": null,
      "http://a.ml/vocabularies/document#structuredValue": null,
      "id": "file:///Users/abettati/Desktop/apisContentFull/5665.json#/web-api/end-points/%2Fbill/post/requestBody/parameter/paymentStatus/scalar/paymentStatus/example/default-example"
    }],
    "http://www.w3.org/ns/shacl#datatype": "http://www.w3.org/2001/XMLSchema#boolean",
    "http://www.w3.org/ns/shacl#name": "paymentStatus",
    "id": "file:///Users/abettati/Desktop/apisContentFull/5665.json#/web-api/end-points/%2Fbill/post/requestBody/parameter/paymentStatus/scalar/paymentStatus"
  },
  "id": "file:///Users/abettati/Desktop/apisContentFull/5665.json#/web-api/end-points/%2Fbill/post/requestBody/parameter/paymentStatus"
}]