[{
  "http://a.ml/vocabularies/apiContract#allowEmptyValue": "false",
  "http://a.ml/vocabularies/apiContract#allowReserved": "false",
  "http://a.ml/vocabularies/apiContract#binding": "query",
  "http://a.ml/vocabularies/apiContract#explode": "true",
  "http://a.ml/vocabularies/apiContract#paramName": "status",
  "http://a.ml/vocabularies/apiContract#required": "false",
  "http://a.ml/vocabularies/apiContract#style": "form",
  "http://a.ml/vocabularies/core#description": "filter by status",
  "http://a.ml/vocabularies/core#name": "status",
  "http://a.ml/vocabularies/shapes#schema": {
    "http://www.w3.org/ns/shacl#datatype": "http://www.w3.org/2001/XMLSchema#string",
    "http://www.w3.org/ns/shacl#name": "status",
    "id": "file:///Users/abettati/Desktop/apisContentFull/9437.json#/web-api/end-points/%2Fexchanges/get/request/parameter/status/scalar/status"
  },
  "id": "file:///Users/abettati/Desktop/apisContentFull/9437.json#/web-api/end-points/%2Fexchanges/get/request/parameter/status"
}]