[{
  "http://a.ml/vocabularies/apiContract#allowEmptyValue": "false",
  "http://a.ml/vocabularies/apiContract#allowReserved": "false",
  "http://a.ml/vocabularies/apiContract#binding": "query",
  "http://a.ml/vocabularies/apiContract#explode": "true",
  "http://a.ml/vocabularies/apiContract#paramName": "client_code",
  "http://a.ml/vocabularies/apiContract#required": "true",
  "http://a.ml/vocabularies/apiContract#style": "form",
  "http://a.ml/vocabularies/core#description": "廠商代碼",
  "http://a.ml/vocabularies/core#name": "client_code",
  "http://a.ml/vocabularies/shapes#schema": {
    "http://a.ml/vocabularies/apiContract#examples": [{
      "http://a.ml/vocabularies/document#raw": null,
      "http://a.ml/vocabularies/document#strict": null,
      "http://a.ml/vocabularies/document#structuredValue": null,
      "id": "file:///Users/abettati/Desktop/apisContentFull/8790.json#/web-api/end-points/%2Fapi%2Fv1%2FaccessToken/post/request/parameter/client_code/example/default-example"
    }],
    "http://www.w3.org/ns/shacl#datatype": "http://www.w3.org/2001/XMLSchema#string",
    "http://www.w3.org/ns/shacl#name": "client_code",
    "id": "file:///Users/abettati/Desktop/apisContentFull/8790.json#/web-api/end-points/%2Fapi%2Fv1%2FaccessToken/post/request/parameter/client_code/scalar/client_code"
  },
  "id": "file:///Users/abettati/Desktop/apisContentFull/8790.json#/web-api/end-points/%2Fapi%2Fv1%2FaccessToken/post/request/parameter/client_code"
}, {
  "http://a.ml/vocabularies/apiContract#binding": "header",
  "http://a.ml/vocabularies/apiContract#examples": [{
    "http://a.ml/vocabularies/document#raw": "kkDmDUxnwzNbX5aVDcuTgpqCnvHNqzzE",
    "http://a.ml/vocabularies/document#strict": "true",
    "http://a.ml/vocabularies/document#structuredValue": {
      "http://a.ml/vocabularies/core#name": null,
      "http://a.ml/vocabularies/data#value": null,
      "http://www.w3.org/ns/shacl#datatype": null,
      "id": "file:///Users/abettati/Desktop/apisContentFull/8790.json#/web-api/end-points/%2Fapi%2Fv1%2FaccessToken/post/request/parameter/token/example/default-example/scalar_1"
    },
    "id": "file:///Users/abettati/Desktop/apisContentFull/8790.json#/web-api/end-points/%2Fapi%2Fv1%2FaccessToken/post/request/parameter/token/example/default-example"
  }],
  "http://a.ml/vocabularies/apiContract#explode": "false",
  "http://a.ml/vocabularies/apiContract#paramName": "token",
  "http://a.ml/vocabularies/apiContract#required": "true",
  "http://a.ml/vocabularies/apiContract#style": "simple",
  "http://a.ml/vocabularies/core#description": "授權碼(32bit)",
  "http://a.ml/vocabularies/core#name": "token",
  "http://a.ml/vocabularies/shapes#schema": {
    "http://www.w3.org/ns/shacl#datatype": "http://www.w3.org/2001/XMLSchema#string",
    "http://www.w3.org/ns/shacl#name": "token",
    "id": "file:///Users/abettati/Desktop/apisContentFull/8790.json#/web-api/end-points/%2Fapi%2Fv1%2FaccessToken/post/request/parameter/token/scalar/token"
  },
  "id": "file:///Users/abettati/Desktop/apisContentFull/8790.json#/web-api/end-points/%2Fapi%2Fv1%2FaccessToken/post/request/parameter/token"
}, {
  "http://a.ml/vocabularies/apiContract#allowEmptyValue": "false",
  "http://a.ml/vocabularies/apiContract#allowReserved": "false",
  "http://a.ml/vocabularies/apiContract#binding": "query",
  "http://a.ml/vocabularies/apiContract#explode": "true",
  "http://a.ml/vocabularies/apiContract#paramName": "account",
  "http://a.ml/vocabularies/apiContract#required": "true",
  "http://a.ml/vocabularies/apiContract#style": "form",
  "http://a.ml/vocabularies/core#description": "廠商會員帳號",
  "http://a.ml/vocabularies/core#name": "account",
  "http://a.ml/vocabularies/shapes#schema": {
    "http://a.ml/vocabularies/apiContract#examples": [{
      "http://a.ml/vocabularies/document#raw": null,
      "http://a.ml/vocabularies/document#strict": null,
      "http://a.ml/vocabularies/document#structuredValue": null,
      "id": "file:///Users/abettati/Desktop/apisContentFull/8790.json#/web-api/end-points/%2Fapi%2Fv1%2Fclients%2F%7Bclient_code%7D%2FmemberInfo/get/request/parameter/account/example/default-example"
    }],
    "http://www.w3.org/ns/shacl#datatype": "http://www.w3.org/2001/XMLSchema#string",
    "http://www.w3.org/ns/shacl#name": "account",
    "id": "file:///Users/abettati/Desktop/apisContentFull/8790.json#/web-api/end-points/%2Fapi%2Fv1%2Fclients%2F%7Bclient_code%7D%2FmemberInfo/get/request/parameter/account/scalar/account"
  },
  "id": "file:///Users/abettati/Desktop/apisContentFull/8790.json#/web-api/end-points/%2Fapi%2Fv1%2Fclients%2F%7Bclient_code%7D%2FmemberInfo/get/request/parameter/account"
}, {
  "http://a.ml/vocabularies/apiContract#allowEmptyValue": "false",
  "http://a.ml/vocabularies/apiContract#allowReserved": "false",
  "http://a.ml/vocabularies/apiContract#binding": "query",
  "http://a.ml/vocabularies/apiContract#explode": "true",
  "http://a.ml/vocabularies/apiContract#paramName": "token",
  "http://a.ml/vocabularies/apiContract#required": "true",
  "http://a.ml/vocabularies/apiContract#style": "form",
  "http://a.ml/vocabularies/core#description": "由廠商產生之jwt_token",
  "http://a.ml/vocabularies/core#name": "token",
  "http://a.ml/vocabularies/shapes#schema": {
    "http://a.ml/vocabularies/apiContract#examples": [{
      "http://a.ml/vocabularies/document#raw": null,
      "http://a.ml/vocabularies/document#strict": null,
      "http://a.ml/vocabularies/document#structuredValue": null,
      "id": "file:///Users/abettati/Desktop/apisContentFull/8790.json#/web-api/end-points/%2Fapi%2Fv1%2Fclients%2F%7Bclient_code%7D%2FmemberInfo/get/request/parameter/token/example/default-example"
    }],
    "http://www.w3.org/ns/shacl#datatype": "http://www.w3.org/2001/XMLSchema#string",
    "http://www.w3.org/ns/shacl#name": "token",
    "id": "file:///Users/abettati/Desktop/apisContentFull/8790.json#/web-api/end-points/%2Fapi%2Fv1%2Fclients%2F%7Bclient_code%7D%2FmemberInfo/get/request/parameter/token/scalar/token"
  },
  "id": "file:///Users/abettati/Desktop/apisContentFull/8790.json#/web-api/end-points/%2Fapi%2Fv1%2Fclients%2F%7Bclient_code%7D%2FmemberInfo/get/request/parameter/token"
}, {
  "http://a.ml/vocabularies/apiContract#binding": "path",
  "http://a.ml/vocabularies/apiContract#explode": "false",
  "http://a.ml/vocabularies/apiContract#paramName": "client_code",
  "http://a.ml/vocabularies/apiContract#required": "true",
  "http://a.ml/vocabularies/apiContract#style": "simple",
  "http://a.ml/vocabularies/core#description": "廠商代碼",
  "http://a.ml/vocabularies/core#name": "client_code",
  "http://a.ml/vocabularies/shapes#schema": {
    "http://a.ml/vocabularies/apiContract#examples": [{
      "http://a.ml/vocabularies/document#raw": null,
      "http://a.ml/vocabularies/document#strict": null,
      "http://a.ml/vocabularies/document#structuredValue": null,
      "id": "file:///Users/abettati/Desktop/apisContentFull/8790.json#/web-api/end-points/%2Fapi%2Fv1%2Fclients%2F%7Bclient_code%7D%2FmemberInfo/get/request/parameter/client_code/example/default-example"
    }],
    "http://www.w3.org/ns/shacl#datatype": "http://www.w3.org/2001/XMLSchema#string",
    "http://www.w3.org/ns/shacl#name": "client_code",
    "id": "file:///Users/abettati/Desktop/apisContentFull/8790.json#/web-api/end-points/%2Fapi%2Fv1%2Fclients%2F%7Bclient_code%7D%2FmemberInfo/get/request/parameter/client_code/scalar/client_code"
  },
  "id": "file:///Users/abettati/Desktop/apisContentFull/8790.json#/web-api/end-points/%2Fapi%2Fv1%2Fclients%2F%7Bclient_code%7D%2FmemberInfo/get/request/parameter/client_code"
}, {
  "http://a.ml/vocabularies/apiContract#allowEmptyValue": "false",
  "http://a.ml/vocabularies/apiContract#allowReserved": "false",
  "http://a.ml/vocabularies/apiContract#binding": "query",
  "http://a.ml/vocabularies/apiContract#explode": "true",
  "http://a.ml/vocabularies/apiContract#paramName": "data",
  "http://a.ml/vocabularies/apiContract#required": "true",
  "http://a.ml/vocabularies/apiContract#style": "form",
  "http://a.ml/vocabularies/core#description": "AES加密後資料，包含廠商會員帳號(account)",
  "http://a.ml/vocabularies/core#name": "data",
  "http://a.ml/vocabularies/shapes#schema": {
    "http://a.ml/vocabularies/apiContract#examples": [{
      "http://a.ml/vocabularies/document#raw": null,
      "http://a.ml/vocabularies/document#strict": null,
      "http://a.ml/vocabularies/document#structuredValue": null,
      "id": "file:///Users/abettati/Desktop/apisContentFull/8790.json#/web-api/end-points/%2Fapi%2Fv1%2FmemberInfo/post/request/parameter/data/example/default-example"
    }],
    "http://www.w3.org/ns/shacl#datatype": "http://www.w3.org/2001/XMLSchema#string",
    "http://www.w3.org/ns/shacl#name": "data",
    "id": "file:///Users/abettati/Desktop/apisContentFull/8790.json#/web-api/end-points/%2Fapi%2Fv1%2FmemberInfo/post/request/parameter/data/scalar/data"
  },
  "id": "file:///Users/abettati/Desktop/apisContentFull/8790.json#/web-api/end-points/%2Fapi%2Fv1%2FmemberInfo/post/request/parameter/data"
}, {
  "http://a.ml/vocabularies/apiContract#allowEmptyValue": "false",
  "http://a.ml/vocabularies/apiContract#allowReserved": "false",
  "http://a.ml/vocabularies/apiContract#binding": "query",
  "http://a.ml/vocabularies/apiContract#explode": "true",
  "http://a.ml/vocabularies/apiContract#paramName": "iv",
  "http://a.ml/vocabularies/apiContract#required": "true",
  "http://a.ml/vocabularies/apiContract#style": "form",
  "http://a.ml/vocabularies/core#description": "AES解密用iv(16bit)",
  "http://a.ml/vocabularies/core#name": "iv",
  "http://a.ml/vocabularies/shapes#schema": {
    "http://a.ml/vocabularies/apiContract#examples": [{
      "http://a.ml/vocabularies/document#raw": null,
      "http://a.ml/vocabularies/document#strict": null,
      "http://a.ml/vocabularies/document#structuredValue": null,
      "id": "file:///Users/abettati/Desktop/apisContentFull/8790.json#/web-api/end-points/%2Fapi%2Fv1%2FmemberInfo/post/request/parameter/iv/example/default-example"
    }],
    "http://www.w3.org/ns/shacl#datatype": "http://www.w3.org/2001/XMLSchema#string",
    "http://www.w3.org/ns/shacl#name": "iv",
    "id": "file:///Users/abettati/Desktop/apisContentFull/8790.json#/web-api/end-points/%2Fapi%2Fv1%2FmemberInfo/post/request/parameter/iv/scalar/iv"
  },
  "id": "file:///Users/abettati/Desktop/apisContentFull/8790.json#/web-api/end-points/%2Fapi%2Fv1%2FmemberInfo/post/request/parameter/iv"
}, {
  "http://a.ml/vocabularies/apiContract#binding": "header",
  "http://a.ml/vocabularies/apiContract#examples": [{
    "http://a.ml/vocabularies/document#raw": "Bearer eyJ0eXAiOiJKV1.....",
    "http://a.ml/vocabularies/document#strict": "true",
    "http://a.ml/vocabularies/document#structuredValue": {
      "http://a.ml/vocabularies/core#name": null,
      "http://a.ml/vocabularies/data#value": null,
      "http://www.w3.org/ns/shacl#datatype": null,
      "id": "file:///Users/abettati/Desktop/apisContentFull/8790.json#/web-api/end-points/%2Fapi%2Fv1%2FmemberInfo/post/request/parameter/Authorization/example/default-example/scalar_1"
    },
    "id": "file:///Users/abettati/Desktop/apisContentFull/8790.json#/web-api/end-points/%2Fapi%2Fv1%2FmemberInfo/post/request/parameter/Authorization/example/default-example"
  }],
  "http://a.ml/vocabularies/apiContract#explode": "false",
  "http://a.ml/vocabularies/apiContract#paramName": "Authorization",
  "http://a.ml/vocabularies/apiContract#required": "true",
  "http://a.ml/vocabularies/apiContract#style": "simple",
  "http://a.ml/vocabularies/core#description": "Access Token",
  "http://a.ml/vocabularies/core#name": "Authorization",
  "http://a.ml/vocabularies/shapes#schema": {
    "http://www.w3.org/ns/shacl#datatype": "http://www.w3.org/2001/XMLSchema#string",
    "http://www.w3.org/ns/shacl#name": "Authorization",
    "id": "file:///Users/abettati/Desktop/apisContentFull/8790.json#/web-api/end-points/%2Fapi%2Fv1%2FmemberInfo/post/request/parameter/Authorization/scalar/Authorization"
  },
  "id": "file:///Users/abettati/Desktop/apisContentFull/8790.json#/web-api/end-points/%2Fapi%2Fv1%2FmemberInfo/post/request/parameter/Authorization"
}, {
  "http://a.ml/vocabularies/apiContract#allowEmptyValue": "false",
  "http://a.ml/vocabularies/apiContract#allowReserved": "false",
  "http://a.ml/vocabularies/apiContract#binding": "query",
  "http://a.ml/vocabularies/apiContract#explode": "true",
  "http://a.ml/vocabularies/apiContract#paramName": "data",
  "http://a.ml/vocabularies/apiContract#required": "true",
  "http://a.ml/vocabularies/apiContract#style": "form",
  "http://a.ml/vocabularies/core#description": "AES加密後資料，包含論壇會員uid(uid)廠商代碼(client_code),廠商會員帳號(username), 國碼(country_code)及手機號碼(phone)",
  "http://a.ml/vocabularies/core#name": "data",
  "http://a.ml/vocabularies/shapes#schema": {
    "http://a.ml/vocabularies/apiContract#examples": [{
      "http://a.ml/vocabularies/document#raw": null,
      "http://a.ml/vocabularies/document#strict": null,
      "http://a.ml/vocabularies/document#structuredValue": null,
      "id": "file:///Users/abettati/Desktop/apisContentFull/8790.json#/web-api/end-points/%2Fapi%2Fv1%2Fbind/post/request/parameter/data/example/default-example"
    }],
    "http://www.w3.org/ns/shacl#datatype": "http://www.w3.org/2001/XMLSchema#string",
    "http://www.w3.org/ns/shacl#name": "data",
    "id": "file:///Users/abettati/Desktop/apisContentFull/8790.json#/web-api/end-points/%2Fapi%2Fv1%2Fbind/post/request/parameter/data/scalar/data"
  },
  "id": "file:///Users/abettati/Desktop/apisContentFull/8790.json#/web-api/end-points/%2Fapi%2Fv1%2Fbind/post/request/parameter/data"
}, {
  "http://a.ml/vocabularies/apiContract#allowEmptyValue": "false",
  "http://a.ml/vocabularies/apiContract#allowReserved": "false",
  "http://a.ml/vocabularies/apiContract#binding": "query",
  "http://a.ml/vocabularies/apiContract#explode": "true",
  "http://a.ml/vocabularies/apiContract#paramName": "iv",
  "http://a.ml/vocabularies/apiContract#required": "true",
  "http://a.ml/vocabularies/apiContract#style": "form",
  "http://a.ml/vocabularies/core#description": "AES解密用iv(16bit)",
  "http://a.ml/vocabularies/core#name": "iv",
  "http://a.ml/vocabularies/shapes#schema": {
    "http://a.ml/vocabularies/apiContract#examples": [{
      "http://a.ml/vocabularies/document#raw": null,
      "http://a.ml/vocabularies/document#strict": null,
      "http://a.ml/vocabularies/document#structuredValue": null,
      "id": "file:///Users/abettati/Desktop/apisContentFull/8790.json#/web-api/end-points/%2Fapi%2Fv1%2Fbind/post/request/parameter/iv/example/default-example"
    }],
    "http://www.w3.org/ns/shacl#datatype": "http://www.w3.org/2001/XMLSchema#string",
    "http://www.w3.org/ns/shacl#name": "iv",
    "id": "file:///Users/abettati/Desktop/apisContentFull/8790.json#/web-api/end-points/%2Fapi%2Fv1%2Fbind/post/request/parameter/iv/scalar/iv"
  },
  "id": "file:///Users/abettati/Desktop/apisContentFull/8790.json#/web-api/end-points/%2Fapi%2Fv1%2Fbind/post/request/parameter/iv"
}, {
  "http://a.ml/vocabularies/apiContract#binding": "header",
  "http://a.ml/vocabularies/apiContract#examples": [{
    "http://a.ml/vocabularies/document#raw": "Bearer eyJ0eXAiOiJKV1.....",
    "http://a.ml/vocabularies/document#strict": "true",
    "http://a.ml/vocabularies/document#structuredValue": {
      "http://a.ml/vocabularies/core#name": null,
      "http://a.ml/vocabularies/data#value": null,
      "http://www.w3.org/ns/shacl#datatype": null,
      "id": "file:///Users/abettati/Desktop/apisContentFull/8790.json#/web-api/end-points/%2Fapi%2Fv1%2Fbind/post/request/parameter/Authorization/example/default-example/scalar_1"
    },
    "id": "file:///Users/abettati/Desktop/apisContentFull/8790.json#/web-api/end-points/%2Fapi%2Fv1%2Fbind/post/request/parameter/Authorization/example/default-example"
  }],
  "http://a.ml/vocabularies/apiContract#explode": "false",
  "http://a.ml/vocabularies/apiContract#paramName": "Authorization",
  "http://a.ml/vocabularies/apiContract#required": "true",
  "http://a.ml/vocabularies/apiContract#style": "simple",
  "http://a.ml/vocabularies/core#description": "Access Token",
  "http://a.ml/vocabularies/core#name": "Authorization",
  "http://a.ml/vocabularies/shapes#schema": {
    "http://www.w3.org/ns/shacl#datatype": "http://www.w3.org/2001/XMLSchema#string",
    "http://www.w3.org/ns/shacl#name": "Authorization",
    "id": "file:///Users/abettati/Desktop/apisContentFull/8790.json#/web-api/end-points/%2Fapi%2Fv1%2Fbind/post/request/parameter/Authorization/scalar/Authorization"
  },
  "id": "file:///Users/abettati/Desktop/apisContentFull/8790.json#/web-api/end-points/%2Fapi%2Fv1%2Fbind/post/request/parameter/Authorization"
}, {
  "http://a.ml/vocabularies/apiContract#allowEmptyValue": "false",
  "http://a.ml/vocabularies/apiContract#allowReserved": "false",
  "http://a.ml/vocabularies/apiContract#binding": "query",
  "http://a.ml/vocabularies/apiContract#explode": "true",
  "http://a.ml/vocabularies/apiContract#paramName": "data",
  "http://a.ml/vocabularies/apiContract#required": "true",
  "http://a.ml/vocabularies/apiContract#style": "form",
  "http://a.ml/vocabularies/core#description": "AES加密後資料，包含欲解綁的廠商代碼(client_code),論壇會員uid(uid)及原因(reason)",
  "http://a.ml/vocabularies/core#name": "data",
  "http://a.ml/vocabularies/shapes#schema": {
    "http://a.ml/vocabularies/apiContract#examples": [{
      "http://a.ml/vocabularies/document#raw": null,
      "http://a.ml/vocabularies/document#strict": null,
      "http://a.ml/vocabularies/document#structuredValue": null,
      "id": "file:///Users/abettati/Desktop/apisContentFull/8790.json#/web-api/end-points/%2Fapi%2Fv1%2Funbind/post/request/parameter/data/example/default-example"
    }],
    "http://www.w3.org/ns/shacl#datatype": "http://www.w3.org/2001/XMLSchema#string",
    "http://www.w3.org/ns/shacl#name": "data",
    "id": "file:///Users/abettati/Desktop/apisContentFull/8790.json#/web-api/end-points/%2Fapi%2Fv1%2Funbind/post/request/parameter/data/scalar/data"
  },
  "id": "file:///Users/abettati/Desktop/apisContentFull/8790.json#/web-api/end-points/%2Fapi%2Fv1%2Funbind/post/request/parameter/data"
}, {
  "http://a.ml/vocabularies/apiContract#allowEmptyValue": "false",
  "http://a.ml/vocabularies/apiContract#allowReserved": "false",
  "http://a.ml/vocabularies/apiContract#binding": "query",
  "http://a.ml/vocabularies/apiContract#explode": "true",
  "http://a.ml/vocabularies/apiContract#paramName": "iv",
  "http://a.ml/vocabularies/apiContract#required": "true",
  "http://a.ml/vocabularies/apiContract#style": "form",
  "http://a.ml/vocabularies/core#description": "AES解密用iv(16bit)",
  "http://a.ml/vocabularies/core#name": "iv",
  "http://a.ml/vocabularies/shapes#schema": {
    "http://a.ml/vocabularies/apiContract#examples": [{
      "http://a.ml/vocabularies/document#raw": null,
      "http://a.ml/vocabularies/document#strict": null,
      "http://a.ml/vocabularies/document#structuredValue": null,
      "id": "file:///Users/abettati/Desktop/apisContentFull/8790.json#/web-api/end-points/%2Fapi%2Fv1%2Funbind/post/request/parameter/iv/example/default-example"
    }],
    "http://www.w3.org/ns/shacl#datatype": "http://www.w3.org/2001/XMLSchema#string",
    "http://www.w3.org/ns/shacl#name": "iv",
    "id": "file:///Users/abettati/Desktop/apisContentFull/8790.json#/web-api/end-points/%2Fapi%2Fv1%2Funbind/post/request/parameter/iv/scalar/iv"
  },
  "id": "file:///Users/abettati/Desktop/apisContentFull/8790.json#/web-api/end-points/%2Fapi%2Fv1%2Funbind/post/request/parameter/iv"
}, {
  "http://a.ml/vocabularies/apiContract#binding": "header",
  "http://a.ml/vocabularies/apiContract#examples": [{
    "http://a.ml/vocabularies/document#raw": "Bearer eyJ0eXAiOiJKV1.....",
    "http://a.ml/vocabularies/document#strict": "true",
    "http://a.ml/vocabularies/document#structuredValue": {
      "http://a.ml/vocabularies/core#name": null,
      "http://a.ml/vocabularies/data#value": null,
      "http://www.w3.org/ns/shacl#datatype": null,
      "id": "file:///Users/abettati/Desktop/apisContentFull/8790.json#/web-api/end-points/%2Fapi%2Fv1%2Funbind/post/request/parameter/Authorization/example/default-example/scalar_1"
    },
    "id": "file:///Users/abettati/Desktop/apisContentFull/8790.json#/web-api/end-points/%2Fapi%2Fv1%2Funbind/post/request/parameter/Authorization/example/default-example"
  }],
  "http://a.ml/vocabularies/apiContract#explode": "false",
  "http://a.ml/vocabularies/apiContract#paramName": "Authorization",
  "http://a.ml/vocabularies/apiContract#required": "true",
  "http://a.ml/vocabularies/apiContract#style": "simple",
  "http://a.ml/vocabularies/core#description": "Access Token",
  "http://a.ml/vocabularies/core#name": "Authorization",
  "http://a.ml/vocabularies/shapes#schema": {
    "http://www.w3.org/ns/shacl#datatype": "http://www.w3.org/2001/XMLSchema#string",
    "http://www.w3.org/ns/shacl#name": "Authorization",
    "id": "file:///Users/abettati/Desktop/apisContentFull/8790.json#/web-api/end-points/%2Fapi%2Fv1%2Funbind/post/request/parameter/Authorization/scalar/Authorization"
  },
  "id": "file:///Users/abettati/Desktop/apisContentFull/8790.json#/web-api/end-points/%2Fapi%2Fv1%2Funbind/post/request/parameter/Authorization"
}, {
  "http://a.ml/vocabularies/apiContract#allowEmptyValue": "false",
  "http://a.ml/vocabularies/apiContract#allowReserved": "false",
  "http://a.ml/vocabularies/apiContract#binding": "query",
  "http://a.ml/vocabularies/apiContract#explode": "true",
  "http://a.ml/vocabularies/apiContract#paramName": "account",
  "http://a.ml/vocabularies/apiContract#required": "true",
  "http://a.ml/vocabularies/apiContract#style": "form",
  "http://a.ml/vocabularies/core#description": "廠商會員帳號",
  "http://a.ml/vocabularies/core#name": "account",
  "http://a.ml/vocabularies/shapes#schema": {
    "http://a.ml/vocabularies/apiContract#examples": [{
      "http://a.ml/vocabularies/document#raw": null,
      "http://a.ml/vocabularies/document#strict": null,
      "http://a.ml/vocabularies/document#structuredValue": null,
      "id": "file:///Users/abettati/Desktop/apisContentFull/8790.json#/web-api/end-points/%2Fapi%2Fv1%2Fclients%2F%7Bclient_code%7D%2Fdeposit/get/request/parameter/account/example/default-example"
    }],
    "http://www.w3.org/ns/shacl#datatype": "http://www.w3.org/2001/XMLSchema#string",
    "http://www.w3.org/ns/shacl#name": "account",
    "id": "file:///Users/abettati/Desktop/apisContentFull/8790.json#/web-api/end-points/%2Fapi%2Fv1%2Fclients%2F%7Bclient_code%7D%2Fdeposit/get/request/parameter/account/scalar/account"
  },
  "id": "file:///Users/abettati/Desktop/apisContentFull/8790.json#/web-api/end-points/%2Fapi%2Fv1%2Fclients%2F%7Bclient_code%7D%2Fdeposit/get/request/parameter/account"
}, {
  "http://a.ml/vocabularies/apiContract#allowEmptyValue": "false",
  "http://a.ml/vocabularies/apiContract#allowReserved": "false",
  "http://a.ml/vocabularies/apiContract#binding": "query",
  "http://a.ml/vocabularies/apiContract#explode": "true",
  "http://a.ml/vocabularies/apiContract#paramName": "amount",
  "http://a.ml/vocabularies/apiContract#required": "true",
  "http://a.ml/vocabularies/apiContract#style": "form",
  "http://a.ml/vocabularies/core#description": "籌碼金額",
  "http://a.ml/vocabularies/core#name": "amount",
  "http://a.ml/vocabularies/shapes#schema": {
    "http://a.ml/vocabularies/apiContract#examples": [{
      "http://a.ml/vocabularies/document#raw": null,
      "http://a.ml/vocabularies/document#strict": null,
      "http://a.ml/vocabularies/document#structuredValue": null,
      "id": "file:///Users/abettati/Desktop/apisContentFull/8790.json#/web-api/end-points/%2Fapi%2Fv1%2Fclients%2F%7Bclient_code%7D%2Fdeposit/get/request/parameter/amount/example/default-example"
    }],
    "http://www.w3.org/ns/shacl#datatype": "http://www.w3.org/2001/XMLSchema#integer",
    "http://www.w3.org/ns/shacl#name": "amount",
    "id": "file:///Users/abettati/Desktop/apisContentFull/8790.json#/web-api/end-points/%2Fapi%2Fv1%2Fclients%2F%7Bclient_code%7D%2Fdeposit/get/request/parameter/amount/scalar/amount"
  },
  "id": "file:///Users/abettati/Desktop/apisContentFull/8790.json#/web-api/end-points/%2Fapi%2Fv1%2Fclients%2F%7Bclient_code%7D%2Fdeposit/get/request/parameter/amount"
}, {
  "http://a.ml/vocabularies/apiContract#allowEmptyValue": "false",
  "http://a.ml/vocabularies/apiContract#allowReserved": "false",
  "http://a.ml/vocabularies/apiContract#binding": "query",
  "http://a.ml/vocabularies/apiContract#explode": "true",
  "http://a.ml/vocabularies/apiContract#paramName": "client_order_no",
  "http://a.ml/vocabularies/apiContract#required": "false",
  "http://a.ml/vocabularies/apiContract#style": "form",
  "http://a.ml/vocabularies/core#description": "廠商交易編號(用來對應自己的流水號)",
  "http://a.ml/vocabularies/core#name": "client_order_no",
  "http://a.ml/vocabularies/shapes#schema": {
    "http://a.ml/vocabularies/apiContract#examples": [{
      "http://a.ml/vocabularies/document#raw": null,
      "http://a.ml/vocabularies/document#strict": null,
      "http://a.ml/vocabularies/document#structuredValue": null,
      "id": "file:///Users/abettati/Desktop/apisContentFull/8790.json#/web-api/end-points/%2Fapi%2Fv1%2Fclients%2F%7Bclient_code%7D%2Fdeposit/get/request/parameter/client_order_no/example/default-example"
    }],
    "http://www.w3.org/ns/shacl#datatype": "http://www.w3.org/2001/XMLSchema#string",
    "http://www.w3.org/ns/shacl#name": "client_order_no",
    "id": "file:///Users/abettati/Desktop/apisContentFull/8790.json#/web-api/end-points/%2Fapi%2Fv1%2Fclients%2F%7Bclient_code%7D%2Fdeposit/get/request/parameter/client_order_no/scalar/client_order_no"
  },
  "id": "file:///Users/abettati/Desktop/apisContentFull/8790.json#/web-api/end-points/%2Fapi%2Fv1%2Fclients%2F%7Bclient_code%7D%2Fdeposit/get/request/parameter/client_order_no"
}, {
  "http://a.ml/vocabularies/apiContract#allowEmptyValue": "false",
  "http://a.ml/vocabularies/apiContract#allowReserved": "false",
  "http://a.ml/vocabularies/apiContract#binding": "query",
  "http://a.ml/vocabularies/apiContract#explode": "true",
  "http://a.ml/vocabularies/apiContract#paramName": "token",
  "http://a.ml/vocabularies/apiContract#required": "true",
  "http://a.ml/vocabularies/apiContract#style": "form",
  "http://a.ml/vocabularies/core#description": "由廠商產生JWT Token",
  "http://a.ml/vocabularies/core#name": "token",
  "http://a.ml/vocabularies/shapes#schema": {
    "http://a.ml/vocabularies/apiContract#examples": [{
      "http://a.ml/vocabularies/document#raw": null,
      "http://a.ml/vocabularies/document#strict": null,
      "http://a.ml/vocabularies/document#structuredValue": null,
      "id": "file:///Users/abettati/Desktop/apisContentFull/8790.json#/web-api/end-points/%2Fapi%2Fv1%2Fclients%2F%7Bclient_code%7D%2Fdeposit/get/request/parameter/token/example/default-example"
    }],
    "http://www.w3.org/ns/shacl#datatype": "http://www.w3.org/2001/XMLSchema#string",
    "http://www.w3.org/ns/shacl#name": "token",
    "id": "file:///Users/abettati/Desktop/apisContentFull/8790.json#/web-api/end-points/%2Fapi%2Fv1%2Fclients%2F%7Bclient_code%7D%2Fdeposit/get/request/parameter/token/scalar/token"
  },
  "id": "file:///Users/abettati/Desktop/apisContentFull/8790.json#/web-api/end-points/%2Fapi%2Fv1%2Fclients%2F%7Bclient_code%7D%2Fdeposit/get/request/parameter/token"
}, {
  "http://a.ml/vocabularies/apiContract#binding": "path",
  "http://a.ml/vocabularies/apiContract#explode": "false",
  "http://a.ml/vocabularies/apiContract#paramName": "client_code",
  "http://a.ml/vocabularies/apiContract#required": "true",
  "http://a.ml/vocabularies/apiContract#style": "simple",
  "http://a.ml/vocabularies/core#description": "廠商代號",
  "http://a.ml/vocabularies/core#name": "client_code",
  "http://a.ml/vocabularies/shapes#schema": {
    "http://a.ml/vocabularies/apiContract#examples": [{
      "http://a.ml/vocabularies/document#raw": null,
      "http://a.ml/vocabularies/document#strict": null,
      "http://a.ml/vocabularies/document#structuredValue": null,
      "id": "file:///Users/abettati/Desktop/apisContentFull/8790.json#/web-api/end-points/%2Fapi%2Fv1%2Fclients%2F%7Bclient_code%7D%2Fdeposit/get/request/parameter/client_code/example/default-example"
    }],
    "http://www.w3.org/ns/shacl#datatype": "http://www.w3.org/2001/XMLSchema#string",
    "http://www.w3.org/ns/shacl#name": "client_code",
    "id": "file:///Users/abettati/Desktop/apisContentFull/8790.json#/web-api/end-points/%2Fapi%2Fv1%2Fclients%2F%7Bclient_code%7D%2Fdeposit/get/request/parameter/client_code/scalar/client_code"
  },
  "id": "file:///Users/abettati/Desktop/apisContentFull/8790.json#/web-api/end-points/%2Fapi%2Fv1%2Fclients%2F%7Bclient_code%7D%2Fdeposit/get/request/parameter/client_code"
}, {
  "http://a.ml/vocabularies/apiContract#allowEmptyValue": "false",
  "http://a.ml/vocabularies/apiContract#allowReserved": "false",
  "http://a.ml/vocabularies/apiContract#binding": "query",
  "http://a.ml/vocabularies/apiContract#explode": "true",
  "http://a.ml/vocabularies/apiContract#paramName": "data",
  "http://a.ml/vocabularies/apiContract#required": "true",
  "http://a.ml/vocabularies/apiContract#style": "form",
  "http://a.ml/vocabularies/core#description": "AES加密後資料，包含廠商會員帳號(account)、籌碼數(amount)、廠商交易編號(client_order_no 非必填)",
  "http://a.ml/vocabularies/core#name": "data",
  "http://a.ml/vocabularies/shapes#schema": {
    "http://a.ml/vocabularies/apiContract#examples": [{
      "http://a.ml/vocabularies/document#raw": null,
      "http://a.ml/vocabularies/document#strict": null,
      "http://a.ml/vocabularies/document#structuredValue": null,
      "id": "file:///Users/abettati/Desktop/apisContentFull/8790.json#/web-api/end-points/%2Fapi%2Fv1%2Fdeposit/post/request/parameter/data/example/default-example"
    }],
    "http://www.w3.org/ns/shacl#datatype": "http://www.w3.org/2001/XMLSchema#string",
    "http://www.w3.org/ns/shacl#name": "data",
    "id": "file:///Users/abettati/Desktop/apisContentFull/8790.json#/web-api/end-points/%2Fapi%2Fv1%2Fdeposit/post/request/parameter/data/scalar/data"
  },
  "id": "file:///Users/abettati/Desktop/apisContentFull/8790.json#/web-api/end-points/%2Fapi%2Fv1%2Fdeposit/post/request/parameter/data"
}, {
  "http://a.ml/vocabularies/apiContract#allowEmptyValue": "false",
  "http://a.ml/vocabularies/apiContract#allowReserved": "false",
  "http://a.ml/vocabularies/apiContract#binding": "query",
  "http://a.ml/vocabularies/apiContract#explode": "true",
  "http://a.ml/vocabularies/apiContract#paramName": "iv",
  "http://a.ml/vocabularies/apiContract#required": "true",
  "http://a.ml/vocabularies/apiContract#style": "form",
  "http://a.ml/vocabularies/core#description": "AES解密用iv(16bit)",
  "http://a.ml/vocabularies/core#name": "iv",
  "http://a.ml/vocabularies/shapes#schema": {
    "http://a.ml/vocabularies/apiContract#examples": [{
      "http://a.ml/vocabularies/document#raw": null,
      "http://a.ml/vocabularies/document#strict": null,
      "http://a.ml/vocabularies/document#structuredValue": null,
      "id": "file:///Users/abettati/Desktop/apisContentFull/8790.json#/web-api/end-points/%2Fapi%2Fv1%2Fdeposit/post/request/parameter/iv/example/default-example"
    }],
    "http://www.w3.org/ns/shacl#datatype": "http://www.w3.org/2001/XMLSchema#string",
    "http://www.w3.org/ns/shacl#name": "iv",
    "id": "file:///Users/abettati/Desktop/apisContentFull/8790.json#/web-api/end-points/%2Fapi%2Fv1%2Fdeposit/post/request/parameter/iv/scalar/iv"
  },
  "id": "file:///Users/abettati/Desktop/apisContentFull/8790.json#/web-api/end-points/%2Fapi%2Fv1%2Fdeposit/post/request/parameter/iv"
}, {
  "http://a.ml/vocabularies/apiContract#binding": "header",
  "http://a.ml/vocabularies/apiContract#examples": [{
    "http://a.ml/vocabularies/document#raw": "Bearer eyJ0eXAiOiJKV1.....",
    "http://a.ml/vocabularies/document#strict": "true",
    "http://a.ml/vocabularies/document#structuredValue": {
      "http://a.ml/vocabularies/core#name": null,
      "http://a.ml/vocabularies/data#value": null,
      "http://www.w3.org/ns/shacl#datatype": null,
      "id": "file:///Users/abettati/Desktop/apisContentFull/8790.json#/web-api/end-points/%2Fapi%2Fv1%2Fdeposit/post/request/parameter/Authorization/example/default-example/scalar_1"
    },
    "id": "file:///Users/abettati/Desktop/apisContentFull/8790.json#/web-api/end-points/%2Fapi%2Fv1%2Fdeposit/post/request/parameter/Authorization/example/default-example"
  }],
  "http://a.ml/vocabularies/apiContract#explode": "false",
  "http://a.ml/vocabularies/apiContract#paramName": "Authorization",
  "http://a.ml/vocabularies/apiContract#required": "true",
  "http://a.ml/vocabularies/apiContract#style": "simple",
  "http://a.ml/vocabularies/core#description": "Access Token",
  "http://a.ml/vocabularies/core#name": "Authorization",
  "http://a.ml/vocabularies/shapes#schema": {
    "http://www.w3.org/ns/shacl#datatype": "http://www.w3.org/2001/XMLSchema#string",
    "http://www.w3.org/ns/shacl#name": "Authorization",
    "id": "file:///Users/abettati/Desktop/apisContentFull/8790.json#/web-api/end-points/%2Fapi%2Fv1%2Fdeposit/post/request/parameter/Authorization/scalar/Authorization"
  },
  "id": "file:///Users/abettati/Desktop/apisContentFull/8790.json#/web-api/end-points/%2Fapi%2Fv1%2Fdeposit/post/request/parameter/Authorization"
}, {
  "http://a.ml/vocabularies/apiContract#allowEmptyValue": "false",
  "http://a.ml/vocabularies/apiContract#allowReserved": "false",
  "http://a.ml/vocabularies/apiContract#binding": "query",
  "http://a.ml/vocabularies/apiContract#explode": "true",
  "http://a.ml/vocabularies/apiContract#paramName": "data",
  "http://a.ml/vocabularies/apiContract#required": "true",
  "http://a.ml/vocabularies/apiContract#style": "form",
  "http://a.ml/vocabularies/core#description": "AES加密後資料，包含蜂鳥uid(uid)、娛樂城代碼(client_code)、娛樂城帳號(client_user)(nullable)、兌換率(exchange_rate)及鳥蛋數(remitted_amount)",
  "http://a.ml/vocabularies/core#name": "data",
  "http://a.ml/vocabularies/shapes#schema": {
    "http://a.ml/vocabularies/apiContract#examples": [{
      "http://a.ml/vocabularies/document#raw": null,
      "http://a.ml/vocabularies/document#strict": null,
      "http://a.ml/vocabularies/document#structuredValue": null,
      "id": "file:///Users/abettati/Desktop/apisContentFull/8790.json#/web-api/end-points/%2Fapi%2Fv1%2Fwithdraw/post/request/parameter/data/example/default-example"
    }],
    "http://www.w3.org/ns/shacl#datatype": "http://www.w3.org/2001/XMLSchema#string",
    "http://www.w3.org/ns/shacl#name": "data",
    "id": "file:///Users/abettati/Desktop/apisContentFull/8790.json#/web-api/end-points/%2Fapi%2Fv1%2Fwithdraw/post/request/parameter/data/scalar/data"
  },
  "id": "file:///Users/abettati/Desktop/apisContentFull/8790.json#/web-api/end-points/%2Fapi%2Fv1%2Fwithdraw/post/request/parameter/data"
}, {
  "http://a.ml/vocabularies/apiContract#allowEmptyValue": "false",
  "http://a.ml/vocabularies/apiContract#allowReserved": "false",
  "http://a.ml/vocabularies/apiContract#binding": "query",
  "http://a.ml/vocabularies/apiContract#explode": "true",
  "http://a.ml/vocabularies/apiContract#paramName": "iv",
  "http://a.ml/vocabularies/apiContract#required": "true",
  "http://a.ml/vocabularies/apiContract#style": "form",
  "http://a.ml/vocabularies/core#description": "AES解密用iv(16bit)",
  "http://a.ml/vocabularies/core#name": "iv",
  "http://a.ml/vocabularies/shapes#schema": {
    "http://a.ml/vocabularies/apiContract#examples": [{
      "http://a.ml/vocabularies/document#raw": null,
      "http://a.ml/vocabularies/document#strict": null,
      "http://a.ml/vocabularies/document#structuredValue": null,
      "id": "file:///Users/abettati/Desktop/apisContentFull/8790.json#/web-api/end-points/%2Fapi%2Fv1%2Fwithdraw/post/request/parameter/iv/example/default-example"
    }],
    "http://www.w3.org/ns/shacl#datatype": "http://www.w3.org/2001/XMLSchema#string",
    "http://www.w3.org/ns/shacl#name": "iv",
    "id": "file:///Users/abettati/Desktop/apisContentFull/8790.json#/web-api/end-points/%2Fapi%2Fv1%2Fwithdraw/post/request/parameter/iv/scalar/iv"
  },
  "id": "file:///Users/abettati/Desktop/apisContentFull/8790.json#/web-api/end-points/%2Fapi%2Fv1%2Fwithdraw/post/request/parameter/iv"
}, {
  "http://a.ml/vocabularies/apiContract#binding": "header",
  "http://a.ml/vocabularies/apiContract#examples": [{
    "http://a.ml/vocabularies/document#raw": "Bearer eyJ0eXAiOiJKV1.....",
    "http://a.ml/vocabularies/document#strict": "true",
    "http://a.ml/vocabularies/document#structuredValue": {
      "http://a.ml/vocabularies/core#name": null,
      "http://a.ml/vocabularies/data#value": null,
      "http://www.w3.org/ns/shacl#datatype": null,
      "id": "file:///Users/abettati/Desktop/apisContentFull/8790.json#/web-api/end-points/%2Fapi%2Fv1%2Fwithdraw/post/request/parameter/Authorization/example/default-example/scalar_1"
    },
    "id": "file:///Users/abettati/Desktop/apisContentFull/8790.json#/web-api/end-points/%2Fapi%2Fv1%2Fwithdraw/post/request/parameter/Authorization/example/default-example"
  }],
  "http://a.ml/vocabularies/apiContract#explode": "false",
  "http://a.ml/vocabularies/apiContract#paramName": "Authorization",
  "http://a.ml/vocabularies/apiContract#required": "true",
  "http://a.ml/vocabularies/apiContract#style": "simple",
  "http://a.ml/vocabularies/core#description": "Access Token",
  "http://a.ml/vocabularies/core#name": "Authorization",
  "http://a.ml/vocabularies/shapes#schema": {
    "http://www.w3.org/ns/shacl#datatype": "http://www.w3.org/2001/XMLSchema#string",
    "http://www.w3.org/ns/shacl#name": "Authorization",
    "id": "file:///Users/abettati/Desktop/apisContentFull/8790.json#/web-api/end-points/%2Fapi%2Fv1%2Fwithdraw/post/request/parameter/Authorization/scalar/Authorization"
  },
  "id": "file:///Users/abettati/Desktop/apisContentFull/8790.json#/web-api/end-points/%2Fapi%2Fv1%2Fwithdraw/post/request/parameter/Authorization"
}]