[{
  "http://a.ml/vocabularies/apiContract#binding": "header",
  "http://a.ml/vocabularies/apiContract#paramName": "Authorization",
  "http://a.ml/vocabularies/apiContract#required": "false",
  "http://a.ml/vocabularies/core#description": "A JWT using the Bearer schema. The server will check the validity of the provided token to control access to this protected resource. The claim 'role' shall include at least 'product-admin'.",
  "http://a.ml/vocabularies/core#name": "Authorization",
  "http://a.ml/vocabularies/shapes#schema": {
    "http://a.ml/vocabularies/core#description": "A JWT using the Bearer schema. The server will check the validity of the provided token to control access to this protected resource. The claim 'role' shall include at least 'product-admin'.",
    "http://www.w3.org/ns/shacl#datatype": "http://www.w3.org/2001/XMLSchema#string",
    "http://www.w3.org/ns/shacl#name": "schema",
    "id": "file:///Users/abettati/Desktop/apisContentFull/543.json#/web-api/end-points/%2Fmodels/get/request/parameter/Authorization/scalar/schema"
  },
  "id": "file:///Users/abettati/Desktop/apisContentFull/543.json#/web-api/end-points/%2Fmodels/get/request/parameter/Authorization"
}, {
  "http://a.ml/vocabularies/apiContract#binding": "header",
  "http://a.ml/vocabularies/apiContract#paramName": "Authorization",
  "http://a.ml/vocabularies/apiContract#required": "false",
  "http://a.ml/vocabularies/core#description": "A JWT using the Bearer schema. The server will check the validity of the provided token to control access to this protected resource. The claim 'role' shall include at least 'product-admin'.",
  "http://a.ml/vocabularies/core#name": "Authorization",
  "http://a.ml/vocabularies/shapes#schema": {
    "http://a.ml/vocabularies/core#description": "A JWT using the Bearer schema. The server will check the validity of the provided token to control access to this protected resource. The claim 'role' shall include at least 'product-admin'.",
    "http://www.w3.org/ns/shacl#datatype": "http://www.w3.org/2001/XMLSchema#string",
    "http://www.w3.org/ns/shacl#name": "schema",
    "id": "file:///Users/abettati/Desktop/apisContentFull/543.json#/web-api/end-points/%2Fmodels/post/request/parameter/Authorization/scalar/schema"
  },
  "id": "file:///Users/abettati/Desktop/apisContentFull/543.json#/web-api/end-points/%2Fmodels/post/request/parameter/Authorization"
}, {
  "http://a.ml/vocabularies/apiContract#binding": "header",
  "http://a.ml/vocabularies/apiContract#paramName": "Authorization",
  "http://a.ml/vocabularies/apiContract#required": "false",
  "http://a.ml/vocabularies/core#description": "A JWT using the Bearer schema. The server will check the validity of the provided token to control access to this protected resource. The claim 'role' shall include at least 'product-admin'.",
  "http://a.ml/vocabularies/core#name": "Authorization",
  "http://a.ml/vocabularies/shapes#schema": {
    "http://a.ml/vocabularies/core#description": "A JWT using the Bearer schema. The server will check the validity of the provided token to control access to this protected resource. The claim 'role' shall include at least 'product-admin'.",
    "http://www.w3.org/ns/shacl#datatype": "http://www.w3.org/2001/XMLSchema#string",
    "http://www.w3.org/ns/shacl#name": "schema",
    "id": "file:///Users/abettati/Desktop/apisContentFull/543.json#/web-api/end-points/%2Fmodels%2F%7BmodelName%7D/get/request/parameter/Authorization/scalar/schema"
  },
  "id": "file:///Users/abettati/Desktop/apisContentFull/543.json#/web-api/end-points/%2Fmodels%2F%7BmodelName%7D/get/request/parameter/Authorization"
}, {
  "http://a.ml/vocabularies/apiContract#binding": "path",
  "http://a.ml/vocabularies/apiContract#paramName": "modelName",
  "http://a.ml/vocabularies/apiContract#required": "true",
  "http://a.ml/vocabularies/core#description": "Name of the Agent Model.",
  "http://a.ml/vocabularies/core#name": "modelName",
  "http://a.ml/vocabularies/shapes#schema": {
    "http://a.ml/vocabularies/core#description": "Name of the Agent Model.",
    "http://www.w3.org/ns/shacl#datatype": "http://www.w3.org/2001/XMLSchema#string",
    "http://www.w3.org/ns/shacl#name": "schema",
    "id": "file:///Users/abettati/Desktop/apisContentFull/543.json#/web-api/end-points/%2Fmodels%2F%7BmodelName%7D/get/request/parameter/modelName/scalar/schema"
  },
  "id": "file:///Users/abettati/Desktop/apisContentFull/543.json#/web-api/end-points/%2Fmodels%2F%7BmodelName%7D/get/request/parameter/modelName"
}, {
  "http://a.ml/vocabularies/apiContract#binding": "header",
  "http://a.ml/vocabularies/apiContract#paramName": "Authorization",
  "http://a.ml/vocabularies/apiContract#required": "false",
  "http://a.ml/vocabularies/core#description": "A JWT using the Bearer schema. The server will check the validity of the provided token to control access to this protected resource. The claim 'role' shall include at least 'product-admin'.",
  "http://a.ml/vocabularies/core#name": "Authorization",
  "http://a.ml/vocabularies/shapes#schema": {
    "http://a.ml/vocabularies/core#description": "A JWT using the Bearer schema. The server will check the validity of the provided token to control access to this protected resource. The claim 'role' shall include at least 'product-admin'.",
    "http://www.w3.org/ns/shacl#datatype": "http://www.w3.org/2001/XMLSchema#string",
    "http://www.w3.org/ns/shacl#name": "schema",
    "id": "file:///Users/abettati/Desktop/apisContentFull/543.json#/web-api/end-points/%2Fmodels%2F%7BmodelName%7D/put/request/parameter/Authorization/scalar/schema"
  },
  "id": "file:///Users/abettati/Desktop/apisContentFull/543.json#/web-api/end-points/%2Fmodels%2F%7BmodelName%7D/put/request/parameter/Authorization"
}, {
  "http://a.ml/vocabularies/apiContract#binding": "path",
  "http://a.ml/vocabularies/apiContract#paramName": "modelName",
  "http://a.ml/vocabularies/apiContract#required": "true",
  "http://a.ml/vocabularies/core#description": "Name of the Agent Model.",
  "http://a.ml/vocabularies/core#name": "modelName",
  "http://a.ml/vocabularies/shapes#schema": {
    "http://a.ml/vocabularies/core#description": "Name of the Agent Model.",
    "http://www.w3.org/ns/shacl#datatype": "http://www.w3.org/2001/XMLSchema#string",
    "http://www.w3.org/ns/shacl#name": "schema",
    "id": "file:///Users/abettati/Desktop/apisContentFull/543.json#/web-api/end-points/%2Fmodels%2F%7BmodelName%7D/put/request/parameter/modelName/scalar/schema"
  },
  "id": "file:///Users/abettati/Desktop/apisContentFull/543.json#/web-api/end-points/%2Fmodels%2F%7BmodelName%7D/put/request/parameter/modelName"
}, {
  "http://a.ml/vocabularies/apiContract#binding": "header",
  "http://a.ml/vocabularies/apiContract#paramName": "Authorization",
  "http://a.ml/vocabularies/apiContract#required": "false",
  "http://a.ml/vocabularies/core#description": "A JWT using the Bearer schema. The server will check the validity of the provided token to control access to this protected resource. The claim 'role' shall include at least 'product-admin'.",
  "http://a.ml/vocabularies/core#name": "Authorization",
  "http://a.ml/vocabularies/shapes#schema": {
    "http://a.ml/vocabularies/core#description": "A JWT using the Bearer schema. The server will check the validity of the provided token to control access to this protected resource. The claim 'role' shall include at least 'product-admin'.",
    "http://www.w3.org/ns/shacl#datatype": "http://www.w3.org/2001/XMLSchema#string",
    "http://www.w3.org/ns/shacl#name": "schema",
    "id": "file:///Users/abettati/Desktop/apisContentFull/543.json#/web-api/end-points/%2F%7BorgId%7D%2Fapplications/get/request/parameter/Authorization/scalar/schema"
  },
  "id": "file:///Users/abettati/Desktop/apisContentFull/543.json#/web-api/end-points/%2F%7BorgId%7D%2Fapplications/get/request/parameter/Authorization"
}, {
  "http://a.ml/vocabularies/apiContract#binding": "path",
  "http://a.ml/vocabularies/apiContract#paramName": "orgId",
  "http://a.ml/vocabularies/apiContract#required": "true",
  "http://a.ml/vocabularies/core#description": "Organization Name.",
  "http://a.ml/vocabularies/core#name": "orgId",
  "http://a.ml/vocabularies/shapes#schema": {
    "http://a.ml/vocabularies/core#description": "Organization Name.",
    "http://www.w3.org/ns/shacl#datatype": "http://www.w3.org/2001/XMLSchema#string",
    "http://www.w3.org/ns/shacl#name": "schema",
    "id": "file:///Users/abettati/Desktop/apisContentFull/543.json#/web-api/end-points/%2F%7BorgId%7D%2Fapplications/get/request/parameter/orgId/scalar/schema"
  },
  "id": "file:///Users/abettati/Desktop/apisContentFull/543.json#/web-api/end-points/%2F%7BorgId%7D%2Fapplications/get/request/parameter/orgId"
}, {
  "http://a.ml/vocabularies/apiContract#binding": "header",
  "http://a.ml/vocabularies/apiContract#paramName": "Authorization",
  "http://a.ml/vocabularies/apiContract#required": "false",
  "http://a.ml/vocabularies/core#description": "A JWT using the Bearer schema. The server will check the validity of the provided token to control access to this protected resource. The claim 'role' shall include at least 'product-admin'.",
  "http://a.ml/vocabularies/core#name": "Authorization",
  "http://a.ml/vocabularies/shapes#schema": {
    "http://a.ml/vocabularies/core#description": "A JWT using the Bearer schema. The server will check the validity of the provided token to control access to this protected resource. The claim 'role' shall include at least 'product-admin'.",
    "http://www.w3.org/ns/shacl#datatype": "http://www.w3.org/2001/XMLSchema#string",
    "http://www.w3.org/ns/shacl#name": "schema",
    "id": "file:///Users/abettati/Desktop/apisContentFull/543.json#/web-api/end-points/%2F%7BorgId%7D%2Fapplications/post/request/parameter/Authorization/scalar/schema"
  },
  "id": "file:///Users/abettati/Desktop/apisContentFull/543.json#/web-api/end-points/%2F%7BorgId%7D%2Fapplications/post/request/parameter/Authorization"
}, {
  "http://a.ml/vocabularies/apiContract#binding": "path",
  "http://a.ml/vocabularies/apiContract#paramName": "orgId",
  "http://a.ml/vocabularies/apiContract#required": "true",
  "http://a.ml/vocabularies/core#description": "Organization Name.",
  "http://a.ml/vocabularies/core#name": "orgId",
  "http://a.ml/vocabularies/shapes#schema": {
    "http://a.ml/vocabularies/core#description": "Organization Name.",
    "http://www.w3.org/ns/shacl#datatype": "http://www.w3.org/2001/XMLSchema#string",
    "http://www.w3.org/ns/shacl#name": "schema",
    "id": "file:///Users/abettati/Desktop/apisContentFull/543.json#/web-api/end-points/%2F%7BorgId%7D%2Fapplications/post/request/parameter/orgId/scalar/schema"
  },
  "id": "file:///Users/abettati/Desktop/apisContentFull/543.json#/web-api/end-points/%2F%7BorgId%7D%2Fapplications/post/request/parameter/orgId"
}, {
  "http://a.ml/vocabularies/apiContract#binding": "header",
  "http://a.ml/vocabularies/apiContract#paramName": "Authorization",
  "http://a.ml/vocabularies/apiContract#required": "false",
  "http://a.ml/vocabularies/core#description": "A JWT using the Bearer schema. The server will check the validity of the provided token to control access to this protected resource. The claim 'role' shall include at least 'product-admin'.",
  "http://a.ml/vocabularies/core#name": "Authorization",
  "http://a.ml/vocabularies/shapes#schema": {
    "http://a.ml/vocabularies/core#description": "A JWT using the Bearer schema. The server will check the validity of the provided token to control access to this protected resource. The claim 'role' shall include at least 'product-admin'.",
    "http://www.w3.org/ns/shacl#datatype": "http://www.w3.org/2001/XMLSchema#string",
    "http://www.w3.org/ns/shacl#name": "schema",
    "id": "file:///Users/abettati/Desktop/apisContentFull/543.json#/web-api/end-points/%2F%7BorgId%7D%2Fapplications%2F%7BapplicationName%7D/get/request/parameter/Authorization/scalar/schema"
  },
  "id": "file:///Users/abettati/Desktop/apisContentFull/543.json#/web-api/end-points/%2F%7BorgId%7D%2Fapplications%2F%7BapplicationName%7D/get/request/parameter/Authorization"
}, {
  "http://a.ml/vocabularies/apiContract#binding": "path",
  "http://a.ml/vocabularies/apiContract#paramName": "orgId",
  "http://a.ml/vocabularies/apiContract#required": "true",
  "http://a.ml/vocabularies/core#description": "Organization Name.",
  "http://a.ml/vocabularies/core#name": "orgId",
  "http://a.ml/vocabularies/shapes#schema": {
    "http://a.ml/vocabularies/core#description": "Organization Name.",
    "http://www.w3.org/ns/shacl#datatype": "http://www.w3.org/2001/XMLSchema#string",
    "http://www.w3.org/ns/shacl#name": "schema",
    "id": "file:///Users/abettati/Desktop/apisContentFull/543.json#/web-api/end-points/%2F%7BorgId%7D%2Fapplications%2F%7BapplicationName%7D/get/request/parameter/orgId/scalar/schema"
  },
  "id": "file:///Users/abettati/Desktop/apisContentFull/543.json#/web-api/end-points/%2F%7BorgId%7D%2Fapplications%2F%7BapplicationName%7D/get/request/parameter/orgId"
}, {
  "http://a.ml/vocabularies/apiContract#binding": "path",
  "http://a.ml/vocabularies/apiContract#paramName": "applicationName",
  "http://a.ml/vocabularies/apiContract#required": "true",
  "http://a.ml/vocabularies/core#description": "Application Name.",
  "http://a.ml/vocabularies/core#name": "applicationName",
  "http://a.ml/vocabularies/shapes#schema": {
    "http://a.ml/vocabularies/core#description": "Application Name.",
    "http://www.w3.org/ns/shacl#datatype": "http://www.w3.org/2001/XMLSchema#string",
    "http://www.w3.org/ns/shacl#name": "schema",
    "id": "file:///Users/abettati/Desktop/apisContentFull/543.json#/web-api/end-points/%2F%7BorgId%7D%2Fapplications%2F%7BapplicationName%7D/get/request/parameter/applicationName/scalar/schema"
  },
  "id": "file:///Users/abettati/Desktop/apisContentFull/543.json#/web-api/end-points/%2F%7BorgId%7D%2Fapplications%2F%7BapplicationName%7D/get/request/parameter/applicationName"
}, {
  "http://a.ml/vocabularies/apiContract#binding": "header",
  "http://a.ml/vocabularies/apiContract#paramName": "Authorization",
  "http://a.ml/vocabularies/apiContract#required": "false",
  "http://a.ml/vocabularies/core#description": "A JWT using the Bearer schema. The server will check the validity of the provided token to control access to this protected resource. The claim 'role' shall include at least 'product-admin'.",
  "http://a.ml/vocabularies/core#name": "Authorization",
  "http://a.ml/vocabularies/shapes#schema": {
    "http://a.ml/vocabularies/core#description": "A JWT using the Bearer schema. The server will check the validity of the provided token to control access to this protected resource. The claim 'role' shall include at least 'product-admin'.",
    "http://www.w3.org/ns/shacl#datatype": "http://www.w3.org/2001/XMLSchema#string",
    "http://www.w3.org/ns/shacl#name": "schema",
    "id": "file:///Users/abettati/Desktop/apisContentFull/543.json#/web-api/end-points/%2F%7BorgId%7D%2Fapplications%2F%7BapplicationName%7D/put/request/parameter/Authorization/scalar/schema"
  },
  "id": "file:///Users/abettati/Desktop/apisContentFull/543.json#/web-api/end-points/%2F%7BorgId%7D%2Fapplications%2F%7BapplicationName%7D/put/request/parameter/Authorization"
}, {
  "http://a.ml/vocabularies/apiContract#binding": "path",
  "http://a.ml/vocabularies/apiContract#paramName": "orgId",
  "http://a.ml/vocabularies/apiContract#required": "true",
  "http://a.ml/vocabularies/core#description": "Organization Name.",
  "http://a.ml/vocabularies/core#name": "orgId",
  "http://a.ml/vocabularies/shapes#schema": {
    "http://a.ml/vocabularies/core#description": "Organization Name.",
    "http://www.w3.org/ns/shacl#datatype": "http://www.w3.org/2001/XMLSchema#string",
    "http://www.w3.org/ns/shacl#name": "schema",
    "id": "file:///Users/abettati/Desktop/apisContentFull/543.json#/web-api/end-points/%2F%7BorgId%7D%2Fapplications%2F%7BapplicationName%7D/put/request/parameter/orgId/scalar/schema"
  },
  "id": "file:///Users/abettati/Desktop/apisContentFull/543.json#/web-api/end-points/%2F%7BorgId%7D%2Fapplications%2F%7BapplicationName%7D/put/request/parameter/orgId"
}, {
  "http://a.ml/vocabularies/apiContract#binding": "path",
  "http://a.ml/vocabularies/apiContract#paramName": "applicationName",
  "http://a.ml/vocabularies/apiContract#required": "true",
  "http://a.ml/vocabularies/core#description": "Application Name.",
  "http://a.ml/vocabularies/core#name": "applicationName",
  "http://a.ml/vocabularies/shapes#schema": {
    "http://a.ml/vocabularies/core#description": "Application Name.",
    "http://www.w3.org/ns/shacl#datatype": "http://www.w3.org/2001/XMLSchema#string",
    "http://www.w3.org/ns/shacl#name": "schema",
    "id": "file:///Users/abettati/Desktop/apisContentFull/543.json#/web-api/end-points/%2F%7BorgId%7D%2Fapplications%2F%7BapplicationName%7D/put/request/parameter/applicationName/scalar/schema"
  },
  "id": "file:///Users/abettati/Desktop/apisContentFull/543.json#/web-api/end-points/%2F%7BorgId%7D%2Fapplications%2F%7BapplicationName%7D/put/request/parameter/applicationName"
}, {
  "http://a.ml/vocabularies/apiContract#binding": "header",
  "http://a.ml/vocabularies/apiContract#paramName": "Authorization",
  "http://a.ml/vocabularies/apiContract#required": "false",
  "http://a.ml/vocabularies/core#description": "A JWT using the Bearer schema. The server will check the validity of the provided token to control access to this protected resource. The claim 'role' shall include at least 'product-admin'.",
  "http://a.ml/vocabularies/core#name": "Authorization",
  "http://a.ml/vocabularies/shapes#schema": {
    "http://a.ml/vocabularies/core#description": "A JWT using the Bearer schema. The server will check the validity of the provided token to control access to this protected resource. The claim 'role' shall include at least 'product-admin'.",
    "http://www.w3.org/ns/shacl#datatype": "http://www.w3.org/2001/XMLSchema#string",
    "http://www.w3.org/ns/shacl#name": "schema",
    "id": "file:///Users/abettati/Desktop/apisContentFull/543.json#/web-api/end-points/%2F%7BorgId%7D%2Fapplications%2F%7BapplicationName%7D/delete/request/parameter/Authorization/scalar/schema"
  },
  "id": "file:///Users/abettati/Desktop/apisContentFull/543.json#/web-api/end-points/%2F%7BorgId%7D%2Fapplications%2F%7BapplicationName%7D/delete/request/parameter/Authorization"
}, {
  "http://a.ml/vocabularies/apiContract#binding": "path",
  "http://a.ml/vocabularies/apiContract#paramName": "orgId",
  "http://a.ml/vocabularies/apiContract#required": "true",
  "http://a.ml/vocabularies/core#description": "Organization Name.",
  "http://a.ml/vocabularies/core#name": "orgId",
  "http://a.ml/vocabularies/shapes#schema": {
    "http://a.ml/vocabularies/core#description": "Organization Name.",
    "http://www.w3.org/ns/shacl#datatype": "http://www.w3.org/2001/XMLSchema#string",
    "http://www.w3.org/ns/shacl#name": "schema",
    "id": "file:///Users/abettati/Desktop/apisContentFull/543.json#/web-api/end-points/%2F%7BorgId%7D%2Fapplications%2F%7BapplicationName%7D/delete/request/parameter/orgId/scalar/schema"
  },
  "id": "file:///Users/abettati/Desktop/apisContentFull/543.json#/web-api/end-points/%2F%7BorgId%7D%2Fapplications%2F%7BapplicationName%7D/delete/request/parameter/orgId"
}, {
  "http://a.ml/vocabularies/apiContract#binding": "path",
  "http://a.ml/vocabularies/apiContract#paramName": "applicationName",
  "http://a.ml/vocabularies/apiContract#required": "true",
  "http://a.ml/vocabularies/core#description": "Application Name.",
  "http://a.ml/vocabularies/core#name": "applicationName",
  "http://a.ml/vocabularies/shapes#schema": {
    "http://a.ml/vocabularies/core#description": "Application Name.",
    "http://www.w3.org/ns/shacl#datatype": "http://www.w3.org/2001/XMLSchema#string",
    "http://www.w3.org/ns/shacl#name": "schema",
    "id": "file:///Users/abettati/Desktop/apisContentFull/543.json#/web-api/end-points/%2F%7BorgId%7D%2Fapplications%2F%7BapplicationName%7D/delete/request/parameter/applicationName/scalar/schema"
  },
  "id": "file:///Users/abettati/Desktop/apisContentFull/543.json#/web-api/end-points/%2F%7BorgId%7D%2Fapplications%2F%7BapplicationName%7D/delete/request/parameter/applicationName"
}, {
  "http://a.ml/vocabularies/apiContract#binding": "header",
  "http://a.ml/vocabularies/apiContract#paramName": "Authorization",
  "http://a.ml/vocabularies/apiContract#required": "false",
  "http://a.ml/vocabularies/core#description": "A JWT using the Bearer schema. The server will check the validity of the provided token to control access to this protected resource. The claim 'role' shall include at least 'product-admin'.",
  "http://a.ml/vocabularies/core#name": "Authorization",
  "http://a.ml/vocabularies/shapes#schema": {
    "http://a.ml/vocabularies/core#description": "A JWT using the Bearer schema. The server will check the validity of the provided token to control access to this protected resource. The claim 'role' shall include at least 'product-admin'.",
    "http://www.w3.org/ns/shacl#datatype": "http://www.w3.org/2001/XMLSchema#string",
    "http://www.w3.org/ns/shacl#name": "schema",
    "id": "file:///Users/abettati/Desktop/apisContentFull/543.json#/web-api/end-points/%2F%7BorgId%7D%2Fapplications%2F%7BapplicationName%7D%2Finstances/get/request/parameter/Authorization/scalar/schema"
  },
  "id": "file:///Users/abettati/Desktop/apisContentFull/543.json#/web-api/end-points/%2F%7BorgId%7D%2Fapplications%2F%7BapplicationName%7D%2Finstances/get/request/parameter/Authorization"
}, {
  "http://a.ml/vocabularies/apiContract#binding": "path",
  "http://a.ml/vocabularies/apiContract#paramName": "orgId",
  "http://a.ml/vocabularies/apiContract#required": "true",
  "http://a.ml/vocabularies/core#description": "Organization Name.",
  "http://a.ml/vocabularies/core#name": "orgId",
  "http://a.ml/vocabularies/shapes#schema": {
    "http://a.ml/vocabularies/core#description": "Organization Name.",
    "http://www.w3.org/ns/shacl#datatype": "http://www.w3.org/2001/XMLSchema#string",
    "http://www.w3.org/ns/shacl#name": "schema",
    "id": "file:///Users/abettati/Desktop/apisContentFull/543.json#/web-api/end-points/%2F%7BorgId%7D%2Fapplications%2F%7BapplicationName%7D%2Finstances/get/request/parameter/orgId/scalar/schema"
  },
  "id": "file:///Users/abettati/Desktop/apisContentFull/543.json#/web-api/end-points/%2F%7BorgId%7D%2Fapplications%2F%7BapplicationName%7D%2Finstances/get/request/parameter/orgId"
}, {
  "http://a.ml/vocabularies/apiContract#binding": "path",
  "http://a.ml/vocabularies/apiContract#paramName": "applicationName",
  "http://a.ml/vocabularies/apiContract#required": "true",
  "http://a.ml/vocabularies/core#description": "Application Name.",
  "http://a.ml/vocabularies/core#name": "applicationName",
  "http://a.ml/vocabularies/shapes#schema": {
    "http://a.ml/vocabularies/core#description": "Application Name.",
    "http://www.w3.org/ns/shacl#datatype": "http://www.w3.org/2001/XMLSchema#string",
    "http://www.w3.org/ns/shacl#name": "schema",
    "id": "file:///Users/abettati/Desktop/apisContentFull/543.json#/web-api/end-points/%2F%7BorgId%7D%2Fapplications%2F%7BapplicationName%7D%2Finstances/get/request/parameter/applicationName/scalar/schema"
  },
  "id": "file:///Users/abettati/Desktop/apisContentFull/543.json#/web-api/end-points/%2F%7BorgId%7D%2Fapplications%2F%7BapplicationName%7D%2Finstances/get/request/parameter/applicationName"
}, {
  "http://a.ml/vocabularies/apiContract#binding": "header",
  "http://a.ml/vocabularies/apiContract#paramName": "Authorization",
  "http://a.ml/vocabularies/apiContract#required": "false",
  "http://a.ml/vocabularies/core#description": "A JWT using the Bearer schema. The server will check the validity of the provided token to control access to this protected resource. The claim 'role' shall include at least 'product-admin'.",
  "http://a.ml/vocabularies/core#name": "Authorization",
  "http://a.ml/vocabularies/shapes#schema": {
    "http://a.ml/vocabularies/core#description": "A JWT using the Bearer schema. The server will check the validity of the provided token to control access to this protected resource. The claim 'role' shall include at least 'product-admin'.",
    "http://www.w3.org/ns/shacl#datatype": "http://www.w3.org/2001/XMLSchema#string",
    "http://www.w3.org/ns/shacl#name": "schema",
    "id": "file:///Users/abettati/Desktop/apisContentFull/543.json#/web-api/end-points/%2F%7BorgId%7D%2Fapplications%2F%7BapplicationName%7D%2Finstances/post/request/parameter/Authorization/scalar/schema"
  },
  "id": "file:///Users/abettati/Desktop/apisContentFull/543.json#/web-api/end-points/%2F%7BorgId%7D%2Fapplications%2F%7BapplicationName%7D%2Finstances/post/request/parameter/Authorization"
}, {
  "http://a.ml/vocabularies/apiContract#binding": "path",
  "http://a.ml/vocabularies/apiContract#paramName": "orgId",
  "http://a.ml/vocabularies/apiContract#required": "true",
  "http://a.ml/vocabularies/core#description": "Organization Name.",
  "http://a.ml/vocabularies/core#name": "orgId",
  "http://a.ml/vocabularies/shapes#schema": {
    "http://a.ml/vocabularies/core#description": "Organization Name.",
    "http://www.w3.org/ns/shacl#datatype": "http://www.w3.org/2001/XMLSchema#string",
    "http://www.w3.org/ns/shacl#name": "schema",
    "id": "file:///Users/abettati/Desktop/apisContentFull/543.json#/web-api/end-points/%2F%7BorgId%7D%2Fapplications%2F%7BapplicationName%7D%2Finstances/post/request/parameter/orgId/scalar/schema"
  },
  "id": "file:///Users/abettati/Desktop/apisContentFull/543.json#/web-api/end-points/%2F%7BorgId%7D%2Fapplications%2F%7BapplicationName%7D%2Finstances/post/request/parameter/orgId"
}, {
  "http://a.ml/vocabularies/apiContract#binding": "path",
  "http://a.ml/vocabularies/apiContract#paramName": "applicationName",
  "http://a.ml/vocabularies/apiContract#required": "true",
  "http://a.ml/vocabularies/core#description": "application Name",
  "http://a.ml/vocabularies/core#name": "applicationName",
  "http://a.ml/vocabularies/shapes#schema": {
    "http://a.ml/vocabularies/core#description": "application Name",
    "http://www.w3.org/ns/shacl#datatype": "http://www.w3.org/2001/XMLSchema#string",
    "http://www.w3.org/ns/shacl#name": "schema",
    "id": "file:///Users/abettati/Desktop/apisContentFull/543.json#/web-api/end-points/%2F%7BorgId%7D%2Fapplications%2F%7BapplicationName%7D%2Finstances/post/request/parameter/applicationName/scalar/schema"
  },
  "id": "file:///Users/abettati/Desktop/apisContentFull/543.json#/web-api/end-points/%2F%7BorgId%7D%2Fapplications%2F%7BapplicationName%7D%2Finstances/post/request/parameter/applicationName"
}, {
  "http://a.ml/vocabularies/apiContract#binding": "header",
  "http://a.ml/vocabularies/apiContract#paramName": "Authorization",
  "http://a.ml/vocabularies/apiContract#required": "false",
  "http://a.ml/vocabularies/core#description": "A JWT using the Bearer schema. The server will check the validity of the provided token to control access to this protected resource. The claim 'role' shall include at least 'product-admin'.",
  "http://a.ml/vocabularies/core#name": "Authorization",
  "http://a.ml/vocabularies/shapes#schema": {
    "http://a.ml/vocabularies/core#description": "A JWT using the Bearer schema. The server will check the validity of the provided token to control access to this protected resource. The claim 'role' shall include at least 'product-admin'.",
    "http://www.w3.org/ns/shacl#datatype": "http://www.w3.org/2001/XMLSchema#string",
    "http://www.w3.org/ns/shacl#name": "schema",
    "id": "file:///Users/abettati/Desktop/apisContentFull/543.json#/web-api/end-points/%2F%7BorgId%7D%2Fapplications%2F%7BapplicationName%7D%2Finstances%2F%7BinstanceId%7D/get/request/parameter/Authorization/scalar/schema"
  },
  "id": "file:///Users/abettati/Desktop/apisContentFull/543.json#/web-api/end-points/%2F%7BorgId%7D%2Fapplications%2F%7BapplicationName%7D%2Finstances%2F%7BinstanceId%7D/get/request/parameter/Authorization"
}, {
  "http://a.ml/vocabularies/apiContract#binding": "path",
  "http://a.ml/vocabularies/apiContract#paramName": "orgId",
  "http://a.ml/vocabularies/apiContract#required": "true",
  "http://a.ml/vocabularies/core#description": "Organization Name.",
  "http://a.ml/vocabularies/core#name": "orgId",
  "http://a.ml/vocabularies/shapes#schema": {
    "http://a.ml/vocabularies/core#description": "Organization Name.",
    "http://www.w3.org/ns/shacl#datatype": "http://www.w3.org/2001/XMLSchema#string",
    "http://www.w3.org/ns/shacl#name": "schema",
    "id": "file:///Users/abettati/Desktop/apisContentFull/543.json#/web-api/end-points/%2F%7BorgId%7D%2Fapplications%2F%7BapplicationName%7D%2Finstances%2F%7BinstanceId%7D/get/request/parameter/orgId/scalar/schema"
  },
  "id": "file:///Users/abettati/Desktop/apisContentFull/543.json#/web-api/end-points/%2F%7BorgId%7D%2Fapplications%2F%7BapplicationName%7D%2Finstances%2F%7BinstanceId%7D/get/request/parameter/orgId"
}, {
  "http://a.ml/vocabularies/apiContract#binding": "path",
  "http://a.ml/vocabularies/apiContract#paramName": "applicationName",
  "http://a.ml/vocabularies/apiContract#required": "true",
  "http://a.ml/vocabularies/core#description": "Application Name.",
  "http://a.ml/vocabularies/core#name": "applicationName",
  "http://a.ml/vocabularies/shapes#schema": {
    "http://a.ml/vocabularies/core#description": "Application Name.",
    "http://www.w3.org/ns/shacl#datatype": "http://www.w3.org/2001/XMLSchema#string",
    "http://www.w3.org/ns/shacl#name": "schema",
    "id": "file:///Users/abettati/Desktop/apisContentFull/543.json#/web-api/end-points/%2F%7BorgId%7D%2Fapplications%2F%7BapplicationName%7D%2Finstances%2F%7BinstanceId%7D/get/request/parameter/applicationName/scalar/schema"
  },
  "id": "file:///Users/abettati/Desktop/apisContentFull/543.json#/web-api/end-points/%2F%7BorgId%7D%2Fapplications%2F%7BapplicationName%7D%2Finstances%2F%7BinstanceId%7D/get/request/parameter/applicationName"
}, {
  "http://a.ml/vocabularies/apiContract#binding": "path",
  "http://a.ml/vocabularies/apiContract#paramName": "instanceId",
  "http://a.ml/vocabularies/apiContract#required": "true",
  "http://a.ml/vocabularies/core#description": "Instance Id",
  "http://a.ml/vocabularies/core#name": "instanceId",
  "http://a.ml/vocabularies/shapes#schema": {
    "http://a.ml/vocabularies/core#description": "Instance Id",
    "http://www.w3.org/ns/shacl#datatype": "http://www.w3.org/2001/XMLSchema#string",
    "http://www.w3.org/ns/shacl#name": "schema",
    "id": "file:///Users/abettati/Desktop/apisContentFull/543.json#/web-api/end-points/%2F%7BorgId%7D%2Fapplications%2F%7BapplicationName%7D%2Finstances%2F%7BinstanceId%7D/get/request/parameter/instanceId/scalar/schema"
  },
  "id": "file:///Users/abettati/Desktop/apisContentFull/543.json#/web-api/end-points/%2F%7BorgId%7D%2Fapplications%2F%7BapplicationName%7D%2Finstances%2F%7BinstanceId%7D/get/request/parameter/instanceId"
}, {
  "http://a.ml/vocabularies/apiContract#binding": "header",
  "http://a.ml/vocabularies/apiContract#paramName": "Authorization",
  "http://a.ml/vocabularies/apiContract#required": "false",
  "http://a.ml/vocabularies/core#description": "A JWT using the Bearer schema. The server will check the validity of the provided token to control access to this protected resource. The claim 'role' shall include at least 'product-admin'.",
  "http://a.ml/vocabularies/core#name": "Authorization",
  "http://a.ml/vocabularies/shapes#schema": {
    "http://a.ml/vocabularies/core#description": "A JWT using the Bearer schema. The server will check the validity of the provided token to control access to this protected resource. The claim 'role' shall include at least 'product-admin'.",
    "http://www.w3.org/ns/shacl#datatype": "http://www.w3.org/2001/XMLSchema#string",
    "http://www.w3.org/ns/shacl#name": "schema",
    "id": "file:///Users/abettati/Desktop/apisContentFull/543.json#/web-api/end-points/%2F%7BorgId%7D%2Fapplications%2F%7BapplicationName%7D%2Finstances%2F%7BinstanceId%7D/put/request/parameter/Authorization/scalar/schema"
  },
  "id": "file:///Users/abettati/Desktop/apisContentFull/543.json#/web-api/end-points/%2F%7BorgId%7D%2Fapplications%2F%7BapplicationName%7D%2Finstances%2F%7BinstanceId%7D/put/request/parameter/Authorization"
}, {
  "http://a.ml/vocabularies/apiContract#binding": "path",
  "http://a.ml/vocabularies/apiContract#paramName": "orgId",
  "http://a.ml/vocabularies/apiContract#required": "true",
  "http://a.ml/vocabularies/core#description": "Organization Name.",
  "http://a.ml/vocabularies/core#name": "orgId",
  "http://a.ml/vocabularies/shapes#schema": {
    "http://a.ml/vocabularies/core#description": "Organization Name.",
    "http://www.w3.org/ns/shacl#datatype": "http://www.w3.org/2001/XMLSchema#string",
    "http://www.w3.org/ns/shacl#name": "schema",
    "id": "file:///Users/abettati/Desktop/apisContentFull/543.json#/web-api/end-points/%2F%7BorgId%7D%2Fapplications%2F%7BapplicationName%7D%2Finstances%2F%7BinstanceId%7D/put/request/parameter/orgId/scalar/schema"
  },
  "id": "file:///Users/abettati/Desktop/apisContentFull/543.json#/web-api/end-points/%2F%7BorgId%7D%2Fapplications%2F%7BapplicationName%7D%2Finstances%2F%7BinstanceId%7D/put/request/parameter/orgId"
}, {
  "http://a.ml/vocabularies/apiContract#binding": "path",
  "http://a.ml/vocabularies/apiContract#paramName": "applicationName",
  "http://a.ml/vocabularies/apiContract#required": "true",
  "http://a.ml/vocabularies/core#description": "Application Name.",
  "http://a.ml/vocabularies/core#name": "applicationName",
  "http://a.ml/vocabularies/shapes#schema": {
    "http://a.ml/vocabularies/core#description": "Application Name.",
    "http://www.w3.org/ns/shacl#datatype": "http://www.w3.org/2001/XMLSchema#string",
    "http://www.w3.org/ns/shacl#name": "schema",
    "id": "file:///Users/abettati/Desktop/apisContentFull/543.json#/web-api/end-points/%2F%7BorgId%7D%2Fapplications%2F%7BapplicationName%7D%2Finstances%2F%7BinstanceId%7D/put/request/parameter/applicationName/scalar/schema"
  },
  "id": "file:///Users/abettati/Desktop/apisContentFull/543.json#/web-api/end-points/%2F%7BorgId%7D%2Fapplications%2F%7BapplicationName%7D%2Finstances%2F%7BinstanceId%7D/put/request/parameter/applicationName"
}, {
  "http://a.ml/vocabularies/apiContract#binding": "path",
  "http://a.ml/vocabularies/apiContract#paramName": "instanceId",
  "http://a.ml/vocabularies/apiContract#required": "true",
  "http://a.ml/vocabularies/core#description": "Instance Id",
  "http://a.ml/vocabularies/core#name": "instanceId",
  "http://a.ml/vocabularies/shapes#schema": {
    "http://a.ml/vocabularies/core#description": "Instance Id",
    "http://www.w3.org/ns/shacl#datatype": "http://www.w3.org/2001/XMLSchema#string",
    "http://www.w3.org/ns/shacl#name": "schema",
    "id": "file:///Users/abettati/Desktop/apisContentFull/543.json#/web-api/end-points/%2F%7BorgId%7D%2Fapplications%2F%7BapplicationName%7D%2Finstances%2F%7BinstanceId%7D/put/request/parameter/instanceId/scalar/schema"
  },
  "id": "file:///Users/abettati/Desktop/apisContentFull/543.json#/web-api/end-points/%2F%7BorgId%7D%2Fapplications%2F%7BapplicationName%7D%2Finstances%2F%7BinstanceId%7D/put/request/parameter/instanceId"
}, {
  "http://a.ml/vocabularies/apiContract#binding": "header",
  "http://a.ml/vocabularies/apiContract#paramName": "Authorization",
  "http://a.ml/vocabularies/apiContract#required": "false",
  "http://a.ml/vocabularies/core#description": "A JWT using the Bearer schema. The server will check the validity of the provided token to control access to this protected resource. The claim 'role' shall include at least 'product-admin'.",
  "http://a.ml/vocabularies/core#name": "Authorization",
  "http://a.ml/vocabularies/shapes#schema": {
    "http://a.ml/vocabularies/core#description": "A JWT using the Bearer schema. The server will check the validity of the provided token to control access to this protected resource. The claim 'role' shall include at least 'product-admin'.",
    "http://www.w3.org/ns/shacl#datatype": "http://www.w3.org/2001/XMLSchema#string",
    "http://www.w3.org/ns/shacl#name": "schema",
    "id": "file:///Users/abettati/Desktop/apisContentFull/543.json#/web-api/end-points/%2F%7BorgId%7D%2Fapplications%2F%7BapplicationName%7D%2Finstances%2F%7BinstanceId%7D/delete/request/parameter/Authorization/scalar/schema"
  },
  "id": "file:///Users/abettati/Desktop/apisContentFull/543.json#/web-api/end-points/%2F%7BorgId%7D%2Fapplications%2F%7BapplicationName%7D%2Finstances%2F%7BinstanceId%7D/delete/request/parameter/Authorization"
}, {
  "http://a.ml/vocabularies/apiContract#binding": "path",
  "http://a.ml/vocabularies/apiContract#paramName": "orgId",
  "http://a.ml/vocabularies/apiContract#required": "true",
  "http://a.ml/vocabularies/core#description": "Organization Name.",
  "http://a.ml/vocabularies/core#name": "orgId",
  "http://a.ml/vocabularies/shapes#schema": {
    "http://a.ml/vocabularies/core#description": "Organization Name.",
    "http://www.w3.org/ns/shacl#datatype": "http://www.w3.org/2001/XMLSchema#string",
    "http://www.w3.org/ns/shacl#name": "schema",
    "id": "file:///Users/abettati/Desktop/apisContentFull/543.json#/web-api/end-points/%2F%7BorgId%7D%2Fapplications%2F%7BapplicationName%7D%2Finstances%2F%7BinstanceId%7D/delete/request/parameter/orgId/scalar/schema"
  },
  "id": "file:///Users/abettati/Desktop/apisContentFull/543.json#/web-api/end-points/%2F%7BorgId%7D%2Fapplications%2F%7BapplicationName%7D%2Finstances%2F%7BinstanceId%7D/delete/request/parameter/orgId"
}, {
  "http://a.ml/vocabularies/apiContract#binding": "path",
  "http://a.ml/vocabularies/apiContract#paramName": "applicationName",
  "http://a.ml/vocabularies/apiContract#required": "true",
  "http://a.ml/vocabularies/core#description": "Application Name.",
  "http://a.ml/vocabularies/core#name": "applicationName",
  "http://a.ml/vocabularies/shapes#schema": {
    "http://a.ml/vocabularies/core#description": "Application Name.",
    "http://www.w3.org/ns/shacl#datatype": "http://www.w3.org/2001/XMLSchema#string",
    "http://www.w3.org/ns/shacl#name": "schema",
    "id": "file:///Users/abettati/Desktop/apisContentFull/543.json#/web-api/end-points/%2F%7BorgId%7D%2Fapplications%2F%7BapplicationName%7D%2Finstances%2F%7BinstanceId%7D/delete/request/parameter/applicationName/scalar/schema"
  },
  "id": "file:///Users/abettati/Desktop/apisContentFull/543.json#/web-api/end-points/%2F%7BorgId%7D%2Fapplications%2F%7BapplicationName%7D%2Finstances%2F%7BinstanceId%7D/delete/request/parameter/applicationName"
}, {
  "http://a.ml/vocabularies/apiContract#binding": "path",
  "http://a.ml/vocabularies/apiContract#paramName": "instanceId",
  "http://a.ml/vocabularies/apiContract#required": "true",
  "http://a.ml/vocabularies/core#description": "Instance Id",
  "http://a.ml/vocabularies/core#name": "instanceId",
  "http://a.ml/vocabularies/shapes#schema": {
    "http://a.ml/vocabularies/core#description": "Instance Id",
    "http://www.w3.org/ns/shacl#datatype": "http://www.w3.org/2001/XMLSchema#string",
    "http://www.w3.org/ns/shacl#name": "schema",
    "id": "file:///Users/abettati/Desktop/apisContentFull/543.json#/web-api/end-points/%2F%7BorgId%7D%2Fapplications%2F%7BapplicationName%7D%2Finstances%2F%7BinstanceId%7D/delete/request/parameter/instanceId/scalar/schema"
  },
  "id": "file:///Users/abettati/Desktop/apisContentFull/543.json#/web-api/end-points/%2F%7BorgId%7D%2Fapplications%2F%7BapplicationName%7D%2Finstances%2F%7BinstanceId%7D/delete/request/parameter/instanceId"
}, {
  "http://a.ml/vocabularies/apiContract#binding": "header",
  "http://a.ml/vocabularies/apiContract#paramName": "Authorization",
  "http://a.ml/vocabularies/apiContract#required": "false",
  "http://a.ml/vocabularies/core#description": "A JWT using the Bearer schema. The server will check the validity of the provided token to control access to this protected resource. The claim 'role' shall include at least 'product-admin'.",
  "http://a.ml/vocabularies/core#name": "Authorization",
  "http://a.ml/vocabularies/shapes#schema": {
    "http://a.ml/vocabularies/core#description": "A JWT using the Bearer schema. The server will check the validity of the provided token to control access to this protected resource. The claim 'role' shall include at least 'product-admin'.",
    "http://www.w3.org/ns/shacl#datatype": "http://www.w3.org/2001/XMLSchema#string",
    "http://www.w3.org/ns/shacl#name": "schema",
    "id": "file:///Users/abettati/Desktop/apisContentFull/543.json#/web-api/end-points/%2F%7BorgId%7D%2Fapplications%2F%7BapplicationName%7D%2Finstances%2F%7BinstanceId%7D%2Fupdate%2Fack/post/request/parameter/Authorization/scalar/schema"
  },
  "id": "file:///Users/abettati/Desktop/apisContentFull/543.json#/web-api/end-points/%2F%7BorgId%7D%2Fapplications%2F%7BapplicationName%7D%2Finstances%2F%7BinstanceId%7D%2Fupdate%2Fack/post/request/parameter/Authorization"
}, {
  "http://a.ml/vocabularies/apiContract#binding": "path",
  "http://a.ml/vocabularies/apiContract#paramName": "orgId",
  "http://a.ml/vocabularies/apiContract#required": "true",
  "http://a.ml/vocabularies/core#description": "Organization Name.",
  "http://a.ml/vocabularies/core#name": "orgId",
  "http://a.ml/vocabularies/shapes#schema": {
    "http://a.ml/vocabularies/core#description": "Organization Name.",
    "http://www.w3.org/ns/shacl#datatype": "http://www.w3.org/2001/XMLSchema#string",
    "http://www.w3.org/ns/shacl#name": "schema",
    "id": "file:///Users/abettati/Desktop/apisContentFull/543.json#/web-api/end-points/%2F%7BorgId%7D%2Fapplications%2F%7BapplicationName%7D%2Finstances%2F%7BinstanceId%7D%2Fupdate%2Fack/post/request/parameter/orgId/scalar/schema"
  },
  "id": "file:///Users/abettati/Desktop/apisContentFull/543.json#/web-api/end-points/%2F%7BorgId%7D%2Fapplications%2F%7BapplicationName%7D%2Finstances%2F%7BinstanceId%7D%2Fupdate%2Fack/post/request/parameter/orgId"
}, {
  "http://a.ml/vocabularies/apiContract#binding": "path",
  "http://a.ml/vocabularies/apiContract#paramName": "applicationName",
  "http://a.ml/vocabularies/apiContract#required": "true",
  "http://a.ml/vocabularies/core#description": "Application Name.",
  "http://a.ml/vocabularies/core#name": "applicationName",
  "http://a.ml/vocabularies/shapes#schema": {
    "http://a.ml/vocabularies/core#description": "Application Name.",
    "http://www.w3.org/ns/shacl#datatype": "http://www.w3.org/2001/XMLSchema#string",
    "http://www.w3.org/ns/shacl#name": "schema",
    "id": "file:///Users/abettati/Desktop/apisContentFull/543.json#/web-api/end-points/%2F%7BorgId%7D%2Fapplications%2F%7BapplicationName%7D%2Finstances%2F%7BinstanceId%7D%2Fupdate%2Fack/post/request/parameter/applicationName/scalar/schema"
  },
  "id": "file:///Users/abettati/Desktop/apisContentFull/543.json#/web-api/end-points/%2F%7BorgId%7D%2Fapplications%2F%7BapplicationName%7D%2Finstances%2F%7BinstanceId%7D%2Fupdate%2Fack/post/request/parameter/applicationName"
}, {
  "http://a.ml/vocabularies/apiContract#binding": "path",
  "http://a.ml/vocabularies/apiContract#paramName": "instanceId",
  "http://a.ml/vocabularies/apiContract#required": "true",
  "http://a.ml/vocabularies/core#description": "Instance ID",
  "http://a.ml/vocabularies/core#name": "instanceId",
  "http://a.ml/vocabularies/shapes#schema": {
    "http://a.ml/vocabularies/core#description": "Instance ID",
    "http://www.w3.org/ns/shacl#datatype": "http://www.w3.org/2001/XMLSchema#string",
    "http://www.w3.org/ns/shacl#name": "schema",
    "id": "file:///Users/abettati/Desktop/apisContentFull/543.json#/web-api/end-points/%2F%7BorgId%7D%2Fapplications%2F%7BapplicationName%7D%2Finstances%2F%7BinstanceId%7D%2Fupdate%2Fack/post/request/parameter/instanceId/scalar/schema"
  },
  "id": "file:///Users/abettati/Desktop/apisContentFull/543.json#/web-api/end-points/%2F%7BorgId%7D%2Fapplications%2F%7BapplicationName%7D%2Finstances%2F%7BinstanceId%7D%2Fupdate%2Fack/post/request/parameter/instanceId"
}]