[{
  "http://a.ml/vocabularies/apiContract#binding": "path",
  "http://a.ml/vocabularies/apiContract#paramName": "jobid",
  "http://a.ml/vocabularies/apiContract#required": "true",
  "http://a.ml/vocabularies/core#description": "Job ID",
  "http://a.ml/vocabularies/core#name": "jobid",
  "http://a.ml/vocabularies/shapes#schema": {
    "http://a.ml/vocabularies/core#description": "Job ID",
    "http://www.w3.org/ns/shacl#datatype": "http://www.w3.org/2001/XMLSchema#integer",
    "http://www.w3.org/ns/shacl#name": "schema",
    "id": "file:///Users/abettati/Desktop/apisContentFull/5194.json#/web-api/end-points/%2F1.0%2Fapi%2Factionable_scorecard%2Frecommedations%2Fjob%2F%7Bjobid%7D%2FproductVersionId%2F%7BproductVersionId%7D/get/request/parameter/jobid/scalar/schema"
  },
  "id": "file:///Users/abettati/Desktop/apisContentFull/5194.json#/web-api/end-points/%2F1.0%2Fapi%2Factionable_scorecard%2Frecommedations%2Fjob%2F%7Bjobid%7D%2FproductVersionId%2F%7BproductVersionId%7D/get/request/parameter/jobid"
}, {
  "http://a.ml/vocabularies/apiContract#binding": "path",
  "http://a.ml/vocabularies/apiContract#paramName": "productId",
  "http://a.ml/vocabularies/apiContract#required": "true",
  "http://a.ml/vocabularies/core#description": "product ID",
  "http://a.ml/vocabularies/core#name": "productId",
  "http://a.ml/vocabularies/shapes#schema": {
    "http://a.ml/vocabularies/core#description": "product ID",
    "http://www.w3.org/ns/shacl#datatype": "http://www.w3.org/2001/XMLSchema#integer",
    "http://www.w3.org/ns/shacl#name": "schema",
    "id": "file:///Users/abettati/Desktop/apisContentFull/5194.json#/web-api/end-points/%2F1.0%2Fapi%2Factionable_scorecard%2Faction_plan%2Fproduct%2F%7BproductId%7D%2FproductVersionId%2F%7BproductVersionId%7D/get/request/parameter/productId/scalar/schema"
  },
  "id": "file:///Users/abettati/Desktop/apisContentFull/5194.json#/web-api/end-points/%2F1.0%2Fapi%2Factionable_scorecard%2Faction_plan%2Fproduct%2F%7BproductId%7D%2FproductVersionId%2F%7BproductVersionId%7D/get/request/parameter/productId"
}, {
  "http://a.ml/vocabularies/apiContract#binding": "path",
  "http://a.ml/vocabularies/apiContract#paramName": "productVersionId",
  "http://a.ml/vocabularies/apiContract#required": "true",
  "http://a.ml/vocabularies/core#description": "product version ID",
  "http://a.ml/vocabularies/core#name": "productVersionId",
  "http://a.ml/vocabularies/shapes#schema": {
    "http://a.ml/vocabularies/core#description": "product version ID",
    "http://www.w3.org/ns/shacl#datatype": "http://www.w3.org/2001/XMLSchema#integer",
    "http://www.w3.org/ns/shacl#name": "schema",
    "id": "file:///Users/abettati/Desktop/apisContentFull/5194.json#/web-api/end-points/%2F1.0%2Fapi%2Factionable_scorecard%2Faction_plan%2Fproduct%2F%7BproductId%7D%2FproductVersionId%2F%7BproductVersionId%7D/get/request/parameter/productVersionId/scalar/schema"
  },
  "id": "file:///Users/abettati/Desktop/apisContentFull/5194.json#/web-api/end-points/%2F1.0%2Fapi%2Factionable_scorecard%2Faction_plan%2Fproduct%2F%7BproductId%7D%2FproductVersionId%2F%7BproductVersionId%7D/get/request/parameter/productVersionId"
}, {
  "http://a.ml/vocabularies/apiContract#binding": "path",
  "http://a.ml/vocabularies/apiContract#paramName": "action_plan_id",
  "http://a.ml/vocabularies/apiContract#required": "true",
  "http://a.ml/vocabularies/core#description": "Action Plan ID",
  "http://a.ml/vocabularies/core#name": "action_plan_id",
  "http://a.ml/vocabularies/shapes#schema": {
    "http://a.ml/vocabularies/core#description": "Action Plan ID",
    "http://www.w3.org/ns/shacl#datatype": "http://www.w3.org/2001/XMLSchema#integer",
    "http://www.w3.org/ns/shacl#name": "schema",
    "id": "file:///Users/abettati/Desktop/apisContentFull/5194.json#/web-api/end-points/%2F1.0%2Fapi%2Factionable_scorecard%2Ftrack%2Factionplan%2F%7Baction_plan_id%7D/get/request/parameter/action_plan_id/scalar/schema"
  },
  "id": "file:///Users/abettati/Desktop/apisContentFull/5194.json#/web-api/end-points/%2F1.0%2Fapi%2Factionable_scorecard%2Ftrack%2Factionplan%2F%7Baction_plan_id%7D/get/request/parameter/action_plan_id"
}]