[{
  "http://a.ml/vocabularies/apiContract#binding": "path",
  "http://a.ml/vocabularies/apiContract#explode": "false",
  "http://a.ml/vocabularies/apiContract#paramName": "dashboardID",
  "http://a.ml/vocabularies/apiContract#required": "true",
  "http://a.ml/vocabularies/apiContract#style": "simple",
  "http://a.ml/vocabularies/core#description": "a unique dashboardID",
  "http://a.ml/vocabularies/core#name": "dashboardID",
  "http://a.ml/vocabularies/shapes#schema": {
    "http://a.ml/vocabularies/apiContract#examples": [{
      "http://a.ml/vocabularies/document#raw": null,
      "http://a.ml/vocabularies/document#strict": null,
      "http://a.ml/vocabularies/document#structuredValue": null,
      "id": "file:///Users/abettati/Desktop/apisContentFull/2905.json#/declarations/types/scalar/uuid/example/default-example"
    }],
    "http://a.ml/vocabularies/document#recursive": "true",
    "http://a.ml/vocabularies/shapes#format": "string",
    "http://www.w3.org/ns/shacl#datatype": "http://www.w3.org/2001/XMLSchema#string",
    "http://www.w3.org/ns/shacl#name": "uuid",
    "http://www.w3.org/ns/shacl#pattern": "[0-9a-f]{8}-[0-9a-f]{4}-[0-9a-f]{4}-[0-9a-f]{12}",
    "id": "file:///Users/abettati/Desktop/apisContentFull/2905.json#/declarations/types/scalar/uuid"
  },
  "id": "file:///Users/abettati/Desktop/apisContentFull/2905.json#/web-api/end-points/%2Fapi%2Fv1%2Fdashboard%2F%3A%7BdashboardID%7D/get/request/parameter/dashboardID"
}, {
  "http://a.ml/vocabularies/apiContract#binding": "path",
  "http://a.ml/vocabularies/apiContract#explode": "false",
  "http://a.ml/vocabularies/apiContract#paramName": "dashboardID",
  "http://a.ml/vocabularies/apiContract#required": "true",
  "http://a.ml/vocabularies/apiContract#style": "simple",
  "http://a.ml/vocabularies/core#description": "dashboardID of the new dashboard",
  "http://a.ml/vocabularies/core#name": "dashboardID",
  "http://a.ml/vocabularies/shapes#schema": {
    "http://a.ml/vocabularies/apiContract#examples": [{
      "http://a.ml/vocabularies/document#raw": null,
      "http://a.ml/vocabularies/document#strict": null,
      "http://a.ml/vocabularies/document#structuredValue": null,
      "id": "file:///Users/abettati/Desktop/apisContentFull/2905.json#/declarations/types/scalar/uuid/example/default-example"
    }],
    "http://a.ml/vocabularies/document#recursive": "true",
    "http://a.ml/vocabularies/shapes#format": "string",
    "http://www.w3.org/ns/shacl#datatype": "http://www.w3.org/2001/XMLSchema#string",
    "http://www.w3.org/ns/shacl#name": "uuid",
    "http://www.w3.org/ns/shacl#pattern": "[0-9a-f]{8}-[0-9a-f]{4}-[0-9a-f]{4}-[0-9a-f]{12}",
    "id": "file:///Users/abettati/Desktop/apisContentFull/2905.json#/declarations/types/scalar/uuid"
  },
  "id": "file:///Users/abettati/Desktop/apisContentFull/2905.json#/web-api/end-points/%2Fapi%2Fv1%2Fdashboard%2F%3A%7BdashboardID%7D/post/requestBody/parameter/dashboardID"
}, {
  "http://a.ml/vocabularies/apiContract#binding": "path",
  "http://a.ml/vocabularies/apiContract#explode": "false",
  "http://a.ml/vocabularies/apiContract#paramName": "dashboardID",
  "http://a.ml/vocabularies/apiContract#required": "true",
  "http://a.ml/vocabularies/apiContract#style": "simple",
  "http://a.ml/vocabularies/core#description": "dashboardID of the dashboard to remove",
  "http://a.ml/vocabularies/core#name": "dashboardID",
  "http://a.ml/vocabularies/shapes#schema": {
    "http://a.ml/vocabularies/apiContract#examples": [{
      "http://a.ml/vocabularies/document#raw": null,
      "http://a.ml/vocabularies/document#strict": null,
      "http://a.ml/vocabularies/document#structuredValue": null,
      "id": "file:///Users/abettati/Desktop/apisContentFull/2905.json#/declarations/types/scalar/uuid/example/default-example"
    }],
    "http://a.ml/vocabularies/document#recursive": "true",
    "http://a.ml/vocabularies/shapes#format": "string",
    "http://www.w3.org/ns/shacl#datatype": "http://www.w3.org/2001/XMLSchema#string",
    "http://www.w3.org/ns/shacl#name": "uuid",
    "http://www.w3.org/ns/shacl#pattern": "[0-9a-f]{8}-[0-9a-f]{4}-[0-9a-f]{4}-[0-9a-f]{12}",
    "id": "file:///Users/abettati/Desktop/apisContentFull/2905.json#/declarations/types/scalar/uuid"
  },
  "id": "file:///Users/abettati/Desktop/apisContentFull/2905.json#/web-api/end-points/%2Fapi%2Fv1%2Fdashboard%2F%3A%7BdashboardID%7D/delete/request/parameter/dashboardID"
}, {
  "http://a.ml/vocabularies/apiContract#binding": "path",
  "http://a.ml/vocabularies/apiContract#explode": "false",
  "http://a.ml/vocabularies/apiContract#paramName": "projectID",
  "http://a.ml/vocabularies/apiContract#required": "true",
  "http://a.ml/vocabularies/apiContract#style": "simple",
  "http://a.ml/vocabularies/core#description": "a unique projectID",
  "http://a.ml/vocabularies/core#name": "projectID",
  "http://a.ml/vocabularies/shapes#schema": {
    "http://a.ml/vocabularies/apiContract#examples": [{
      "http://a.ml/vocabularies/document#raw": null,
      "http://a.ml/vocabularies/document#strict": null,
      "http://a.ml/vocabularies/document#structuredValue": null,
      "id": "file:///Users/abettati/Desktop/apisContentFull/2905.json#/declarations/types/scalar/uuid/example/default-example"
    }],
    "http://a.ml/vocabularies/document#recursive": "true",
    "http://a.ml/vocabularies/shapes#format": "string",
    "http://www.w3.org/ns/shacl#datatype": "http://www.w3.org/2001/XMLSchema#string",
    "http://www.w3.org/ns/shacl#name": "uuid",
    "http://www.w3.org/ns/shacl#pattern": "[0-9a-f]{8}-[0-9a-f]{4}-[0-9a-f]{4}-[0-9a-f]{12}",
    "id": "file:///Users/abettati/Desktop/apisContentFull/2905.json#/declarations/types/scalar/uuid"
  },
  "id": "file:///Users/abettati/Desktop/apisContentFull/2905.json#/web-api/end-points/%2Fapi%2Fv1%2Fproject%2F%3A%7BprojectID%7D/get/request/parameter/projectID"
}, {
  "http://a.ml/vocabularies/apiContract#binding": "path",
  "http://a.ml/vocabularies/apiContract#explode": "false",
  "http://a.ml/vocabularies/apiContract#paramName": "projectID",
  "http://a.ml/vocabularies/apiContract#required": "true",
  "http://a.ml/vocabularies/apiContract#style": "simple",
  "http://a.ml/vocabularies/core#description": "a unique projectID",
  "http://a.ml/vocabularies/core#name": "projectID",
  "http://a.ml/vocabularies/shapes#schema": {
    "http://a.ml/vocabularies/apiContract#examples": [{
      "http://a.ml/vocabularies/document#raw": null,
      "http://a.ml/vocabularies/document#strict": null,
      "http://a.ml/vocabularies/document#structuredValue": null,
      "id": "file:///Users/abettati/Desktop/apisContentFull/2905.json#/declarations/types/scalar/uuid/example/default-example"
    }],
    "http://a.ml/vocabularies/document#recursive": "true",
    "http://a.ml/vocabularies/shapes#format": "string",
    "http://www.w3.org/ns/shacl#datatype": "http://www.w3.org/2001/XMLSchema#string",
    "http://www.w3.org/ns/shacl#name": "uuid",
    "http://www.w3.org/ns/shacl#pattern": "[0-9a-f]{8}-[0-9a-f]{4}-[0-9a-f]{4}-[0-9a-f]{12}",
    "id": "file:///Users/abettati/Desktop/apisContentFull/2905.json#/declarations/types/scalar/uuid"
  },
  "id": "file:///Users/abettati/Desktop/apisContentFull/2905.json#/web-api/end-points/%2Fapi%2Fv1%2Fproject%2F%3A%7BprojectID%7D/post/requestBody/parameter/projectID"
}, {
  "http://a.ml/vocabularies/apiContract#binding": "path",
  "http://a.ml/vocabularies/apiContract#explode": "false",
  "http://a.ml/vocabularies/apiContract#paramName": "projectID",
  "http://a.ml/vocabularies/apiContract#required": "true",
  "http://a.ml/vocabularies/apiContract#style": "simple",
  "http://a.ml/vocabularies/core#description": "a unique projectID",
  "http://a.ml/vocabularies/core#name": "projectID",
  "http://a.ml/vocabularies/shapes#schema": {
    "http://a.ml/vocabularies/apiContract#examples": [{
      "http://a.ml/vocabularies/document#raw": null,
      "http://a.ml/vocabularies/document#strict": null,
      "http://a.ml/vocabularies/document#structuredValue": null,
      "id": "file:///Users/abettati/Desktop/apisContentFull/2905.json#/declarations/types/scalar/uuid/example/default-example"
    }],
    "http://a.ml/vocabularies/document#recursive": "true",
    "http://a.ml/vocabularies/shapes#format": "string",
    "http://www.w3.org/ns/shacl#datatype": "http://www.w3.org/2001/XMLSchema#string",
    "http://www.w3.org/ns/shacl#name": "uuid",
    "http://www.w3.org/ns/shacl#pattern": "[0-9a-f]{8}-[0-9a-f]{4}-[0-9a-f]{4}-[0-9a-f]{12}",
    "id": "file:///Users/abettati/Desktop/apisContentFull/2905.json#/declarations/types/scalar/uuid"
  },
  "id": "file:///Users/abettati/Desktop/apisContentFull/2905.json#/web-api/end-points/%2Fapi%2Fv1%2Fproject%2Fdashboards%2F%3A%7BprojectID%7D/get/request/parameter/projectID"
}, {
  "http://a.ml/vocabularies/apiContract#binding": "path",
  "http://a.ml/vocabularies/apiContract#explode": "false",
  "http://a.ml/vocabularies/apiContract#paramName": "dashboardID",
  "http://a.ml/vocabularies/apiContract#required": "true",
  "http://a.ml/vocabularies/apiContract#style": "simple",
  "http://a.ml/vocabularies/core#description": "a unique dashboardID",
  "http://a.ml/vocabularies/core#name": "dashboardID",
  "http://a.ml/vocabularies/shapes#schema": {
    "http://a.ml/vocabularies/apiContract#examples": [{
      "http://a.ml/vocabularies/document#raw": null,
      "http://a.ml/vocabularies/document#strict": null,
      "http://a.ml/vocabularies/document#structuredValue": null,
      "id": "file:///Users/abettati/Desktop/apisContentFull/2905.json#/declarations/types/scalar/uuid/example/default-example"
    }],
    "http://a.ml/vocabularies/document#recursive": "true",
    "http://a.ml/vocabularies/shapes#format": "string",
    "http://www.w3.org/ns/shacl#datatype": "http://www.w3.org/2001/XMLSchema#string",
    "http://www.w3.org/ns/shacl#name": "uuid",
    "http://www.w3.org/ns/shacl#pattern": "[0-9a-f]{8}-[0-9a-f]{4}-[0-9a-f]{4}-[0-9a-f]{12}",
    "id": "file:///Users/abettati/Desktop/apisContentFull/2905.json#/declarations/types/scalar/uuid"
  },
  "id": "file:///Users/abettati/Desktop/apisContentFull/2905.json#/web-api/end-points/%2Fapi%2Fv1%2Felastic_data%2F%3A%7BdashboardID%7D%2F%3A%7BvisualizationID%7D/get/request/parameter/dashboardID"
}, {
  "http://a.ml/vocabularies/apiContract#binding": "path",
  "http://a.ml/vocabularies/apiContract#explode": "false",
  "http://a.ml/vocabularies/apiContract#paramName": "visualizationID",
  "http://a.ml/vocabularies/apiContract#required": "true",
  "http://a.ml/vocabularies/apiContract#style": "simple",
  "http://a.ml/vocabularies/core#description": "a unique visualizationID",
  "http://a.ml/vocabularies/core#name": "visualizationID",
  "http://a.ml/vocabularies/shapes#schema": {
    "http://a.ml/vocabularies/apiContract#examples": [{
      "http://a.ml/vocabularies/document#raw": null,
      "http://a.ml/vocabularies/document#strict": null,
      "http://a.ml/vocabularies/document#structuredValue": null,
      "id": "file:///Users/abettati/Desktop/apisContentFull/2905.json#/declarations/types/scalar/uuid/example/default-example"
    }],
    "http://a.ml/vocabularies/document#recursive": "true",
    "http://a.ml/vocabularies/shapes#format": "string",
    "http://www.w3.org/ns/shacl#datatype": "http://www.w3.org/2001/XMLSchema#string",
    "http://www.w3.org/ns/shacl#name": "uuid",
    "http://www.w3.org/ns/shacl#pattern": "[0-9a-f]{8}-[0-9a-f]{4}-[0-9a-f]{4}-[0-9a-f]{12}",
    "id": "file:///Users/abettati/Desktop/apisContentFull/2905.json#/declarations/types/scalar/uuid"
  },
  "id": "file:///Users/abettati/Desktop/apisContentFull/2905.json#/web-api/end-points/%2Fapi%2Fv1%2Felastic_data%2F%3A%7BdashboardID%7D%2F%3A%7BvisualizationID%7D/get/request/parameter/visualizationID"
}, {
  "http://a.ml/vocabularies/apiContract#binding": "path",
  "http://a.ml/vocabularies/apiContract#explode": "false",
  "http://a.ml/vocabularies/apiContract#paramName": "externalID",
  "http://a.ml/vocabularies/apiContract#required": "true",
  "http://a.ml/vocabularies/apiContract#style": "simple",
  "http://a.ml/vocabularies/core#description": "externalID of the user in the upstream auth system",
  "http://a.ml/vocabularies/core#name": "externalID",
  "http://a.ml/vocabularies/shapes#schema": {
    "http://a.ml/vocabularies/apiContract#examples": [{
      "http://a.ml/vocabularies/document#raw": null,
      "http://a.ml/vocabularies/document#strict": null,
      "http://a.ml/vocabularies/document#structuredValue": null,
      "id": "file:///Users/abettati/Desktop/apisContentFull/2905.json#/declarations/types/scalar/uuid/example/default-example"
    }],
    "http://a.ml/vocabularies/document#recursive": "true",
    "http://a.ml/vocabularies/shapes#format": "string",
    "http://www.w3.org/ns/shacl#datatype": "http://www.w3.org/2001/XMLSchema#string",
    "http://www.w3.org/ns/shacl#name": "uuid",
    "http://www.w3.org/ns/shacl#pattern": "[0-9a-f]{8}-[0-9a-f]{4}-[0-9a-f]{4}-[0-9a-f]{12}",
    "id": "file:///Users/abettati/Desktop/apisContentFull/2905.json#/declarations/types/scalar/uuid"
  },
  "id": "file:///Users/abettati/Desktop/apisContentFull/2905.json#/web-api/end-points/%2Fapi%2Fv1%2Fuser%2F%3A%7BexternalID%7D/get/request/parameter/externalID"
}, {
  "http://a.ml/vocabularies/apiContract#binding": "path",
  "http://a.ml/vocabularies/apiContract#explode": "false",
  "http://a.ml/vocabularies/apiContract#paramName": "externalID",
  "http://a.ml/vocabularies/apiContract#required": "true",
  "http://a.ml/vocabularies/apiContract#style": "simple",
  "http://a.ml/vocabularies/core#description": "externalID of the user in the upstream auth system",
  "http://a.ml/vocabularies/core#name": "externalID",
  "http://a.ml/vocabularies/shapes#schema": {
    "http://a.ml/vocabularies/apiContract#examples": [{
      "http://a.ml/vocabularies/document#raw": null,
      "http://a.ml/vocabularies/document#strict": null,
      "http://a.ml/vocabularies/document#structuredValue": null,
      "id": "file:///Users/abettati/Desktop/apisContentFull/2905.json#/declarations/types/scalar/uuid/example/default-example"
    }],
    "http://a.ml/vocabularies/document#recursive": "true",
    "http://a.ml/vocabularies/shapes#format": "string",
    "http://www.w3.org/ns/shacl#datatype": "http://www.w3.org/2001/XMLSchema#string",
    "http://www.w3.org/ns/shacl#name": "uuid",
    "http://www.w3.org/ns/shacl#pattern": "[0-9a-f]{8}-[0-9a-f]{4}-[0-9a-f]{4}-[0-9a-f]{12}",
    "id": "file:///Users/abettati/Desktop/apisContentFull/2905.json#/declarations/types/scalar/uuid"
  },
  "id": "file:///Users/abettati/Desktop/apisContentFull/2905.json#/web-api/end-points/%2Fapi%2Fv1%2Fuser%2F%3A%7BexternalID%7D/post/requestBody/parameter/externalID"
}, {
  "http://a.ml/vocabularies/apiContract#binding": "path",
  "http://a.ml/vocabularies/apiContract#explode": "false",
  "http://a.ml/vocabularies/apiContract#paramName": "externalID",
  "http://a.ml/vocabularies/apiContract#required": "true",
  "http://a.ml/vocabularies/apiContract#style": "simple",
  "http://a.ml/vocabularies/core#description": "externalID of the user in the upstream auth system",
  "http://a.ml/vocabularies/core#name": "externalID",
  "http://a.ml/vocabularies/shapes#schema": {
    "http://a.ml/vocabularies/apiContract#examples": [{
      "http://a.ml/vocabularies/document#raw": null,
      "http://a.ml/vocabularies/document#strict": null,
      "http://a.ml/vocabularies/document#structuredValue": null,
      "id": "file:///Users/abettati/Desktop/apisContentFull/2905.json#/declarations/types/scalar/uuid/example/default-example"
    }],
    "http://a.ml/vocabularies/document#recursive": "true",
    "http://a.ml/vocabularies/shapes#format": "string",
    "http://www.w3.org/ns/shacl#datatype": "http://www.w3.org/2001/XMLSchema#string",
    "http://www.w3.org/ns/shacl#name": "uuid",
    "http://www.w3.org/ns/shacl#pattern": "[0-9a-f]{8}-[0-9a-f]{4}-[0-9a-f]{4}-[0-9a-f]{12}",
    "id": "file:///Users/abettati/Desktop/apisContentFull/2905.json#/declarations/types/scalar/uuid"
  },
  "id": "file:///Users/abettati/Desktop/apisContentFull/2905.json#/web-api/end-points/%2Fapi%2Fv1%2Fuser%2F%3A%7BexternalID%7D/delete/request/parameter/externalID"
}]