[{
  "http://a.ml/vocabularies/apiContract#binding": "path",
  "http://a.ml/vocabularies/apiContract#explode": "false",
  "http://a.ml/vocabularies/apiContract#paramName": "backstage_type",
  "http://a.ml/vocabularies/apiContract#required": "true",
  "http://a.ml/vocabularies/apiContract#style": "simple",
  "http://a.ml/vocabularies/core#description": "Type of Backstage to return",
  "http://a.ml/vocabularies/core#name": "backstage_type",
  "http://a.ml/vocabularies/shapes#schema": {
    "http://a.ml/vocabularies/shapes#format": "int64",
    "http://www.w3.org/ns/shacl#datatype": "http://www.w3.org/2001/XMLSchema#long",
    "http://www.w3.org/ns/shacl#name": "backstage_type",
    "id": "file:///Users/abettati/Desktop/apisContentFull/6711.json#/web-api/end-points/%2Fmenu%2Fbackstage%2F%7Bbackstage_type%7D/get/request/parameter/backstage_type/scalar/backstage_type"
  },
  "id": "file:///Users/abettati/Desktop/apisContentFull/6711.json#/web-api/end-points/%2Fmenu%2Fbackstage%2F%7Bbackstage_type%7D/get/request/parameter/backstage_type"
}, {
  "http://a.ml/vocabularies/apiContract#binding": "path",
  "http://a.ml/vocabularies/apiContract#explode": "false",
  "http://a.ml/vocabularies/apiContract#paramName": "employee_id",
  "http://a.ml/vocabularies/apiContract#required": "true",
  "http://a.ml/vocabularies/apiContract#style": "simple",
  "http://a.ml/vocabularies/core#description": "ID of employee to return",
  "http://a.ml/vocabularies/core#name": "employee_id",
  "http://a.ml/vocabularies/shapes#schema": {
    "http://a.ml/vocabularies/shapes#format": "int64",
    "http://www.w3.org/ns/shacl#datatype": "http://www.w3.org/2001/XMLSchema#long",
    "http://www.w3.org/ns/shacl#name": "employee_id",
    "id": "file:///Users/abettati/Desktop/apisContentFull/6711.json#/web-api/end-points/%2Fmenu%2Femployee%2F%7Bemployee_id%7D/get/request/parameter/employee_id/scalar/employee_id"
  },
  "id": "file:///Users/abettati/Desktop/apisContentFull/6711.json#/web-api/end-points/%2Fmenu%2Femployee%2F%7Bemployee_id%7D/get/request/parameter/employee_id"
}, {
  "http://a.ml/vocabularies/apiContract#allowEmptyValue": "false",
  "http://a.ml/vocabularies/apiContract#allowReserved": "false",
  "http://a.ml/vocabularies/apiContract#binding": "query",
  "http://a.ml/vocabularies/apiContract#explode": "true",
  "http://a.ml/vocabularies/apiContract#paramName": "page",
  "http://a.ml/vocabularies/apiContract#required": "false",
  "http://a.ml/vocabularies/apiContract#style": "form",
  "http://a.ml/vocabularies/core#description": "the page number",
  "http://a.ml/vocabularies/core#name": "page",
  "http://a.ml/vocabularies/shapes#schema": {
    "http://a.ml/vocabularies/shapes#format": "int64",
    "http://www.w3.org/ns/shacl#datatype": "http://www.w3.org/2001/XMLSchema#long",
    "http://www.w3.org/ns/shacl#defaultValue": {
      "http://a.ml/vocabularies/core#name": "scalar_1",
      "http://a.ml/vocabularies/data#value": "1",
      "http://www.w3.org/ns/shacl#datatype": "http://www.w3.org/2001/XMLSchema#integer",
      "id": "file:///Users/abettati/Desktop/apisContentFull/6711.json#/web-api/end-points/%2Femployee/get/request/parameter/page/scalar/page/scalar_1"
    },
    "http://www.w3.org/ns/shacl#defaultValueStr": "1",
    "http://www.w3.org/ns/shacl#name": "page",
    "id": "file:///Users/abettati/Desktop/apisContentFull/6711.json#/web-api/end-points/%2Femployee/get/request/parameter/page/scalar/page"
  },
  "id": "file:///Users/abettati/Desktop/apisContentFull/6711.json#/web-api/end-points/%2Femployee/get/request/parameter/page"
}, {
  "http://a.ml/vocabularies/apiContract#allowEmptyValue": "false",
  "http://a.ml/vocabularies/apiContract#allowReserved": "false",
  "http://a.ml/vocabularies/apiContract#binding": "query",
  "http://a.ml/vocabularies/apiContract#explode": "true",
  "http://a.ml/vocabularies/apiContract#paramName": "items",
  "http://a.ml/vocabularies/apiContract#required": "false",
  "http://a.ml/vocabularies/apiContract#style": "form",
  "http://a.ml/vocabularies/core#description": "limit items in a page",
  "http://a.ml/vocabularies/core#name": "items",
  "http://a.ml/vocabularies/shapes#schema": {
    "http://a.ml/vocabularies/shapes#format": "int64",
    "http://www.w3.org/ns/shacl#datatype": "http://www.w3.org/2001/XMLSchema#long",
    "http://www.w3.org/ns/shacl#defaultValue": {
      "http://a.ml/vocabularies/core#name": "scalar_1",
      "http://a.ml/vocabularies/data#value": "10",
      "http://www.w3.org/ns/shacl#datatype": "http://www.w3.org/2001/XMLSchema#integer",
      "id": "file:///Users/abettati/Desktop/apisContentFull/6711.json#/web-api/end-points/%2Femployee/get/request/parameter/items/scalar/items/scalar_1"
    },
    "http://www.w3.org/ns/shacl#defaultValueStr": "10",
    "http://www.w3.org/ns/shacl#in": [{
      "http://a.ml/vocabularies/core#name": null,
      "http://a.ml/vocabularies/data#value": null,
      "http://www.w3.org/ns/shacl#datatype": null,
      "id": "file:///Users/abettati/Desktop/apisContentFull/6711.json#/web-api/end-points/%2Femployee/get/request/parameter/items/scalar/items/enum/scalar_1"
    }, {
      "http://a.ml/vocabularies/core#name": null,
      "http://a.ml/vocabularies/data#value": null,
      "http://www.w3.org/ns/shacl#datatype": null,
      "id": "file:///Users/abettati/Desktop/apisContentFull/6711.json#/web-api/end-points/%2Femployee/get/request/parameter/items/scalar/items/enum/scalar_2"
    }, {
      "http://a.ml/vocabularies/core#name": null,
      "http://a.ml/vocabularies/data#value": null,
      "http://www.w3.org/ns/shacl#datatype": null,
      "id": "file:///Users/abettati/Desktop/apisContentFull/6711.json#/web-api/end-points/%2Femployee/get/request/parameter/items/scalar/items/enum/scalar_3"
    }],
    "http://www.w3.org/ns/shacl#name": "items",
    "id": "file:///Users/abettati/Desktop/apisContentFull/6711.json#/web-api/end-points/%2Femployee/get/request/parameter/items/scalar/items"
  },
  "id": "file:///Users/abettati/Desktop/apisContentFull/6711.json#/web-api/end-points/%2Femployee/get/request/parameter/items"
}, {
  "http://a.ml/vocabularies/apiContract#allowEmptyValue": "false",
  "http://a.ml/vocabularies/apiContract#allowReserved": "false",
  "http://a.ml/vocabularies/apiContract#binding": "query",
  "http://a.ml/vocabularies/apiContract#explode": "true",
  "http://a.ml/vocabularies/apiContract#paramName": "department_id",
  "http://a.ml/vocabularies/apiContract#required": "false",
  "http://a.ml/vocabularies/apiContract#style": "form",
  "http://a.ml/vocabularies/core#description": "limit items in a page",
  "http://a.ml/vocabularies/core#name": "department_id",
  "http://a.ml/vocabularies/shapes#schema": {
    "http://a.ml/vocabularies/shapes#format": "int64",
    "http://www.w3.org/ns/shacl#datatype": "http://www.w3.org/2001/XMLSchema#long",
    "http://www.w3.org/ns/shacl#name": "department_id",
    "id": "file:///Users/abettati/Desktop/apisContentFull/6711.json#/web-api/end-points/%2Femployee/get/request/parameter/department_id/scalar/department_id"
  },
  "id": "file:///Users/abettati/Desktop/apisContentFull/6711.json#/web-api/end-points/%2Femployee/get/request/parameter/department_id"
}, {
  "http://a.ml/vocabularies/apiContract#allowEmptyValue": "false",
  "http://a.ml/vocabularies/apiContract#allowReserved": "false",
  "http://a.ml/vocabularies/apiContract#binding": "query",
  "http://a.ml/vocabularies/apiContract#explode": "true",
  "http://a.ml/vocabularies/apiContract#paramName": "role_id",
  "http://a.ml/vocabularies/apiContract#required": "false",
  "http://a.ml/vocabularies/apiContract#style": "form",
  "http://a.ml/vocabularies/core#description": "limit items in a page",
  "http://a.ml/vocabularies/core#name": "role_id",
  "http://a.ml/vocabularies/shapes#schema": {
    "http://a.ml/vocabularies/shapes#format": "int64",
    "http://www.w3.org/ns/shacl#datatype": "http://www.w3.org/2001/XMLSchema#long",
    "http://www.w3.org/ns/shacl#name": "role_id",
    "id": "file:///Users/abettati/Desktop/apisContentFull/6711.json#/web-api/end-points/%2Femployee/get/request/parameter/role_id/scalar/role_id"
  },
  "id": "file:///Users/abettati/Desktop/apisContentFull/6711.json#/web-api/end-points/%2Femployee/get/request/parameter/role_id"
}, {
  "http://a.ml/vocabularies/apiContract#allowEmptyValue": "false",
  "http://a.ml/vocabularies/apiContract#allowReserved": "false",
  "http://a.ml/vocabularies/apiContract#binding": "query",
  "http://a.ml/vocabularies/apiContract#explode": "true",
  "http://a.ml/vocabularies/apiContract#paramName": "keyword",
  "http://a.ml/vocabularies/apiContract#required": "false",
  "http://a.ml/vocabularies/apiContract#style": "form",
  "http://a.ml/vocabularies/core#description": "limit items in a page",
  "http://a.ml/vocabularies/core#name": "keyword",
  "http://a.ml/vocabularies/shapes#schema": {
    "http://a.ml/vocabularies/shapes#format": "int64",
    "http://www.w3.org/ns/shacl#datatype": "http://www.w3.org/2001/XMLSchema#long",
    "http://www.w3.org/ns/shacl#name": "keyword",
    "id": "file:///Users/abettati/Desktop/apisContentFull/6711.json#/web-api/end-points/%2Femployee/get/request/parameter/keyword/scalar/keyword"
  },
  "id": "file:///Users/abettati/Desktop/apisContentFull/6711.json#/web-api/end-points/%2Femployee/get/request/parameter/keyword"
}, {
  "http://a.ml/vocabularies/apiContract#allowEmptyValue": "false",
  "http://a.ml/vocabularies/apiContract#allowReserved": "false",
  "http://a.ml/vocabularies/apiContract#binding": "query",
  "http://a.ml/vocabularies/apiContract#explode": "true",
  "http://a.ml/vocabularies/apiContract#paramName": "employee_id",
  "http://a.ml/vocabularies/apiContract#required": "false",
  "http://a.ml/vocabularies/apiContract#style": "form",
  "http://a.ml/vocabularies/core#description": "limit items in a page",
  "http://a.ml/vocabularies/core#name": "employee_id",
  "http://a.ml/vocabularies/shapes#schema": {
    "http://a.ml/vocabularies/shapes#format": "int64",
    "http://www.w3.org/ns/shacl#datatype": "http://www.w3.org/2001/XMLSchema#long",
    "http://www.w3.org/ns/shacl#name": "employee_id",
    "id": "file:///Users/abettati/Desktop/apisContentFull/6711.json#/web-api/end-points/%2Femployee/get/request/parameter/employee_id/scalar/employee_id"
  },
  "id": "file:///Users/abettati/Desktop/apisContentFull/6711.json#/web-api/end-points/%2Femployee/get/request/parameter/employee_id"
}, {
  "http://a.ml/vocabularies/apiContract#allowEmptyValue": "false",
  "http://a.ml/vocabularies/apiContract#allowReserved": "false",
  "http://a.ml/vocabularies/apiContract#binding": "query",
  "http://a.ml/vocabularies/apiContract#explode": "true",
  "http://a.ml/vocabularies/apiContract#paramName": "body",
  "http://a.ml/vocabularies/apiContract#required": "true",
  "http://a.ml/vocabularies/apiContract#style": "form",
  "http://a.ml/vocabularies/core#description": "Created employee object",
  "http://a.ml/vocabularies/core#name": "body",
  "http://a.ml/vocabularies/shapes#schema": {
    "http://a.ml/vocabularies/document#recursive": "true",
    "http://www.w3.org/ns/shacl#closed": "false",
    "http://www.w3.org/ns/shacl#name": "CreateEmployee",
    "http://www.w3.org/ns/shacl#property": [{
      "http://a.ml/vocabularies/shapes#range": null,
      "http://www.w3.org/ns/shacl#minCount": null,
      "http://www.w3.org/ns/shacl#name": null,
      "http://www.w3.org/ns/shacl#path": null,
      "id": "file:///Users/abettati/Desktop/apisContentFull/6711.json#/declarations/types/CreateEmployee/property/department_id"
    }, {
      "http://a.ml/vocabularies/shapes#range": null,
      "http://www.w3.org/ns/shacl#minCount": null,
      "http://www.w3.org/ns/shacl#name": null,
      "http://www.w3.org/ns/shacl#path": null,
      "id": "file:///Users/abettati/Desktop/apisContentFull/6711.json#/declarations/types/CreateEmployee/property/employee_name"
    }, {
      "http://a.ml/vocabularies/shapes#range": null,
      "http://www.w3.org/ns/shacl#minCount": null,
      "http://www.w3.org/ns/shacl#name": null,
      "http://www.w3.org/ns/shacl#path": null,
      "id": "file:///Users/abettati/Desktop/apisContentFull/6711.json#/declarations/types/CreateEmployee/property/employee_id"
    }],
    "id": "file:///Users/abettati/Desktop/apisContentFull/6711.json#/declarations/types/CreateEmployee"
  },
  "id": "file:///Users/abettati/Desktop/apisContentFull/6711.json#/web-api/end-points/%2Femployee/post/request/parameter/body"
}, {
  "http://a.ml/vocabularies/apiContract#binding": "path",
  "http://a.ml/vocabularies/apiContract#explode": "false",
  "http://a.ml/vocabularies/apiContract#paramName": "employee_id",
  "http://a.ml/vocabularies/apiContract#required": "true",
  "http://a.ml/vocabularies/apiContract#style": "simple",
  "http://a.ml/vocabularies/core#description": "limit items in a page",
  "http://a.ml/vocabularies/core#name": "employee_id",
  "http://a.ml/vocabularies/shapes#schema": {
    "http://a.ml/vocabularies/shapes#format": "int64",
    "http://www.w3.org/ns/shacl#datatype": "http://www.w3.org/2001/XMLSchema#long",
    "http://www.w3.org/ns/shacl#name": "employee_id",
    "id": "file:///Users/abettati/Desktop/apisContentFull/6711.json#/web-api/end-points/%2Femployee%2F%7Bemployee_id%7D/get/request/parameter/employee_id/scalar/employee_id"
  },
  "id": "file:///Users/abettati/Desktop/apisContentFull/6711.json#/web-api/end-points/%2Femployee%2F%7Bemployee_id%7D/get/request/parameter/employee_id"
}, {
  "http://a.ml/vocabularies/apiContract#allowEmptyValue": "false",
  "http://a.ml/vocabularies/apiContract#allowReserved": "false",
  "http://a.ml/vocabularies/apiContract#binding": "query",
  "http://a.ml/vocabularies/apiContract#explode": "true",
  "http://a.ml/vocabularies/apiContract#paramName": "body",
  "http://a.ml/vocabularies/apiContract#required": "true",
  "http://a.ml/vocabularies/apiContract#style": "form",
  "http://a.ml/vocabularies/core#description": "Update employee object",
  "http://a.ml/vocabularies/core#name": "body",
  "http://a.ml/vocabularies/shapes#schema": {
    "http://a.ml/vocabularies/document#recursive": "true",
    "http://www.w3.org/ns/shacl#closed": "false",
    "http://www.w3.org/ns/shacl#name": "UpdateEmployee",
    "http://www.w3.org/ns/shacl#property": [{
      "http://a.ml/vocabularies/shapes#range": null,
      "http://www.w3.org/ns/shacl#minCount": null,
      "http://www.w3.org/ns/shacl#name": null,
      "http://www.w3.org/ns/shacl#path": null,
      "id": "file:///Users/abettati/Desktop/apisContentFull/6711.json#/declarations/types/UpdateEmployee/property/phone"
    }, {
      "http://a.ml/vocabularies/shapes#range": null,
      "http://www.w3.org/ns/shacl#minCount": null,
      "http://www.w3.org/ns/shacl#name": null,
      "http://www.w3.org/ns/shacl#path": null,
      "id": "file:///Users/abettati/Desktop/apisContentFull/6711.json#/declarations/types/UpdateEmployee/property/ext"
    }, {
      "http://a.ml/vocabularies/shapes#range": null,
      "http://www.w3.org/ns/shacl#minCount": null,
      "http://www.w3.org/ns/shacl#name": null,
      "http://www.w3.org/ns/shacl#path": null,
      "id": "file:///Users/abettati/Desktop/apisContentFull/6711.json#/declarations/types/UpdateEmployee/property/mobile"
    }, {
      "http://a.ml/vocabularies/shapes#range": null,
      "http://www.w3.org/ns/shacl#minCount": null,
      "http://www.w3.org/ns/shacl#name": null,
      "http://www.w3.org/ns/shacl#path": null,
      "id": "file:///Users/abettati/Desktop/apisContentFull/6711.json#/declarations/types/UpdateEmployee/property/email"
    }, {
      "http://a.ml/vocabularies/shapes#range": null,
      "http://www.w3.org/ns/shacl#minCount": null,
      "http://www.w3.org/ns/shacl#name": null,
      "http://www.w3.org/ns/shacl#path": null,
      "id": "file:///Users/abettati/Desktop/apisContentFull/6711.json#/declarations/types/UpdateEmployee/property/role1"
    }, {
      "http://a.ml/vocabularies/shapes#range": null,
      "http://www.w3.org/ns/shacl#minCount": null,
      "http://www.w3.org/ns/shacl#name": null,
      "http://www.w3.org/ns/shacl#path": null,
      "id": "file:///Users/abettati/Desktop/apisContentFull/6711.json#/declarations/types/UpdateEmployee/property/role2"
    }, {
      "http://a.ml/vocabularies/shapes#range": null,
      "http://www.w3.org/ns/shacl#minCount": null,
      "http://www.w3.org/ns/shacl#name": null,
      "http://www.w3.org/ns/shacl#path": null,
      "id": "file:///Users/abettati/Desktop/apisContentFull/6711.json#/declarations/types/UpdateEmployee/property/category_id"
    }, {
      "http://a.ml/vocabularies/shapes#range": null,
      "http://www.w3.org/ns/shacl#minCount": null,
      "http://www.w3.org/ns/shacl#name": null,
      "http://www.w3.org/ns/shacl#path": null,
      "id": "file:///Users/abettati/Desktop/apisContentFull/6711.json#/declarations/types/UpdateEmployee/property/employee_status"
    }],
    "id": "file:///Users/abettati/Desktop/apisContentFull/6711.json#/declarations/types/UpdateEmployee"
  },
  "id": "file:///Users/abettati/Desktop/apisContentFull/6711.json#/web-api/end-points/%2Femployee%2F%7Bemployee_id%7D/put/request/parameter/body"
}, {
  "http://a.ml/vocabularies/apiContract#binding": "path",
  "http://a.ml/vocabularies/apiContract#explode": "false",
  "http://a.ml/vocabularies/apiContract#paramName": "employee_id",
  "http://a.ml/vocabularies/apiContract#required": "true",
  "http://a.ml/vocabularies/apiContract#style": "simple",
  "http://a.ml/vocabularies/core#description": "ID of employee to return",
  "http://a.ml/vocabularies/core#name": "employee_id",
  "http://a.ml/vocabularies/shapes#schema": {
    "http://a.ml/vocabularies/shapes#format": "int64",
    "http://www.w3.org/ns/shacl#datatype": "http://www.w3.org/2001/XMLSchema#long",
    "http://www.w3.org/ns/shacl#name": "employee_id",
    "id": "file:///Users/abettati/Desktop/apisContentFull/6711.json#/web-api/end-points/%2Femployee%2F%7Bemployee_id%7D/put/request/parameter/employee_id/scalar/employee_id"
  },
  "id": "file:///Users/abettati/Desktop/apisContentFull/6711.json#/web-api/end-points/%2Femployee%2F%7Bemployee_id%7D/put/request/parameter/employee_id"
}, {
  "http://a.ml/vocabularies/apiContract#allowEmptyValue": "false",
  "http://a.ml/vocabularies/apiContract#allowReserved": "false",
  "http://a.ml/vocabularies/apiContract#binding": "query",
  "http://a.ml/vocabularies/apiContract#explode": "true",
  "http://a.ml/vocabularies/apiContract#paramName": "page",
  "http://a.ml/vocabularies/apiContract#required": "false",
  "http://a.ml/vocabularies/apiContract#style": "form",
  "http://a.ml/vocabularies/core#description": "the page number",
  "http://a.ml/vocabularies/core#name": "page",
  "http://a.ml/vocabularies/shapes#schema": {
    "http://a.ml/vocabularies/shapes#format": "int64",
    "http://www.w3.org/ns/shacl#datatype": "http://www.w3.org/2001/XMLSchema#long",
    "http://www.w3.org/ns/shacl#defaultValue": {
      "http://a.ml/vocabularies/core#name": "scalar_1",
      "http://a.ml/vocabularies/data#value": "1",
      "http://www.w3.org/ns/shacl#datatype": "http://www.w3.org/2001/XMLSchema#integer",
      "id": "file:///Users/abettati/Desktop/apisContentFull/6711.json#/web-api/end-points/%2Frole/get/request/parameter/page/scalar/page/scalar_1"
    },
    "http://www.w3.org/ns/shacl#defaultValueStr": "1",
    "http://www.w3.org/ns/shacl#name": "page",
    "id": "file:///Users/abettati/Desktop/apisContentFull/6711.json#/web-api/end-points/%2Frole/get/request/parameter/page/scalar/page"
  },
  "id": "file:///Users/abettati/Desktop/apisContentFull/6711.json#/web-api/end-points/%2Frole/get/request/parameter/page"
}, {
  "http://a.ml/vocabularies/apiContract#allowEmptyValue": "false",
  "http://a.ml/vocabularies/apiContract#allowReserved": "false",
  "http://a.ml/vocabularies/apiContract#binding": "query",
  "http://a.ml/vocabularies/apiContract#explode": "true",
  "http://a.ml/vocabularies/apiContract#paramName": "items",
  "http://a.ml/vocabularies/apiContract#required": "false",
  "http://a.ml/vocabularies/apiContract#style": "form",
  "http://a.ml/vocabularies/core#description": "limit items in a page",
  "http://a.ml/vocabularies/core#name": "items",
  "http://a.ml/vocabularies/shapes#schema": {
    "http://a.ml/vocabularies/shapes#format": "int64",
    "http://www.w3.org/ns/shacl#datatype": "http://www.w3.org/2001/XMLSchema#long",
    "http://www.w3.org/ns/shacl#defaultValue": {
      "http://a.ml/vocabularies/core#name": "scalar_1",
      "http://a.ml/vocabularies/data#value": "10",
      "http://www.w3.org/ns/shacl#datatype": "http://www.w3.org/2001/XMLSchema#integer",
      "id": "file:///Users/abettati/Desktop/apisContentFull/6711.json#/web-api/end-points/%2Frole/get/request/parameter/items/scalar/items/scalar_1"
    },
    "http://www.w3.org/ns/shacl#defaultValueStr": "10",
    "http://www.w3.org/ns/shacl#in": [{
      "http://a.ml/vocabularies/core#name": null,
      "http://a.ml/vocabularies/data#value": null,
      "http://www.w3.org/ns/shacl#datatype": null,
      "id": "file:///Users/abettati/Desktop/apisContentFull/6711.json#/web-api/end-points/%2Frole/get/request/parameter/items/scalar/items/enum/scalar_1"
    }, {
      "http://a.ml/vocabularies/core#name": null,
      "http://a.ml/vocabularies/data#value": null,
      "http://www.w3.org/ns/shacl#datatype": null,
      "id": "file:///Users/abettati/Desktop/apisContentFull/6711.json#/web-api/end-points/%2Frole/get/request/parameter/items/scalar/items/enum/scalar_2"
    }, {
      "http://a.ml/vocabularies/core#name": null,
      "http://a.ml/vocabularies/data#value": null,
      "http://www.w3.org/ns/shacl#datatype": null,
      "id": "file:///Users/abettati/Desktop/apisContentFull/6711.json#/web-api/end-points/%2Frole/get/request/parameter/items/scalar/items/enum/scalar_3"
    }],
    "http://www.w3.org/ns/shacl#name": "items",
    "id": "file:///Users/abettati/Desktop/apisContentFull/6711.json#/web-api/end-points/%2Frole/get/request/parameter/items/scalar/items"
  },
  "id": "file:///Users/abettati/Desktop/apisContentFull/6711.json#/web-api/end-points/%2Frole/get/request/parameter/items"
}, {
  "http://a.ml/vocabularies/apiContract#allowEmptyValue": "false",
  "http://a.ml/vocabularies/apiContract#allowReserved": "false",
  "http://a.ml/vocabularies/apiContract#binding": "query",
  "http://a.ml/vocabularies/apiContract#explode": "true",
  "http://a.ml/vocabularies/apiContract#paramName": "department_id",
  "http://a.ml/vocabularies/apiContract#required": "false",
  "http://a.ml/vocabularies/apiContract#style": "form",
  "http://a.ml/vocabularies/core#description": "limit items in a page",
  "http://a.ml/vocabularies/core#name": "department_id",
  "http://a.ml/vocabularies/shapes#schema": {
    "http://a.ml/vocabularies/shapes#format": "int64",
    "http://www.w3.org/ns/shacl#datatype": "http://www.w3.org/2001/XMLSchema#long",
    "http://www.w3.org/ns/shacl#name": "department_id",
    "id": "file:///Users/abettati/Desktop/apisContentFull/6711.json#/web-api/end-points/%2Frole/get/request/parameter/department_id/scalar/department_id"
  },
  "id": "file:///Users/abettati/Desktop/apisContentFull/6711.json#/web-api/end-points/%2Frole/get/request/parameter/department_id"
}, {
  "http://a.ml/vocabularies/apiContract#allowEmptyValue": "false",
  "http://a.ml/vocabularies/apiContract#allowReserved": "false",
  "http://a.ml/vocabularies/apiContract#binding": "query",
  "http://a.ml/vocabularies/apiContract#explode": "true",
  "http://a.ml/vocabularies/apiContract#paramName": "body",
  "http://a.ml/vocabularies/apiContract#required": "true",
  "http://a.ml/vocabularies/apiContract#style": "form",
  "http://a.ml/vocabularies/core#description": "Create role object",
  "http://a.ml/vocabularies/core#name": "body",
  "http://a.ml/vocabularies/shapes#schema": {
    "http://a.ml/vocabularies/document#recursive": "true",
    "http://www.w3.org/ns/shacl#closed": "false",
    "http://www.w3.org/ns/shacl#name": "Role",
    "http://www.w3.org/ns/shacl#property": [{
      "http://a.ml/vocabularies/shapes#range": null,
      "http://www.w3.org/ns/shacl#minCount": null,
      "http://www.w3.org/ns/shacl#name": null,
      "http://www.w3.org/ns/shacl#path": null,
      "id": "file:///Users/abettati/Desktop/apisContentFull/6711.json#/declarations/types/Role/property/role_name"
    }, {
      "http://a.ml/vocabularies/shapes#range": null,
      "http://www.w3.org/ns/shacl#minCount": null,
      "http://www.w3.org/ns/shacl#name": null,
      "http://www.w3.org/ns/shacl#path": null,
      "id": "file:///Users/abettati/Desktop/apisContentFull/6711.json#/declarations/types/Role/property/department_id"
    }, {
      "http://a.ml/vocabularies/shapes#range": null,
      "http://www.w3.org/ns/shacl#minCount": null,
      "http://www.w3.org/ns/shacl#name": null,
      "http://www.w3.org/ns/shacl#path": null,
      "id": "file:///Users/abettati/Desktop/apisContentFull/6711.json#/declarations/types/Role/property/feature"
    }],
    "id": "file:///Users/abettati/Desktop/apisContentFull/6711.json#/declarations/types/Role"
  },
  "id": "file:///Users/abettati/Desktop/apisContentFull/6711.json#/web-api/end-points/%2Frole/post/request/parameter/body"
}, {
  "http://a.ml/vocabularies/apiContract#binding": "path",
  "http://a.ml/vocabularies/apiContract#explode": "false",
  "http://a.ml/vocabularies/apiContract#paramName": "role_id",
  "http://a.ml/vocabularies/apiContract#required": "true",
  "http://a.ml/vocabularies/apiContract#style": "simple",
  "http://a.ml/vocabularies/core#description": "角色ID",
  "http://a.ml/vocabularies/core#name": "role_id",
  "http://a.ml/vocabularies/shapes#schema": {
    "http://a.ml/vocabularies/shapes#format": "int64",
    "http://www.w3.org/ns/shacl#datatype": "http://www.w3.org/2001/XMLSchema#long",
    "http://www.w3.org/ns/shacl#name": "role_id",
    "id": "file:///Users/abettati/Desktop/apisContentFull/6711.json#/web-api/end-points/%2Froles%2F%7Brole_id%7D/get/request/parameter/role_id/scalar/role_id"
  },
  "id": "file:///Users/abettati/Desktop/apisContentFull/6711.json#/web-api/end-points/%2Froles%2F%7Brole_id%7D/get/request/parameter/role_id"
}, {
  "http://a.ml/vocabularies/apiContract#allowEmptyValue": "false",
  "http://a.ml/vocabularies/apiContract#allowReserved": "false",
  "http://a.ml/vocabularies/apiContract#binding": "query",
  "http://a.ml/vocabularies/apiContract#explode": "true",
  "http://a.ml/vocabularies/apiContract#paramName": "body",
  "http://a.ml/vocabularies/apiContract#required": "true",
  "http://a.ml/vocabularies/apiContract#style": "form",
  "http://a.ml/vocabularies/core#description": "Update role object",
  "http://a.ml/vocabularies/core#name": "body",
  "http://a.ml/vocabularies/shapes#schema": {
    "http://a.ml/vocabularies/document#recursive": "true",
    "http://www.w3.org/ns/shacl#closed": "false",
    "http://www.w3.org/ns/shacl#name": "Role",
    "http://www.w3.org/ns/shacl#property": [{
      "http://a.ml/vocabularies/shapes#range": null,
      "http://www.w3.org/ns/shacl#minCount": null,
      "http://www.w3.org/ns/shacl#name": null,
      "http://www.w3.org/ns/shacl#path": null,
      "id": "file:///Users/abettati/Desktop/apisContentFull/6711.json#/declarations/types/Role/property/role_name"
    }, {
      "http://a.ml/vocabularies/shapes#range": null,
      "http://www.w3.org/ns/shacl#minCount": null,
      "http://www.w3.org/ns/shacl#name": null,
      "http://www.w3.org/ns/shacl#path": null,
      "id": "file:///Users/abettati/Desktop/apisContentFull/6711.json#/declarations/types/Role/property/department_id"
    }, {
      "http://a.ml/vocabularies/shapes#range": null,
      "http://www.w3.org/ns/shacl#minCount": null,
      "http://www.w3.org/ns/shacl#name": null,
      "http://www.w3.org/ns/shacl#path": null,
      "id": "file:///Users/abettati/Desktop/apisContentFull/6711.json#/declarations/types/Role/property/feature"
    }],
    "id": "file:///Users/abettati/Desktop/apisContentFull/6711.json#/declarations/types/Role"
  },
  "id": "file:///Users/abettati/Desktop/apisContentFull/6711.json#/web-api/end-points/%2Froles%2F%7Brole_id%7D/put/request/parameter/body"
}, {
  "http://a.ml/vocabularies/apiContract#binding": "path",
  "http://a.ml/vocabularies/apiContract#explode": "false",
  "http://a.ml/vocabularies/apiContract#paramName": "role_id",
  "http://a.ml/vocabularies/apiContract#required": "true",
  "http://a.ml/vocabularies/apiContract#style": "simple",
  "http://a.ml/vocabularies/core#description": "角色ID",
  "http://a.ml/vocabularies/core#name": "role_id",
  "http://a.ml/vocabularies/shapes#schema": {
    "http://a.ml/vocabularies/shapes#format": "int64",
    "http://www.w3.org/ns/shacl#datatype": "http://www.w3.org/2001/XMLSchema#long",
    "http://www.w3.org/ns/shacl#name": "role_id",
    "id": "file:///Users/abettati/Desktop/apisContentFull/6711.json#/web-api/end-points/%2Froles%2F%7Brole_id%7D/put/request/parameter/role_id/scalar/role_id"
  },
  "id": "file:///Users/abettati/Desktop/apisContentFull/6711.json#/web-api/end-points/%2Froles%2F%7Brole_id%7D/put/request/parameter/role_id"
}, {
  "http://a.ml/vocabularies/apiContract#allowEmptyValue": "false",
  "http://a.ml/vocabularies/apiContract#allowReserved": "false",
  "http://a.ml/vocabularies/apiContract#binding": "query",
  "http://a.ml/vocabularies/apiContract#explode": "true",
  "http://a.ml/vocabularies/apiContract#paramName": "body",
  "http://a.ml/vocabularies/apiContract#required": "true",
  "http://a.ml/vocabularies/apiContract#style": "form",
  "http://a.ml/vocabularies/core#description": "Create supplier role object",
  "http://a.ml/vocabularies/core#name": "body",
  "http://a.ml/vocabularies/shapes#schema": {
    "http://a.ml/vocabularies/document#recursive": "true",
    "http://www.w3.org/ns/shacl#closed": "false",
    "http://www.w3.org/ns/shacl#name": "SupplierRole",
    "http://www.w3.org/ns/shacl#property": [{
      "http://a.ml/vocabularies/shapes#range": null,
      "http://www.w3.org/ns/shacl#minCount": null,
      "http://www.w3.org/ns/shacl#name": null,
      "http://www.w3.org/ns/shacl#path": null,
      "id": "file:///Users/abettati/Desktop/apisContentFull/6711.json#/declarations/types/SupplierRole/property/role_name"
    }, {
      "http://a.ml/vocabularies/shapes#range": null,
      "http://www.w3.org/ns/shacl#minCount": null,
      "http://www.w3.org/ns/shacl#name": null,
      "http://www.w3.org/ns/shacl#path": null,
      "id": "file:///Users/abettati/Desktop/apisContentFull/6711.json#/declarations/types/SupplierRole/property/feature"
    }],
    "id": "file:///Users/abettati/Desktop/apisContentFull/6711.json#/declarations/types/SupplierRole"
  },
  "id": "file:///Users/abettati/Desktop/apisContentFull/6711.json#/web-api/end-points/%2Fsupplier%2F%7Bsupplier_id%7D%2Frole/post/request/parameter/body"
}, {
  "http://a.ml/vocabularies/apiContract#binding": "path",
  "http://a.ml/vocabularies/apiContract#explode": "false",
  "http://a.ml/vocabularies/apiContract#paramName": "role_id",
  "http://a.ml/vocabularies/apiContract#required": "true",
  "http://a.ml/vocabularies/apiContract#style": "simple",
  "http://a.ml/vocabularies/core#description": "供應商角色ID",
  "http://a.ml/vocabularies/core#name": "role_id",
  "http://a.ml/vocabularies/shapes#schema": {
    "http://a.ml/vocabularies/shapes#format": "int64",
    "http://www.w3.org/ns/shacl#datatype": "http://www.w3.org/2001/XMLSchema#long",
    "http://www.w3.org/ns/shacl#name": "role_id",
    "id": "file:///Users/abettati/Desktop/apisContentFull/6711.json#/web-api/end-points/%2Fsupplier%2F%7Bsupplier_id%7D%2Frole%2F%7Brole_id%7D/get/request/parameter/role_id/scalar/role_id"
  },
  "id": "file:///Users/abettati/Desktop/apisContentFull/6711.json#/web-api/end-points/%2Fsupplier%2F%7Bsupplier_id%7D%2Frole%2F%7Brole_id%7D/get/request/parameter/role_id"
}, {
  "http://a.ml/vocabularies/apiContract#binding": "path",
  "http://a.ml/vocabularies/apiContract#explode": "false",
  "http://a.ml/vocabularies/apiContract#paramName": "role_id",
  "http://a.ml/vocabularies/apiContract#required": "true",
  "http://a.ml/vocabularies/apiContract#style": "simple",
  "http://a.ml/vocabularies/core#description": "供應商角色ID",
  "http://a.ml/vocabularies/core#name": "role_id",
  "http://a.ml/vocabularies/shapes#schema": {
    "http://a.ml/vocabularies/shapes#format": "int64",
    "http://www.w3.org/ns/shacl#datatype": "http://www.w3.org/2001/XMLSchema#long",
    "http://www.w3.org/ns/shacl#name": "role_id",
    "id": "file:///Users/abettati/Desktop/apisContentFull/6711.json#/web-api/end-points/%2Fsupplier%2F%7Bsupplier_id%7D%2Frole%2F%7Brole_id%7D/put/request/parameter/role_id/scalar/role_id"
  },
  "id": "file:///Users/abettati/Desktop/apisContentFull/6711.json#/web-api/end-points/%2Fsupplier%2F%7Bsupplier_id%7D%2Frole%2F%7Brole_id%7D/put/request/parameter/role_id"
}, {
  "http://a.ml/vocabularies/apiContract#allowEmptyValue": "false",
  "http://a.ml/vocabularies/apiContract#allowReserved": "false",
  "http://a.ml/vocabularies/apiContract#binding": "query",
  "http://a.ml/vocabularies/apiContract#explode": "true",
  "http://a.ml/vocabularies/apiContract#paramName": "body",
  "http://a.ml/vocabularies/apiContract#required": "true",
  "http://a.ml/vocabularies/apiContract#style": "form",
  "http://a.ml/vocabularies/core#description": "Created supplier_employee object",
  "http://a.ml/vocabularies/core#name": "body",
  "http://a.ml/vocabularies/shapes#schema": {
    "http://a.ml/vocabularies/document#recursive": "true",
    "http://www.w3.org/ns/shacl#closed": "false",
    "http://www.w3.org/ns/shacl#name": "CreateSupplierEmployee",
    "http://www.w3.org/ns/shacl#property": [{
      "http://a.ml/vocabularies/shapes#range": null,
      "http://www.w3.org/ns/shacl#minCount": null,
      "http://www.w3.org/ns/shacl#name": null,
      "http://www.w3.org/ns/shacl#path": null,
      "id": "file:///Users/abettati/Desktop/apisContentFull/6711.json#/declarations/types/CreateSupplierEmployee/property/employee_name"
    }, {
      "http://a.ml/vocabularies/shapes#range": null,
      "http://www.w3.org/ns/shacl#minCount": null,
      "http://www.w3.org/ns/shacl#name": null,
      "http://www.w3.org/ns/shacl#path": null,
      "id": "file:///Users/abettati/Desktop/apisContentFull/6711.json#/declarations/types/CreateSupplierEmployee/property/phone"
    }, {
      "http://a.ml/vocabularies/shapes#range": null,
      "http://www.w3.org/ns/shacl#minCount": null,
      "http://www.w3.org/ns/shacl#name": null,
      "http://www.w3.org/ns/shacl#path": null,
      "id": "file:///Users/abettati/Desktop/apisContentFull/6711.json#/declarations/types/CreateSupplierEmployee/property/ext"
    }, {
      "http://a.ml/vocabularies/shapes#range": null,
      "http://www.w3.org/ns/shacl#minCount": null,
      "http://www.w3.org/ns/shacl#name": null,
      "http://www.w3.org/ns/shacl#path": null,
      "id": "file:///Users/abettati/Desktop/apisContentFull/6711.json#/declarations/types/CreateSupplierEmployee/property/mobile"
    }, {
      "http://a.ml/vocabularies/shapes#range": null,
      "http://www.w3.org/ns/shacl#minCount": null,
      "http://www.w3.org/ns/shacl#name": null,
      "http://www.w3.org/ns/shacl#path": null,
      "id": "file:///Users/abettati/Desktop/apisContentFull/6711.json#/declarations/types/CreateSupplierEmployee/property/email"
    }, {
      "http://a.ml/vocabularies/shapes#range": null,
      "http://www.w3.org/ns/shacl#minCount": null,
      "http://www.w3.org/ns/shacl#name": null,
      "http://www.w3.org/ns/shacl#path": null,
      "id": "file:///Users/abettati/Desktop/apisContentFull/6711.json#/declarations/types/CreateSupplierEmployee/property/supplier_role_id"
    }, {
      "http://a.ml/vocabularies/shapes#range": null,
      "http://www.w3.org/ns/shacl#minCount": null,
      "http://www.w3.org/ns/shacl#name": null,
      "http://www.w3.org/ns/shacl#path": null,
      "id": "file:///Users/abettati/Desktop/apisContentFull/6711.json#/declarations/types/CreateSupplierEmployee/property/employee_status"
    }],
    "id": "file:///Users/abettati/Desktop/apisContentFull/6711.json#/declarations/types/CreateSupplierEmployee"
  },
  "id": "file:///Users/abettati/Desktop/apisContentFull/6711.json#/web-api/end-points/%2Fsupplier%2F%7Bsupplier_id%7D%2Femployee/post/request/parameter/body"
}, {
  "http://a.ml/vocabularies/apiContract#binding": "path",
  "http://a.ml/vocabularies/apiContract#explode": "false",
  "http://a.ml/vocabularies/apiContract#paramName": "supplier_employee_id",
  "http://a.ml/vocabularies/apiContract#required": "true",
  "http://a.ml/vocabularies/apiContract#style": "simple",
  "http://a.ml/vocabularies/core#description": "limit items in a page",
  "http://a.ml/vocabularies/core#name": "supplier_employee_id",
  "http://a.ml/vocabularies/shapes#schema": {
    "http://a.ml/vocabularies/shapes#format": "int64",
    "http://www.w3.org/ns/shacl#datatype": "http://www.w3.org/2001/XMLSchema#long",
    "http://www.w3.org/ns/shacl#name": "supplier_employee_id",
    "id": "file:///Users/abettati/Desktop/apisContentFull/6711.json#/web-api/end-points/%2Fsupplier%2F%7Bsupplier_id%7D%2Femployee%2F%7Bsupplier_employee_id%7D/get/request/parameter/supplier_employee_id/scalar/supplier_employee_id"
  },
  "id": "file:///Users/abettati/Desktop/apisContentFull/6711.json#/web-api/end-points/%2Fsupplier%2F%7Bsupplier_id%7D%2Femployee%2F%7Bsupplier_employee_id%7D/get/request/parameter/supplier_employee_id"
}, {
  "http://a.ml/vocabularies/apiContract#allowEmptyValue": "false",
  "http://a.ml/vocabularies/apiContract#allowReserved": "false",
  "http://a.ml/vocabularies/apiContract#binding": "query",
  "http://a.ml/vocabularies/apiContract#explode": "true",
  "http://a.ml/vocabularies/apiContract#paramName": "body",
  "http://a.ml/vocabularies/apiContract#required": "true",
  "http://a.ml/vocabularies/apiContract#style": "form",
  "http://a.ml/vocabularies/core#description": "Update supplier_employee object",
  "http://a.ml/vocabularies/core#name": "body",
  "http://a.ml/vocabularies/shapes#schema": {
    "http://a.ml/vocabularies/document#recursive": "true",
    "http://www.w3.org/ns/shacl#closed": "false",
    "http://www.w3.org/ns/shacl#name": "UpdateSupplierEmployee",
    "http://www.w3.org/ns/shacl#property": [{
      "http://a.ml/vocabularies/shapes#range": null,
      "http://www.w3.org/ns/shacl#minCount": null,
      "http://www.w3.org/ns/shacl#name": null,
      "http://www.w3.org/ns/shacl#path": null,
      "id": "file:///Users/abettati/Desktop/apisContentFull/6711.json#/declarations/types/UpdateSupplierEmployee/property/employee_name"
    }, {
      "http://a.ml/vocabularies/shapes#range": null,
      "http://www.w3.org/ns/shacl#minCount": null,
      "http://www.w3.org/ns/shacl#name": null,
      "http://www.w3.org/ns/shacl#path": null,
      "id": "file:///Users/abettati/Desktop/apisContentFull/6711.json#/declarations/types/UpdateSupplierEmployee/property/phone"
    }, {
      "http://a.ml/vocabularies/shapes#range": null,
      "http://www.w3.org/ns/shacl#minCount": null,
      "http://www.w3.org/ns/shacl#name": null,
      "http://www.w3.org/ns/shacl#path": null,
      "id": "file:///Users/abettati/Desktop/apisContentFull/6711.json#/declarations/types/UpdateSupplierEmployee/property/ext"
    }, {
      "http://a.ml/vocabularies/shapes#range": null,
      "http://www.w3.org/ns/shacl#minCount": null,
      "http://www.w3.org/ns/shacl#name": null,
      "http://www.w3.org/ns/shacl#path": null,
      "id": "file:///Users/abettati/Desktop/apisContentFull/6711.json#/declarations/types/UpdateSupplierEmployee/property/mobile"
    }, {
      "http://a.ml/vocabularies/shapes#range": null,
      "http://www.w3.org/ns/shacl#minCount": null,
      "http://www.w3.org/ns/shacl#name": null,
      "http://www.w3.org/ns/shacl#path": null,
      "id": "file:///Users/abettati/Desktop/apisContentFull/6711.json#/declarations/types/UpdateSupplierEmployee/property/email"
    }, {
      "http://a.ml/vocabularies/shapes#range": null,
      "http://www.w3.org/ns/shacl#minCount": null,
      "http://www.w3.org/ns/shacl#name": null,
      "http://www.w3.org/ns/shacl#path": null,
      "id": "file:///Users/abettati/Desktop/apisContentFull/6711.json#/declarations/types/UpdateSupplierEmployee/property/supplier_role_id"
    }, {
      "http://a.ml/vocabularies/shapes#range": null,
      "http://www.w3.org/ns/shacl#minCount": null,
      "http://www.w3.org/ns/shacl#name": null,
      "http://www.w3.org/ns/shacl#path": null,
      "id": "file:///Users/abettati/Desktop/apisContentFull/6711.json#/declarations/types/UpdateSupplierEmployee/property/employee_status"
    }],
    "id": "file:///Users/abettati/Desktop/apisContentFull/6711.json#/declarations/types/UpdateSupplierEmployee"
  },
  "id": "file:///Users/abettati/Desktop/apisContentFull/6711.json#/web-api/end-points/%2Fsupplier%2F%7Bsupplier_id%7D%2Femployee%2F%7Bsupplier_employee_id%7D/put/request/parameter/body"
}, {
  "http://a.ml/vocabularies/apiContract#binding": "path",
  "http://a.ml/vocabularies/apiContract#explode": "false",
  "http://a.ml/vocabularies/apiContract#paramName": "supplier_employee_id",
  "http://a.ml/vocabularies/apiContract#required": "true",
  "http://a.ml/vocabularies/apiContract#style": "simple",
  "http://a.ml/vocabularies/core#description": "ID of supplier_employee to return",
  "http://a.ml/vocabularies/core#name": "supplier_employee_id",
  "http://a.ml/vocabularies/shapes#schema": {
    "http://a.ml/vocabularies/shapes#format": "int64",
    "http://www.w3.org/ns/shacl#datatype": "http://www.w3.org/2001/XMLSchema#long",
    "http://www.w3.org/ns/shacl#name": "supplier_employee_id",
    "id": "file:///Users/abettati/Desktop/apisContentFull/6711.json#/web-api/end-points/%2Fsupplier%2F%7Bsupplier_id%7D%2Femployee%2F%7Bsupplier_employee_id%7D/put/request/parameter/supplier_employee_id/scalar/supplier_employee_id"
  },
  "id": "file:///Users/abettati/Desktop/apisContentFull/6711.json#/web-api/end-points/%2Fsupplier%2F%7Bsupplier_id%7D%2Femployee%2F%7Bsupplier_employee_id%7D/put/request/parameter/supplier_employee_id"
}]