[{
  "http://a.ml/vocabularies/apiContract#binding": "path",
  "http://a.ml/vocabularies/apiContract#explode": "false",
  "http://a.ml/vocabularies/apiContract#paramName": "upn",
  "http://a.ml/vocabularies/apiContract#required": "true",
  "http://a.ml/vocabularies/apiContract#style": "simple",
  "http://a.ml/vocabularies/core#description": "UPN of the user for whom the license should be checked",
  "http://a.ml/vocabularies/core#name": "upn",
  "http://a.ml/vocabularies/shapes#schema": {
    "http://www.w3.org/ns/shacl#datatype": "http://www.w3.org/2001/XMLSchema#string",
    "http://www.w3.org/ns/shacl#name": "upn",
    "id": "file:///Users/abettati/Desktop/apisContentFull/6838.json#/web-api/end-points/%2Flicenses%2F%7Bupn%7D%2Fcheck/get/request/parameter/upn/scalar/upn"
  },
  "id": "file:///Users/abettati/Desktop/apisContentFull/6838.json#/web-api/end-points/%2Flicenses%2F%7Bupn%7D%2Fcheck/get/request/parameter/upn"
}]