[{
  "http://a.ml/vocabularies/apiContract#allowEmptyValue": "false",
  "http://a.ml/vocabularies/apiContract#allowReserved": "false",
  "http://a.ml/vocabularies/apiContract#binding": "query",
  "http://a.ml/vocabularies/apiContract#explode": "true",
  "http://a.ml/vocabularies/apiContract#paramName": "department",
  "http://a.ml/vocabularies/apiContract#required": "true",
  "http://a.ml/vocabularies/apiContract#style": "form",
  "http://a.ml/vocabularies/core#description": "The department requesting the heartbeat. can be one of the following values: [accounting, human resources, manufacturing, inventory, sales]",
  "http://a.ml/vocabularies/core#name": "department",
  "http://a.ml/vocabularies/shapes#schema": {
    "http://www.w3.org/ns/shacl#datatype": "http://www.w3.org/2001/XMLSchema#string",
    "http://www.w3.org/ns/shacl#name": "department",
    "id": "file:///Users/abettati/Desktop/apisContentFull/7513.json#/web-api/end-points/%2Fregister/post/request/parameter/department/scalar/department"
  },
  "id": "file:///Users/abettati/Desktop/apisContentFull/7513.json#/web-api/end-points/%2Fregister/post/request/parameter/department"
}, {
  "http://a.ml/vocabularies/apiContract#allowEmptyValue": "false",
  "http://a.ml/vocabularies/apiContract#allowReserved": "false",
  "http://a.ml/vocabularies/apiContract#binding": "query",
  "http://a.ml/vocabularies/apiContract#explode": "true",
  "http://a.ml/vocabularies/apiContract#paramName": "url",
  "http://a.ml/vocabularies/apiContract#required": "true",
  "http://a.ml/vocabularies/apiContract#style": "form",
  "http://a.ml/vocabularies/core#description": "The URL that our server will ping every time interval.\n\n\n    We will send a POST request to this endpoint with no parameters.",
  "http://a.ml/vocabularies/core#name": "url",
  "http://a.ml/vocabularies/shapes#schema": {
    "http://www.w3.org/ns/shacl#datatype": "http://www.w3.org/2001/XMLSchema#string",
    "http://www.w3.org/ns/shacl#name": "url",
    "id": "file:///Users/abettati/Desktop/apisContentFull/7513.json#/web-api/end-points/%2Fregister/post/request/parameter/url/scalar/url"
  },
  "id": "file:///Users/abettati/Desktop/apisContentFull/7513.json#/web-api/end-points/%2Fregister/post/request/parameter/url"
}, {
  "http://a.ml/vocabularies/apiContract#allowEmptyValue": "false",
  "http://a.ml/vocabularies/apiContract#allowReserved": "false",
  "http://a.ml/vocabularies/apiContract#binding": "query",
  "http://a.ml/vocabularies/apiContract#explode": "true",
  "http://a.ml/vocabularies/apiContract#paramName": "modifier",
  "http://a.ml/vocabularies/apiContract#required": "false",
  "http://a.ml/vocabularies/apiContract#style": "form",
  "http://a.ml/vocabularies/core#description": "A modifier to speed up our heartbeat *FOR TESTING PURPOSES ONLY*. Divide the normal time interval by this integer to get your actual heartbeat rate.",
  "http://a.ml/vocabularies/core#name": "modifier",
  "http://a.ml/vocabularies/shapes#schema": {
    "http://www.w3.org/ns/shacl#datatype": "http://www.w3.org/2001/XMLSchema#integer",
    "http://www.w3.org/ns/shacl#name": "modifier",
    "id": "file:///Users/abettati/Desktop/apisContentFull/7513.json#/web-api/end-points/%2Fregister/post/request/parameter/modifier/scalar/modifier"
  },
  "id": "file:///Users/abettati/Desktop/apisContentFull/7513.json#/web-api/end-points/%2Fregister/post/request/parameter/modifier"
}, {
  "http://a.ml/vocabularies/apiContract#allowEmptyValue": "false",
  "http://a.ml/vocabularies/apiContract#allowReserved": "false",
  "http://a.ml/vocabularies/apiContract#binding": "query",
  "http://a.ml/vocabularies/apiContract#explode": "true",
  "http://a.ml/vocabularies/apiContract#paramName": "amount",
  "http://a.ml/vocabularies/apiContract#required": "true",
  "http://a.ml/vocabularies/apiContract#style": "form",
  "http://a.ml/vocabularies/core#description": "amount of money you are requesting to withdraw",
  "http://a.ml/vocabularies/core#name": "amount",
  "http://a.ml/vocabularies/shapes#schema": {
    "http://www.w3.org/ns/shacl#datatype": "http://www.w3.org/2001/XMLSchema#string",
    "http://www.w3.org/ns/shacl#name": "amount",
    "id": "file:///Users/abettati/Desktop/apisContentFull/7513.json#/web-api/end-points/%2Frequest/post/request/parameter/amount/scalar/amount"
  },
  "id": "file:///Users/abettati/Desktop/apisContentFull/7513.json#/web-api/end-points/%2Frequest/post/request/parameter/amount"
}, {
  "http://a.ml/vocabularies/apiContract#allowEmptyValue": "false",
  "http://a.ml/vocabularies/apiContract#allowReserved": "false",
  "http://a.ml/vocabularies/apiContract#binding": "query",
  "http://a.ml/vocabularies/apiContract#explode": "true",
  "http://a.ml/vocabularies/apiContract#paramName": "department",
  "http://a.ml/vocabularies/apiContract#required": "true",
  "http://a.ml/vocabularies/apiContract#style": "form",
  "http://a.ml/vocabularies/core#description": "the department requesting to withdraw. can be one of the following values: [accounting, human resources, manufacturing, inventory, sales]",
  "http://a.ml/vocabularies/core#name": "department",
  "http://a.ml/vocabularies/shapes#schema": {
    "http://www.w3.org/ns/shacl#datatype": "http://www.w3.org/2001/XMLSchema#string",
    "http://www.w3.org/ns/shacl#name": "department",
    "id": "file:///Users/abettati/Desktop/apisContentFull/7513.json#/web-api/end-points/%2Frequest/post/request/parameter/department/scalar/department"
  },
  "id": "file:///Users/abettati/Desktop/apisContentFull/7513.json#/web-api/end-points/%2Frequest/post/request/parameter/department"
}, {
  "http://a.ml/vocabularies/apiContract#allowEmptyValue": "false",
  "http://a.ml/vocabularies/apiContract#allowReserved": "false",
  "http://a.ml/vocabularies/apiContract#binding": "query",
  "http://a.ml/vocabularies/apiContract#explode": "true",
  "http://a.ml/vocabularies/apiContract#paramName": "reason",
  "http://a.ml/vocabularies/apiContract#required": "true",
  "http://a.ml/vocabularies/apiContract#style": "form",
  "http://a.ml/vocabularies/core#description": "reason you need to request money. can be one of the following: [payroll, commission, budget]",
  "http://a.ml/vocabularies/core#name": "reason",
  "http://a.ml/vocabularies/shapes#schema": {
    "http://www.w3.org/ns/shacl#datatype": "http://www.w3.org/2001/XMLSchema#string",
    "http://www.w3.org/ns/shacl#name": "reason",
    "id": "file:///Users/abettati/Desktop/apisContentFull/7513.json#/web-api/end-points/%2Frequest/post/request/parameter/reason/scalar/reason"
  },
  "id": "file:///Users/abettati/Desktop/apisContentFull/7513.json#/web-api/end-points/%2Frequest/post/request/parameter/reason"
}, {
  "http://a.ml/vocabularies/apiContract#allowEmptyValue": "false",
  "http://a.ml/vocabularies/apiContract#allowReserved": "false",
  "http://a.ml/vocabularies/apiContract#binding": "query",
  "http://a.ml/vocabularies/apiContract#explode": "true",
  "http://a.ml/vocabularies/apiContract#paramName": "amount",
  "http://a.ml/vocabularies/apiContract#required": "true",
  "http://a.ml/vocabularies/apiContract#style": "form",
  "http://a.ml/vocabularies/core#description": "amount of money you are attempting to deposit",
  "http://a.ml/vocabularies/core#name": "amount",
  "http://a.ml/vocabularies/shapes#schema": {
    "http://www.w3.org/ns/shacl#datatype": "http://www.w3.org/2001/XMLSchema#string",
    "http://www.w3.org/ns/shacl#name": "amount",
    "id": "file:///Users/abettati/Desktop/apisContentFull/7513.json#/web-api/end-points/%2Fdeposit/post/request/parameter/amount/scalar/amount"
  },
  "id": "file:///Users/abettati/Desktop/apisContentFull/7513.json#/web-api/end-points/%2Fdeposit/post/request/parameter/amount"
}, {
  "http://a.ml/vocabularies/apiContract#allowEmptyValue": "false",
  "http://a.ml/vocabularies/apiContract#allowReserved": "false",
  "http://a.ml/vocabularies/apiContract#binding": "query",
  "http://a.ml/vocabularies/apiContract#explode": "true",
  "http://a.ml/vocabularies/apiContract#paramName": "department",
  "http://a.ml/vocabularies/apiContract#required": "true",
  "http://a.ml/vocabularies/apiContract#style": "form",
  "http://a.ml/vocabularies/core#description": "the department requesting to withdraw. can be one of the following values: [accounting, human resources, manufacturing, inventory, sales]",
  "http://a.ml/vocabularies/core#name": "department",
  "http://a.ml/vocabularies/shapes#schema": {
    "http://www.w3.org/ns/shacl#datatype": "http://www.w3.org/2001/XMLSchema#string",
    "http://www.w3.org/ns/shacl#name": "department",
    "id": "file:///Users/abettati/Desktop/apisContentFull/7513.json#/web-api/end-points/%2Fdeposit/post/request/parameter/department/scalar/department"
  },
  "id": "file:///Users/abettati/Desktop/apisContentFull/7513.json#/web-api/end-points/%2Fdeposit/post/request/parameter/department"
}, {
  "http://a.ml/vocabularies/apiContract#allowEmptyValue": "false",
  "http://a.ml/vocabularies/apiContract#allowReserved": "false",
  "http://a.ml/vocabularies/apiContract#binding": "query",
  "http://a.ml/vocabularies/apiContract#explode": "true",
  "http://a.ml/vocabularies/apiContract#paramName": "reason",
  "http://a.ml/vocabularies/apiContract#required": "true",
  "http://a.ml/vocabularies/apiContract#style": "form",
  "http://a.ml/vocabularies/core#description": "reason you need to deposit money. can be one of the following: [payroll, commission, budget]",
  "http://a.ml/vocabularies/core#name": "reason",
  "http://a.ml/vocabularies/shapes#schema": {
    "http://www.w3.org/ns/shacl#datatype": "http://www.w3.org/2001/XMLSchema#string",
    "http://www.w3.org/ns/shacl#name": "reason",
    "id": "file:///Users/abettati/Desktop/apisContentFull/7513.json#/web-api/end-points/%2Fdeposit/post/request/parameter/reason/scalar/reason"
  },
  "id": "file:///Users/abettati/Desktop/apisContentFull/7513.json#/web-api/end-points/%2Fdeposit/post/request/parameter/reason"
}]