[{
  "http://a.ml/vocabularies/apiContract#binding": "query",
  "http://a.ml/vocabularies/apiContract#paramName": "api-version",
  "http://a.ml/vocabularies/apiContract#required": "false",
  "http://a.ml/vocabularies/core#description": "API version",
  "http://a.ml/vocabularies/core#name": "api-version",
  "http://a.ml/vocabularies/shapes#schema": {
    "http://a.ml/vocabularies/core#description": "API version",
    "http://www.w3.org/ns/shacl#datatype": "http://www.w3.org/2001/XMLSchema#string",
    "http://www.w3.org/ns/shacl#defaultValue": {
      "http://a.ml/vocabularies/core#name": "scalar_1",
      "http://a.ml/vocabularies/data#value": "2.0",
      "http://www.w3.org/ns/shacl#datatype": "http://www.w3.org/2001/XMLSchema#string",
      "id": "file:///Users/abettati/Desktop/apisContentFull/7008.json#/web-api/end-points/%2Fswagger.json/get/request/parameter/api-version/scalar/schema/scalar_1"
    },
    "http://www.w3.org/ns/shacl#defaultValueStr": "2.0",
    "http://www.w3.org/ns/shacl#in": [{
      "http://a.ml/vocabularies/core#name": null,
      "http://a.ml/vocabularies/data#value": null,
      "http://www.w3.org/ns/shacl#datatype": null,
      "id": "file:///Users/abettati/Desktop/apisContentFull/7008.json#/web-api/end-points/%2Fswagger.json/get/request/parameter/api-version/scalar/schema/enum/scalar_1"
    }],
    "http://www.w3.org/ns/shacl#name": "schema",
    "id": "file:///Users/abettati/Desktop/apisContentFull/7008.json#/web-api/end-points/%2Fswagger.json/get/request/parameter/api-version/scalar/schema"
  },
  "id": "file:///Users/abettati/Desktop/apisContentFull/7008.json#/web-api/end-points/%2Fswagger.json/get/request/parameter/api-version"
}, {
  "http://a.ml/vocabularies/apiContract#binding": "query",
  "http://a.ml/vocabularies/apiContract#paramName": "api-version",
  "http://a.ml/vocabularies/apiContract#required": "true",
  "http://a.ml/vocabularies/core#description": "The API version to use",
  "http://a.ml/vocabularies/core#name": "api-version",
  "http://a.ml/vocabularies/shapes#schema": {
    "http://a.ml/vocabularies/core#description": "The API version to use",
    "http://www.w3.org/ns/shacl#datatype": "http://www.w3.org/2001/XMLSchema#string",
    "http://www.w3.org/ns/shacl#in": [{
      "http://a.ml/vocabularies/core#name": null,
      "http://a.ml/vocabularies/data#value": null,
      "http://www.w3.org/ns/shacl#datatype": null,
      "id": "file:///Users/abettati/Desktop/apisContentFull/7008.json#/web-api/end-points/%2Fexecute/post/request/parameter/api-version/scalar/schema/enum/scalar_1"
    }],
    "http://www.w3.org/ns/shacl#name": "schema",
    "id": "file:///Users/abettati/Desktop/apisContentFull/7008.json#/web-api/end-points/%2Fexecute/post/request/parameter/api-version/scalar/schema"
  },
  "id": "file:///Users/abettati/Desktop/apisContentFull/7008.json#/web-api/end-points/%2Fexecute/post/request/parameter/api-version"
}, {
  "http://a.ml/vocabularies/apiContract#binding": "query",
  "http://a.ml/vocabularies/apiContract#paramName": "format",
  "http://a.ml/vocabularies/apiContract#required": "true",
  "http://a.ml/vocabularies/core#description": "The format of the input to the web service",
  "http://a.ml/vocabularies/core#name": "format",
  "http://a.ml/vocabularies/shapes#schema": {
    "http://a.ml/vocabularies/core#description": "The format of the input to the web service",
    "http://www.w3.org/ns/shacl#datatype": "http://www.w3.org/2001/XMLSchema#string",
    "http://www.w3.org/ns/shacl#in": [{
      "http://a.ml/vocabularies/core#name": null,
      "http://a.ml/vocabularies/data#value": null,
      "http://www.w3.org/ns/shacl#datatype": null,
      "id": "file:///Users/abettati/Desktop/apisContentFull/7008.json#/web-api/end-points/%2Fexecute/post/request/parameter/format/scalar/schema/enum/scalar_1"
    }],
    "http://www.w3.org/ns/shacl#name": "schema",
    "id": "file:///Users/abettati/Desktop/apisContentFull/7008.json#/web-api/end-points/%2Fexecute/post/request/parameter/format/scalar/schema"
  },
  "id": "file:///Users/abettati/Desktop/apisContentFull/7008.json#/web-api/end-points/%2Fexecute/post/request/parameter/format"
}, {
  "http://a.ml/vocabularies/apiContract#binding": "path",
  "http://a.ml/vocabularies/apiContract#paramName": "jobId",
  "http://a.ml/vocabularies/apiContract#required": "true",
  "http://a.ml/vocabularies/core#description": "job id",
  "http://a.ml/vocabularies/core#name": "jobId",
  "http://a.ml/vocabularies/shapes#schema": {
    "http://a.ml/vocabularies/core#description": "job id",
    "http://www.w3.org/ns/shacl#datatype": "http://www.w3.org/2001/XMLSchema#string",
    "http://www.w3.org/ns/shacl#name": "schema",
    "id": "file:///Users/abettati/Desktop/apisContentFull/7008.json#/web-api/end-points/%2Fjobs%2F%7BjobId%7D/get/request/parameter/jobId/scalar/schema"
  },
  "id": "file:///Users/abettati/Desktop/apisContentFull/7008.json#/web-api/end-points/%2Fjobs%2F%7BjobId%7D/get/request/parameter/jobId"
}, {
  "http://a.ml/vocabularies/apiContract#binding": "path",
  "http://a.ml/vocabularies/apiContract#paramName": "jobId",
  "http://a.ml/vocabularies/apiContract#required": "true",
  "http://a.ml/vocabularies/core#description": "job id",
  "http://a.ml/vocabularies/core#name": "jobId",
  "http://a.ml/vocabularies/shapes#schema": {
    "http://a.ml/vocabularies/core#description": "job id",
    "http://www.w3.org/ns/shacl#datatype": "http://www.w3.org/2001/XMLSchema#string",
    "http://www.w3.org/ns/shacl#name": "schema",
    "id": "file:///Users/abettati/Desktop/apisContentFull/7008.json#/web-api/end-points/%2Fjobs%2F%7BjobId%7D/delete/request/parameter/jobId/scalar/schema"
  },
  "id": "file:///Users/abettati/Desktop/apisContentFull/7008.json#/web-api/end-points/%2Fjobs%2F%7BjobId%7D/delete/request/parameter/jobId"
}, {
  "http://a.ml/vocabularies/apiContract#binding": "path",
  "http://a.ml/vocabularies/apiContract#paramName": "jobId",
  "http://a.ml/vocabularies/apiContract#required": "true",
  "http://a.ml/vocabularies/core#description": "job id",
  "http://a.ml/vocabularies/core#name": "jobId",
  "http://a.ml/vocabularies/shapes#schema": {
    "http://a.ml/vocabularies/core#description": "job id",
    "http://www.w3.org/ns/shacl#datatype": "http://www.w3.org/2001/XMLSchema#string",
    "http://www.w3.org/ns/shacl#name": "schema",
    "id": "file:///Users/abettati/Desktop/apisContentFull/7008.json#/web-api/end-points/%2Fjobs%2F%7BjobId%7D%2Fstart/post/request/parameter/jobId/scalar/schema"
  },
  "id": "file:///Users/abettati/Desktop/apisContentFull/7008.json#/web-api/end-points/%2Fjobs%2F%7BjobId%7D%2Fstart/post/request/parameter/jobId"
}]