[{
  "http://a.ml/vocabularies/apiContract#binding": "header",
  "http://a.ml/vocabularies/apiContract#paramName": "Authorization",
  "http://a.ml/vocabularies/apiContract#required": "true",
  "http://a.ml/vocabularies/core#description": "Token from ADFS",
  "http://a.ml/vocabularies/core#name": "Authorization",
  "http://a.ml/vocabularies/shapes#schema": {
    "http://a.ml/vocabularies/core#description": "Token from ADFS",
    "http://www.w3.org/ns/shacl#datatype": "http://www.w3.org/2001/XMLSchema#string",
    "http://www.w3.org/ns/shacl#name": "schema",
    "id": "file:///Users/abettati/Desktop/apisContentFull/77.json#/web-api/end-points/%2Fmobile%2Fhop%2Fcards%2F%7BcardNumber%7D/get/request/parameter/Authorization/scalar/schema"
  },
  "id": "file:///Users/abettati/Desktop/apisContentFull/77.json#/web-api/end-points/%2Fmobile%2Fhop%2Fcards%2F%7BcardNumber%7D/get/request/parameter/Authorization"
}, {
  "http://a.ml/vocabularies/apiContract#binding": "path",
  "http://a.ml/vocabularies/apiContract#paramName": "cardNumber",
  "http://a.ml/vocabularies/apiContract#required": "true",
  "http://a.ml/vocabularies/core#description": "Number of card to find",
  "http://a.ml/vocabularies/core#name": "cardNumber",
  "http://a.ml/vocabularies/shapes#schema": {
    "http://a.ml/vocabularies/core#description": "Number of card to find",
    "http://www.w3.org/ns/shacl#datatype": "http://www.w3.org/2001/XMLSchema#string",
    "http://www.w3.org/ns/shacl#name": "schema",
    "id": "file:///Users/abettati/Desktop/apisContentFull/77.json#/web-api/end-points/%2Fmobile%2Fhop%2Fcards%2F%7BcardNumber%7D/get/request/parameter/cardNumber/scalar/schema"
  },
  "id": "file:///Users/abettati/Desktop/apisContentFull/77.json#/web-api/end-points/%2Fmobile%2Fhop%2Fcards%2F%7BcardNumber%7D/get/request/parameter/cardNumber"
}, {
  "http://a.ml/vocabularies/apiContract#binding": "header",
  "http://a.ml/vocabularies/apiContract#paramName": "Authorization",
  "http://a.ml/vocabularies/apiContract#required": "true",
  "http://a.ml/vocabularies/core#description": "Token from ADFS",
  "http://a.ml/vocabularies/core#name": "Authorization",
  "http://a.ml/vocabularies/shapes#schema": {
    "http://a.ml/vocabularies/core#description": "Token from ADFS",
    "http://www.w3.org/ns/shacl#datatype": "http://www.w3.org/2001/XMLSchema#string",
    "http://www.w3.org/ns/shacl#name": "schema",
    "id": "file:///Users/abettati/Desktop/apisContentFull/77.json#/web-api/end-points/%2Fmobile%2Fhop%2Fcustomers%2Fme%2Fcards/get/request/parameter/Authorization/scalar/schema"
  },
  "id": "file:///Users/abettati/Desktop/apisContentFull/77.json#/web-api/end-points/%2Fmobile%2Fhop%2Fcustomers%2Fme%2Fcards/get/request/parameter/Authorization"
}]