[{
  "http://a.ml/vocabularies/apiContract#binding": "query",
  "http://a.ml/vocabularies/apiContract#paramName": "onuRequestNo",
  "http://a.ml/vocabularies/apiContract#required": "true",
  "http://a.ml/vocabularies/core#description": "Request No",
  "http://a.ml/vocabularies/core#name": "onuRequestNo",
  "http://a.ml/vocabularies/shapes#schema": {
    "http://a.ml/vocabularies/core#description": "Request No",
    "http://a.ml/vocabularies/shapes#format": "string",
    "http://www.w3.org/ns/shacl#datatype": "http://www.w3.org/2001/XMLSchema#string",
    "http://www.w3.org/ns/shacl#name": "schema",
    "id": "file:///Users/abettati/Desktop/apisContentFull/6835.json#/web-api/end-points/%2Fonu/get/request/parameter/onuRequestNo/scalar/schema"
  },
  "id": "file:///Users/abettati/Desktop/apisContentFull/6835.json#/web-api/end-points/%2Fonu/get/request/parameter/onuRequestNo"
}, {
  "http://a.ml/vocabularies/apiContract#binding": "query",
  "http://a.ml/vocabularies/apiContract#paramName": "ipAddress",
  "http://a.ml/vocabularies/apiContract#required": "true",
  "http://a.ml/vocabularies/core#description": "IP Address",
  "http://a.ml/vocabularies/core#name": "ipAddress",
  "http://a.ml/vocabularies/shapes#schema": {
    "http://a.ml/vocabularies/core#description": "IP Address",
    "http://a.ml/vocabularies/shapes#format": "string",
    "http://www.w3.org/ns/shacl#datatype": "http://www.w3.org/2001/XMLSchema#string",
    "http://www.w3.org/ns/shacl#name": "schema",
    "id": "file:///Users/abettati/Desktop/apisContentFull/6835.json#/web-api/end-points/%2Fonu/get/request/parameter/ipAddress/scalar/schema"
  },
  "id": "file:///Users/abettati/Desktop/apisContentFull/6835.json#/web-api/end-points/%2Fonu/get/request/parameter/ipAddress"
}, {
  "http://a.ml/vocabularies/apiContract#binding": "query",
  "http://a.ml/vocabularies/apiContract#paramName": "macAddress",
  "http://a.ml/vocabularies/apiContract#required": "true",
  "http://a.ml/vocabularies/core#description": "Mac Address",
  "http://a.ml/vocabularies/core#name": "macAddress",
  "http://a.ml/vocabularies/shapes#schema": {
    "http://a.ml/vocabularies/core#description": "Mac Address",
    "http://a.ml/vocabularies/shapes#format": "string",
    "http://www.w3.org/ns/shacl#datatype": "http://www.w3.org/2001/XMLSchema#string",
    "http://www.w3.org/ns/shacl#name": "schema",
    "id": "file:///Users/abettati/Desktop/apisContentFull/6835.json#/web-api/end-points/%2Fonu/get/request/parameter/macAddress/scalar/schema"
  },
  "id": "file:///Users/abettati/Desktop/apisContentFull/6835.json#/web-api/end-points/%2Fonu/get/request/parameter/macAddress"
}, {
  "http://a.ml/vocabularies/apiContract#binding": "query",
  "http://a.ml/vocabularies/apiContract#paramName": "requestDtm",
  "http://a.ml/vocabularies/apiContract#required": "true",
  "http://a.ml/vocabularies/core#description": "Request Time",
  "http://a.ml/vocabularies/core#name": "requestDtm",
  "http://a.ml/vocabularies/shapes#schema": {
    "http://a.ml/vocabularies/core#description": "Request Time",
    "http://a.ml/vocabularies/shapes#format": "string",
    "http://www.w3.org/ns/shacl#datatype": "http://www.w3.org/2001/XMLSchema#string",
    "http://www.w3.org/ns/shacl#name": "schema",
    "id": "file:///Users/abettati/Desktop/apisContentFull/6835.json#/web-api/end-points/%2Fonu/get/request/parameter/requestDtm/scalar/schema"
  },
  "id": "file:///Users/abettati/Desktop/apisContentFull/6835.json#/web-api/end-points/%2Fonu/get/request/parameter/requestDtm"
}, {
  "http://a.ml/vocabularies/apiContract#binding": "query",
  "http://a.ml/vocabularies/apiContract#paramName": "emailRequestNo",
  "http://a.ml/vocabularies/apiContract#required": "true",
  "http://a.ml/vocabularies/core#description": "Request No",
  "http://a.ml/vocabularies/core#name": "emailRequestNo",
  "http://a.ml/vocabularies/shapes#schema": {
    "http://a.ml/vocabularies/core#description": "Request No",
    "http://a.ml/vocabularies/shapes#format": "string",
    "http://www.w3.org/ns/shacl#datatype": "http://www.w3.org/2001/XMLSchema#string",
    "http://www.w3.org/ns/shacl#name": "schema",
    "id": "file:///Users/abettati/Desktop/apisContentFull/6835.json#/web-api/end-points/%2Fsendemailresult/get/request/parameter/emailRequestNo/scalar/schema"
  },
  "id": "file:///Users/abettati/Desktop/apisContentFull/6835.json#/web-api/end-points/%2Fsendemailresult/get/request/parameter/emailRequestNo"
}, {
  "http://a.ml/vocabularies/apiContract#binding": "query",
  "http://a.ml/vocabularies/apiContract#paramName": "creditRequestNo",
  "http://a.ml/vocabularies/apiContract#required": "true",
  "http://a.ml/vocabularies/core#description": "Request No",
  "http://a.ml/vocabularies/core#name": "creditRequestNo",
  "http://a.ml/vocabularies/shapes#schema": {
    "http://a.ml/vocabularies/core#description": "Request No",
    "http://a.ml/vocabularies/shapes#format": "string",
    "http://www.w3.org/ns/shacl#datatype": "http://www.w3.org/2001/XMLSchema#string",
    "http://www.w3.org/ns/shacl#name": "schema",
    "id": "file:///Users/abettati/Desktop/apisContentFull/6835.json#/web-api/end-points/%2Fcreditstatus/get/request/parameter/creditRequestNo/scalar/schema"
  },
  "id": "file:///Users/abettati/Desktop/apisContentFull/6835.json#/web-api/end-points/%2Fcreditstatus/get/request/parameter/creditRequestNo"
}, {
  "http://a.ml/vocabularies/apiContract#binding": "query",
  "http://a.ml/vocabularies/apiContract#paramName": "contId",
  "http://a.ml/vocabularies/apiContract#required": "true",
  "http://a.ml/vocabularies/core#description": "TV SAID",
  "http://a.ml/vocabularies/core#name": "contId",
  "http://a.ml/vocabularies/shapes#schema": {
    "http://a.ml/vocabularies/core#description": "TV SAID",
    "http://a.ml/vocabularies/shapes#format": "string",
    "http://www.w3.org/ns/shacl#datatype": "http://www.w3.org/2001/XMLSchema#string",
    "http://www.w3.org/ns/shacl#name": "schema",
    "id": "file:///Users/abettati/Desktop/apisContentFull/6835.json#/web-api/end-points/%2Fcreditstatus/get/request/parameter/contId/scalar/schema"
  },
  "id": "file:///Users/abettati/Desktop/apisContentFull/6835.json#/web-api/end-points/%2Fcreditstatus/get/request/parameter/contId"
}, {
  "http://a.ml/vocabularies/apiContract#binding": "query",
  "http://a.ml/vocabularies/apiContract#paramName": "accountNum",
  "http://a.ml/vocabularies/apiContract#required": "true",
  "http://a.ml/vocabularies/core#description": "Account Number",
  "http://a.ml/vocabularies/core#name": "accountNum",
  "http://a.ml/vocabularies/shapes#schema": {
    "http://a.ml/vocabularies/core#description": "Account Number",
    "http://a.ml/vocabularies/shapes#format": "string",
    "http://www.w3.org/ns/shacl#datatype": "http://www.w3.org/2001/XMLSchema#string",
    "http://www.w3.org/ns/shacl#name": "schema",
    "id": "file:///Users/abettati/Desktop/apisContentFull/6835.json#/web-api/end-points/%2Fcreditstatus/get/request/parameter/accountNum/scalar/schema"
  },
  "id": "file:///Users/abettati/Desktop/apisContentFull/6835.json#/web-api/end-points/%2Fcreditstatus/get/request/parameter/accountNum"
}, {
  "http://a.ml/vocabularies/apiContract#binding": "query",
  "http://a.ml/vocabularies/apiContract#paramName": "sysdate",
  "http://a.ml/vocabularies/apiContract#required": "true",
  "http://a.ml/vocabularies/core#description": "Request Date",
  "http://a.ml/vocabularies/core#name": "sysdate",
  "http://a.ml/vocabularies/shapes#schema": {
    "http://a.ml/vocabularies/core#description": "Request Date",
    "http://a.ml/vocabularies/shapes#format": "string",
    "http://www.w3.org/ns/shacl#datatype": "http://www.w3.org/2001/XMLSchema#string",
    "http://www.w3.org/ns/shacl#name": "schema",
    "id": "file:///Users/abettati/Desktop/apisContentFull/6835.json#/web-api/end-points/%2Fcreditstatus/get/request/parameter/sysdate/scalar/schema"
  },
  "id": "file:///Users/abettati/Desktop/apisContentFull/6835.json#/web-api/end-points/%2Fcreditstatus/get/request/parameter/sysdate"
}, {
  "http://a.ml/vocabularies/apiContract#binding": "query",
  "http://a.ml/vocabularies/apiContract#paramName": "smsRequestNo",
  "http://a.ml/vocabularies/apiContract#required": "true",
  "http://a.ml/vocabularies/core#description": "Request No",
  "http://a.ml/vocabularies/core#name": "smsRequestNo",
  "http://a.ml/vocabularies/shapes#schema": {
    "http://a.ml/vocabularies/core#description": "Request No",
    "http://a.ml/vocabularies/shapes#format": "string",
    "http://www.w3.org/ns/shacl#datatype": "http://www.w3.org/2001/XMLSchema#string",
    "http://www.w3.org/ns/shacl#name": "schema",
    "id": "file:///Users/abettati/Desktop/apisContentFull/6835.json#/web-api/end-points/%2Fsendsmsresult/get/request/parameter/smsRequestNo/scalar/schema"
  },
  "id": "file:///Users/abettati/Desktop/apisContentFull/6835.json#/web-api/end-points/%2Fsendsmsresult/get/request/parameter/smsRequestNo"
}]