[{
  "http://a.ml/vocabularies/apiContract#binding": "query",
  "http://a.ml/vocabularies/apiContract#paramName": "api-version",
  "http://a.ml/vocabularies/apiContract#required": "true",
  "http://a.ml/vocabularies/core#description": "Timetracker API version. <b>2.1</b> for this document",
  "http://a.ml/vocabularies/core#name": "api-version",
  "http://a.ml/vocabularies/shapes#schema": {
    "http://a.ml/vocabularies/core#description": "Timetracker API version. <b>2.1</b> for this document",
    "http://www.w3.org/ns/shacl#datatype": "http://www.w3.org/2001/XMLSchema#string",
    "http://www.w3.org/ns/shacl#name": "schema",
    "id": "file:///Users/abettati/Desktop/apisContentFull/8591.json#/declarations/parameters/parameter/api-version/scalar/schema"
  },
  "id": "file:///Users/abettati/Desktop/apisContentFull/8591.json#/declarations/parameters/parameter/api-version"
}, {
  "http://a.ml/vocabularies/apiContract#binding": "query",
  "http://a.ml/vocabularies/apiContract#paramName": "collectionName",
  "http://a.ml/vocabularies/apiContract#required": "true",
  "http://a.ml/vocabularies/core#description": "Collection name in Timetracker for DevOps Server,  can be replaced with DefaultCollection in DevOps Services\n",
  "http://a.ml/vocabularies/core#name": "collectionName",
  "http://a.ml/vocabularies/shapes#schema": {
    "http://a.ml/vocabularies/core#description": "Collection name in Timetracker for DevOps Server,  can be replaced with DefaultCollection in DevOps Services\n",
    "http://www.w3.org/ns/shacl#datatype": "http://www.w3.org/2001/XMLSchema#string",
    "http://www.w3.org/ns/shacl#name": "schema",
    "id": "file:///Users/abettati/Desktop/apisContentFull/8591.json#/declarations/parameters/parameter/collectionName/scalar/schema"
  },
  "id": "file:///Users/abettati/Desktop/apisContentFull/8591.json#/declarations/parameters/parameter/collectionName"
}, {
  "http://a.ml/vocabularies/apiContract#binding": "path",
  "http://a.ml/vocabularies/apiContract#paramName": "expand",
  "http://a.ml/vocabularies/apiContract#required": "true",
  "http://a.ml/vocabularies/core#description": "If set to true additional details will be returned",
  "http://a.ml/vocabularies/core#name": "expand",
  "http://a.ml/vocabularies/shapes#schema": {
    "http://a.ml/vocabularies/core#description": "If set to true additional details will be returned",
    "http://www.w3.org/ns/shacl#datatype": "http://www.w3.org/2001/XMLSchema#boolean",
    "http://www.w3.org/ns/shacl#name": "schema",
    "id": "file:///Users/abettati/Desktop/apisContentFull/8591.json#/web-api/end-points/%2Fapi%2Ftracking%2Fclient%2Fcurrent%2F%7Bexpand%7D/get/request/parameter/expand/scalar/schema"
  },
  "id": "file:///Users/abettati/Desktop/apisContentFull/8591.json#/web-api/end-points/%2Fapi%2Ftracking%2Fclient%2Fcurrent%2F%7Bexpand%7D/get/request/parameter/expand"
}, {
  "http://a.ml/vocabularies/apiContract#binding": "path",
  "http://a.ml/vocabularies/apiContract#paramName": "count",
  "http://a.ml/vocabularies/apiContract#required": "true",
  "http://a.ml/vocabularies/core#description": "Number of tracks to return",
  "http://a.ml/vocabularies/core#name": "count",
  "http://a.ml/vocabularies/shapes#schema": {
    "http://a.ml/vocabularies/core#description": "Number of tracks to return",
    "http://a.ml/vocabularies/shapes#format": "int32",
    "http://www.w3.org/ns/shacl#datatype": "http://www.w3.org/2001/XMLSchema#integer",
    "http://www.w3.org/ns/shacl#name": "schema",
    "id": "file:///Users/abettati/Desktop/apisContentFull/8591.json#/web-api/end-points/%2Fapi%2Ftracking%2Fclient%2Flatest%2F%7Bcount%7D/get/request/parameter/count/scalar/schema"
  },
  "id": "file:///Users/abettati/Desktop/apisContentFull/8591.json#/web-api/end-points/%2Fapi%2Ftracking%2Fclient%2Flatest%2F%7Bcount%7D/get/request/parameter/count"
}, {
  "http://a.ml/vocabularies/apiContract#binding": "path",
  "http://a.ml/vocabularies/apiContract#paramName": "reason",
  "http://a.ml/vocabularies/apiContract#required": "true",
  "http://a.ml/vocabularies/core#description": "Use \"0\" for stoped by client reason; Use \"1\" for stoped by PC/Mac/Device lock or other obvious inactive state (if enabled)",
  "http://a.ml/vocabularies/core#name": "reason",
  "http://a.ml/vocabularies/shapes#schema": {
    "http://a.ml/vocabularies/core#description": "Use \"0\" for stoped by client reason; Use \"1\" for stoped by PC/Mac/Device lock or other obvious inactive state (if enabled)",
    "http://a.ml/vocabularies/shapes#format": "int32",
    "http://www.w3.org/ns/shacl#datatype": "http://www.w3.org/2001/XMLSchema#integer",
    "http://www.w3.org/ns/shacl#in": [{
      "http://a.ml/vocabularies/core#name": null,
      "http://a.ml/vocabularies/data#value": null,
      "http://www.w3.org/ns/shacl#datatype": null,
      "id": "file:///Users/abettati/Desktop/apisContentFull/8591.json#/web-api/end-points/%2Fapi%2Ftracking%2Fclient%2FstopTracking%2F%7Breason%7D/post/request/parameter/reason/scalar/schema/enum/scalar_1"
    }],
    "http://www.w3.org/ns/shacl#name": "schema",
    "id": "file:///Users/abettati/Desktop/apisContentFull/8591.json#/web-api/end-points/%2Fapi%2Ftracking%2Fclient%2FstopTracking%2F%7Breason%7D/post/request/parameter/reason/scalar/schema"
  },
  "id": "file:///Users/abettati/Desktop/apisContentFull/8591.json#/web-api/end-points/%2Fapi%2Ftracking%2Fclient%2FstopTracking%2F%7Breason%7D/post/request/parameter/reason"
}, {
  "http://a.ml/vocabularies/apiContract#binding": "path",
  "http://a.ml/vocabularies/apiContract#paramName": "selectedOption",
  "http://a.ml/vocabularies/apiContract#required": "true",
  "http://a.ml/vocabularies/core#description": "Use \"0\" for 1 hour, \"1\" - tomorrow morning and \"2\" - next monday",
  "http://a.ml/vocabularies/core#name": "selectedOption",
  "http://a.ml/vocabularies/shapes#schema": {
    "http://a.ml/vocabularies/core#description": "Use \"0\" for 1 hour, \"1\" - tomorrow morning and \"2\" - next monday",
    "http://a.ml/vocabularies/shapes#format": "int32",
    "http://www.w3.org/ns/shacl#datatype": "http://www.w3.org/2001/XMLSchema#integer",
    "http://www.w3.org/ns/shacl#in": [{
      "http://a.ml/vocabularies/core#name": null,
      "http://a.ml/vocabularies/data#value": null,
      "http://www.w3.org/ns/shacl#datatype": null,
      "id": "file:///Users/abettati/Desktop/apisContentFull/8591.json#/web-api/end-points/%2Fapi%2Ftracking%2Fclient%2FidleCheck%2F%7BselectedOption%7D/post/request/parameter/selectedOption/scalar/schema/enum/scalar_1"
    }, {
      "http://a.ml/vocabularies/core#name": null,
      "http://a.ml/vocabularies/data#value": null,
      "http://www.w3.org/ns/shacl#datatype": null,
      "id": "file:///Users/abettati/Desktop/apisContentFull/8591.json#/web-api/end-points/%2Fapi%2Ftracking%2Fclient%2FidleCheck%2F%7BselectedOption%7D/post/request/parameter/selectedOption/scalar/schema/enum/scalar_2"
    }, {
      "http://a.ml/vocabularies/core#name": null,
      "http://a.ml/vocabularies/data#value": null,
      "http://www.w3.org/ns/shacl#datatype": null,
      "id": "file:///Users/abettati/Desktop/apisContentFull/8591.json#/web-api/end-points/%2Fapi%2Ftracking%2Fclient%2FidleCheck%2F%7BselectedOption%7D/post/request/parameter/selectedOption/scalar/schema/enum/scalar_3"
    }],
    "http://www.w3.org/ns/shacl#name": "schema",
    "id": "file:///Users/abettati/Desktop/apisContentFull/8591.json#/web-api/end-points/%2Fapi%2Ftracking%2Fclient%2FidleCheck%2F%7BselectedOption%7D/post/request/parameter/selectedOption/scalar/schema"
  },
  "id": "file:///Users/abettati/Desktop/apisContentFull/8591.json#/web-api/end-points/%2Fapi%2Ftracking%2Fclient%2FidleCheck%2F%7BselectedOption%7D/post/request/parameter/selectedOption"
}, {
  "http://a.ml/vocabularies/apiContract#binding": "query",
  "http://a.ml/vocabularies/apiContract#paramName": "expand",
  "http://a.ml/vocabularies/apiContract#required": "true",
  "http://a.ml/vocabularies/core#description": "If set to true additional details will be returned",
  "http://a.ml/vocabularies/core#name": "expand",
  "http://a.ml/vocabularies/shapes#schema": {
    "http://a.ml/vocabularies/core#description": "If set to true additional details will be returned",
    "http://www.w3.org/ns/shacl#datatype": "http://www.w3.org/2001/XMLSchema#boolean",
    "http://www.w3.org/ns/shacl#name": "schema",
    "id": "file:///Users/abettati/Desktop/apisContentFull/8591.json#/web-api/end-points/%2Fsignalr%2FtrackingHub%2Fv2.1%3Acurrent/get/request/parameter/expand/scalar/schema"
  },
  "id": "file:///Users/abettati/Desktop/apisContentFull/8591.json#/web-api/end-points/%2Fsignalr%2FtrackingHub%2Fv2.1%3Acurrent/get/request/parameter/expand"
}, {
  "http://a.ml/vocabularies/apiContract#binding": "query",
  "http://a.ml/vocabularies/apiContract#paramName": "count",
  "http://a.ml/vocabularies/apiContract#required": "true",
  "http://a.ml/vocabularies/core#description": "Number of tracks to return",
  "http://a.ml/vocabularies/core#name": "count",
  "http://a.ml/vocabularies/shapes#schema": {
    "http://a.ml/vocabularies/core#description": "Number of tracks to return",
    "http://a.ml/vocabularies/shapes#format": "int32",
    "http://www.w3.org/ns/shacl#datatype": "http://www.w3.org/2001/XMLSchema#integer",
    "http://www.w3.org/ns/shacl#name": "schema",
    "id": "file:///Users/abettati/Desktop/apisContentFull/8591.json#/web-api/end-points/%2Fsignalr%2FtrackingHub%2Fv2.1%3Alatest/get/request/parameter/count/scalar/schema"
  },
  "id": "file:///Users/abettati/Desktop/apisContentFull/8591.json#/web-api/end-points/%2Fsignalr%2FtrackingHub%2Fv2.1%3Alatest/get/request/parameter/count"
}, {
  "http://a.ml/vocabularies/apiContract#binding": "query",
  "http://a.ml/vocabularies/apiContract#paramName": "reason",
  "http://a.ml/vocabularies/apiContract#required": "true",
  "http://a.ml/vocabularies/core#description": "Use \"0\" for stoped by client reason; Use \"1\" for stoped by PC/Mac/Device lock or other obvious inactive state (if enabled)",
  "http://a.ml/vocabularies/core#name": "reason",
  "http://a.ml/vocabularies/shapes#schema": {
    "http://a.ml/vocabularies/core#description": "Use \"0\" for stoped by client reason; Use \"1\" for stoped by PC/Mac/Device lock or other obvious inactive state (if enabled)",
    "http://a.ml/vocabularies/shapes#format": "int32",
    "http://www.w3.org/ns/shacl#datatype": "http://www.w3.org/2001/XMLSchema#integer",
    "http://www.w3.org/ns/shacl#in": [{
      "http://a.ml/vocabularies/core#name": null,
      "http://a.ml/vocabularies/data#value": null,
      "http://www.w3.org/ns/shacl#datatype": null,
      "id": "file:///Users/abettati/Desktop/apisContentFull/8591.json#/web-api/end-points/%2Fsignalr%2FtrackingHub%2Fv2.1%3AstopTracking/get/request/parameter/reason/scalar/schema/enum/scalar_1"
    }],
    "http://www.w3.org/ns/shacl#name": "schema",
    "id": "file:///Users/abettati/Desktop/apisContentFull/8591.json#/web-api/end-points/%2Fsignalr%2FtrackingHub%2Fv2.1%3AstopTracking/get/request/parameter/reason/scalar/schema"
  },
  "id": "file:///Users/abettati/Desktop/apisContentFull/8591.json#/web-api/end-points/%2Fsignalr%2FtrackingHub%2Fv2.1%3AstopTracking/get/request/parameter/reason"
}, {
  "http://a.ml/vocabularies/apiContract#binding": "path",
  "http://a.ml/vocabularies/apiContract#paramName": "selectedOption",
  "http://a.ml/vocabularies/apiContract#required": "true",
  "http://a.ml/vocabularies/core#description": "Use \"0\" for 1 hour, \"1\" - tomorrow morning and \"2\" - next monday",
  "http://a.ml/vocabularies/core#name": "selectedOption",
  "http://a.ml/vocabularies/shapes#schema": {
    "http://a.ml/vocabularies/core#description": "Use \"0\" for 1 hour, \"1\" - tomorrow morning and \"2\" - next monday",
    "http://a.ml/vocabularies/shapes#format": "int32",
    "http://www.w3.org/ns/shacl#datatype": "http://www.w3.org/2001/XMLSchema#integer",
    "http://www.w3.org/ns/shacl#in": [{
      "http://a.ml/vocabularies/core#name": null,
      "http://a.ml/vocabularies/data#value": null,
      "http://www.w3.org/ns/shacl#datatype": null,
      "id": "file:///Users/abettati/Desktop/apisContentFull/8591.json#/web-api/end-points/%2Fsignalr%2FtrackingHub%2Fv2.1%3AidleCheck/get/request/parameter/selectedOption/scalar/schema/enum/scalar_1"
    }, {
      "http://a.ml/vocabularies/core#name": null,
      "http://a.ml/vocabularies/data#value": null,
      "http://www.w3.org/ns/shacl#datatype": null,
      "id": "file:///Users/abettati/Desktop/apisContentFull/8591.json#/web-api/end-points/%2Fsignalr%2FtrackingHub%2Fv2.1%3AidleCheck/get/request/parameter/selectedOption/scalar/schema/enum/scalar_2"
    }, {
      "http://a.ml/vocabularies/core#name": null,
      "http://a.ml/vocabularies/data#value": null,
      "http://www.w3.org/ns/shacl#datatype": null,
      "id": "file:///Users/abettati/Desktop/apisContentFull/8591.json#/web-api/end-points/%2Fsignalr%2FtrackingHub%2Fv2.1%3AidleCheck/get/request/parameter/selectedOption/scalar/schema/enum/scalar_3"
    }],
    "http://www.w3.org/ns/shacl#name": "schema",
    "id": "file:///Users/abettati/Desktop/apisContentFull/8591.json#/web-api/end-points/%2Fsignalr%2FtrackingHub%2Fv2.1%3AidleCheck/get/request/parameter/selectedOption/scalar/schema"
  },
  "id": "file:///Users/abettati/Desktop/apisContentFull/8591.json#/web-api/end-points/%2Fsignalr%2FtrackingHub%2Fv2.1%3AidleCheck/get/request/parameter/selectedOption"
}, {
  "http://a.ml/vocabularies/apiContract#binding": "path",
  "http://a.ml/vocabularies/apiContract#paramName": "endDate",
  "http://a.ml/vocabularies/apiContract#required": "true",
  "http://a.ml/vocabularies/core#description": "Should be in format \"yyyy-MM-dd\". End of export timeframe",
  "http://a.ml/vocabularies/core#name": "endDate",
  "http://a.ml/vocabularies/shapes#schema": {
    "http://a.ml/vocabularies/core#description": "Should be in format \"yyyy-MM-dd\". End of export timeframe",
    "http://www.w3.org/ns/shacl#datatype": "http://www.w3.org/2001/XMLSchema#string",
    "http://www.w3.org/ns/shacl#name": "schema",
    "id": "file:///Users/abettati/Desktop/apisContentFull/8591.json#/web-api/end-points/%2Fapi%2Fodata%2FTimeExport(StartDate%3D%7BstartDate%7D%2CEndDate%3D%7BendDate%7D%2CPopulateTopParentColumns%3D%7BpopulateTopParentColumns%7D%2CGroupTimeByDateByUser%3D%7BgroupTimeByDateByUser%7D%2CIncludeBillable%3D%7BincludeBillable%7D)/get/request/parameter/endDate/scalar/schema"
  },
  "id": "file:///Users/abettati/Desktop/apisContentFull/8591.json#/web-api/end-points/%2Fapi%2Fodata%2FTimeExport(StartDate%3D%7BstartDate%7D%2CEndDate%3D%7BendDate%7D%2CPopulateTopParentColumns%3D%7BpopulateTopParentColumns%7D%2CGroupTimeByDateByUser%3D%7BgroupTimeByDateByUser%7D%2CIncludeBillable%3D%7BincludeBillable%7D)/get/request/parameter/endDate"
}, {
  "http://a.ml/vocabularies/apiContract#binding": "path",
  "http://a.ml/vocabularies/apiContract#paramName": "groupTimeByDateByUser",
  "http://a.ml/vocabularies/apiContract#required": "true",
  "http://a.ml/vocabularies/core#description": "If set to true, time tracked for the same Work Item ID in one day, by the same user, is grouped as a single export entry",
  "http://a.ml/vocabularies/core#name": "groupTimeByDateByUser",
  "http://a.ml/vocabularies/shapes#schema": {
    "http://a.ml/vocabularies/core#description": "If set to true, time tracked for the same Work Item ID in one day, by the same user, is grouped as a single export entry",
    "http://www.w3.org/ns/shacl#datatype": "http://www.w3.org/2001/XMLSchema#boolean",
    "http://www.w3.org/ns/shacl#name": "schema",
    "id": "file:///Users/abettati/Desktop/apisContentFull/8591.json#/web-api/end-points/%2Fapi%2Fodata%2FTimeExport(StartDate%3D%7BstartDate%7D%2CEndDate%3D%7BendDate%7D%2CPopulateTopParentColumns%3D%7BpopulateTopParentColumns%7D%2CGroupTimeByDateByUser%3D%7BgroupTimeByDateByUser%7D%2CIncludeBillable%3D%7BincludeBillable%7D)/get/request/parameter/groupTimeByDateByUser/scalar/schema"
  },
  "id": "file:///Users/abettati/Desktop/apisContentFull/8591.json#/web-api/end-points/%2Fapi%2Fodata%2FTimeExport(StartDate%3D%7BstartDate%7D%2CEndDate%3D%7BendDate%7D%2CPopulateTopParentColumns%3D%7BpopulateTopParentColumns%7D%2CGroupTimeByDateByUser%3D%7BgroupTimeByDateByUser%7D%2CIncludeBillable%3D%7BincludeBillable%7D)/get/request/parameter/groupTimeByDateByUser"
}, {
  "http://a.ml/vocabularies/apiContract#binding": "path",
  "http://a.ml/vocabularies/apiContract#paramName": "includeBillable",
  "http://a.ml/vocabularies/apiContract#required": "true",
  "http://a.ml/vocabularies/core#description": "If set to true, additional billable columns and grouping criteria are filled. Default: true",
  "http://a.ml/vocabularies/core#name": "includeBillable",
  "http://a.ml/vocabularies/shapes#schema": {
    "http://a.ml/vocabularies/core#description": "If set to true, additional billable columns and grouping criteria are filled. Default: true",
    "http://www.w3.org/ns/shacl#datatype": "http://www.w3.org/2001/XMLSchema#boolean",
    "http://www.w3.org/ns/shacl#name": "schema",
    "id": "file:///Users/abettati/Desktop/apisContentFull/8591.json#/web-api/end-points/%2Fapi%2Fodata%2FTimeExport(StartDate%3D%7BstartDate%7D%2CEndDate%3D%7BendDate%7D%2CPopulateTopParentColumns%3D%7BpopulateTopParentColumns%7D%2CGroupTimeByDateByUser%3D%7BgroupTimeByDateByUser%7D%2CIncludeBillable%3D%7BincludeBillable%7D)/get/request/parameter/includeBillable/scalar/schema"
  },
  "id": "file:///Users/abettati/Desktop/apisContentFull/8591.json#/web-api/end-points/%2Fapi%2Fodata%2FTimeExport(StartDate%3D%7BstartDate%7D%2CEndDate%3D%7BendDate%7D%2CPopulateTopParentColumns%3D%7BpopulateTopParentColumns%7D%2CGroupTimeByDateByUser%3D%7BgroupTimeByDateByUser%7D%2CIncludeBillable%3D%7BincludeBillable%7D)/get/request/parameter/includeBillable"
}, {
  "http://a.ml/vocabularies/apiContract#binding": "path",
  "http://a.ml/vocabularies/apiContract#paramName": "populateTopParentColumns",
  "http://a.ml/vocabularies/apiContract#required": "true",
  "http://a.ml/vocabularies/core#description": "If set to true, for each time entry calculates top parent work item and it's values (Work Item ID, Title and Effort). Default: false",
  "http://a.ml/vocabularies/core#name": "populateTopParentColumns",
  "http://a.ml/vocabularies/shapes#schema": {
    "http://a.ml/vocabularies/core#description": "If set to true, for each time entry calculates top parent work item and it's values (Work Item ID, Title and Effort). Default: false",
    "http://www.w3.org/ns/shacl#datatype": "http://www.w3.org/2001/XMLSchema#boolean",
    "http://www.w3.org/ns/shacl#name": "schema",
    "id": "file:///Users/abettati/Desktop/apisContentFull/8591.json#/web-api/end-points/%2Fapi%2Fodata%2FTimeExport(StartDate%3D%7BstartDate%7D%2CEndDate%3D%7BendDate%7D%2CPopulateTopParentColumns%3D%7BpopulateTopParentColumns%7D%2CGroupTimeByDateByUser%3D%7BgroupTimeByDateByUser%7D%2CIncludeBillable%3D%7BincludeBillable%7D)/get/request/parameter/populateTopParentColumns/scalar/schema"
  },
  "id": "file:///Users/abettati/Desktop/apisContentFull/8591.json#/web-api/end-points/%2Fapi%2Fodata%2FTimeExport(StartDate%3D%7BstartDate%7D%2CEndDate%3D%7BendDate%7D%2CPopulateTopParentColumns%3D%7BpopulateTopParentColumns%7D%2CGroupTimeByDateByUser%3D%7BgroupTimeByDateByUser%7D%2CIncludeBillable%3D%7BincludeBillable%7D)/get/request/parameter/populateTopParentColumns"
}, {
  "http://a.ml/vocabularies/apiContract#binding": "path",
  "http://a.ml/vocabularies/apiContract#paramName": "startDate",
  "http://a.ml/vocabularies/apiContract#required": "true",
  "http://a.ml/vocabularies/core#description": "Should be in format \"yyyy-MM-dd\". Beginning of export timeframe",
  "http://a.ml/vocabularies/core#name": "startDate",
  "http://a.ml/vocabularies/shapes#schema": {
    "http://a.ml/vocabularies/core#description": "Should be in format \"yyyy-MM-dd\". Beginning of export timeframe",
    "http://www.w3.org/ns/shacl#datatype": "http://www.w3.org/2001/XMLSchema#string",
    "http://www.w3.org/ns/shacl#name": "schema",
    "id": "file:///Users/abettati/Desktop/apisContentFull/8591.json#/web-api/end-points/%2Fapi%2Fodata%2FTimeExport(StartDate%3D%7BstartDate%7D%2CEndDate%3D%7BendDate%7D%2CPopulateTopParentColumns%3D%7BpopulateTopParentColumns%7D%2CGroupTimeByDateByUser%3D%7BgroupTimeByDateByUser%7D%2CIncludeBillable%3D%7BincludeBillable%7D)/get/request/parameter/startDate/scalar/schema"
  },
  "id": "file:///Users/abettati/Desktop/apisContentFull/8591.json#/web-api/end-points/%2Fapi%2Fodata%2FTimeExport(StartDate%3D%7BstartDate%7D%2CEndDate%3D%7BendDate%7D%2CPopulateTopParentColumns%3D%7BpopulateTopParentColumns%7D%2CGroupTimeByDateByUser%3D%7BgroupTimeByDateByUser%7D%2CIncludeBillable%3D%7BincludeBillable%7D)/get/request/parameter/startDate"
}]