[{
  "http://a.ml/vocabularies/apiContract#binding": "path",
  "http://a.ml/vocabularies/apiContract#paramName": "username",
  "http://a.ml/vocabularies/apiContract#required": "true",
  "http://a.ml/vocabularies/core#description": "Username of the credited user",
  "http://a.ml/vocabularies/core#name": "username",
  "http://a.ml/vocabularies/shapes#schema": {
    "http://a.ml/vocabularies/core#description": "Username of the credited user",
    "http://www.w3.org/ns/shacl#datatype": "http://www.w3.org/2001/XMLSchema#string",
    "http://www.w3.org/ns/shacl#name": "schema",
    "id": "file:///Users/abettati/Desktop/apisContentFull/8809.json#/web-api/end-points/%2Fusers%2F%7Busername%7D%2Fbalance%2Fadd%2F%7Bbalance%7D/post/request/parameter/username/scalar/schema"
  },
  "id": "file:///Users/abettati/Desktop/apisContentFull/8809.json#/web-api/end-points/%2Fusers%2F%7Busername%7D%2Fbalance%2Fadd%2F%7Bbalance%7D/post/request/parameter/username"
}, {
  "http://a.ml/vocabularies/apiContract#binding": "path",
  "http://a.ml/vocabularies/apiContract#paramName": "balance",
  "http://a.ml/vocabularies/apiContract#required": "true",
  "http://a.ml/vocabularies/core#description": "Balance to add in cent, use Balance*(-1) to remove balance",
  "http://a.ml/vocabularies/core#name": "balance",
  "http://a.ml/vocabularies/shapes#schema": {
    "http://a.ml/vocabularies/core#description": "Balance to add in cent, use Balance*(-1) to remove balance",
    "http://www.w3.org/ns/shacl#datatype": "http://www.w3.org/2001/XMLSchema#integer",
    "http://www.w3.org/ns/shacl#name": "schema",
    "id": "file:///Users/abettati/Desktop/apisContentFull/8809.json#/web-api/end-points/%2Fusers%2F%7Busername%7D%2Fbalance%2Fadd%2F%7Bbalance%7D/post/request/parameter/balance/scalar/schema"
  },
  "id": "file:///Users/abettati/Desktop/apisContentFull/8809.json#/web-api/end-points/%2Fusers%2F%7Busername%7D%2Fbalance%2Fadd%2F%7Bbalance%7D/post/request/parameter/balance"
}, {
  "http://a.ml/vocabularies/apiContract#binding": "path",
  "http://a.ml/vocabularies/apiContract#paramName": "app-id",
  "http://a.ml/vocabularies/apiContract#required": "true",
  "http://a.ml/vocabularies/core#description": "The ID of the app",
  "http://a.ml/vocabularies/core#name": "app-id",
  "http://a.ml/vocabularies/shapes#schema": {
    "http://a.ml/vocabularies/core#description": "The ID of the app",
    "http://www.w3.org/ns/shacl#datatype": "http://www.w3.org/2001/XMLSchema#string",
    "http://www.w3.org/ns/shacl#name": "schema",
    "id": "file:///Users/abettati/Desktop/apisContentFull/8809.json#/web-api/end-points/%2Fapps%2F%7Bapp-id%7D/delete/request/parameter/app-id/scalar/schema"
  },
  "id": "file:///Users/abettati/Desktop/apisContentFull/8809.json#/web-api/end-points/%2Fapps%2F%7Bapp-id%7D/delete/request/parameter/app-id"
}, {
  "http://a.ml/vocabularies/apiContract#binding": "path",
  "http://a.ml/vocabularies/apiContract#paramName": "app-id",
  "http://a.ml/vocabularies/apiContract#required": "true",
  "http://a.ml/vocabularies/core#description": "The ID of the app",
  "http://a.ml/vocabularies/core#name": "app-id",
  "http://a.ml/vocabularies/shapes#schema": {
    "http://a.ml/vocabularies/core#description": "The ID of the app",
    "http://www.w3.org/ns/shacl#datatype": "http://www.w3.org/2001/XMLSchema#string",
    "http://www.w3.org/ns/shacl#name": "schema",
    "id": "file:///Users/abettati/Desktop/apisContentFull/8809.json#/web-api/end-points/%2Fapps%2F%7Bapp-id%7D%2Finfo/parameter/app-id/scalar/schema"
  },
  "id": "file:///Users/abettati/Desktop/apisContentFull/8809.json#/web-api/end-points/%2Fapps%2F%7Bapp-id%7D%2Finfo/parameter/app-id"
}, {
  "http://a.ml/vocabularies/apiContract#binding": "path",
  "http://a.ml/vocabularies/apiContract#paramName": "app-id",
  "http://a.ml/vocabularies/apiContract#required": "true",
  "http://a.ml/vocabularies/core#description": "The ID of the app",
  "http://a.ml/vocabularies/core#name": "app-id",
  "http://a.ml/vocabularies/shapes#schema": {
    "http://a.ml/vocabularies/core#description": "The ID of the app",
    "http://www.w3.org/ns/shacl#datatype": "http://www.w3.org/2001/XMLSchema#string",
    "http://www.w3.org/ns/shacl#name": "schema",
    "id": "file:///Users/abettati/Desktop/apisContentFull/8809.json#/web-api/end-points/%2Fapps%2F%7Bapp-id%7D%2Fanalytics%2Flaunches/post/request/parameter/app-id/scalar/schema"
  },
  "id": "file:///Users/abettati/Desktop/apisContentFull/8809.json#/web-api/end-points/%2Fapps%2F%7Bapp-id%7D%2Fanalytics%2Flaunches/post/request/parameter/app-id"
}, {
  "http://a.ml/vocabularies/apiContract#binding": "path",
  "http://a.ml/vocabularies/apiContract#paramName": "app-id",
  "http://a.ml/vocabularies/apiContract#required": "true",
  "http://a.ml/vocabularies/core#description": "The ID of the app",
  "http://a.ml/vocabularies/core#name": "app-id",
  "http://a.ml/vocabularies/shapes#schema": {
    "http://a.ml/vocabularies/core#description": "The ID of the app",
    "http://www.w3.org/ns/shacl#datatype": "http://www.w3.org/2001/XMLSchema#string",
    "http://www.w3.org/ns/shacl#name": "schema",
    "id": "file:///Users/abettati/Desktop/apisContentFull/8809.json#/web-api/end-points/%2Fapps%2F%7Bapp-id%7D%2Fanalytics%2Flive/get/request/parameter/app-id/scalar/schema"
  },
  "id": "file:///Users/abettati/Desktop/apisContentFull/8809.json#/web-api/end-points/%2Fapps%2F%7Bapp-id%7D%2Fanalytics%2Flive/get/request/parameter/app-id"
}, {
  "http://a.ml/vocabularies/apiContract#binding": "path",
  "http://a.ml/vocabularies/apiContract#paramName": "app-id",
  "http://a.ml/vocabularies/apiContract#required": "true",
  "http://a.ml/vocabularies/core#description": "The ID of the app",
  "http://a.ml/vocabularies/core#name": "app-id",
  "http://a.ml/vocabularies/shapes#schema": {
    "http://a.ml/vocabularies/core#description": "The ID of the app",
    "http://www.w3.org/ns/shacl#datatype": "http://www.w3.org/2001/XMLSchema#string",
    "http://www.w3.org/ns/shacl#name": "schema",
    "id": "file:///Users/abettati/Desktop/apisContentFull/8809.json#/web-api/end-points/%2Fapps%2F%7Bapp-id%7D%2Ficon/get/request/parameter/app-id/scalar/schema"
  },
  "id": "file:///Users/abettati/Desktop/apisContentFull/8809.json#/web-api/end-points/%2Fapps%2F%7Bapp-id%7D%2Ficon/get/request/parameter/app-id"
}, {
  "http://a.ml/vocabularies/apiContract#binding": "path",
  "http://a.ml/vocabularies/apiContract#paramName": "app-id",
  "http://a.ml/vocabularies/apiContract#required": "true",
  "http://a.ml/vocabularies/core#description": "The ID of the app",
  "http://a.ml/vocabularies/core#name": "app-id",
  "http://a.ml/vocabularies/shapes#schema": {
    "http://a.ml/vocabularies/core#description": "The ID of the app",
    "http://www.w3.org/ns/shacl#datatype": "http://www.w3.org/2001/XMLSchema#string",
    "http://www.w3.org/ns/shacl#name": "schema",
    "id": "file:///Users/abettati/Desktop/apisContentFull/8809.json#/web-api/end-points/%2Fapps%2F%7Bapp-id%7D%2Fmanagers/post/request/parameter/app-id/scalar/schema"
  },
  "id": "file:///Users/abettati/Desktop/apisContentFull/8809.json#/web-api/end-points/%2Fapps%2F%7Bapp-id%7D%2Fmanagers/post/request/parameter/app-id"
}, {
  "http://a.ml/vocabularies/apiContract#binding": "path",
  "http://a.ml/vocabularies/apiContract#paramName": "app-id",
  "http://a.ml/vocabularies/apiContract#required": "true",
  "http://a.ml/vocabularies/core#description": "The ID of the app",
  "http://a.ml/vocabularies/core#name": "app-id",
  "http://a.ml/vocabularies/shapes#schema": {
    "http://a.ml/vocabularies/core#description": "The ID of the app",
    "http://www.w3.org/ns/shacl#datatype": "http://www.w3.org/2001/XMLSchema#string",
    "http://www.w3.org/ns/shacl#name": "schema",
    "id": "file:///Users/abettati/Desktop/apisContentFull/8809.json#/web-api/end-points/%2Fapps%2F%7Bapp-id%7D%2Fusers/get/request/parameter/app-id/scalar/schema"
  },
  "id": "file:///Users/abettati/Desktop/apisContentFull/8809.json#/web-api/end-points/%2Fapps%2F%7Bapp-id%7D%2Fusers/get/request/parameter/app-id"
}, {
  "http://a.ml/vocabularies/apiContract#binding": "path",
  "http://a.ml/vocabularies/apiContract#paramName": "app-id",
  "http://a.ml/vocabularies/apiContract#required": "true",
  "http://a.ml/vocabularies/core#description": "The ID of the app",
  "http://a.ml/vocabularies/core#name": "app-id",
  "http://a.ml/vocabularies/shapes#schema": {
    "http://a.ml/vocabularies/core#description": "The ID of the app",
    "http://www.w3.org/ns/shacl#datatype": "http://www.w3.org/2001/XMLSchema#string",
    "http://www.w3.org/ns/shacl#name": "schema",
    "id": "file:///Users/abettati/Desktop/apisContentFull/8809.json#/web-api/end-points/%2Fapps%2F%7Bapp-id%7D%2Fadd/post/request/parameter/app-id/scalar/schema"
  },
  "id": "file:///Users/abettati/Desktop/apisContentFull/8809.json#/web-api/end-points/%2Fapps%2F%7Bapp-id%7D%2Fadd/post/request/parameter/app-id"
}, {
  "http://a.ml/vocabularies/apiContract#binding": "path",
  "http://a.ml/vocabularies/apiContract#paramName": "app-id",
  "http://a.ml/vocabularies/apiContract#required": "true",
  "http://a.ml/vocabularies/core#description": "The ID of the app",
  "http://a.ml/vocabularies/core#name": "app-id",
  "http://a.ml/vocabularies/shapes#schema": {
    "http://a.ml/vocabularies/core#description": "The ID of the app",
    "http://www.w3.org/ns/shacl#datatype": "http://www.w3.org/2001/XMLSchema#string",
    "http://www.w3.org/ns/shacl#name": "schema",
    "id": "file:///Users/abettati/Desktop/apisContentFull/8809.json#/web-api/end-points/%2Fapps%2F%7Bapp-id%7D%2Fusers%2F%7Busername%7D/parameter/app-id/scalar/schema"
  },
  "id": "file:///Users/abettati/Desktop/apisContentFull/8809.json#/web-api/end-points/%2Fapps%2F%7Bapp-id%7D%2Fusers%2F%7Busername%7D/parameter/app-id"
}, {
  "http://a.ml/vocabularies/apiContract#binding": "path",
  "http://a.ml/vocabularies/apiContract#paramName": "username",
  "http://a.ml/vocabularies/apiContract#required": "true",
  "http://a.ml/vocabularies/core#description": "The name of the user",
  "http://a.ml/vocabularies/core#name": "username",
  "http://a.ml/vocabularies/shapes#schema": {
    "http://a.ml/vocabularies/core#description": "The name of the user",
    "http://www.w3.org/ns/shacl#datatype": "http://www.w3.org/2001/XMLSchema#string",
    "http://www.w3.org/ns/shacl#name": "schema",
    "id": "file:///Users/abettati/Desktop/apisContentFull/8809.json#/web-api/end-points/%2Fapps%2F%7Bapp-id%7D%2Fusers%2F%7Busername%7D/parameter/username/scalar/schema"
  },
  "id": "file:///Users/abettati/Desktop/apisContentFull/8809.json#/web-api/end-points/%2Fapps%2F%7Bapp-id%7D%2Fusers%2F%7Busername%7D/parameter/username"
}, {
  "http://a.ml/vocabularies/apiContract#binding": "path",
  "http://a.ml/vocabularies/apiContract#paramName": "app-id",
  "http://a.ml/vocabularies/apiContract#required": "true",
  "http://a.ml/vocabularies/core#description": "The ID of the app",
  "http://a.ml/vocabularies/core#name": "app-id",
  "http://a.ml/vocabularies/shapes#schema": {
    "http://a.ml/vocabularies/core#description": "The ID of the app",
    "http://www.w3.org/ns/shacl#datatype": "http://www.w3.org/2001/XMLSchema#string",
    "http://www.w3.org/ns/shacl#name": "schema",
    "id": "file:///Users/abettati/Desktop/apisContentFull/8809.json#/web-api/end-points/%2Fapps%2F%7Bapp-id%7D%2Fextend/get/request/parameter/app-id/scalar/schema"
  },
  "id": "file:///Users/abettati/Desktop/apisContentFull/8809.json#/web-api/end-points/%2Fapps%2F%7Bapp-id%7D%2Fextend/get/request/parameter/app-id"
}, {
  "http://a.ml/vocabularies/apiContract#binding": "path",
  "http://a.ml/vocabularies/apiContract#paramName": "app-id",
  "http://a.ml/vocabularies/apiContract#required": "true",
  "http://a.ml/vocabularies/core#description": "The ID of the app",
  "http://a.ml/vocabularies/core#name": "app-id",
  "http://a.ml/vocabularies/shapes#schema": {
    "http://a.ml/vocabularies/core#description": "The ID of the app",
    "http://www.w3.org/ns/shacl#datatype": "http://www.w3.org/2001/XMLSchema#string",
    "http://www.w3.org/ns/shacl#name": "schema",
    "id": "file:///Users/abettati/Desktop/apisContentFull/8809.json#/web-api/end-points/%2Fapps%2F%7Bapp-id%7D%2Fupgrade/get/request/parameter/app-id/scalar/schema"
  },
  "id": "file:///Users/abettati/Desktop/apisContentFull/8809.json#/web-api/end-points/%2Fapps%2F%7Bapp-id%7D%2Fupgrade/get/request/parameter/app-id"
}, {
  "http://a.ml/vocabularies/apiContract#binding": "path",
  "http://a.ml/vocabularies/apiContract#paramName": "app-id",
  "http://a.ml/vocabularies/apiContract#required": "true",
  "http://a.ml/vocabularies/core#description": "The ID of the app",
  "http://a.ml/vocabularies/core#name": "app-id",
  "http://a.ml/vocabularies/shapes#schema": {
    "http://a.ml/vocabularies/core#description": "The ID of the app",
    "http://www.w3.org/ns/shacl#datatype": "http://www.w3.org/2001/XMLSchema#string",
    "http://www.w3.org/ns/shacl#name": "schema",
    "id": "file:///Users/abettati/Desktop/apisContentFull/8809.json#/web-api/end-points/%2Fapps%2F%7Bapp-id%7D%2Fdowngrade/get/request/parameter/app-id/scalar/schema"
  },
  "id": "file:///Users/abettati/Desktop/apisContentFull/8809.json#/web-api/end-points/%2Fapps%2F%7Bapp-id%7D%2Fdowngrade/get/request/parameter/app-id"
}, {
  "http://a.ml/vocabularies/apiContract#binding": "path",
  "http://a.ml/vocabularies/apiContract#paramName": "app-id",
  "http://a.ml/vocabularies/apiContract#required": "true",
  "http://a.ml/vocabularies/core#description": "The ID of the app",
  "http://a.ml/vocabularies/core#name": "app-id",
  "http://a.ml/vocabularies/shapes#schema": {
    "http://a.ml/vocabularies/core#description": "The ID of the app",
    "http://www.w3.org/ns/shacl#datatype": "http://www.w3.org/2001/XMLSchema#string",
    "http://www.w3.org/ns/shacl#name": "schema",
    "id": "file:///Users/abettati/Desktop/apisContentFull/8809.json#/web-api/end-points/%2Fapps%2F%7Bapp-id%7D%2Faudit_log%2F%7Bpage%7D/parameter/app-id/scalar/schema"
  },
  "id": "file:///Users/abettati/Desktop/apisContentFull/8809.json#/web-api/end-points/%2Fapps%2F%7Bapp-id%7D%2Faudit_log%2F%7Bpage%7D/parameter/app-id"
}, {
  "http://a.ml/vocabularies/apiContract#binding": "path",
  "http://a.ml/vocabularies/apiContract#paramName": "page",
  "http://a.ml/vocabularies/apiContract#required": "true",
  "http://a.ml/vocabularies/core#description": "The page you want to access",
  "http://a.ml/vocabularies/core#name": "page",
  "http://a.ml/vocabularies/shapes#schema": {
    "http://a.ml/vocabularies/core#description": "The page you want to access",
    "http://www.w3.org/ns/shacl#datatype": "http://www.w3.org/2001/XMLSchema#string",
    "http://www.w3.org/ns/shacl#name": "schema",
    "id": "file:///Users/abettati/Desktop/apisContentFull/8809.json#/web-api/end-points/%2Fapps%2F%7Bapp-id%7D%2Faudit_log%2F%7Bpage%7D/parameter/page/scalar/schema"
  },
  "id": "file:///Users/abettati/Desktop/apisContentFull/8809.json#/web-api/end-points/%2Fapps%2F%7Bapp-id%7D%2Faudit_log%2F%7Bpage%7D/parameter/page"
}]