[{
  "http://a.ml/vocabularies/apiContract#binding": "header",
  "http://a.ml/vocabularies/apiContract#paramName": "x-IPAddress",
  "http://a.ml/vocabularies/apiContract#required": "false",
  "http://a.ml/vocabularies/core#description": "The network/internet address passed through by the calling process",
  "http://a.ml/vocabularies/core#name": "IPAddress",
  "http://a.ml/vocabularies/shapes#schema": {
    "http://a.ml/vocabularies/core#description": "The network/internet address passed through by the calling process",
    "http://www.w3.org/ns/shacl#datatype": "http://www.w3.org/2001/XMLSchema#string",
    "http://www.w3.org/ns/shacl#maxLength": "39",
    "http://www.w3.org/ns/shacl#minLength": "1",
    "http://www.w3.org/ns/shacl#name": "schema",
    "http://www.w3.org/ns/shacl#pattern": "^[\\sa-zA-Z0-9:\\.]*$\"",
    "id": "file:///Users/abettati/Desktop/apisContentFull/4128.json#/declarations/parameters/parameter/IPAddress/scalar/schema"
  },
  "id": "file:///Users/abettati/Desktop/apisContentFull/4128.json#/declarations/parameters/parameter/IPAddress"
}, {
  "http://a.ml/vocabularies/apiContract#binding": "query",
  "http://a.ml/vocabularies/apiContract#paramName": "CreditDebitIndicator",
  "http://a.ml/vocabularies/apiContract#required": "false",
  "http://a.ml/vocabularies/core#description": "Indicates whether the transaction is a credit or a debit entry.",
  "http://a.ml/vocabularies/core#name": "CreditDebitIndicator",
  "http://a.ml/vocabularies/shapes#schema": {
    "http://a.ml/vocabularies/core#description": "Indicates whether the transaction is a credit or a debit entry.",
    "http://www.w3.org/ns/shacl#datatype": "http://www.w3.org/2001/XMLSchema#string",
    "http://www.w3.org/ns/shacl#in": [{
      "http://a.ml/vocabularies/core#name": null,
      "http://a.ml/vocabularies/data#value": null,
      "http://www.w3.org/ns/shacl#datatype": null,
      "id": "file:///Users/abettati/Desktop/apisContentFull/4128.json#/declarations/parameters/parameter/CreditDebitIndicator/scalar/schema/enum/scalar_1"
    }, {
      "http://a.ml/vocabularies/core#name": null,
      "http://a.ml/vocabularies/data#value": null,
      "http://www.w3.org/ns/shacl#datatype": null,
      "id": "file:///Users/abettati/Desktop/apisContentFull/4128.json#/declarations/parameters/parameter/CreditDebitIndicator/scalar/schema/enum/scalar_2"
    }],
    "http://www.w3.org/ns/shacl#name": "schema",
    "id": "file:///Users/abettati/Desktop/apisContentFull/4128.json#/declarations/parameters/parameter/CreditDebitIndicator/scalar/schema"
  },
  "id": "file:///Users/abettati/Desktop/apisContentFull/4128.json#/declarations/parameters/parameter/CreditDebitIndicator"
}, {
  "http://a.ml/vocabularies/apiContract#binding": "header",
  "http://a.ml/vocabularies/apiContract#paramName": "x-CreateDateTime",
  "http://a.ml/vocabularies/apiContract#required": "true",
  "http://a.ml/vocabularies/core#description": "Time stamp associated with creation of the message. The UTC ISO 8601 Date Time format. For example 2017-01-01T00:00:00Z",
  "http://a.ml/vocabularies/core#name": "CreateDateTime",
  "http://a.ml/vocabularies/shapes#schema": {
    "http://a.ml/vocabularies/core#description": "Time stamp associated with creation of the message. The UTC ISO 8601 Date Time format. For example 2017-01-01T00:00:00Z",
    "http://a.ml/vocabularies/shapes#format": "date-time",
    "http://www.w3.org/ns/shacl#datatype": "http://www.w3.org/2001/XMLSchema#dateTime",
    "http://www.w3.org/ns/shacl#name": "schema",
    "id": "file:///Users/abettati/Desktop/apisContentFull/4128.json#/declarations/parameters/parameter/CreateDateTime/scalar/schema"
  },
  "id": "file:///Users/abettati/Desktop/apisContentFull/4128.json#/declarations/parameters/parameter/CreateDateTime"
}, {
  "http://a.ml/vocabularies/apiContract#binding": "header",
  "http://a.ml/vocabularies/apiContract#paramName": "x-Channel",
  "http://a.ml/vocabularies/apiContract#required": "true",
  "http://a.ml/vocabularies/core#description": "Please refer TMS domain 'BusinessTransactionCommunicationChannelCode' for the  list of possible values. Sample Values include\nPOST OFFICE\nINTERNET\nMOBILE\n",
  "http://a.ml/vocabularies/core#name": "Channel",
  "http://a.ml/vocabularies/shapes#schema": {
    "http://a.ml/vocabularies/core#description": "Please refer TMS domain 'BusinessTransactionCommunicationChannelCode' for the  list of possible values. Sample Values include\nPOST OFFICE\nINTERNET\nMOBILE\n",
    "http://www.w3.org/ns/shacl#datatype": "http://www.w3.org/2001/XMLSchema#string",
    "http://www.w3.org/ns/shacl#maxLength": "25",
    "http://www.w3.org/ns/shacl#minLength": "0",
    "http://www.w3.org/ns/shacl#name": "schema",
    "http://www.w3.org/ns/shacl#pattern": "^[\\sa-zA-Z0-9,_'\\.\\-]*$",
    "id": "file:///Users/abettati/Desktop/apisContentFull/4128.json#/declarations/parameters/parameter/Channel/scalar/schema"
  },
  "id": "file:///Users/abettati/Desktop/apisContentFull/4128.json#/declarations/parameters/parameter/Channel"
}, {
  "http://a.ml/vocabularies/apiContract#binding": "query",
  "http://a.ml/vocabularies/apiContract#paramName": "ToBookingDateTime",
  "http://a.ml/vocabularies/apiContract#required": "false",
  "http://a.ml/vocabularies/core#description": "The UTC ISO 8601 Date Time to filter transactions TO - NB Time component is optional - set to 00:00:00 for just Date",
  "http://a.ml/vocabularies/core#name": "ToBookingDateTime",
  "http://a.ml/vocabularies/shapes#schema": {
    "http://a.ml/vocabularies/core#description": "The UTC ISO 8601 Date Time to filter transactions TO - NB Time component is optional - set to 00:00:00 for just Date",
    "http://a.ml/vocabularies/shapes#format": "date-time",
    "http://www.w3.org/ns/shacl#datatype": "http://www.w3.org/2001/XMLSchema#dateTime",
    "http://www.w3.org/ns/shacl#name": "schema",
    "id": "file:///Users/abettati/Desktop/apisContentFull/4128.json#/declarations/parameters/parameter/ToBookingDateTime/scalar/schema"
  },
  "id": "file:///Users/abettati/Desktop/apisContentFull/4128.json#/declarations/parameters/parameter/ToBookingDateTime"
}, {
  "http://a.ml/vocabularies/apiContract#binding": "header",
  "http://a.ml/vocabularies/apiContract#paramName": "x-SchemaVersion",
  "http://a.ml/vocabularies/apiContract#required": "false",
  "http://a.ml/vocabularies/core#description": "Each service can consume (call) other services within NEM, whether they’re within the same component layer or not. This field uniquely identifies the interface version it wishes to operate against when calling out to a given external (provider) service; when at a given point within its own processing logic.\n\nUsed in combination with other attributes within the GatewayInfo complex type to lookup a unique row entry within a database mapping table; whose column values then facilitate and drive runtime message routing and transformation decisions.    \n\nList of possible values include any sequence of characters conforming to the pattern stipulated, and should identify the version of the service being called. Example value of \"1.2”.\n",
  "http://a.ml/vocabularies/core#name": "SchemaVersion",
  "http://a.ml/vocabularies/shapes#schema": {
    "http://a.ml/vocabularies/core#description": "Each service can consume (call) other services within NEM, whether they’re within the same component layer or not. This field uniquely identifies the interface version it wishes to operate against when calling out to a given external (provider) service; when at a given point within its own processing logic.\n\nUsed in combination with other attributes within the GatewayInfo complex type to lookup a unique row entry within a database mapping table; whose column values then facilitate and drive runtime message routing and transformation decisions.    \n\nList of possible values include any sequence of characters conforming to the pattern stipulated, and should identify the version of the service being called. Example value of \"1.2”.\n",
    "http://www.w3.org/ns/shacl#datatype": "http://www.w3.org/2001/XMLSchema#string",
    "http://www.w3.org/ns/shacl#in": [{
      "http://a.ml/vocabularies/core#name": null,
      "http://a.ml/vocabularies/data#value": null,
      "http://www.w3.org/ns/shacl#datatype": null,
      "id": "file:///Users/abettati/Desktop/apisContentFull/4128.json#/declarations/parameters/parameter/SchemaVersion/scalar/schema/enum/scalar_1"
    }],
    "http://www.w3.org/ns/shacl#name": "schema",
    "http://www.w3.org/ns/shacl#pattern": "^[\\sa-zA-Z0-9,_'\\.\\-]*$",
    "id": "file:///Users/abettati/Desktop/apisContentFull/4128.json#/declarations/parameters/parameter/SchemaVersion/scalar/schema"
  },
  "id": "file:///Users/abettati/Desktop/apisContentFull/4128.json#/declarations/parameters/parameter/SchemaVersion"
}, {
  "http://a.ml/vocabularies/apiContract#binding": "header",
  "http://a.ml/vocabularies/apiContract#paramName": "x-Channel-alternateIdentifier",
  "http://a.ml/vocabularies/apiContract#required": "false",
  "http://a.ml/vocabularies/core#description": "The object holds the channel alternate identifiers. The strings should be populated in a name/value pair format as follows. 'type identifier' for example 'MACHINEID 123.123.123.123, CUSTOMERID 1234567891'.\n\nThe following values are allowed for type\nCASHIERID\nCUSTOMERID\nEMPLOYEEID\nMACHINEID\nTERMINALID\nUSERID\nFUNCTIONALUNITID\n\nthe values within the identifier should meet the below criteria\nstring max length of 60 pattern of \"^[\\sa-zA-Z0-9,_'\\.\\-]*$\"\n",
  "http://a.ml/vocabularies/core#name": "Channel-alternateIdentifier",
  "http://a.ml/vocabularies/shapes#schema": {
    "http://a.ml/vocabularies/core#description": "The object holds the channel alternate identifiers. The strings should be populated in a name/value pair format as follows. 'type identifier' for example 'MACHINEID 123.123.123.123, CUSTOMERID 1234567891'.\n\nThe following values are allowed for type\nCASHIERID\nCUSTOMERID\nEMPLOYEEID\nMACHINEID\nTERMINALID\nUSERID\nFUNCTIONALUNITID\n\nthe values within the identifier should meet the below criteria\nstring max length of 60 pattern of \"^[\\sa-zA-Z0-9,_'\\.\\-]*$\"\n",
    "http://a.ml/vocabularies/shapes#items": {
      "http://www.w3.org/ns/shacl#datatype": "http://www.w3.org/2001/XMLSchema#string",
      "http://www.w3.org/ns/shacl#maxLength": "121",
      "http://www.w3.org/ns/shacl#minLength": "0",
      "http://www.w3.org/ns/shacl#name": "items",
      "http://www.w3.org/ns/shacl#pattern": "^[\\sa-zA-Z0-9,_'\\.\\-]*$",
      "id": "file:///Users/abettati/Desktop/apisContentFull/4128.json#/declarations/parameters/parameter/Channel-alternateIdentifier/array/schema/items/scalar/items"
    },
    "http://www.w3.org/ns/shacl#name": "schema",
    "id": "file:///Users/abettati/Desktop/apisContentFull/4128.json#/declarations/parameters/parameter/Channel-alternateIdentifier/array/schema"
  },
  "id": "file:///Users/abettati/Desktop/apisContentFull/4128.json#/declarations/parameters/parameter/Channel-alternateIdentifier"
}, {
  "http://a.ml/vocabularies/apiContract#binding": "header",
  "http://a.ml/vocabularies/apiContract#paramName": "x-SourceSystemID",
  "http://a.ml/vocabularies/apiContract#required": "true",
  "http://a.ml/vocabularies/core#description": "Please refer TMS domain 'BusinessSystemID' for the  list of possible values. Sample Values include\nDISCOVERY\nBASE24\nCIS\n",
  "http://a.ml/vocabularies/core#name": "SourceSystemID",
  "http://a.ml/vocabularies/shapes#schema": {
    "http://a.ml/vocabularies/core#description": "Please refer TMS domain 'BusinessSystemID' for the  list of possible values. Sample Values include\nDISCOVERY\nBASE24\nCIS\n",
    "http://www.w3.org/ns/shacl#datatype": "http://www.w3.org/2001/XMLSchema#string",
    "http://www.w3.org/ns/shacl#maxLength": "60",
    "http://www.w3.org/ns/shacl#minLength": "0",
    "http://www.w3.org/ns/shacl#name": "schema",
    "http://www.w3.org/ns/shacl#pattern": "^[\\sa-zA-Z0-9,_'\\.\\-]*$",
    "id": "file:///Users/abettati/Desktop/apisContentFull/4128.json#/declarations/parameters/parameter/SourceSystemID/scalar/schema"
  },
  "id": "file:///Users/abettati/Desktop/apisContentFull/4128.json#/declarations/parameters/parameter/SourceSystemID"
}, {
  "http://a.ml/vocabularies/apiContract#binding": "header",
  "http://a.ml/vocabularies/apiContract#paramName": "x-VirtualEnvironment",
  "http://a.ml/vocabularies/apiContract#required": "false",
  "http://a.ml/vocabularies/core#description": "Each channel consumer under test, mandates a unique blend of service provider versions within the NEM. This can be viewed as its target “snapshot” SOA system. This field uniquely identifies the virtual test environment in play.\n\nUsed to support parallel function group testing within one SIT environment.\n\nUsed in combination with other attributes within the GatewayInfo complex type to lookup a unique row entry within a database mapping table; whose column values then facilitate and drive runtime message routing and transformation decisions.  \n\nList of possible values include any unique sequence of characters conforming to the pattern stipulated, and should uniquely identify a body of work under test i.e. a function group. Example value of  \"SO2-FunctionGrp2”.\n",
  "http://a.ml/vocabularies/core#name": "VirtualEnvironment",
  "http://a.ml/vocabularies/shapes#schema": {
    "http://a.ml/vocabularies/core#description": "Each channel consumer under test, mandates a unique blend of service provider versions within the NEM. This can be viewed as its target “snapshot” SOA system. This field uniquely identifies the virtual test environment in play.\n\nUsed to support parallel function group testing within one SIT environment.\n\nUsed in combination with other attributes within the GatewayInfo complex type to lookup a unique row entry within a database mapping table; whose column values then facilitate and drive runtime message routing and transformation decisions.  \n\nList of possible values include any unique sequence of characters conforming to the pattern stipulated, and should uniquely identify a body of work under test i.e. a function group. Example value of  \"SO2-FunctionGrp2”.\n",
    "http://www.w3.org/ns/shacl#datatype": "http://www.w3.org/2001/XMLSchema#string",
    "http://www.w3.org/ns/shacl#maxLength": "20",
    "http://www.w3.org/ns/shacl#minLength": "0",
    "http://www.w3.org/ns/shacl#name": "schema",
    "http://www.w3.org/ns/shacl#pattern": "^[\\sa-zA-Z0-9,_'\\.\\-]*$",
    "id": "file:///Users/abettati/Desktop/apisContentFull/4128.json#/declarations/parameters/parameter/VirtualEnvironment/scalar/schema"
  },
  "id": "file:///Users/abettati/Desktop/apisContentFull/4128.json#/declarations/parameters/parameter/VirtualEnvironment"
}, {
  "http://a.ml/vocabularies/apiContract#binding": "query",
  "http://a.ml/vocabularies/apiContract#paramName": "CancelledInd",
  "http://a.ml/vocabularies/apiContract#required": "false",
  "http://a.ml/vocabularies/core#description": "Indicates whether a Standing Order/Direct Debit/Beneficiaries information is cancelld or not.",
  "http://a.ml/vocabularies/core#name": "CancelledInd",
  "http://a.ml/vocabularies/shapes#schema": {
    "http://a.ml/vocabularies/core#description": "Indicates whether a Standing Order/Direct Debit/Beneficiaries information is cancelld or not.",
    "http://www.w3.org/ns/shacl#datatype": "http://www.w3.org/2001/XMLSchema#boolean",
    "http://www.w3.org/ns/shacl#name": "schema",
    "id": "file:///Users/abettati/Desktop/apisContentFull/4128.json#/declarations/parameters/parameter/CancelledInd/scalar/schema"
  },
  "id": "file:///Users/abettati/Desktop/apisContentFull/4128.json#/declarations/parameters/parameter/CancelledInd"
}, {
  "http://a.ml/vocabularies/apiContract#binding": "header",
  "http://a.ml/vocabularies/apiContract#paramName": "x-AdditionalInfo",
  "http://a.ml/vocabularies/apiContract#required": "false",
  "http://a.ml/vocabularies/core#description": "The object holds any additional information. The strings should be populated in a name/value pair format as follows. 'name data' for example 'ParentProcessID 66213'.\n\nThe values within the name and value should each meet the below criteria, string max length of 60 pattern of \"^[\\sa-zA-Z0-9,_'\\.\\-]*$\"\n",
  "http://a.ml/vocabularies/core#name": "AdditionalInfo",
  "http://a.ml/vocabularies/shapes#schema": {
    "http://a.ml/vocabularies/core#description": "The object holds any additional information. The strings should be populated in a name/value pair format as follows. 'name data' for example 'ParentProcessID 66213'.\n\nThe values within the name and value should each meet the below criteria, string max length of 60 pattern of \"^[\\sa-zA-Z0-9,_'\\.\\-]*$\"\n",
    "http://a.ml/vocabularies/shapes#items": {
      "http://www.w3.org/ns/shacl#datatype": "http://www.w3.org/2001/XMLSchema#string",
      "http://www.w3.org/ns/shacl#maxLength": "121",
      "http://www.w3.org/ns/shacl#minLength": "0",
      "http://www.w3.org/ns/shacl#name": "items",
      "http://www.w3.org/ns/shacl#pattern": "^[\\sa-zA-Z0-9,_'\\.\\-]*$",
      "id": "file:///Users/abettati/Desktop/apisContentFull/4128.json#/declarations/parameters/parameter/AdditionalInfo/array/schema/items/scalar/items"
    },
    "http://www.w3.org/ns/shacl#name": "schema",
    "id": "file:///Users/abettati/Desktop/apisContentFull/4128.json#/declarations/parameters/parameter/AdditionalInfo/array/schema"
  },
  "id": "file:///Users/abettati/Desktop/apisContentFull/4128.json#/declarations/parameters/parameter/AdditionalInfo"
}, {
  "http://a.ml/vocabularies/apiContract#binding": "query",
  "http://a.ml/vocabularies/apiContract#paramName": "FromBookingDateTime",
  "http://a.ml/vocabularies/apiContract#required": "false",
  "http://a.ml/vocabularies/core#description": "The UTC ISO 8601 Date Time to filter transactions FROM - NB Time component is optional - set to 00:00:00 for just Date",
  "http://a.ml/vocabularies/core#name": "FromBookingDateTime",
  "http://a.ml/vocabularies/shapes#schema": {
    "http://a.ml/vocabularies/core#description": "The UTC ISO 8601 Date Time to filter transactions FROM - NB Time component is optional - set to 00:00:00 for just Date",
    "http://a.ml/vocabularies/shapes#format": "date-time",
    "http://www.w3.org/ns/shacl#datatype": "http://www.w3.org/2001/XMLSchema#dateTime",
    "http://www.w3.org/ns/shacl#name": "schema",
    "id": "file:///Users/abettati/Desktop/apisContentFull/4128.json#/declarations/parameters/parameter/FromBookingDateTime/scalar/schema"
  },
  "id": "file:///Users/abettati/Desktop/apisContentFull/4128.json#/declarations/parameters/parameter/FromBookingDateTime"
}, {
  "http://a.ml/vocabularies/apiContract#binding": "path",
  "http://a.ml/vocabularies/apiContract#paramName": "AccountId",
  "http://a.ml/vocabularies/apiContract#required": "true",
  "http://a.ml/vocabularies/core#description": "A unique identifier used to identify the account resource.",
  "http://a.ml/vocabularies/core#name": "AccountId",
  "http://a.ml/vocabularies/shapes#schema": {
    "http://a.ml/vocabularies/core#description": "A unique identifier used to identify the account resource.",
    "http://www.w3.org/ns/shacl#datatype": "http://www.w3.org/2001/XMLSchema#string",
    "http://www.w3.org/ns/shacl#name": "schema",
    "id": "file:///Users/abettati/Desktop/apisContentFull/4128.json#/declarations/parameters/parameter/AccountId/scalar/schema"
  },
  "id": "file:///Users/abettati/Desktop/apisContentFull/4128.json#/declarations/parameters/parameter/AccountId"
}, {
  "http://a.ml/vocabularies/apiContract#binding": "header",
  "http://a.ml/vocabularies/apiContract#paramName": "x-JourneyID",
  "http://a.ml/vocabularies/apiContract#required": "false",
  "http://a.ml/vocabularies/core#description": "A unique identifier populated by the source system",
  "http://a.ml/vocabularies/core#name": "JourneyID",
  "http://a.ml/vocabularies/shapes#schema": {
    "http://a.ml/vocabularies/core#description": "A unique identifier populated by the source system",
    "http://www.w3.org/ns/shacl#datatype": "http://www.w3.org/2001/XMLSchema#string",
    "http://www.w3.org/ns/shacl#name": "schema",
    "http://www.w3.org/ns/shacl#pattern": "^[a-fA-F0-9]{8}-[a-fA-F0-9]{4}-[a-fA-F0-9]{4}-[a-fA-F0-9]{4}-[a-fA-F0-9]{12}$",
    "id": "file:///Users/abettati/Desktop/apisContentFull/4128.json#/declarations/parameters/parameter/JourneyID/scalar/schema"
  },
  "id": "file:///Users/abettati/Desktop/apisContentFull/4128.json#/declarations/parameters/parameter/JourneyID"
}, {
  "http://a.ml/vocabularies/apiContract#binding": "header",
  "http://a.ml/vocabularies/apiContract#required": "true",
  "http://a.ml/vocabularies/core#description": "An RFC4122 UID used as a correlation id.",
  "http://a.ml/vocabularies/core#name": "x-fapi-interaction-id",
  "http://a.ml/vocabularies/shapes#schema": {
    "http://a.ml/vocabularies/core#description": "An RFC4122 UID used as a correlation id.",
    "http://www.w3.org/ns/shacl#datatype": "http://www.w3.org/2001/XMLSchema#string",
    "http://www.w3.org/ns/shacl#name": "schema",
    "id": "file:///Users/abettati/Desktop/apisContentFull/4128.json#/declarations/responses/ResponsesHeaders/parameter/x-fapi-interaction-id/scalar/schema"
  },
  "id": "file:///Users/abettati/Desktop/apisContentFull/4128.json#/declarations/responses/ResponsesHeaders/parameter/x-fapi-interaction-id"
}, {
  "http://a.ml/vocabularies/apiContract#binding": "header",
  "http://a.ml/vocabularies/apiContract#required": "true",
  "http://a.ml/vocabularies/core#description": "A unique identifier populated by the source system",
  "http://a.ml/vocabularies/core#name": "x-JourneyID",
  "http://a.ml/vocabularies/shapes#schema": {
    "http://a.ml/vocabularies/core#description": "A unique identifier populated by the source system",
    "http://www.w3.org/ns/shacl#datatype": "http://www.w3.org/2001/XMLSchema#string",
    "http://www.w3.org/ns/shacl#name": "schema",
    "http://www.w3.org/ns/shacl#pattern": "^[a-fA-F0-9]{8}-[a-fA-F0-9]{4}-[a-fA-F0-9]{4}-[a-fA-F0-9]{4}-[a-fA-F0-9]{12}$",
    "id": "file:///Users/abettati/Desktop/apisContentFull/4128.json#/declarations/responses/ResponsesHeaders/parameter/x-JourneyID/scalar/schema"
  },
  "id": "file:///Users/abettati/Desktop/apisContentFull/4128.json#/declarations/responses/ResponsesHeaders/parameter/x-JourneyID"
}, {
  "http://a.ml/vocabularies/apiContract#binding": "header",
  "http://a.ml/vocabularies/apiContract#required": "true",
  "http://a.ml/vocabularies/core#description": "Time stamp associated with creation of the message. The UTC ISO 8601 Date Time format. For example 2017-01-01T00:00:00Z",
  "http://a.ml/vocabularies/core#name": "x-CreateDateTime",
  "http://a.ml/vocabularies/shapes#schema": {
    "http://a.ml/vocabularies/core#description": "Time stamp associated with creation of the message. The UTC ISO 8601 Date Time format. For example 2017-01-01T00:00:00Z",
    "http://a.ml/vocabularies/shapes#format": "date-time",
    "http://www.w3.org/ns/shacl#datatype": "http://www.w3.org/2001/XMLSchema#dateTime",
    "http://www.w3.org/ns/shacl#name": "schema",
    "id": "file:///Users/abettati/Desktop/apisContentFull/4128.json#/declarations/responses/ResponsesHeaders/parameter/x-CreateDateTime/scalar/schema"
  },
  "id": "file:///Users/abettati/Desktop/apisContentFull/4128.json#/declarations/responses/ResponsesHeaders/parameter/x-CreateDateTime"
}, {
  "http://a.ml/vocabularies/apiContract#binding": "path",
  "http://a.ml/vocabularies/apiContract#paramName": "AccountId",
  "http://a.ml/vocabularies/apiContract#required": "true",
  "http://a.ml/vocabularies/core#description": "NBS account ID",
  "http://a.ml/vocabularies/core#name": "AccountId",
  "http://a.ml/vocabularies/shapes#schema": {
    "http://a.ml/vocabularies/core#description": "NBS account ID",
    "http://www.w3.org/ns/shacl#datatype": "http://www.w3.org/2001/XMLSchema#string",
    "http://www.w3.org/ns/shacl#maxLength": "20",
    "http://www.w3.org/ns/shacl#name": "schema",
    "id": "file:///Users/abettati/Desktop/apisContentFull/4128.json#/web-api/end-points/%2F%7BAccountId%7D%2Flocks/get/request/parameter/AccountId/scalar/schema"
  },
  "id": "file:///Users/abettati/Desktop/apisContentFull/4128.json#/web-api/end-points/%2F%7BAccountId%7D%2Flocks/get/request/parameter/AccountId"
}]