[{
  "http://a.ml/vocabularies/apiContract#binding": "header",
  "http://a.ml/vocabularies/apiContract#paramName": "Accept",
  "http://a.ml/vocabularies/apiContract#required": "false",
  "http://a.ml/vocabularies/core#description": "Generated header parameter. Example value ='application/json'",
  "http://a.ml/vocabularies/core#name": "Accept",
  "http://a.ml/vocabularies/shapes#schema": {
    "http://a.ml/vocabularies/core#description": "Generated header parameter. Example value ='application/json'",
    "http://www.w3.org/ns/shacl#datatype": "http://www.w3.org/2001/XMLSchema#string",
    "http://www.w3.org/ns/shacl#name": "schema",
    "id": "file:///Users/abettati/Desktop/apisContentFull/7888.json#/web-api/end-points/%2Fv1_1%2Fapi%2Faccount%2FbillAddress%2F12361%2F61%2F/delete/request/parameter/Accept/scalar/schema"
  },
  "id": "file:///Users/abettati/Desktop/apisContentFull/7888.json#/web-api/end-points/%2Fv1_1%2Fapi%2Faccount%2FbillAddress%2F12361%2F61%2F/delete/request/parameter/Accept"
}]