[{
  "http://a.ml/vocabularies/apiContract#binding": "query",
  "http://a.ml/vocabularies/apiContract#paramName": "searchString",
  "http://a.ml/vocabularies/apiContract#required": "false",
  "http://a.ml/vocabularies/core#description": "pass an optional search string for looking up inventory",
  "http://a.ml/vocabularies/core#name": "searchString",
  "http://a.ml/vocabularies/shapes#schema": {
    "http://a.ml/vocabularies/core#description": "pass an optional search string for looking up inventory",
    "http://www.w3.org/ns/shacl#datatype": "http://www.w3.org/2001/XMLSchema#string",
    "http://www.w3.org/ns/shacl#name": "schema",
    "id": "file:///Users/abettati/Desktop/apisContentFull/9198.json#/web-api/end-points/%2Finventory/get/request/parameter/searchString/scalar/schema"
  },
  "id": "file:///Users/abettati/Desktop/apisContentFull/9198.json#/web-api/end-points/%2Finventory/get/request/parameter/searchString"
}, {
  "http://a.ml/vocabularies/apiContract#binding": "query",
  "http://a.ml/vocabularies/apiContract#paramName": "skip",
  "http://a.ml/vocabularies/apiContract#required": "false",
  "http://a.ml/vocabularies/core#description": "number of records to skip for pagination",
  "http://a.ml/vocabularies/core#name": "skip",
  "http://a.ml/vocabularies/shapes#schema": {
    "http://a.ml/vocabularies/core#description": "number of records to skip for pagination",
    "http://a.ml/vocabularies/shapes#format": "int32",
    "http://www.w3.org/ns/shacl#datatype": "http://www.w3.org/2001/XMLSchema#integer",
    "http://www.w3.org/ns/shacl#minInclusive": "0",
    "http://www.w3.org/ns/shacl#name": "schema",
    "id": "file:///Users/abettati/Desktop/apisContentFull/9198.json#/web-api/end-points/%2Finventory/get/request/parameter/skip/scalar/schema"
  },
  "id": "file:///Users/abettati/Desktop/apisContentFull/9198.json#/web-api/end-points/%2Finventory/get/request/parameter/skip"
}, {
  "http://a.ml/vocabularies/apiContract#binding": "query",
  "http://a.ml/vocabularies/apiContract#paramName": "limit",
  "http://a.ml/vocabularies/apiContract#required": "false",
  "http://a.ml/vocabularies/core#description": "maximum number of records to return",
  "http://a.ml/vocabularies/core#name": "limit",
  "http://a.ml/vocabularies/shapes#schema": {
    "http://a.ml/vocabularies/core#description": "maximum number of records to return",
    "http://a.ml/vocabularies/shapes#format": "int32",
    "http://www.w3.org/ns/shacl#datatype": "http://www.w3.org/2001/XMLSchema#integer",
    "http://www.w3.org/ns/shacl#maxInclusive": "50",
    "http://www.w3.org/ns/shacl#minInclusive": "0",
    "http://www.w3.org/ns/shacl#name": "schema",
    "id": "file:///Users/abettati/Desktop/apisContentFull/9198.json#/web-api/end-points/%2Finventory/get/request/parameter/limit/scalar/schema"
  },
  "id": "file:///Users/abettati/Desktop/apisContentFull/9198.json#/web-api/end-points/%2Finventory/get/request/parameter/limit"
}]