[{
  "http://a.ml/vocabularies/apiContract#binding": "header",
  "http://a.ml/vocabularies/apiContract#paramName": "userIdToken",
  "http://a.ml/vocabularies/apiContract#required": "true",
  "http://a.ml/vocabularies/core#description": "User's id token",
  "http://a.ml/vocabularies/core#name": "userIdToken",
  "http://a.ml/vocabularies/shapes#schema": {
    "http://a.ml/vocabularies/core#description": "User's id token",
    "http://www.w3.org/ns/shacl#datatype": "http://www.w3.org/2001/XMLSchema#string",
    "http://www.w3.org/ns/shacl#name": "schema",
    "id": "file:///Users/abettati/Desktop/apisContentFull/4840.json#/web-api/end-points/%2FaccessManagerWP5-1.0.0%2FCW%2FAccessManager%2Fpreferences%2F%7BuserId%7D/get/request/parameter/userIdToken/scalar/schema"
  },
  "id": "file:///Users/abettati/Desktop/apisContentFull/4840.json#/web-api/end-points/%2FaccessManagerWP5-1.0.0%2FCW%2FAccessManager%2Fpreferences%2F%7BuserId%7D/get/request/parameter/userIdToken"
}, {
  "http://a.ml/vocabularies/apiContract#binding": "path",
  "http://a.ml/vocabularies/apiContract#paramName": "userId",
  "http://a.ml/vocabularies/apiContract#required": "true",
  "http://a.ml/vocabularies/core#description": "User's id",
  "http://a.ml/vocabularies/core#name": "userId",
  "http://a.ml/vocabularies/shapes#schema": {
    "http://a.ml/vocabularies/core#description": "User's id",
    "http://www.w3.org/ns/shacl#datatype": "http://www.w3.org/2001/XMLSchema#string",
    "http://www.w3.org/ns/shacl#name": "schema",
    "id": "file:///Users/abettati/Desktop/apisContentFull/4840.json#/web-api/end-points/%2FaccessManagerWP5-1.0.0%2FCW%2FAccessManager%2Fpreferences%2F%7BuserId%7D/get/request/parameter/userId/scalar/schema"
  },
  "id": "file:///Users/abettati/Desktop/apisContentFull/4840.json#/web-api/end-points/%2FaccessManagerWP5-1.0.0%2FCW%2FAccessManager%2Fpreferences%2F%7BuserId%7D/get/request/parameter/userId"
}, {
  "http://a.ml/vocabularies/apiContract#binding": "header",
  "http://a.ml/vocabularies/apiContract#paramName": "userIdToken",
  "http://a.ml/vocabularies/apiContract#required": "true",
  "http://a.ml/vocabularies/core#description": "User's id token",
  "http://a.ml/vocabularies/core#name": "userIdToken",
  "http://a.ml/vocabularies/shapes#schema": {
    "http://a.ml/vocabularies/core#description": "User's id token",
    "http://www.w3.org/ns/shacl#datatype": "http://www.w3.org/2001/XMLSchema#string",
    "http://www.w3.org/ns/shacl#name": "schema",
    "id": "file:///Users/abettati/Desktop/apisContentFull/4840.json#/web-api/end-points/%2FaccessManagerWP5-1.0.0%2FCW%2FAccessManager%2Fpreferences%2F%7BuserId%7D/post/request/parameter/userIdToken/scalar/schema"
  },
  "id": "file:///Users/abettati/Desktop/apisContentFull/4840.json#/web-api/end-points/%2FaccessManagerWP5-1.0.0%2FCW%2FAccessManager%2Fpreferences%2F%7BuserId%7D/post/request/parameter/userIdToken"
}, {
  "http://a.ml/vocabularies/apiContract#binding": "path",
  "http://a.ml/vocabularies/apiContract#paramName": "userId",
  "http://a.ml/vocabularies/apiContract#required": "true",
  "http://a.ml/vocabularies/core#description": "User's id",
  "http://a.ml/vocabularies/core#name": "userId",
  "http://a.ml/vocabularies/shapes#schema": {
    "http://a.ml/vocabularies/core#description": "User's id",
    "http://www.w3.org/ns/shacl#datatype": "http://www.w3.org/2001/XMLSchema#string",
    "http://www.w3.org/ns/shacl#name": "schema",
    "id": "file:///Users/abettati/Desktop/apisContentFull/4840.json#/web-api/end-points/%2FaccessManagerWP5-1.0.0%2FCW%2FAccessManager%2Fpreferences%2F%7BuserId%7D/post/request/parameter/userId/scalar/schema"
  },
  "id": "file:///Users/abettati/Desktop/apisContentFull/4840.json#/web-api/end-points/%2FaccessManagerWP5-1.0.0%2FCW%2FAccessManager%2Fpreferences%2F%7BuserId%7D/post/request/parameter/userId"
}, {
  "http://a.ml/vocabularies/apiContract#binding": "header",
  "http://a.ml/vocabularies/apiContract#paramName": "userIdToken",
  "http://a.ml/vocabularies/apiContract#required": "true",
  "http://a.ml/vocabularies/core#description": "User's id token",
  "http://a.ml/vocabularies/core#name": "userIdToken",
  "http://a.ml/vocabularies/shapes#schema": {
    "http://a.ml/vocabularies/core#description": "User's id token",
    "http://www.w3.org/ns/shacl#datatype": "http://www.w3.org/2001/XMLSchema#string",
    "http://www.w3.org/ns/shacl#name": "schema",
    "id": "file:///Users/abettati/Desktop/apisContentFull/4840.json#/web-api/end-points/%2FaccessManagerWP5-1.0.0%2FCW%2FAccessManager%2Fmessages%2F%7BuserId%7D/post/request/parameter/userIdToken/scalar/schema"
  },
  "id": "file:///Users/abettati/Desktop/apisContentFull/4840.json#/web-api/end-points/%2FaccessManagerWP5-1.0.0%2FCW%2FAccessManager%2Fmessages%2F%7BuserId%7D/post/request/parameter/userIdToken"
}, {
  "http://a.ml/vocabularies/apiContract#binding": "path",
  "http://a.ml/vocabularies/apiContract#paramName": "userId",
  "http://a.ml/vocabularies/apiContract#required": "true",
  "http://a.ml/vocabularies/core#description": "User's id",
  "http://a.ml/vocabularies/core#name": "userId",
  "http://a.ml/vocabularies/shapes#schema": {
    "http://a.ml/vocabularies/core#description": "User's id",
    "http://www.w3.org/ns/shacl#datatype": "http://www.w3.org/2001/XMLSchema#string",
    "http://www.w3.org/ns/shacl#name": "schema",
    "id": "file:///Users/abettati/Desktop/apisContentFull/4840.json#/web-api/end-points/%2FaccessManagerWP5-1.0.0%2FCW%2FAccessManager%2Fmessages%2F%7BuserId%7D/post/request/parameter/userId/scalar/schema"
  },
  "id": "file:///Users/abettati/Desktop/apisContentFull/4840.json#/web-api/end-points/%2FaccessManagerWP5-1.0.0%2FCW%2FAccessManager%2Fmessages%2F%7BuserId%7D/post/request/parameter/userId"
}, {
  "http://a.ml/vocabularies/apiContract#binding": "header",
  "http://a.ml/vocabularies/apiContract#paramName": "userIdToken",
  "http://a.ml/vocabularies/apiContract#required": "true",
  "http://a.ml/vocabularies/core#description": "User's id token",
  "http://a.ml/vocabularies/core#name": "userIdToken",
  "http://a.ml/vocabularies/shapes#schema": {
    "http://a.ml/vocabularies/core#description": "User's id token",
    "http://www.w3.org/ns/shacl#datatype": "http://www.w3.org/2001/XMLSchema#string",
    "http://www.w3.org/ns/shacl#name": "schema",
    "id": "file:///Users/abettati/Desktop/apisContentFull/4840.json#/web-api/end-points/%2FaccessManagerWP5-1.0.0%2FCW%2FAccessManager%2Fmessages%2F%7BuserId%7D%2F%7BmessageId%7D/get/request/parameter/userIdToken/scalar/schema"
  },
  "id": "file:///Users/abettati/Desktop/apisContentFull/4840.json#/web-api/end-points/%2FaccessManagerWP5-1.0.0%2FCW%2FAccessManager%2Fmessages%2F%7BuserId%7D%2F%7BmessageId%7D/get/request/parameter/userIdToken"
}, {
  "http://a.ml/vocabularies/apiContract#binding": "path",
  "http://a.ml/vocabularies/apiContract#paramName": "userId",
  "http://a.ml/vocabularies/apiContract#required": "true",
  "http://a.ml/vocabularies/core#description": "User's id",
  "http://a.ml/vocabularies/core#name": "userId",
  "http://a.ml/vocabularies/shapes#schema": {
    "http://a.ml/vocabularies/core#description": "User's id",
    "http://www.w3.org/ns/shacl#datatype": "http://www.w3.org/2001/XMLSchema#string",
    "http://www.w3.org/ns/shacl#name": "schema",
    "id": "file:///Users/abettati/Desktop/apisContentFull/4840.json#/web-api/end-points/%2FaccessManagerWP5-1.0.0%2FCW%2FAccessManager%2Fmessages%2F%7BuserId%7D%2F%7BmessageId%7D/get/request/parameter/userId/scalar/schema"
  },
  "id": "file:///Users/abettati/Desktop/apisContentFull/4840.json#/web-api/end-points/%2FaccessManagerWP5-1.0.0%2FCW%2FAccessManager%2Fmessages%2F%7BuserId%7D%2F%7BmessageId%7D/get/request/parameter/userId"
}, {
  "http://a.ml/vocabularies/apiContract#binding": "header",
  "http://a.ml/vocabularies/apiContract#paramName": "userIdToken",
  "http://a.ml/vocabularies/apiContract#required": "true",
  "http://a.ml/vocabularies/core#description": "User's id token",
  "http://a.ml/vocabularies/core#name": "userIdToken",
  "http://a.ml/vocabularies/shapes#schema": {
    "http://a.ml/vocabularies/core#description": "User's id token",
    "http://www.w3.org/ns/shacl#datatype": "http://www.w3.org/2001/XMLSchema#string",
    "http://www.w3.org/ns/shacl#name": "schema",
    "id": "file:///Users/abettati/Desktop/apisContentFull/4840.json#/web-api/end-points/%2Fbooking-1.0.0%2FCW%2FAccessManager%2FBooking%2FgetSummaryOffers%2F%7BuserId%7D/get/request/parameter/userIdToken/scalar/schema"
  },
  "id": "file:///Users/abettati/Desktop/apisContentFull/4840.json#/web-api/end-points/%2Fbooking-1.0.0%2FCW%2FAccessManager%2FBooking%2FgetSummaryOffers%2F%7BuserId%7D/get/request/parameter/userIdToken"
}, {
  "http://a.ml/vocabularies/apiContract#binding": "path",
  "http://a.ml/vocabularies/apiContract#paramName": "userId",
  "http://a.ml/vocabularies/apiContract#required": "true",
  "http://a.ml/vocabularies/core#description": "User's id",
  "http://a.ml/vocabularies/core#name": "userId",
  "http://a.ml/vocabularies/shapes#schema": {
    "http://a.ml/vocabularies/core#description": "User's id",
    "http://www.w3.org/ns/shacl#datatype": "http://www.w3.org/2001/XMLSchema#string",
    "http://www.w3.org/ns/shacl#name": "schema",
    "id": "file:///Users/abettati/Desktop/apisContentFull/4840.json#/web-api/end-points/%2Fbooking-1.0.0%2FCW%2FAccessManager%2FBooking%2FgetSummaryOffers%2F%7BuserId%7D/get/request/parameter/userId/scalar/schema"
  },
  "id": "file:///Users/abettati/Desktop/apisContentFull/4840.json#/web-api/end-points/%2Fbooking-1.0.0%2FCW%2FAccessManager%2FBooking%2FgetSummaryOffers%2F%7BuserId%7D/get/request/parameter/userId"
}, {
  "http://a.ml/vocabularies/apiContract#binding": "header",
  "http://a.ml/vocabularies/apiContract#paramName": "userIdToken",
  "http://a.ml/vocabularies/apiContract#required": "true",
  "http://a.ml/vocabularies/core#description": "User's id token",
  "http://a.ml/vocabularies/core#name": "userIdToken",
  "http://a.ml/vocabularies/shapes#schema": {
    "http://a.ml/vocabularies/core#description": "User's id token",
    "http://www.w3.org/ns/shacl#datatype": "http://www.w3.org/2001/XMLSchema#string",
    "http://www.w3.org/ns/shacl#name": "schema",
    "id": "file:///Users/abettati/Desktop/apisContentFull/4840.json#/web-api/end-points/%2Fbooking-1.0.0%2FCW%2FAccessManager%2FBooking%2F%7BuserId%7D/post/request/parameter/userIdToken/scalar/schema"
  },
  "id": "file:///Users/abettati/Desktop/apisContentFull/4840.json#/web-api/end-points/%2Fbooking-1.0.0%2FCW%2FAccessManager%2FBooking%2F%7BuserId%7D/post/request/parameter/userIdToken"
}, {
  "http://a.ml/vocabularies/apiContract#binding": "path",
  "http://a.ml/vocabularies/apiContract#paramName": "userId",
  "http://a.ml/vocabularies/apiContract#required": "true",
  "http://a.ml/vocabularies/core#description": "User's id",
  "http://a.ml/vocabularies/core#name": "userId",
  "http://a.ml/vocabularies/shapes#schema": {
    "http://a.ml/vocabularies/core#description": "User's id",
    "http://www.w3.org/ns/shacl#datatype": "http://www.w3.org/2001/XMLSchema#string",
    "http://www.w3.org/ns/shacl#name": "schema",
    "id": "file:///Users/abettati/Desktop/apisContentFull/4840.json#/web-api/end-points/%2Fbooking-1.0.0%2FCW%2FAccessManager%2FBooking%2F%7BuserId%7D/post/request/parameter/userId/scalar/schema"
  },
  "id": "file:///Users/abettati/Desktop/apisContentFull/4840.json#/web-api/end-points/%2Fbooking-1.0.0%2FCW%2FAccessManager%2FBooking%2F%7BuserId%7D/post/request/parameter/userId"
}, {
  "http://a.ml/vocabularies/apiContract#binding": "header",
  "http://a.ml/vocabularies/apiContract#paramName": "userIdToken",
  "http://a.ml/vocabularies/apiContract#required": "true",
  "http://a.ml/vocabularies/core#description": "User's id token",
  "http://a.ml/vocabularies/core#name": "userIdToken",
  "http://a.ml/vocabularies/shapes#schema": {
    "http://a.ml/vocabularies/core#description": "User's id token",
    "http://www.w3.org/ns/shacl#datatype": "http://www.w3.org/2001/XMLSchema#string",
    "http://www.w3.org/ns/shacl#name": "schema",
    "id": "file:///Users/abettati/Desktop/apisContentFull/4840.json#/web-api/end-points/%2Fbooking-1.0.0%2FCW%2FAccessManager%2FBooking%2F%7BuserId%7D%2F%7BofferId%7D%2F%7BcompleteOffer%7D/get/request/parameter/userIdToken/scalar/schema"
  },
  "id": "file:///Users/abettati/Desktop/apisContentFull/4840.json#/web-api/end-points/%2Fbooking-1.0.0%2FCW%2FAccessManager%2FBooking%2F%7BuserId%7D%2F%7BofferId%7D%2F%7BcompleteOffer%7D/get/request/parameter/userIdToken"
}, {
  "http://a.ml/vocabularies/apiContract#binding": "path",
  "http://a.ml/vocabularies/apiContract#paramName": "offerId",
  "http://a.ml/vocabularies/apiContract#required": "true",
  "http://a.ml/vocabularies/core#description": "Id of the offer",
  "http://a.ml/vocabularies/core#name": "offerId",
  "http://a.ml/vocabularies/shapes#schema": {
    "http://a.ml/vocabularies/core#description": "Id of the offer",
    "http://www.w3.org/ns/shacl#datatype": "http://www.w3.org/2001/XMLSchema#string",
    "http://www.w3.org/ns/shacl#name": "schema",
    "id": "file:///Users/abettati/Desktop/apisContentFull/4840.json#/web-api/end-points/%2Fbooking-1.0.0%2FCW%2FAccessManager%2FBooking%2F%7BuserId%7D%2F%7BofferId%7D%2F%7BcompleteOffer%7D/get/request/parameter/offerId/scalar/schema"
  },
  "id": "file:///Users/abettati/Desktop/apisContentFull/4840.json#/web-api/end-points/%2Fbooking-1.0.0%2FCW%2FAccessManager%2FBooking%2F%7BuserId%7D%2F%7BofferId%7D%2F%7BcompleteOffer%7D/get/request/parameter/offerId"
}, {
  "http://a.ml/vocabularies/apiContract#binding": "path",
  "http://a.ml/vocabularies/apiContract#paramName": "userId",
  "http://a.ml/vocabularies/apiContract#required": "true",
  "http://a.ml/vocabularies/core#description": "User's id",
  "http://a.ml/vocabularies/core#name": "userId",
  "http://a.ml/vocabularies/shapes#schema": {
    "http://a.ml/vocabularies/core#description": "User's id",
    "http://www.w3.org/ns/shacl#datatype": "http://www.w3.org/2001/XMLSchema#string",
    "http://www.w3.org/ns/shacl#name": "schema",
    "id": "file:///Users/abettati/Desktop/apisContentFull/4840.json#/web-api/end-points/%2Fbooking-1.0.0%2FCW%2FAccessManager%2FBooking%2F%7BuserId%7D%2F%7BofferId%7D%2F%7BcompleteOffer%7D/get/request/parameter/userId/scalar/schema"
  },
  "id": "file:///Users/abettati/Desktop/apisContentFull/4840.json#/web-api/end-points/%2Fbooking-1.0.0%2FCW%2FAccessManager%2FBooking%2F%7BuserId%7D%2F%7BofferId%7D%2F%7BcompleteOffer%7D/get/request/parameter/userId"
}, {
  "http://a.ml/vocabularies/apiContract#binding": "path",
  "http://a.ml/vocabularies/apiContract#paramName": "completeOffer",
  "http://a.ml/vocabularies/apiContract#required": "true",
  "http://a.ml/vocabularies/core#description": "Complete offer",
  "http://a.ml/vocabularies/core#name": "completeOffer",
  "http://a.ml/vocabularies/shapes#schema": {
    "http://a.ml/vocabularies/core#description": "Complete offer",
    "http://www.w3.org/ns/shacl#datatype": "http://www.w3.org/2001/XMLSchema#boolean",
    "http://www.w3.org/ns/shacl#name": "schema",
    "id": "file:///Users/abettati/Desktop/apisContentFull/4840.json#/web-api/end-points/%2Fbooking-1.0.0%2FCW%2FAccessManager%2FBooking%2F%7BuserId%7D%2F%7BofferId%7D%2F%7BcompleteOffer%7D/get/request/parameter/completeOffer/scalar/schema"
  },
  "id": "file:///Users/abettati/Desktop/apisContentFull/4840.json#/web-api/end-points/%2Fbooking-1.0.0%2FCW%2FAccessManager%2FBooking%2F%7BuserId%7D%2F%7BofferId%7D%2F%7BcompleteOffer%7D/get/request/parameter/completeOffer"
}, {
  "http://a.ml/vocabularies/apiContract#binding": "query",
  "http://a.ml/vocabularies/apiContract#paramName": "userId",
  "http://a.ml/vocabularies/apiContract#required": "true",
  "http://a.ml/vocabularies/core#description": "User's id",
  "http://a.ml/vocabularies/core#name": "userId",
  "http://a.ml/vocabularies/shapes#schema": {
    "http://a.ml/vocabularies/core#description": "User's id",
    "http://www.w3.org/ns/shacl#datatype": "http://www.w3.org/2001/XMLSchema#string",
    "http://www.w3.org/ns/shacl#name": "schema",
    "id": "file:///Users/abettati/Desktop/apisContentFull/4840.json#/web-api/end-points/%2FaccessManagerWP5-1.0.0%2FCW%2FWalletManager%2Fmessages%2FuserId/get/request/parameter/userId/scalar/schema"
  },
  "id": "file:///Users/abettati/Desktop/apisContentFull/4840.json#/web-api/end-points/%2FaccessManagerWP5-1.0.0%2FCW%2FWalletManager%2Fmessages%2FuserId/get/request/parameter/userId"
}, {
  "http://a.ml/vocabularies/apiContract#binding": "query",
  "http://a.ml/vocabularies/apiContract#paramName": "userId",
  "http://a.ml/vocabularies/apiContract#required": "true",
  "http://a.ml/vocabularies/core#description": "User's id",
  "http://a.ml/vocabularies/core#name": "userId",
  "http://a.ml/vocabularies/shapes#schema": {
    "http://a.ml/vocabularies/core#description": "User's id",
    "http://www.w3.org/ns/shacl#datatype": "http://www.w3.org/2001/XMLSchema#string",
    "http://www.w3.org/ns/shacl#name": "schema",
    "id": "file:///Users/abettati/Desktop/apisContentFull/4840.json#/web-api/end-points/%2FaccessManagerWP5-1.0.0%2FCW%2FWalletManager%2Fmessages%2FuserId/post/request/parameter/userId/scalar/schema"
  },
  "id": "file:///Users/abettati/Desktop/apisContentFull/4840.json#/web-api/end-points/%2FaccessManagerWP5-1.0.0%2FCW%2FWalletManager%2Fmessages%2FuserId/post/request/parameter/userId"
}, {
  "http://a.ml/vocabularies/apiContract#binding": "query",
  "http://a.ml/vocabularies/apiContract#paramName": "message",
  "http://a.ml/vocabularies/apiContract#required": "true",
  "http://a.ml/vocabularies/core#description": "messages id",
  "http://a.ml/vocabularies/core#name": "message",
  "http://a.ml/vocabularies/shapes#schema": {
    "http://a.ml/vocabularies/core#description": "messages id",
    "http://www.w3.org/ns/shacl#datatype": "http://www.w3.org/2001/XMLSchema#integer",
    "http://www.w3.org/ns/shacl#name": "schema",
    "id": "file:///Users/abettati/Desktop/apisContentFull/4840.json#/web-api/end-points/%2FaccessManagerWP5-1.0.0%2FCW%2FWalletManager%2Fmessages%2FmessageId/get/request/parameter/message/scalar/schema"
  },
  "id": "file:///Users/abettati/Desktop/apisContentFull/4840.json#/web-api/end-points/%2FaccessManagerWP5-1.0.0%2FCW%2FWalletManager%2Fmessages%2FmessageId/get/request/parameter/message"
}]