[{
  "http://a.ml/vocabularies/apiContract#binding": "query",
  "http://a.ml/vocabularies/apiContract#paramName": "desde",
  "http://a.ml/vocabularies/apiContract#required": "true",
  "http://a.ml/vocabularies/core#description": "desde",
  "http://a.ml/vocabularies/core#name": "desde",
  "http://a.ml/vocabularies/shapes#schema": {
    "http://a.ml/vocabularies/core#description": "desde",
    "http://a.ml/vocabularies/shapes#format": "date-time",
    "http://www.w3.org/ns/shacl#datatype": "http://www.w3.org/2001/XMLSchema#dateTime",
    "http://www.w3.org/ns/shacl#name": "schema",
    "id": "file:///Users/abettati/Desktop/apisContentFull/4045.json#/web-api/end-points/%2Frest%2Fcad%2Fnotificacion%2Flistar-between-fecha/get/request/parameter/desde/scalar/schema"
  },
  "id": "file:///Users/abettati/Desktop/apisContentFull/4045.json#/web-api/end-points/%2Frest%2Fcad%2Fnotificacion%2Flistar-between-fecha/get/request/parameter/desde"
}, {
  "http://a.ml/vocabularies/apiContract#binding": "query",
  "http://a.ml/vocabularies/apiContract#paramName": "hasta",
  "http://a.ml/vocabularies/apiContract#required": "true",
  "http://a.ml/vocabularies/core#description": "hasta",
  "http://a.ml/vocabularies/core#name": "hasta",
  "http://a.ml/vocabularies/shapes#schema": {
    "http://a.ml/vocabularies/core#description": "hasta",
    "http://a.ml/vocabularies/shapes#format": "date-time",
    "http://www.w3.org/ns/shacl#datatype": "http://www.w3.org/2001/XMLSchema#dateTime",
    "http://www.w3.org/ns/shacl#name": "schema",
    "id": "file:///Users/abettati/Desktop/apisContentFull/4045.json#/web-api/end-points/%2Frest%2Fcad%2Fnotificacion%2Flistar-between-fecha/get/request/parameter/hasta/scalar/schema"
  },
  "id": "file:///Users/abettati/Desktop/apisContentFull/4045.json#/web-api/end-points/%2Frest%2Fcad%2Fnotificacion%2Flistar-between-fecha/get/request/parameter/hasta"
}, {
  "http://a.ml/vocabularies/apiContract#binding": "query",
  "http://a.ml/vocabularies/apiContract#paramName": "sessionChatId",
  "http://a.ml/vocabularies/apiContract#required": "true",
  "http://a.ml/vocabularies/core#description": "sessionChatId",
  "http://a.ml/vocabularies/core#name": "sessionChatId",
  "http://a.ml/vocabularies/shapes#schema": {
    "http://a.ml/vocabularies/core#description": "sessionChatId",
    "http://www.w3.org/ns/shacl#datatype": "http://www.w3.org/2001/XMLSchema#string",
    "http://www.w3.org/ns/shacl#name": "schema",
    "id": "file:///Users/abettati/Desktop/apisContentFull/4045.json#/web-api/end-points/%2Frest%2Fdispositivo%2Fmovil%2Fchats-session/get/request/parameter/sessionChatId/scalar/schema"
  },
  "id": "file:///Users/abettati/Desktop/apisContentFull/4045.json#/web-api/end-points/%2Frest%2Fdispositivo%2Fmovil%2Fchats-session/get/request/parameter/sessionChatId"
}, {
  "http://a.ml/vocabularies/apiContract#binding": "path",
  "http://a.ml/vocabularies/apiContract#paramName": "telefonoMovil",
  "http://a.ml/vocabularies/apiContract#required": "true",
  "http://a.ml/vocabularies/core#description": "telefonoMovil",
  "http://a.ml/vocabularies/core#name": "telefonoMovil",
  "http://a.ml/vocabularies/shapes#schema": {
    "http://a.ml/vocabularies/core#description": "telefonoMovil",
    "http://www.w3.org/ns/shacl#datatype": "http://www.w3.org/2001/XMLSchema#string",
    "http://www.w3.org/ns/shacl#name": "schema",
    "id": "file:///Users/abettati/Desktop/apisContentFull/4045.json#/web-api/end-points/%2Frest%2Fdispositivo%2Fmovil%2Fciudadano%2Fregistrar%2F%7BtelefonoMovil%7D/get/request/parameter/telefonoMovil/scalar/schema"
  },
  "id": "file:///Users/abettati/Desktop/apisContentFull/4045.json#/web-api/end-points/%2Frest%2Fdispositivo%2Fmovil%2Fciudadano%2Fregistrar%2F%7BtelefonoMovil%7D/get/request/parameter/telefonoMovil"
}, {
  "http://a.ml/vocabularies/apiContract#binding": "query",
  "http://a.ml/vocabularies/apiContract#paramName": "telefonoMovil",
  "http://a.ml/vocabularies/apiContract#required": "true",
  "http://a.ml/vocabularies/core#description": "telefonoMovil",
  "http://a.ml/vocabularies/core#name": "telefonoMovil",
  "http://a.ml/vocabularies/shapes#schema": {
    "http://a.ml/vocabularies/core#description": "telefonoMovil",
    "http://www.w3.org/ns/shacl#datatype": "http://www.w3.org/2001/XMLSchema#string",
    "http://www.w3.org/ns/shacl#name": "schema",
    "id": "file:///Users/abettati/Desktop/apisContentFull/4045.json#/web-api/end-points/%2Frest%2Fdispositivo%2Fmovil%2Fciudadano%2Fverificar/get/request/parameter/telefonoMovil/scalar/schema"
  },
  "id": "file:///Users/abettati/Desktop/apisContentFull/4045.json#/web-api/end-points/%2Frest%2Fdispositivo%2Fmovil%2Fciudadano%2Fverificar/get/request/parameter/telefonoMovil"
}, {
  "http://a.ml/vocabularies/apiContract#binding": "query",
  "http://a.ml/vocabularies/apiContract#paramName": "codigoVerificacion",
  "http://a.ml/vocabularies/apiContract#required": "true",
  "http://a.ml/vocabularies/core#description": "codigoVerificacion",
  "http://a.ml/vocabularies/core#name": "codigoVerificacion",
  "http://a.ml/vocabularies/shapes#schema": {
    "http://a.ml/vocabularies/core#description": "codigoVerificacion",
    "http://www.w3.org/ns/shacl#datatype": "http://www.w3.org/2001/XMLSchema#string",
    "http://www.w3.org/ns/shacl#name": "schema",
    "id": "file:///Users/abettati/Desktop/apisContentFull/4045.json#/web-api/end-points/%2Frest%2Fdispositivo%2Fmovil%2Fciudadano%2Fverificar/get/request/parameter/codigoVerificacion/scalar/schema"
  },
  "id": "file:///Users/abettati/Desktop/apisContentFull/4045.json#/web-api/end-points/%2Frest%2Fdispositivo%2Fmovil%2Fciudadano%2Fverificar/get/request/parameter/codigoVerificacion"
}, {
  "http://a.ml/vocabularies/apiContract#binding": "query",
  "http://a.ml/vocabularies/apiContract#paramName": "email",
  "http://a.ml/vocabularies/apiContract#required": "true",
  "http://a.ml/vocabularies/core#description": "email",
  "http://a.ml/vocabularies/core#name": "email",
  "http://a.ml/vocabularies/shapes#schema": {
    "http://a.ml/vocabularies/core#description": "email",
    "http://www.w3.org/ns/shacl#datatype": "http://www.w3.org/2001/XMLSchema#string",
    "http://www.w3.org/ns/shacl#name": "schema",
    "id": "file:///Users/abettati/Desktop/apisContentFull/4045.json#/web-api/end-points/%2Frest%2Fdispositivo%2Fmovil%2Fciudadano%2Fverificar-reingreso/get/request/parameter/email/scalar/schema"
  },
  "id": "file:///Users/abettati/Desktop/apisContentFull/4045.json#/web-api/end-points/%2Frest%2Fdispositivo%2Fmovil%2Fciudadano%2Fverificar-reingreso/get/request/parameter/email"
}, {
  "http://a.ml/vocabularies/apiContract#binding": "query",
  "http://a.ml/vocabularies/apiContract#paramName": "telefonoMovil",
  "http://a.ml/vocabularies/apiContract#required": "true",
  "http://a.ml/vocabularies/core#description": "telefonoMovil",
  "http://a.ml/vocabularies/core#name": "telefonoMovil",
  "http://a.ml/vocabularies/shapes#schema": {
    "http://a.ml/vocabularies/core#description": "telefonoMovil",
    "http://www.w3.org/ns/shacl#datatype": "http://www.w3.org/2001/XMLSchema#string",
    "http://www.w3.org/ns/shacl#name": "schema",
    "id": "file:///Users/abettati/Desktop/apisContentFull/4045.json#/web-api/end-points/%2Frest%2Fdispositivo%2Fmovil%2Fciudadano%2Fverificar-reingreso/get/request/parameter/telefonoMovil/scalar/schema"
  },
  "id": "file:///Users/abettati/Desktop/apisContentFull/4045.json#/web-api/end-points/%2Frest%2Fdispositivo%2Fmovil%2Fciudadano%2Fverificar-reingreso/get/request/parameter/telefonoMovil"
}, {
  "http://a.ml/vocabularies/apiContract#binding": "query",
  "http://a.ml/vocabularies/apiContract#paramName": "codigoVerificacion",
  "http://a.ml/vocabularies/apiContract#required": "true",
  "http://a.ml/vocabularies/core#description": "codigoVerificacion",
  "http://a.ml/vocabularies/core#name": "codigoVerificacion",
  "http://a.ml/vocabularies/shapes#schema": {
    "http://a.ml/vocabularies/core#description": "codigoVerificacion",
    "http://www.w3.org/ns/shacl#datatype": "http://www.w3.org/2001/XMLSchema#string",
    "http://www.w3.org/ns/shacl#name": "schema",
    "id": "file:///Users/abettati/Desktop/apisContentFull/4045.json#/web-api/end-points/%2Frest%2Fdispositivo%2Fmovil%2Fciudadano%2Fverificar-reingreso/get/request/parameter/codigoVerificacion/scalar/schema"
  },
  "id": "file:///Users/abettati/Desktop/apisContentFull/4045.json#/web-api/end-points/%2Frest%2Fdispositivo%2Fmovil%2Fciudadano%2Fverificar-reingreso/get/request/parameter/codigoVerificacion"
}, {
  "http://a.ml/vocabularies/apiContract#binding": "query",
  "http://a.ml/vocabularies/apiContract#paramName": "telefonoMovil",
  "http://a.ml/vocabularies/apiContract#required": "true",
  "http://a.ml/vocabularies/core#description": "telefonoMovil",
  "http://a.ml/vocabularies/core#name": "telefonoMovil",
  "http://a.ml/vocabularies/shapes#schema": {
    "http://a.ml/vocabularies/core#description": "telefonoMovil",
    "http://www.w3.org/ns/shacl#datatype": "http://www.w3.org/2001/XMLSchema#string",
    "http://www.w3.org/ns/shacl#name": "schema",
    "id": "file:///Users/abettati/Desktop/apisContentFull/4045.json#/web-api/end-points/%2Frest%2Fdispositivo%2Fmovil%2Fdependencias%2Flistar/get/request/parameter/telefonoMovil/scalar/schema"
  },
  "id": "file:///Users/abettati/Desktop/apisContentFull/4045.json#/web-api/end-points/%2Frest%2Fdispositivo%2Fmovil%2Fdependencias%2Flistar/get/request/parameter/telefonoMovil"
}, {
  "http://a.ml/vocabularies/apiContract#binding": "query",
  "http://a.ml/vocabularies/apiContract#paramName": "latitud",
  "http://a.ml/vocabularies/apiContract#required": "true",
  "http://a.ml/vocabularies/core#description": "latitud",
  "http://a.ml/vocabularies/core#name": "latitud",
  "http://a.ml/vocabularies/shapes#schema": {
    "http://a.ml/vocabularies/core#description": "latitud",
    "http://www.w3.org/ns/shacl#datatype": "http://www.w3.org/2001/XMLSchema#string",
    "http://www.w3.org/ns/shacl#name": "schema",
    "id": "file:///Users/abettati/Desktop/apisContentFull/4045.json#/web-api/end-points/%2Frest%2Fdispositivo%2Fmovil%2Fdependencias%2Flistar/get/request/parameter/latitud/scalar/schema"
  },
  "id": "file:///Users/abettati/Desktop/apisContentFull/4045.json#/web-api/end-points/%2Frest%2Fdispositivo%2Fmovil%2Fdependencias%2Flistar/get/request/parameter/latitud"
}, {
  "http://a.ml/vocabularies/apiContract#binding": "query",
  "http://a.ml/vocabularies/apiContract#paramName": "longitud",
  "http://a.ml/vocabularies/apiContract#required": "true",
  "http://a.ml/vocabularies/core#description": "longitud",
  "http://a.ml/vocabularies/core#name": "longitud",
  "http://a.ml/vocabularies/shapes#schema": {
    "http://a.ml/vocabularies/core#description": "longitud",
    "http://www.w3.org/ns/shacl#datatype": "http://www.w3.org/2001/XMLSchema#string",
    "http://www.w3.org/ns/shacl#name": "schema",
    "id": "file:///Users/abettati/Desktop/apisContentFull/4045.json#/web-api/end-points/%2Frest%2Fdispositivo%2Fmovil%2Fdependencias%2Flistar/get/request/parameter/longitud/scalar/schema"
  },
  "id": "file:///Users/abettati/Desktop/apisContentFull/4045.json#/web-api/end-points/%2Frest%2Fdispositivo%2Fmovil%2Fdependencias%2Flistar/get/request/parameter/longitud"
}, {
  "http://a.ml/vocabularies/apiContract#binding": "path",
  "http://a.ml/vocabularies/apiContract#paramName": "id",
  "http://a.ml/vocabularies/apiContract#required": "true",
  "http://a.ml/vocabularies/core#description": "id",
  "http://a.ml/vocabularies/core#name": "id",
  "http://a.ml/vocabularies/shapes#schema": {
    "http://a.ml/vocabularies/core#description": "id",
    "http://a.ml/vocabularies/shapes#format": "int64",
    "http://www.w3.org/ns/shacl#datatype": "http://www.w3.org/2001/XMLSchema#long",
    "http://www.w3.org/ns/shacl#name": "schema",
    "id": "file:///Users/abettati/Desktop/apisContentFull/4045.json#/web-api/end-points/%2Frest%2Fdispositivo%2Fmovil%2Fdependencias%2F%7Bid%7D/get/request/parameter/id/scalar/schema"
  },
  "id": "file:///Users/abettati/Desktop/apisContentFull/4045.json#/web-api/end-points/%2Frest%2Fdispositivo%2Fmovil%2Fdependencias%2F%7Bid%7D/get/request/parameter/id"
}, {
  "http://a.ml/vocabularies/apiContract#binding": "path",
  "http://a.ml/vocabularies/apiContract#paramName": "id",
  "http://a.ml/vocabularies/apiContract#required": "true",
  "http://a.ml/vocabularies/core#description": "id",
  "http://a.ml/vocabularies/core#name": "id",
  "http://a.ml/vocabularies/shapes#schema": {
    "http://a.ml/vocabularies/core#description": "id",
    "http://a.ml/vocabularies/shapes#format": "int64",
    "http://www.w3.org/ns/shacl#datatype": "http://www.w3.org/2001/XMLSchema#long",
    "http://www.w3.org/ns/shacl#name": "schema",
    "id": "file:///Users/abettati/Desktop/apisContentFull/4045.json#/web-api/end-points/%2Frest%2Fdispositivo%2Fmovil%2Fdependencias%2F%7Bid%7D/delete/request/parameter/id/scalar/schema"
  },
  "id": "file:///Users/abettati/Desktop/apisContentFull/4045.json#/web-api/end-points/%2Frest%2Fdispositivo%2Fmovil%2Fdependencias%2F%7Bid%7D/delete/request/parameter/id"
}, {
  "http://a.ml/vocabularies/apiContract#binding": "path",
  "http://a.ml/vocabularies/apiContract#paramName": "id",
  "http://a.ml/vocabularies/apiContract#required": "true",
  "http://a.ml/vocabularies/core#description": "id",
  "http://a.ml/vocabularies/core#name": "id",
  "http://a.ml/vocabularies/shapes#schema": {
    "http://a.ml/vocabularies/core#description": "id",
    "http://a.ml/vocabularies/shapes#format": "int64",
    "http://www.w3.org/ns/shacl#datatype": "http://www.w3.org/2001/XMLSchema#long",
    "http://www.w3.org/ns/shacl#name": "schema",
    "id": "file:///Users/abettati/Desktop/apisContentFull/4045.json#/web-api/end-points/%2Frest%2Fdispositivo%2Fmovil%2Ftipo-dependencias%2F%7Bid%7D/get/request/parameter/id/scalar/schema"
  },
  "id": "file:///Users/abettati/Desktop/apisContentFull/4045.json#/web-api/end-points/%2Frest%2Fdispositivo%2Fmovil%2Ftipo-dependencias%2F%7Bid%7D/get/request/parameter/id"
}, {
  "http://a.ml/vocabularies/apiContract#binding": "path",
  "http://a.ml/vocabularies/apiContract#paramName": "id",
  "http://a.ml/vocabularies/apiContract#required": "true",
  "http://a.ml/vocabularies/core#description": "id",
  "http://a.ml/vocabularies/core#name": "id",
  "http://a.ml/vocabularies/shapes#schema": {
    "http://a.ml/vocabularies/core#description": "id",
    "http://a.ml/vocabularies/shapes#format": "int64",
    "http://www.w3.org/ns/shacl#datatype": "http://www.w3.org/2001/XMLSchema#long",
    "http://www.w3.org/ns/shacl#name": "schema",
    "id": "file:///Users/abettati/Desktop/apisContentFull/4045.json#/web-api/end-points/%2Frest%2Fdispositivo%2Fmovil%2Ftipo-dependencias%2F%7Bid%7D/delete/request/parameter/id/scalar/schema"
  },
  "id": "file:///Users/abettati/Desktop/apisContentFull/4045.json#/web-api/end-points/%2Frest%2Fdispositivo%2Fmovil%2Ftipo-dependencias%2F%7Bid%7D/delete/request/parameter/id"
}, {
  "http://a.ml/vocabularies/apiContract#binding": "query",
  "http://a.ml/vocabularies/apiContract#paramName": "codigoEmergencia",
  "http://a.ml/vocabularies/apiContract#required": "true",
  "http://a.ml/vocabularies/core#description": "codigoEmergencia",
  "http://a.ml/vocabularies/core#name": "codigoEmergencia",
  "http://a.ml/vocabularies/shapes#schema": {
    "http://a.ml/vocabularies/core#description": "codigoEmergencia",
    "http://www.w3.org/ns/shacl#datatype": "http://www.w3.org/2001/XMLSchema#string",
    "http://www.w3.org/ns/shacl#name": "schema",
    "id": "file:///Users/abettati/Desktop/apisContentFull/4045.json#/web-api/end-points/%2Frest%2Fmedia-emergencias%2FcodigoEmergencia/get/request/parameter/codigoEmergencia/scalar/schema"
  },
  "id": "file:///Users/abettati/Desktop/apisContentFull/4045.json#/web-api/end-points/%2Frest%2Fmedia-emergencias%2FcodigoEmergencia/get/request/parameter/codigoEmergencia"
}]