[{
  "http://a.ml/vocabularies/apiContract#allowEmptyValue": "false",
  "http://a.ml/vocabularies/apiContract#allowReserved": "false",
  "http://a.ml/vocabularies/apiContract#binding": "query",
  "http://a.ml/vocabularies/apiContract#explode": "true",
  "http://a.ml/vocabularies/apiContract#paramName": "bodyLimit",
  "http://a.ml/vocabularies/apiContract#required": "false",
  "http://a.ml/vocabularies/apiContract#style": "form",
  "http://a.ml/vocabularies/core#description": "The amount of employee returned",
  "http://a.ml/vocabularies/core#name": "bodyLimit",
  "http://a.ml/vocabularies/shapes#schema": {
    "http://a.ml/vocabularies/document#customDomainProperties": [{
      "http://a.ml/vocabularies/core#extensionName": null,
      "http://a.ml/vocabularies/document#definedBy": null,
      "http://a.ml/vocabularies/document#extension": null,
      "id": "file:///Users/abettati/Desktop/apisContentFull/5416.json#/web-api/end-points/%2Femployees/get/request/parameter/bodyLimit/scalar/bodyLimit/extension/disabled-for-amazon-gateway"
    }],
    "http://www.w3.org/ns/shacl#datatype": "http://www.w3.org/2001/XMLSchema#integer",
    "http://www.w3.org/ns/shacl#maxInclusive": "20",
    "http://www.w3.org/ns/shacl#minInclusive": "10",
    "http://www.w3.org/ns/shacl#name": "bodyLimit",
    "id": "file:///Users/abettati/Desktop/apisContentFull/5416.json#/web-api/end-points/%2Femployees/get/request/parameter/bodyLimit/scalar/bodyLimit"
  },
  "id": "file:///Users/abettati/Desktop/apisContentFull/5416.json#/web-api/end-points/%2Femployees/get/request/parameter/bodyLimit"
}, {
  "http://a.ml/vocabularies/apiContract#allowEmptyValue": "false",
  "http://a.ml/vocabularies/apiContract#allowReserved": "false",
  "http://a.ml/vocabularies/apiContract#binding": "query",
  "http://a.ml/vocabularies/apiContract#explode": "true",
  "http://a.ml/vocabularies/apiContract#paramName": "pageLimit",
  "http://a.ml/vocabularies/apiContract#required": "false",
  "http://a.ml/vocabularies/apiContract#style": "form",
  "http://a.ml/vocabularies/core#description": "The amount of pages returned",
  "http://a.ml/vocabularies/core#name": "pageLimit",
  "http://a.ml/vocabularies/shapes#schema": {
    "http://a.ml/vocabularies/document#customDomainProperties": [{
      "http://a.ml/vocabularies/core#extensionName": null,
      "http://a.ml/vocabularies/document#definedBy": null,
      "http://a.ml/vocabularies/document#extension": null,
      "id": "file:///Users/abettati/Desktop/apisContentFull/5416.json#/web-api/end-points/%2Femployees/get/request/parameter/pageLimit/scalar/pageLimit/extension/disabled-for-amazon-gateway"
    }],
    "http://www.w3.org/ns/shacl#datatype": "http://www.w3.org/2001/XMLSchema#integer",
    "http://www.w3.org/ns/shacl#maxInclusive": "5",
    "http://www.w3.org/ns/shacl#minInclusive": "1",
    "http://www.w3.org/ns/shacl#name": "pageLimit",
    "id": "file:///Users/abettati/Desktop/apisContentFull/5416.json#/web-api/end-points/%2Femployees/get/request/parameter/pageLimit/scalar/pageLimit"
  },
  "id": "file:///Users/abettati/Desktop/apisContentFull/5416.json#/web-api/end-points/%2Femployees/get/request/parameter/pageLimit"
}, {
  "http://a.ml/vocabularies/apiContract#binding": "path",
  "http://a.ml/vocabularies/apiContract#explode": "false",
  "http://a.ml/vocabularies/apiContract#paramName": "id",
  "http://a.ml/vocabularies/apiContract#required": "true",
  "http://a.ml/vocabularies/apiContract#style": "simple",
  "http://a.ml/vocabularies/core#description": "The ID of the employee",
  "http://a.ml/vocabularies/core#name": "id",
  "http://a.ml/vocabularies/shapes#schema": {
    "http://a.ml/vocabularies/apiContract#examples": [{
      "http://a.ml/vocabularies/document#raw": null,
      "http://a.ml/vocabularies/document#strict": null,
      "http://a.ml/vocabularies/document#structuredValue": null,
      "id": "file:///Users/abettati/Desktop/apisContentFull/5416.json#/web-api/end-points/%2Femployees%2F%7Bid%7D/get/request/parameter/id/scalar/id/example/default-example"
    }],
    "http://www.w3.org/ns/shacl#datatype": "http://www.w3.org/2001/XMLSchema#integer",
    "http://www.w3.org/ns/shacl#name": "id",
    "id": "file:///Users/abettati/Desktop/apisContentFull/5416.json#/web-api/end-points/%2Femployees%2F%7Bid%7D/get/request/parameter/id/scalar/id"
  },
  "id": "file:///Users/abettati/Desktop/apisContentFull/5416.json#/web-api/end-points/%2Femployees%2F%7Bid%7D/get/request/parameter/id"
}]