[{
  "http://a.ml/vocabularies/apiContract#binding": "query",
  "http://a.ml/vocabularies/apiContract#paramName": "minorDate",
  "http://a.ml/vocabularies/apiContract#required": "false",
  "http://a.ml/vocabularies/core#description": "A String with minor date",
  "http://a.ml/vocabularies/core#name": "minorDate",
  "http://a.ml/vocabularies/shapes#schema": {
    "id": "file:///Users/abettati/Desktop/apisContentFull/5749.json#/web-api/end-points/%2Fdocuments/parameter/minorDate/any/default-any"
  },
  "id": "file:///Users/abettati/Desktop/apisContentFull/5749.json#/web-api/end-points/%2Fdocuments/parameter/minorDate"
}, {
  "http://a.ml/vocabularies/apiContract#binding": "query",
  "http://a.ml/vocabularies/apiContract#paramName": "majorDate",
  "http://a.ml/vocabularies/apiContract#required": "false",
  "http://a.ml/vocabularies/core#description": "A String with major date",
  "http://a.ml/vocabularies/core#name": "majorDate",
  "http://a.ml/vocabularies/shapes#schema": {
    "id": "file:///Users/abettati/Desktop/apisContentFull/5749.json#/web-api/end-points/%2Fdocuments/parameter/majorDate/any/default-any"
  },
  "id": "file:///Users/abettati/Desktop/apisContentFull/5749.json#/web-api/end-points/%2Fdocuments/parameter/majorDate"
}]