[{
  "http://a.ml/vocabularies/apiContract#binding": "path",
  "http://a.ml/vocabularies/apiContract#paramName": "id",
  "http://a.ml/vocabularies/apiContract#required": "true",
  "http://a.ml/vocabularies/core#description": "Numeric ID of the address to get.",
  "http://a.ml/vocabularies/core#name": "id",
  "http://a.ml/vocabularies/shapes#schema": {
    "http://a.ml/vocabularies/core#description": "Numeric ID of the address to get.",
    "http://www.w3.org/ns/shacl#datatype": "http://www.w3.org/2001/XMLSchema#integer",
    "http://www.w3.org/ns/shacl#name": "schema",
    "id": "file:///Users/abettati/Desktop/apisContentFull/7415.json#/web-api/end-points/%2Fuser%2Faddresses%2F%7Bid%7D/get/request/parameter/id/scalar/schema"
  },
  "id": "file:///Users/abettati/Desktop/apisContentFull/7415.json#/web-api/end-points/%2Fuser%2Faddresses%2F%7Bid%7D/get/request/parameter/id"
}, {
  "http://a.ml/vocabularies/apiContract#binding": "path",
  "http://a.ml/vocabularies/apiContract#paramName": "id",
  "http://a.ml/vocabularies/apiContract#required": "true",
  "http://a.ml/vocabularies/core#description": "Numeric ID of the document to get.",
  "http://a.ml/vocabularies/core#name": "id",
  "http://a.ml/vocabularies/shapes#schema": {
    "http://a.ml/vocabularies/core#description": "Numeric ID of the document to get.",
    "http://www.w3.org/ns/shacl#datatype": "http://www.w3.org/2001/XMLSchema#integer",
    "http://www.w3.org/ns/shacl#name": "schema",
    "id": "file:///Users/abettati/Desktop/apisContentFull/7415.json#/web-api/end-points/%2Fuser%2Fdocuments%2F%7Bid%7D/get/request/parameter/id/scalar/schema"
  },
  "id": "file:///Users/abettati/Desktop/apisContentFull/7415.json#/web-api/end-points/%2Fuser%2Fdocuments%2F%7Bid%7D/get/request/parameter/id"
}, {
  "http://a.ml/vocabularies/apiContract#binding": "path",
  "http://a.ml/vocabularies/apiContract#paramName": "id",
  "http://a.ml/vocabularies/apiContract#required": "true",
  "http://a.ml/vocabularies/core#description": "Numeric ID of the category to get items for.",
  "http://a.ml/vocabularies/core#name": "id",
  "http://a.ml/vocabularies/shapes#schema": {
    "http://a.ml/vocabularies/core#description": "Numeric ID of the category to get items for.",
    "http://www.w3.org/ns/shacl#datatype": "http://www.w3.org/2001/XMLSchema#integer",
    "http://www.w3.org/ns/shacl#name": "schema",
    "id": "file:///Users/abettati/Desktop/apisContentFull/7415.json#/web-api/end-points/%2Fdictionaries%2Fwhat-can-be-reported%2Fitems%2F%7Bid%7D/get/request/parameter/id/scalar/schema"
  },
  "id": "file:///Users/abettati/Desktop/apisContentFull/7415.json#/web-api/end-points/%2Fdictionaries%2Fwhat-can-be-reported%2Fitems%2F%7Bid%7D/get/request/parameter/id"
}, {
  "http://a.ml/vocabularies/apiContract#binding": "query",
  "http://a.ml/vocabularies/apiContract#paramName": "per_page",
  "http://a.ml/vocabularies/apiContract#required": "false",
  "http://a.ml/vocabularies/core#description": "Amount of items per page limit(by default: 10)",
  "http://a.ml/vocabularies/core#name": "per_page",
  "http://a.ml/vocabularies/shapes#schema": {
    "http://a.ml/vocabularies/core#description": "Amount of items per page limit(by default: 10)",
    "http://www.w3.org/ns/shacl#datatype": "http://www.w3.org/2001/XMLSchema#integer",
    "http://www.w3.org/ns/shacl#name": "schema",
    "id": "file:///Users/abettati/Desktop/apisContentFull/7415.json#/web-api/end-points/%2Ftickets%2Fall/get/request/parameter/per_page/scalar/schema"
  },
  "id": "file:///Users/abettati/Desktop/apisContentFull/7415.json#/web-api/end-points/%2Ftickets%2Fall/get/request/parameter/per_page"
}, {
  "http://a.ml/vocabularies/apiContract#binding": "query",
  "http://a.ml/vocabularies/apiContract#paramName": "page",
  "http://a.ml/vocabularies/apiContract#required": "false",
  "http://a.ml/vocabularies/core#description": "Get specified page by number",
  "http://a.ml/vocabularies/core#name": "page",
  "http://a.ml/vocabularies/shapes#schema": {
    "http://a.ml/vocabularies/core#description": "Get specified page by number",
    "http://www.w3.org/ns/shacl#datatype": "http://www.w3.org/2001/XMLSchema#integer",
    "http://www.w3.org/ns/shacl#name": "schema",
    "id": "file:///Users/abettati/Desktop/apisContentFull/7415.json#/web-api/end-points/%2Ftickets%2Fall/get/request/parameter/page/scalar/schema"
  },
  "id": "file:///Users/abettati/Desktop/apisContentFull/7415.json#/web-api/end-points/%2Ftickets%2Fall/get/request/parameter/page"
}, {
  "http://a.ml/vocabularies/apiContract#binding": "query",
  "http://a.ml/vocabularies/apiContract#paramName": "subject_ids",
  "http://a.ml/vocabularies/apiContract#required": "false",
  "http://a.ml/vocabularies/core#description": "subjects ids separated by commas. For example: 1,2,3",
  "http://a.ml/vocabularies/core#name": "subject_ids",
  "http://a.ml/vocabularies/shapes#schema": {
    "http://a.ml/vocabularies/core#description": "subjects ids separated by commas. For example: 1,2,3",
    "http://www.w3.org/ns/shacl#datatype": "http://www.w3.org/2001/XMLSchema#string",
    "http://www.w3.org/ns/shacl#name": "schema",
    "id": "file:///Users/abettati/Desktop/apisContentFull/7415.json#/web-api/end-points/%2Ftickets%2Fsearch/get/request/parameter/subject_ids/scalar/schema"
  },
  "id": "file:///Users/abettati/Desktop/apisContentFull/7415.json#/web-api/end-points/%2Ftickets%2Fsearch/get/request/parameter/subject_ids"
}, {
  "http://a.ml/vocabularies/apiContract#binding": "query",
  "http://a.ml/vocabularies/apiContract#paramName": "page",
  "http://a.ml/vocabularies/apiContract#required": "false",
  "http://a.ml/vocabularies/core#description": "Get specified page by number",
  "http://a.ml/vocabularies/core#name": "page",
  "http://a.ml/vocabularies/shapes#schema": {
    "http://a.ml/vocabularies/core#description": "Get specified page by number",
    "http://www.w3.org/ns/shacl#datatype": "http://www.w3.org/2001/XMLSchema#integer",
    "http://www.w3.org/ns/shacl#name": "schema",
    "id": "file:///Users/abettati/Desktop/apisContentFull/7415.json#/web-api/end-points/%2Ftickets%2Fsearch/get/request/parameter/page/scalar/schema"
  },
  "id": "file:///Users/abettati/Desktop/apisContentFull/7415.json#/web-api/end-points/%2Ftickets%2Fsearch/get/request/parameter/page"
}, {
  "http://a.ml/vocabularies/apiContract#binding": "query",
  "http://a.ml/vocabularies/apiContract#paramName": "statuses",
  "http://a.ml/vocabularies/apiContract#required": "false",
  "http://a.ml/vocabularies/core#description": "List of subjects separated by commas. For example: На модерації,Зареєстровано,В роботі",
  "http://a.ml/vocabularies/core#name": "statuses",
  "http://a.ml/vocabularies/shapes#schema": {
    "http://a.ml/vocabularies/core#description": "List of subjects separated by commas. For example: На модерації,Зареєстровано,В роботі",
    "http://www.w3.org/ns/shacl#datatype": "http://www.w3.org/2001/XMLSchema#string",
    "http://www.w3.org/ns/shacl#name": "schema",
    "id": "file:///Users/abettati/Desktop/apisContentFull/7415.json#/web-api/end-points/%2Ftickets%2Fsearch/get/request/parameter/statuses/scalar/schema"
  },
  "id": "file:///Users/abettati/Desktop/apisContentFull/7415.json#/web-api/end-points/%2Ftickets%2Fsearch/get/request/parameter/statuses"
}, {
  "http://a.ml/vocabularies/apiContract#binding": "query",
  "http://a.ml/vocabularies/apiContract#paramName": "district_ids",
  "http://a.ml/vocabularies/apiContract#required": "false",
  "http://a.ml/vocabularies/core#description": "district ids separated by commas. For example: 1,2,3",
  "http://a.ml/vocabularies/core#name": "district_ids",
  "http://a.ml/vocabularies/shapes#schema": {
    "http://a.ml/vocabularies/core#description": "district ids separated by commas. For example: 1,2,3",
    "http://www.w3.org/ns/shacl#datatype": "http://www.w3.org/2001/XMLSchema#string",
    "http://www.w3.org/ns/shacl#name": "schema",
    "id": "file:///Users/abettati/Desktop/apisContentFull/7415.json#/web-api/end-points/%2Ftickets%2Fsearch/get/request/parameter/district_ids/scalar/schema"
  },
  "id": "file:///Users/abettati/Desktop/apisContentFull/7415.json#/web-api/end-points/%2Ftickets%2Fsearch/get/request/parameter/district_ids"
}, {
  "http://a.ml/vocabularies/apiContract#binding": "query",
  "http://a.ml/vocabularies/apiContract#paramName": "per_page",
  "http://a.ml/vocabularies/apiContract#required": "false",
  "http://a.ml/vocabularies/core#description": "Amount of items per page limit(by default: 10)",
  "http://a.ml/vocabularies/core#name": "per_page",
  "http://a.ml/vocabularies/shapes#schema": {
    "http://a.ml/vocabularies/core#description": "Amount of items per page limit(by default: 10)",
    "http://www.w3.org/ns/shacl#datatype": "http://www.w3.org/2001/XMLSchema#integer",
    "http://www.w3.org/ns/shacl#name": "schema",
    "id": "file:///Users/abettati/Desktop/apisContentFull/7415.json#/web-api/end-points/%2Ftickets%2Fsearch/get/request/parameter/per_page/scalar/schema"
  },
  "id": "file:///Users/abettati/Desktop/apisContentFull/7415.json#/web-api/end-points/%2Ftickets%2Fsearch/get/request/parameter/per_page"
}, {
  "http://a.ml/vocabularies/apiContract#binding": "query",
  "http://a.ml/vocabularies/apiContract#paramName": "search_query",
  "http://a.ml/vocabularies/apiContract#required": "false",
  "http://a.ml/vocabularies/core#description": "Text to search(currently searches in tickets description)",
  "http://a.ml/vocabularies/core#name": "search_query",
  "http://a.ml/vocabularies/shapes#schema": {
    "http://a.ml/vocabularies/core#description": "Text to search(currently searches in tickets description)",
    "http://www.w3.org/ns/shacl#datatype": "http://www.w3.org/2001/XMLSchema#string",
    "http://www.w3.org/ns/shacl#name": "schema",
    "id": "file:///Users/abettati/Desktop/apisContentFull/7415.json#/web-api/end-points/%2Ftickets%2Fsearch/get/request/parameter/search_query/scalar/schema"
  },
  "id": "file:///Users/abettati/Desktop/apisContentFull/7415.json#/web-api/end-points/%2Ftickets%2Fsearch/get/request/parameter/search_query"
}, {
  "http://a.ml/vocabularies/apiContract#binding": "query",
  "http://a.ml/vocabularies/apiContract#paramName": "with_photo",
  "http://a.ml/vocabularies/apiContract#required": "false",
  "http://a.ml/vocabularies/core#description": "Can be 0 or 1",
  "http://a.ml/vocabularies/core#name": "with_photo",
  "http://a.ml/vocabularies/shapes#schema": {
    "http://a.ml/vocabularies/core#description": "Can be 0 or 1",
    "http://www.w3.org/ns/shacl#datatype": "http://www.w3.org/2001/XMLSchema#string",
    "http://www.w3.org/ns/shacl#name": "schema",
    "id": "file:///Users/abettati/Desktop/apisContentFull/7415.json#/web-api/end-points/%2Ftickets%2Fsearch/get/request/parameter/with_photo/scalar/schema"
  },
  "id": "file:///Users/abettati/Desktop/apisContentFull/7415.json#/web-api/end-points/%2Ftickets%2Fsearch/get/request/parameter/with_photo"
}, {
  "http://a.ml/vocabularies/apiContract#binding": "query",
  "http://a.ml/vocabularies/apiContract#paramName": "per_page",
  "http://a.ml/vocabularies/apiContract#required": "false",
  "http://a.ml/vocabularies/core#description": "Amount of items per page limit(by default: 10)",
  "http://a.ml/vocabularies/core#name": "per_page",
  "http://a.ml/vocabularies/shapes#schema": {
    "http://a.ml/vocabularies/core#description": "Amount of items per page limit(by default: 10)",
    "http://www.w3.org/ns/shacl#datatype": "http://www.w3.org/2001/XMLSchema#integer",
    "http://www.w3.org/ns/shacl#name": "schema",
    "id": "file:///Users/abettati/Desktop/apisContentFull/7415.json#/web-api/end-points/%2Ftickets/get/request/parameter/per_page/scalar/schema"
  },
  "id": "file:///Users/abettati/Desktop/apisContentFull/7415.json#/web-api/end-points/%2Ftickets/get/request/parameter/per_page"
}, {
  "http://a.ml/vocabularies/apiContract#binding": "query",
  "http://a.ml/vocabularies/apiContract#paramName": "page",
  "http://a.ml/vocabularies/apiContract#required": "false",
  "http://a.ml/vocabularies/core#description": "Get specified page by number",
  "http://a.ml/vocabularies/core#name": "page",
  "http://a.ml/vocabularies/shapes#schema": {
    "http://a.ml/vocabularies/core#description": "Get specified page by number",
    "http://www.w3.org/ns/shacl#datatype": "http://www.w3.org/2001/XMLSchema#integer",
    "http://www.w3.org/ns/shacl#name": "schema",
    "id": "file:///Users/abettati/Desktop/apisContentFull/7415.json#/web-api/end-points/%2Ftickets/get/request/parameter/page/scalar/schema"
  },
  "id": "file:///Users/abettati/Desktop/apisContentFull/7415.json#/web-api/end-points/%2Ftickets/get/request/parameter/page"
}, {
  "http://a.ml/vocabularies/apiContract#binding": "query",
  "http://a.ml/vocabularies/apiContract#paramName": "archived",
  "http://a.ml/vocabularies/apiContract#required": "false",
  "http://a.ml/vocabularies/core#description": "If 1 - returns archived tickets, if 0 - returns non-archived tickets. If not present in query - returns all tickets that belong to current user.",
  "http://a.ml/vocabularies/core#name": "archived",
  "http://a.ml/vocabularies/shapes#schema": {
    "http://a.ml/vocabularies/core#description": "If 1 - returns archived tickets, if 0 - returns non-archived tickets. If not present in query - returns all tickets that belong to current user.",
    "http://www.w3.org/ns/shacl#datatype": "http://www.w3.org/2001/XMLSchema#integer",
    "http://www.w3.org/ns/shacl#name": "schema",
    "id": "file:///Users/abettati/Desktop/apisContentFull/7415.json#/web-api/end-points/%2Ftickets/get/request/parameter/archived/scalar/schema"
  },
  "id": "file:///Users/abettati/Desktop/apisContentFull/7415.json#/web-api/end-points/%2Ftickets/get/request/parameter/archived"
}, {
  "http://a.ml/vocabularies/apiContract#binding": "path",
  "http://a.ml/vocabularies/apiContract#paramName": "id",
  "http://a.ml/vocabularies/apiContract#required": "true",
  "http://a.ml/vocabularies/core#description": "Numeric ID of the ticket to get.",
  "http://a.ml/vocabularies/core#name": "id",
  "http://a.ml/vocabularies/shapes#schema": {
    "http://a.ml/vocabularies/core#description": "Numeric ID of the ticket to get.",
    "http://www.w3.org/ns/shacl#datatype": "http://www.w3.org/2001/XMLSchema#integer",
    "http://www.w3.org/ns/shacl#name": "schema",
    "id": "file:///Users/abettati/Desktop/apisContentFull/7415.json#/web-api/end-points/%2Ftickets%2F%7Bid%7D/get/request/parameter/id/scalar/schema"
  },
  "id": "file:///Users/abettati/Desktop/apisContentFull/7415.json#/web-api/end-points/%2Ftickets%2F%7Bid%7D/get/request/parameter/id"
}, {
  "http://a.ml/vocabularies/apiContract#binding": "path",
  "http://a.ml/vocabularies/apiContract#paramName": "id",
  "http://a.ml/vocabularies/apiContract#required": "true",
  "http://a.ml/vocabularies/core#description": "Id of the ticket",
  "http://a.ml/vocabularies/core#name": "id",
  "http://a.ml/vocabularies/shapes#schema": {
    "http://a.ml/vocabularies/core#description": "Id of the ticket",
    "http://www.w3.org/ns/shacl#datatype": "http://www.w3.org/2001/XMLSchema#integer",
    "http://www.w3.org/ns/shacl#name": "schema",
    "id": "file:///Users/abettati/Desktop/apisContentFull/7415.json#/web-api/end-points/%2Ftickets%2F%7Bid%7D/put/request/parameter/id/scalar/schema"
  },
  "id": "file:///Users/abettati/Desktop/apisContentFull/7415.json#/web-api/end-points/%2Ftickets%2F%7Bid%7D/put/request/parameter/id"
}, {
  "http://a.ml/vocabularies/apiContract#binding": "path",
  "http://a.ml/vocabularies/apiContract#paramName": "id",
  "http://a.ml/vocabularies/apiContract#required": "true",
  "http://a.ml/vocabularies/core#description": "Id of ticket",
  "http://a.ml/vocabularies/core#name": "id",
  "http://a.ml/vocabularies/shapes#schema": {
    "http://a.ml/vocabularies/core#description": "Id of ticket",
    "http://www.w3.org/ns/shacl#datatype": "http://www.w3.org/2001/XMLSchema#integer",
    "http://www.w3.org/ns/shacl#name": "schema",
    "id": "file:///Users/abettati/Desktop/apisContentFull/7415.json#/web-api/end-points/%2Fticket-progress%2F%7Bid%7D/get/request/parameter/id/scalar/schema"
  },
  "id": "file:///Users/abettati/Desktop/apisContentFull/7415.json#/web-api/end-points/%2Fticket-progress%2F%7Bid%7D/get/request/parameter/id"
}, {
  "http://a.ml/vocabularies/apiContract#binding": "path",
  "http://a.ml/vocabularies/apiContract#paramName": "id",
  "http://a.ml/vocabularies/apiContract#required": "true",
  "http://a.ml/vocabularies/core#description": "Numeric ID of the ticket.",
  "http://a.ml/vocabularies/core#name": "id",
  "http://a.ml/vocabularies/shapes#schema": {
    "http://a.ml/vocabularies/core#description": "Numeric ID of the ticket.",
    "http://www.w3.org/ns/shacl#datatype": "http://www.w3.org/2001/XMLSchema#integer",
    "http://www.w3.org/ns/shacl#name": "schema",
    "id": "file:///Users/abettati/Desktop/apisContentFull/7415.json#/web-api/end-points/%2Ftickets-rate%2F%7Bid%7D/get/request/parameter/id/scalar/schema"
  },
  "id": "file:///Users/abettati/Desktop/apisContentFull/7415.json#/web-api/end-points/%2Ftickets-rate%2F%7Bid%7D/get/request/parameter/id"
}, {
  "http://a.ml/vocabularies/apiContract#binding": "path",
  "http://a.ml/vocabularies/apiContract#paramName": "id",
  "http://a.ml/vocabularies/apiContract#required": "true",
  "http://a.ml/vocabularies/core#description": "Id of the ticket rate",
  "http://a.ml/vocabularies/core#name": "id",
  "http://a.ml/vocabularies/shapes#schema": {
    "http://a.ml/vocabularies/core#description": "Id of the ticket rate",
    "http://www.w3.org/ns/shacl#datatype": "http://www.w3.org/2001/XMLSchema#integer",
    "http://www.w3.org/ns/shacl#name": "schema",
    "id": "file:///Users/abettati/Desktop/apisContentFull/7415.json#/web-api/end-points/%2Fticket-rate%2F%7Bid%7D/put/request/parameter/id/scalar/schema"
  },
  "id": "file:///Users/abettati/Desktop/apisContentFull/7415.json#/web-api/end-points/%2Fticket-rate%2F%7Bid%7D/put/request/parameter/id"
}, {
  "http://a.ml/vocabularies/apiContract#binding": "path",
  "http://a.ml/vocabularies/apiContract#paramName": "id",
  "http://a.ml/vocabularies/apiContract#required": "true",
  "http://a.ml/vocabularies/core#description": "Numeric ID of the ticket.",
  "http://a.ml/vocabularies/core#name": "id",
  "http://a.ml/vocabularies/shapes#schema": {
    "http://a.ml/vocabularies/core#description": "Numeric ID of the ticket.",
    "http://www.w3.org/ns/shacl#datatype": "http://www.w3.org/2001/XMLSchema#integer",
    "http://www.w3.org/ns/shacl#name": "schema",
    "id": "file:///Users/abettati/Desktop/apisContentFull/7415.json#/web-api/end-points/%2Ftickets%2Fnot-done%2F%7Bid%7D/post/request/parameter/id/scalar/schema"
  },
  "id": "file:///Users/abettati/Desktop/apisContentFull/7415.json#/web-api/end-points/%2Ftickets%2Fnot-done%2F%7Bid%7D/post/request/parameter/id"
}, {
  "http://a.ml/vocabularies/apiContract#binding": "query",
  "http://a.ml/vocabularies/apiContract#paramName": "category_ids",
  "http://a.ml/vocabularies/apiContract#required": "false",
  "http://a.ml/vocabularies/core#description": "Ids separated by commas of news category",
  "http://a.ml/vocabularies/core#name": "category_ids",
  "http://a.ml/vocabularies/shapes#schema": {
    "http://a.ml/vocabularies/core#description": "Ids separated by commas of news category",
    "http://www.w3.org/ns/shacl#datatype": "http://www.w3.org/2001/XMLSchema#string",
    "http://www.w3.org/ns/shacl#name": "schema",
    "id": "file:///Users/abettati/Desktop/apisContentFull/7415.json#/web-api/end-points/%2Fnews/get/request/parameter/category_ids/scalar/schema"
  },
  "id": "file:///Users/abettati/Desktop/apisContentFull/7415.json#/web-api/end-points/%2Fnews/get/request/parameter/category_ids"
}, {
  "http://a.ml/vocabularies/apiContract#binding": "query",
  "http://a.ml/vocabularies/apiContract#paramName": "page",
  "http://a.ml/vocabularies/apiContract#required": "false",
  "http://a.ml/vocabularies/core#description": "Get specified page by number",
  "http://a.ml/vocabularies/core#name": "page",
  "http://a.ml/vocabularies/shapes#schema": {
    "http://a.ml/vocabularies/core#description": "Get specified page by number",
    "http://www.w3.org/ns/shacl#datatype": "http://www.w3.org/2001/XMLSchema#integer",
    "http://www.w3.org/ns/shacl#name": "schema",
    "id": "file:///Users/abettati/Desktop/apisContentFull/7415.json#/web-api/end-points/%2Fnews/get/request/parameter/page/scalar/schema"
  },
  "id": "file:///Users/abettati/Desktop/apisContentFull/7415.json#/web-api/end-points/%2Fnews/get/request/parameter/page"
}, {
  "http://a.ml/vocabularies/apiContract#binding": "query",
  "http://a.ml/vocabularies/apiContract#paramName": "district_ids",
  "http://a.ml/vocabularies/apiContract#required": "false",
  "http://a.ml/vocabularies/core#description": "district ids separated by commas",
  "http://a.ml/vocabularies/core#name": "district_ids",
  "http://a.ml/vocabularies/shapes#schema": {
    "http://a.ml/vocabularies/core#description": "district ids separated by commas",
    "http://www.w3.org/ns/shacl#datatype": "http://www.w3.org/2001/XMLSchema#string",
    "http://www.w3.org/ns/shacl#name": "schema",
    "id": "file:///Users/abettati/Desktop/apisContentFull/7415.json#/web-api/end-points/%2Fnews/get/request/parameter/district_ids/scalar/schema"
  },
  "id": "file:///Users/abettati/Desktop/apisContentFull/7415.json#/web-api/end-points/%2Fnews/get/request/parameter/district_ids"
}, {
  "http://a.ml/vocabularies/apiContract#binding": "query",
  "http://a.ml/vocabularies/apiContract#paramName": "per_page",
  "http://a.ml/vocabularies/apiContract#required": "false",
  "http://a.ml/vocabularies/core#description": "Amount of items per page limit(by default: 10)",
  "http://a.ml/vocabularies/core#name": "per_page",
  "http://a.ml/vocabularies/shapes#schema": {
    "http://a.ml/vocabularies/core#description": "Amount of items per page limit(by default: 10)",
    "http://www.w3.org/ns/shacl#datatype": "http://www.w3.org/2001/XMLSchema#integer",
    "http://www.w3.org/ns/shacl#name": "schema",
    "id": "file:///Users/abettati/Desktop/apisContentFull/7415.json#/web-api/end-points/%2Fnews/get/request/parameter/per_page/scalar/schema"
  },
  "id": "file:///Users/abettati/Desktop/apisContentFull/7415.json#/web-api/end-points/%2Fnews/get/request/parameter/per_page"
}, {
  "http://a.ml/vocabularies/apiContract#binding": "query",
  "http://a.ml/vocabularies/apiContract#paramName": "search_query",
  "http://a.ml/vocabularies/apiContract#required": "false",
  "http://a.ml/vocabularies/core#description": "Search query",
  "http://a.ml/vocabularies/core#name": "search_query",
  "http://a.ml/vocabularies/shapes#schema": {
    "http://a.ml/vocabularies/core#description": "Search query",
    "http://www.w3.org/ns/shacl#datatype": "http://www.w3.org/2001/XMLSchema#string",
    "http://www.w3.org/ns/shacl#name": "schema",
    "id": "file:///Users/abettati/Desktop/apisContentFull/7415.json#/web-api/end-points/%2Fnews/get/request/parameter/search_query/scalar/schema"
  },
  "id": "file:///Users/abettati/Desktop/apisContentFull/7415.json#/web-api/end-points/%2Fnews/get/request/parameter/search_query"
}, {
  "http://a.ml/vocabularies/apiContract#binding": "query",
  "http://a.ml/vocabularies/apiContract#paramName": "name",
  "http://a.ml/vocabularies/apiContract#required": "true",
  "http://a.ml/vocabularies/core#description": "Street name",
  "http://a.ml/vocabularies/core#name": "name",
  "http://a.ml/vocabularies/shapes#schema": {
    "http://a.ml/vocabularies/core#description": "Street name",
    "http://www.w3.org/ns/shacl#datatype": "http://www.w3.org/2001/XMLSchema#string",
    "http://www.w3.org/ns/shacl#name": "schema",
    "id": "file:///Users/abettati/Desktop/apisContentFull/7415.json#/web-api/end-points/%2Faddresses%2Fstreet/get/request/parameter/name/scalar/schema"
  },
  "id": "file:///Users/abettati/Desktop/apisContentFull/7415.json#/web-api/end-points/%2Faddresses%2Fstreet/get/request/parameter/name"
}, {
  "http://a.ml/vocabularies/apiContract#binding": "query",
  "http://a.ml/vocabularies/apiContract#paramName": "street_id",
  "http://a.ml/vocabularies/apiContract#required": "true",
  "http://a.ml/vocabularies/core#description": "Street id",
  "http://a.ml/vocabularies/core#name": "street_id",
  "http://a.ml/vocabularies/shapes#schema": {
    "http://a.ml/vocabularies/core#description": "Street id",
    "http://www.w3.org/ns/shacl#datatype": "http://www.w3.org/2001/XMLSchema#integer",
    "http://www.w3.org/ns/shacl#name": "schema",
    "id": "file:///Users/abettati/Desktop/apisContentFull/7415.json#/web-api/end-points/%2Faddresses%2Fbuilding/get/request/parameter/street_id/scalar/schema"
  },
  "id": "file:///Users/abettati/Desktop/apisContentFull/7415.json#/web-api/end-points/%2Faddresses%2Fbuilding/get/request/parameter/street_id"
}, {
  "http://a.ml/vocabularies/apiContract#binding": "query",
  "http://a.ml/vocabularies/apiContract#paramName": "number",
  "http://a.ml/vocabularies/apiContract#required": "true",
  "http://a.ml/vocabularies/core#description": "Building number on the specified street",
  "http://a.ml/vocabularies/core#name": "number",
  "http://a.ml/vocabularies/shapes#schema": {
    "http://a.ml/vocabularies/core#description": "Building number on the specified street",
    "http://www.w3.org/ns/shacl#datatype": "http://www.w3.org/2001/XMLSchema#integer",
    "http://www.w3.org/ns/shacl#name": "schema",
    "id": "file:///Users/abettati/Desktop/apisContentFull/7415.json#/web-api/end-points/%2Faddresses%2Fbuilding/get/request/parameter/number/scalar/schema"
  },
  "id": "file:///Users/abettati/Desktop/apisContentFull/7415.json#/web-api/end-points/%2Faddresses%2Fbuilding/get/request/parameter/number"
}, {
  "http://a.ml/vocabularies/apiContract#binding": "path",
  "http://a.ml/vocabularies/apiContract#paramName": "id",
  "http://a.ml/vocabularies/apiContract#required": "true",
  "http://a.ml/vocabularies/core#description": "Numeric ID of the news to get.",
  "http://a.ml/vocabularies/core#name": "id",
  "http://a.ml/vocabularies/shapes#schema": {
    "http://a.ml/vocabularies/core#description": "Numeric ID of the news to get.",
    "http://www.w3.org/ns/shacl#datatype": "http://www.w3.org/2001/XMLSchema#integer",
    "http://www.w3.org/ns/shacl#name": "schema",
    "id": "file:///Users/abettati/Desktop/apisContentFull/7415.json#/web-api/end-points/%2Fnews%2F%7Bid%7D/get/request/parameter/id/scalar/schema"
  },
  "id": "file:///Users/abettati/Desktop/apisContentFull/7415.json#/web-api/end-points/%2Fnews%2F%7Bid%7D/get/request/parameter/id"
}, {
  "http://a.ml/vocabularies/apiContract#binding": "query",
  "http://a.ml/vocabularies/apiContract#paramName": "search_query",
  "http://a.ml/vocabularies/apiContract#required": "false",
  "http://a.ml/vocabularies/core#description": "Search query",
  "http://a.ml/vocabularies/core#name": "search_query",
  "http://a.ml/vocabularies/shapes#schema": {
    "http://a.ml/vocabularies/core#description": "Search query",
    "http://www.w3.org/ns/shacl#datatype": "http://www.w3.org/2001/XMLSchema#string",
    "http://www.w3.org/ns/shacl#name": "schema",
    "id": "file:///Users/abettati/Desktop/apisContentFull/7415.json#/web-api/end-points/%2Fcontent%2Fabout-us/get/request/parameter/search_query/scalar/schema"
  },
  "id": "file:///Users/abettati/Desktop/apisContentFull/7415.json#/web-api/end-points/%2Fcontent%2Fabout-us/get/request/parameter/search_query"
}]