[{
  "http://a.ml/vocabularies/apiContract#allowEmptyValue": "false",
  "http://a.ml/vocabularies/apiContract#allowReserved": "false",
  "http://a.ml/vocabularies/apiContract#binding": "query",
  "http://a.ml/vocabularies/apiContract#explode": "true",
  "http://a.ml/vocabularies/apiContract#paramName": "funcNo",
  "http://a.ml/vocabularies/apiContract#required": "true",
  "http://a.ml/vocabularies/apiContract#style": "form",
  "http://a.ml/vocabularies/core#description": "pass an optional search string for looking up inventory",
  "http://a.ml/vocabularies/core#name": "funcNo",
  "http://a.ml/vocabularies/shapes#schema": {
    "http://www.w3.org/ns/shacl#datatype": "http://www.w3.org/2001/XMLSchema#string",
    "http://www.w3.org/ns/shacl#name": "funcNo",
    "id": "file:///Users/abettati/Desktop/apisContentFull/27.json#/web-api/end-points/%2Fservlet%2Fjson/get/request/parameter/funcNo/scalar/funcNo"
  },
  "id": "file:///Users/abettati/Desktop/apisContentFull/27.json#/web-api/end-points/%2Fservlet%2Fjson/get/request/parameter/funcNo"
}, {
  "http://a.ml/vocabularies/apiContract#allowEmptyValue": "false",
  "http://a.ml/vocabularies/apiContract#allowReserved": "false",
  "http://a.ml/vocabularies/apiContract#binding": "query",
  "http://a.ml/vocabularies/apiContract#explode": "true",
  "http://a.ml/vocabularies/apiContract#paramName": "stockKey",
  "http://a.ml/vocabularies/apiContract#required": "true",
  "http://a.ml/vocabularies/apiContract#style": "form",
  "http://a.ml/vocabularies/core#description": "number of records to skip for pagination",
  "http://a.ml/vocabularies/core#name": "stockKey",
  "http://a.ml/vocabularies/shapes#schema": {
    "http://www.w3.org/ns/shacl#datatype": "http://www.w3.org/2001/XMLSchema#string",
    "http://www.w3.org/ns/shacl#name": "stockKey",
    "id": "file:///Users/abettati/Desktop/apisContentFull/27.json#/web-api/end-points/%2Fservlet%2Fjson/get/request/parameter/stockKey/scalar/stockKey"
  },
  "id": "file:///Users/abettati/Desktop/apisContentFull/27.json#/web-api/end-points/%2Fservlet%2Fjson/get/request/parameter/stockKey"
}]