[{
  "http://a.ml/vocabularies/apiContract#binding": "path",
  "http://a.ml/vocabularies/apiContract#explode": "false",
  "http://a.ml/vocabularies/apiContract#paramName": "tipo",
  "http://a.ml/vocabularies/apiContract#required": "true",
  "http://a.ml/vocabularies/apiContract#style": "simple",
  "http://a.ml/vocabularies/core#description": "The tipo of the estados to get",
  "http://a.ml/vocabularies/core#name": "tipo",
  "http://a.ml/vocabularies/shapes#schema": {
    "http://www.w3.org/ns/shacl#datatype": "http://www.w3.org/2001/XMLSchema#string",
    "http://www.w3.org/ns/shacl#name": "tipo",
    "id": "file:///Users/abettati/Desktop/apisContentFull/1164.json#/web-api/end-points/%2Fresources%2Festados%2F%7Btipo%7D/get/request/parameter/tipo/scalar/tipo"
  },
  "id": "file:///Users/abettati/Desktop/apisContentFull/1164.json#/web-api/end-points/%2Fresources%2Festados%2F%7Btipo%7D/get/request/parameter/tipo"
}, {
  "http://a.ml/vocabularies/apiContract#binding": "path",
  "http://a.ml/vocabularies/apiContract#explode": "false",
  "http://a.ml/vocabularies/apiContract#paramName": "id",
  "http://a.ml/vocabularies/apiContract#required": "true",
  "http://a.ml/vocabularies/apiContract#style": "simple",
  "http://a.ml/vocabularies/core#description": "The id of the cotizacion to get",
  "http://a.ml/vocabularies/core#name": "id",
  "http://a.ml/vocabularies/shapes#schema": {
    "http://www.w3.org/ns/shacl#datatype": "http://www.w3.org/2001/XMLSchema#string",
    "http://www.w3.org/ns/shacl#name": "id",
    "id": "file:///Users/abettati/Desktop/apisContentFull/1164.json#/web-api/end-points/%2Fresources%2Fcotizacion%2F%7Bid%7D/get/request/parameter/id/scalar/id"
  },
  "id": "file:///Users/abettati/Desktop/apisContentFull/1164.json#/web-api/end-points/%2Fresources%2Fcotizacion%2F%7Bid%7D/get/request/parameter/id"
}, {
  "http://a.ml/vocabularies/apiContract#binding": "path",
  "http://a.ml/vocabularies/apiContract#explode": "false",
  "http://a.ml/vocabularies/apiContract#paramName": "usuario_id",
  "http://a.ml/vocabularies/apiContract#required": "true",
  "http://a.ml/vocabularies/apiContract#style": "simple",
  "http://a.ml/vocabularies/core#description": "The usuario_id of the usuario to update",
  "http://a.ml/vocabularies/core#name": "usuario_id",
  "http://a.ml/vocabularies/shapes#schema": {
    "http://www.w3.org/ns/shacl#datatype": "http://www.w3.org/2001/XMLSchema#integer",
    "http://www.w3.org/ns/shacl#name": "usuario_id",
    "id": "file:///Users/abettati/Desktop/apisContentFull/1164.json#/web-api/end-points/%2Fresources%2Fusuarios%2F%7Busuario_id%7D/put/requestBody/parameter/usuario_id/scalar/usuario_id"
  },
  "id": "file:///Users/abettati/Desktop/apisContentFull/1164.json#/web-api/end-points/%2Fresources%2Fusuarios%2F%7Busuario_id%7D/put/requestBody/parameter/usuario_id"
}, {
  "http://a.ml/vocabularies/apiContract#binding": "path",
  "http://a.ml/vocabularies/apiContract#explode": "false",
  "http://a.ml/vocabularies/apiContract#paramName": "domicilio_id",
  "http://a.ml/vocabularies/apiContract#required": "true",
  "http://a.ml/vocabularies/apiContract#style": "simple",
  "http://a.ml/vocabularies/core#description": "The domicilio_id of the domicilio to update",
  "http://a.ml/vocabularies/core#name": "domicilio_id",
  "http://a.ml/vocabularies/shapes#schema": {
    "http://www.w3.org/ns/shacl#datatype": "http://www.w3.org/2001/XMLSchema#integer",
    "http://www.w3.org/ns/shacl#name": "domicilio_id",
    "id": "file:///Users/abettati/Desktop/apisContentFull/1164.json#/web-api/end-points/%2Fresources%2Fdomicilios%2F%7Bdomicilio_id%7D/put/requestBody/parameter/domicilio_id/scalar/domicilio_id"
  },
  "id": "file:///Users/abettati/Desktop/apisContentFull/1164.json#/web-api/end-points/%2Fresources%2Fdomicilios%2F%7Bdomicilio_id%7D/put/requestBody/parameter/domicilio_id"
}, {
  "http://a.ml/vocabularies/apiContract#binding": "path",
  "http://a.ml/vocabularies/apiContract#explode": "false",
  "http://a.ml/vocabularies/apiContract#paramName": "moto_id",
  "http://a.ml/vocabularies/apiContract#required": "true",
  "http://a.ml/vocabularies/apiContract#style": "simple",
  "http://a.ml/vocabularies/core#description": "The moto_id of the moto to update",
  "http://a.ml/vocabularies/core#name": "moto_id",
  "http://a.ml/vocabularies/shapes#schema": {
    "http://www.w3.org/ns/shacl#datatype": "http://www.w3.org/2001/XMLSchema#integer",
    "http://www.w3.org/ns/shacl#name": "moto_id",
    "id": "file:///Users/abettati/Desktop/apisContentFull/1164.json#/web-api/end-points/%2Fresources%2FmotoInfo%2F%7Bmoto_id%7D/put/requestBody/parameter/moto_id/scalar/moto_id"
  },
  "id": "file:///Users/abettati/Desktop/apisContentFull/1164.json#/web-api/end-points/%2Fresources%2FmotoInfo%2F%7Bmoto_id%7D/put/requestBody/parameter/moto_id"
}, {
  "http://a.ml/vocabularies/apiContract#binding": "path",
  "http://a.ml/vocabularies/apiContract#explode": "false",
  "http://a.ml/vocabularies/apiContract#paramName": "propuesta_id",
  "http://a.ml/vocabularies/apiContract#required": "true",
  "http://a.ml/vocabularies/apiContract#style": "simple",
  "http://a.ml/vocabularies/core#description": "The propuesta_id of the propuesta to update",
  "http://a.ml/vocabularies/core#name": "propuesta_id",
  "http://a.ml/vocabularies/shapes#schema": {
    "http://www.w3.org/ns/shacl#datatype": "http://www.w3.org/2001/XMLSchema#integer",
    "http://www.w3.org/ns/shacl#name": "propuesta_id",
    "id": "file:///Users/abettati/Desktop/apisContentFull/1164.json#/web-api/end-points/%2Fresources%2Fpropuestas%2F%7Bpropuesta_id%7D/put/requestBody/parameter/propuesta_id/scalar/propuesta_id"
  },
  "id": "file:///Users/abettati/Desktop/apisContentFull/1164.json#/web-api/end-points/%2Fresources%2Fpropuestas%2F%7Bpropuesta_id%7D/put/requestBody/parameter/propuesta_id"
}, {
  "http://a.ml/vocabularies/apiContract#binding": "path",
  "http://a.ml/vocabularies/apiContract#explode": "false",
  "http://a.ml/vocabularies/apiContract#paramName": "poliza_id",
  "http://a.ml/vocabularies/apiContract#required": "true",
  "http://a.ml/vocabularies/apiContract#style": "simple",
  "http://a.ml/vocabularies/core#description": "The poliza_id of the poliza to update",
  "http://a.ml/vocabularies/core#name": "poliza_id",
  "http://a.ml/vocabularies/shapes#schema": {
    "http://www.w3.org/ns/shacl#datatype": "http://www.w3.org/2001/XMLSchema#integer",
    "http://www.w3.org/ns/shacl#name": "poliza_id",
    "id": "file:///Users/abettati/Desktop/apisContentFull/1164.json#/web-api/end-points/%2Fresources%2Fpolizas%2F%7Bpoliza_id%7D/put/requestBody/parameter/poliza_id/scalar/poliza_id"
  },
  "id": "file:///Users/abettati/Desktop/apisContentFull/1164.json#/web-api/end-points/%2Fresources%2Fpolizas%2F%7Bpoliza_id%7D/put/requestBody/parameter/poliza_id"
}, {
  "http://a.ml/vocabularies/apiContract#binding": "path",
  "http://a.ml/vocabularies/apiContract#explode": "false",
  "http://a.ml/vocabularies/apiContract#paramName": "cotizacion_id",
  "http://a.ml/vocabularies/apiContract#required": "true",
  "http://a.ml/vocabularies/apiContract#style": "simple",
  "http://a.ml/vocabularies/core#description": "The cotizacion_id for solicitar",
  "http://a.ml/vocabularies/core#name": "cotizacion_id",
  "http://a.ml/vocabularies/shapes#schema": {
    "http://www.w3.org/ns/shacl#datatype": "http://www.w3.org/2001/XMLSchema#integer",
    "http://www.w3.org/ns/shacl#name": "cotizacion_id",
    "id": "file:///Users/abettati/Desktop/apisContentFull/1164.json#/web-api/end-points/%2Fsolicitar%2F%7Bcotizacion_id%7D/post/requestBody/parameter/cotizacion_id/scalar/cotizacion_id"
  },
  "id": "file:///Users/abettati/Desktop/apisContentFull/1164.json#/web-api/end-points/%2Fsolicitar%2F%7Bcotizacion_id%7D/post/requestBody/parameter/cotizacion_id"
}, {
  "http://a.ml/vocabularies/apiContract#binding": "path",
  "http://a.ml/vocabularies/apiContract#explode": "false",
  "http://a.ml/vocabularies/apiContract#paramName": "cotizacion_id",
  "http://a.ml/vocabularies/apiContract#required": "true",
  "http://a.ml/vocabularies/apiContract#style": "simple",
  "http://a.ml/vocabularies/core#description": "The cotizacion_id for imprimir",
  "http://a.ml/vocabularies/core#name": "cotizacion_id",
  "http://a.ml/vocabularies/shapes#schema": {
    "http://www.w3.org/ns/shacl#datatype": "http://www.w3.org/2001/XMLSchema#integer",
    "http://www.w3.org/ns/shacl#name": "cotizacion_id",
    "id": "file:///Users/abettati/Desktop/apisContentFull/1164.json#/web-api/end-points/%2Fimprimir%2F%7Bcotizacion_id%7D/post/requestBody/parameter/cotizacion_id/scalar/cotizacion_id"
  },
  "id": "file:///Users/abettati/Desktop/apisContentFull/1164.json#/web-api/end-points/%2Fimprimir%2F%7Bcotizacion_id%7D/post/requestBody/parameter/cotizacion_id"
}, {
  "http://a.ml/vocabularies/apiContract#binding": "path",
  "http://a.ml/vocabularies/apiContract#explode": "false",
  "http://a.ml/vocabularies/apiContract#paramName": "token",
  "http://a.ml/vocabularies/apiContract#required": "true",
  "http://a.ml/vocabularies/apiContract#style": "simple",
  "http://a.ml/vocabularies/core#description": "The token of the paso4 to update",
  "http://a.ml/vocabularies/core#name": "token",
  "http://a.ml/vocabularies/shapes#schema": {
    "http://www.w3.org/ns/shacl#datatype": "http://www.w3.org/2001/XMLSchema#string",
    "http://www.w3.org/ns/shacl#name": "token",
    "id": "file:///Users/abettati/Desktop/apisContentFull/1164.json#/web-api/end-points/%2Fresources%2Fpaso4%2F%7Btoken%7D/put/requestBody/parameter/token/scalar/token"
  },
  "id": "file:///Users/abettati/Desktop/apisContentFull/1164.json#/web-api/end-points/%2Fresources%2Fpaso4%2F%7Btoken%7D/put/requestBody/parameter/token"
}]