[{
  "http://a.ml/vocabularies/apiContract#binding": "query",
  "http://a.ml/vocabularies/apiContract#paramName": "email",
  "http://a.ml/vocabularies/apiContract#required": "false",
  "http://a.ml/vocabularies/core#description": "the email address of the account whose password should be reset",
  "http://a.ml/vocabularies/core#name": "email",
  "http://a.ml/vocabularies/shapes#schema": {
    "http://a.ml/vocabularies/core#description": "the email address of the account whose password should be reset",
    "http://www.w3.org/ns/shacl#datatype": "http://www.w3.org/2001/XMLSchema#string",
    "http://www.w3.org/ns/shacl#name": "schema",
    "id": "file:///Users/abettati/Desktop/apisContentFull/4544.json#/web-api/end-points/%2Flogin%2FresetPassword/post/request/parameter/email/scalar/schema"
  },
  "id": "file:///Users/abettati/Desktop/apisContentFull/4544.json#/web-api/end-points/%2Flogin%2FresetPassword/post/request/parameter/email"
}, {
  "http://a.ml/vocabularies/apiContract#binding": "path",
  "http://a.ml/vocabularies/apiContract#paramName": "userId",
  "http://a.ml/vocabularies/apiContract#required": "true",
  "http://a.ml/vocabularies/core#description": "The id of a User object",
  "http://a.ml/vocabularies/core#name": "userId",
  "http://a.ml/vocabularies/shapes#schema": {
    "http://a.ml/vocabularies/core#description": "The id of a User object",
    "http://www.w3.org/ns/shacl#datatype": "http://www.w3.org/2001/XMLSchema#string",
    "http://www.w3.org/ns/shacl#name": "schema",
    "id": "file:///Users/abettati/Desktop/apisContentFull/4544.json#/web-api/end-points/%2Fusers%2F%7BuserId%7D/patch/request/parameter/userId/scalar/schema"
  },
  "id": "file:///Users/abettati/Desktop/apisContentFull/4544.json#/web-api/end-points/%2Fusers%2F%7BuserId%7D/patch/request/parameter/userId"
}, {
  "http://a.ml/vocabularies/apiContract#binding": "path",
  "http://a.ml/vocabularies/apiContract#paramName": "userId",
  "http://a.ml/vocabularies/apiContract#required": "true",
  "http://a.ml/vocabularies/core#description": "The id of a User object",
  "http://a.ml/vocabularies/core#name": "userId",
  "http://a.ml/vocabularies/shapes#schema": {
    "http://a.ml/vocabularies/core#description": "The id of a User object",
    "http://www.w3.org/ns/shacl#datatype": "http://www.w3.org/2001/XMLSchema#string",
    "http://www.w3.org/ns/shacl#name": "schema",
    "id": "file:///Users/abettati/Desktop/apisContentFull/4544.json#/web-api/end-points/%2Fusers%2F%7BuserId%7D/get/request/parameter/userId/scalar/schema"
  },
  "id": "file:///Users/abettati/Desktop/apisContentFull/4544.json#/web-api/end-points/%2Fusers%2F%7BuserId%7D/get/request/parameter/userId"
}, {
  "http://a.ml/vocabularies/apiContract#binding": "path",
  "http://a.ml/vocabularies/apiContract#paramName": "userId",
  "http://a.ml/vocabularies/apiContract#required": "true",
  "http://a.ml/vocabularies/core#description": "The id of a User object",
  "http://a.ml/vocabularies/core#name": "userId",
  "http://a.ml/vocabularies/shapes#schema": {
    "http://a.ml/vocabularies/core#description": "The id of a User object",
    "http://www.w3.org/ns/shacl#datatype": "http://www.w3.org/2001/XMLSchema#string",
    "http://www.w3.org/ns/shacl#name": "schema",
    "id": "file:///Users/abettati/Desktop/apisContentFull/4544.json#/web-api/end-points/%2Fusers%2F%7BuserId%7D%2Fpassword/put/request/parameter/userId/scalar/schema"
  },
  "id": "file:///Users/abettati/Desktop/apisContentFull/4544.json#/web-api/end-points/%2Fusers%2F%7BuserId%7D%2Fpassword/put/request/parameter/userId"
}, {
  "http://a.ml/vocabularies/apiContract#binding": "path",
  "http://a.ml/vocabularies/apiContract#paramName": "projectId",
  "http://a.ml/vocabularies/apiContract#required": "true",
  "http://a.ml/vocabularies/core#description": "id of Project object",
  "http://a.ml/vocabularies/core#name": "projectId",
  "http://a.ml/vocabularies/shapes#schema": {
    "http://a.ml/vocabularies/core#description": "id of Project object",
    "http://www.w3.org/ns/shacl#datatype": "http://www.w3.org/2001/XMLSchema#string",
    "http://www.w3.org/ns/shacl#name": "schema",
    "id": "file:///Users/abettati/Desktop/apisContentFull/4544.json#/web-api/end-points/%2Fprojects%2F%7BprojectId%7D/parameter/projectId/scalar/schema"
  },
  "id": "file:///Users/abettati/Desktop/apisContentFull/4544.json#/web-api/end-points/%2Fprojects%2F%7BprojectId%7D/parameter/projectId"
}, {
  "http://a.ml/vocabularies/apiContract#binding": "path",
  "http://a.ml/vocabularies/apiContract#paramName": "projectId",
  "http://a.ml/vocabularies/apiContract#required": "true",
  "http://a.ml/vocabularies/core#description": "id of Project object",
  "http://a.ml/vocabularies/core#name": "projectId",
  "http://a.ml/vocabularies/shapes#schema": {
    "http://a.ml/vocabularies/core#description": "id of Project object",
    "http://www.w3.org/ns/shacl#datatype": "http://www.w3.org/2001/XMLSchema#string",
    "http://www.w3.org/ns/shacl#name": "schema",
    "id": "file:///Users/abettati/Desktop/apisContentFull/4544.json#/web-api/end-points/%2Fproject%2F%7BprojectId%7D%2Fsubscription/parameter/projectId/scalar/schema"
  },
  "id": "file:///Users/abettati/Desktop/apisContentFull/4544.json#/web-api/end-points/%2Fproject%2F%7BprojectId%7D%2Fsubscription/parameter/projectId"
}, {
  "http://a.ml/vocabularies/apiContract#binding": "path",
  "http://a.ml/vocabularies/apiContract#paramName": "bidId",
  "http://a.ml/vocabularies/apiContract#required": "true",
  "http://a.ml/vocabularies/core#description": "The id of a Bid",
  "http://a.ml/vocabularies/core#name": "bidId",
  "http://a.ml/vocabularies/shapes#schema": {
    "http://a.ml/vocabularies/core#description": "The id of a Bid",
    "http://www.w3.org/ns/shacl#datatype": "http://www.w3.org/2001/XMLSchema#string",
    "http://www.w3.org/ns/shacl#name": "schema",
    "id": "file:///Users/abettati/Desktop/apisContentFull/4544.json#/web-api/end-points/%2Fbids%2F%7BbidId%7D/parameter/bidId/scalar/schema"
  },
  "id": "file:///Users/abettati/Desktop/apisContentFull/4544.json#/web-api/end-points/%2Fbids%2F%7BbidId%7D/parameter/bidId"
}, {
  "http://a.ml/vocabularies/apiContract#binding": "path",
  "http://a.ml/vocabularies/apiContract#paramName": "invoiceId",
  "http://a.ml/vocabularies/apiContract#required": "true",
  "http://a.ml/vocabularies/core#description": "The id of an Invoice",
  "http://a.ml/vocabularies/core#name": "invoiceId",
  "http://a.ml/vocabularies/shapes#schema": {
    "http://a.ml/vocabularies/core#description": "The id of an Invoice",
    "http://www.w3.org/ns/shacl#datatype": "http://www.w3.org/2001/XMLSchema#string",
    "http://www.w3.org/ns/shacl#name": "schema",
    "id": "file:///Users/abettati/Desktop/apisContentFull/4544.json#/web-api/end-points/%2Finvoices%2F%7BinvoiceId%7D/get/request/parameter/invoiceId/scalar/schema"
  },
  "id": "file:///Users/abettati/Desktop/apisContentFull/4544.json#/web-api/end-points/%2Finvoices%2F%7BinvoiceId%7D/get/request/parameter/invoiceId"
}, {
  "http://a.ml/vocabularies/apiContract#binding": "path",
  "http://a.ml/vocabularies/apiContract#paramName": "projectId",
  "http://a.ml/vocabularies/apiContract#required": "true",
  "http://a.ml/vocabularies/core#description": "the ID of the project for which to retrieve messages",
  "http://a.ml/vocabularies/core#name": "projectId",
  "http://a.ml/vocabularies/shapes#schema": {
    "http://a.ml/vocabularies/core#description": "the ID of the project for which to retrieve messages",
    "http://www.w3.org/ns/shacl#datatype": "http://www.w3.org/2001/XMLSchema#string",
    "http://www.w3.org/ns/shacl#name": "schema",
    "id": "file:///Users/abettati/Desktop/apisContentFull/4544.json#/web-api/end-points/%2Fmessages%2Fproject%2F%7BprojectId%7D/parameter/projectId/scalar/schema"
  },
  "id": "file:///Users/abettati/Desktop/apisContentFull/4544.json#/web-api/end-points/%2Fmessages%2Fproject%2F%7BprojectId%7D/parameter/projectId"
}]