[{
  "http://a.ml/vocabularies/apiContract#binding": "query",
  "http://a.ml/vocabularies/apiContract#paramName": "name",
  "http://a.ml/vocabularies/apiContract#required": "false",
  "http://a.ml/vocabularies/core#description": "full name of region",
  "http://a.ml/vocabularies/core#name": "name",
  "http://a.ml/vocabularies/shapes#schema": {
    "http://a.ml/vocabularies/core#description": "full name of region",
    "http://www.w3.org/ns/shacl#datatype": "http://www.w3.org/2001/XMLSchema#string",
    "http://www.w3.org/ns/shacl#name": "schema",
    "id": "file:///Users/abettati/Desktop/apisContentFull/3344.json#/web-api/end-points/%2FRegions/get/request/parameter/name/scalar/schema"
  },
  "id": "file:///Users/abettati/Desktop/apisContentFull/3344.json#/web-api/end-points/%2FRegions/get/request/parameter/name"
}, {
  "http://a.ml/vocabularies/apiContract#binding": "query",
  "http://a.ml/vocabularies/apiContract#paramName": "commitID",
  "http://a.ml/vocabularies/apiContract#required": "false",
  "http://a.ml/vocabularies/core#description": "unique identifier of commit",
  "http://a.ml/vocabularies/core#name": "commitID",
  "http://a.ml/vocabularies/shapes#schema": {
    "http://a.ml/vocabularies/core#description": "unique identifier of commit",
    "http://www.w3.org/ns/shacl#datatype": "http://www.w3.org/2001/XMLSchema#integer",
    "http://www.w3.org/ns/shacl#name": "schema",
    "id": "file:///Users/abettati/Desktop/apisContentFull/3344.json#/web-api/end-points/%2FRegions/get/request/parameter/commitID/scalar/schema"
  },
  "id": "file:///Users/abettati/Desktop/apisContentFull/3344.json#/web-api/end-points/%2FRegions/get/request/parameter/commitID"
}, {
  "http://a.ml/vocabularies/apiContract#binding": "query",
  "http://a.ml/vocabularies/apiContract#paramName": "id",
  "http://a.ml/vocabularies/apiContract#required": "false",
  "http://a.ml/vocabularies/core#description": "region unique identifier",
  "http://a.ml/vocabularies/core#name": "id",
  "http://a.ml/vocabularies/shapes#schema": {
    "http://a.ml/vocabularies/core#description": "region unique identifier",
    "http://www.w3.org/ns/shacl#datatype": "http://www.w3.org/2001/XMLSchema#integer",
    "http://www.w3.org/ns/shacl#name": "schema",
    "id": "file:///Users/abettati/Desktop/apisContentFull/3344.json#/web-api/end-points/%2FRegions/get/request/parameter/id/scalar/schema"
  },
  "id": "file:///Users/abettati/Desktop/apisContentFull/3344.json#/web-api/end-points/%2FRegions/get/request/parameter/id"
}, {
  "http://a.ml/vocabularies/apiContract#binding": "query",
  "http://a.ml/vocabularies/apiContract#paramName": "language",
  "http://a.ml/vocabularies/apiContract#required": "false",
  "http://a.ml/vocabularies/core#description": "language of region",
  "http://a.ml/vocabularies/core#name": "language",
  "http://a.ml/vocabularies/shapes#schema": {
    "http://a.ml/vocabularies/core#description": "language of region",
    "http://www.w3.org/ns/shacl#datatype": "http://www.w3.org/2001/XMLSchema#integer",
    "http://www.w3.org/ns/shacl#name": "schema",
    "id": "file:///Users/abettati/Desktop/apisContentFull/3344.json#/web-api/end-points/%2FRegions/get/request/parameter/language/scalar/schema"
  },
  "id": "file:///Users/abettati/Desktop/apisContentFull/3344.json#/web-api/end-points/%2FRegions/get/request/parameter/language"
}, {
  "http://a.ml/vocabularies/apiContract#binding": "query",
  "http://a.ml/vocabularies/apiContract#paramName": "type",
  "http://a.ml/vocabularies/apiContract#required": "false",
  "http://a.ml/vocabularies/core#description": "type of region",
  "http://a.ml/vocabularies/core#name": "type",
  "http://a.ml/vocabularies/shapes#schema": {
    "http://a.ml/vocabularies/core#description": "type of region",
    "http://www.w3.org/ns/shacl#datatype": "http://www.w3.org/2001/XMLSchema#integer",
    "http://www.w3.org/ns/shacl#name": "schema",
    "id": "file:///Users/abettati/Desktop/apisContentFull/3344.json#/web-api/end-points/%2FRegions/get/request/parameter/type/scalar/schema"
  },
  "id": "file:///Users/abettati/Desktop/apisContentFull/3344.json#/web-api/end-points/%2FRegions/get/request/parameter/type"
}, {
  "http://a.ml/vocabularies/apiContract#binding": "query",
  "http://a.ml/vocabularies/apiContract#paramName": "parentID",
  "http://a.ml/vocabularies/apiContract#required": "false",
  "http://a.ml/vocabularies/core#description": "id of parent region (0 if no parent)",
  "http://a.ml/vocabularies/core#name": "parentID",
  "http://a.ml/vocabularies/shapes#schema": {
    "http://a.ml/vocabularies/core#description": "id of parent region (0 if no parent)",
    "http://www.w3.org/ns/shacl#datatype": "http://www.w3.org/2001/XMLSchema#integer",
    "http://www.w3.org/ns/shacl#name": "schema",
    "id": "file:///Users/abettati/Desktop/apisContentFull/3344.json#/web-api/end-points/%2FRegions/get/request/parameter/parentID/scalar/schema"
  },
  "id": "file:///Users/abettati/Desktop/apisContentFull/3344.json#/web-api/end-points/%2FRegions/get/request/parameter/parentID"
}, {
  "http://a.ml/vocabularies/apiContract#binding": "query",
  "http://a.ml/vocabularies/apiContract#paramName": "commitTS",
  "http://a.ml/vocabularies/apiContract#required": "false",
  "http://a.ml/vocabularies/core#description": "timestamp of commit",
  "http://a.ml/vocabularies/core#name": "commitTS",
  "http://a.ml/vocabularies/shapes#schema": {
    "http://a.ml/vocabularies/core#description": "timestamp of commit",
    "http://www.w3.org/ns/shacl#datatype": "http://www.w3.org/2001/XMLSchema#integer",
    "http://www.w3.org/ns/shacl#name": "schema",
    "id": "file:///Users/abettati/Desktop/apisContentFull/3344.json#/web-api/end-points/%2FRegions/get/request/parameter/commitTS/scalar/schema"
  },
  "id": "file:///Users/abettati/Desktop/apisContentFull/3344.json#/web-api/end-points/%2FRegions/get/request/parameter/commitTS"
}, {
  "http://a.ml/vocabularies/apiContract#binding": "query",
  "http://a.ml/vocabularies/apiContract#paramName": "id",
  "http://a.ml/vocabularies/apiContract#required": "false",
  "http://a.ml/vocabularies/core#description": "metrics id",
  "http://a.ml/vocabularies/core#name": "id",
  "http://a.ml/vocabularies/shapes#schema": {
    "http://a.ml/vocabularies/core#description": "metrics id",
    "http://www.w3.org/ns/shacl#datatype": "http://www.w3.org/2001/XMLSchema#integer",
    "http://www.w3.org/ns/shacl#name": "schema",
    "id": "file:///Users/abettati/Desktop/apisContentFull/3344.json#/web-api/end-points/%2FMetrics/get/request/parameter/id/scalar/schema"
  },
  "id": "file:///Users/abettati/Desktop/apisContentFull/3344.json#/web-api/end-points/%2FMetrics/get/request/parameter/id"
}, {
  "http://a.ml/vocabularies/apiContract#binding": "query",
  "http://a.ml/vocabularies/apiContract#paramName": "code",
  "http://a.ml/vocabularies/apiContract#required": "false",
  "http://a.ml/vocabularies/core#description": "code of metrics",
  "http://a.ml/vocabularies/core#name": "code",
  "http://a.ml/vocabularies/shapes#schema": {
    "http://a.ml/vocabularies/core#description": "code of metrics",
    "http://www.w3.org/ns/shacl#datatype": "http://www.w3.org/2001/XMLSchema#integer",
    "http://www.w3.org/ns/shacl#name": "schema",
    "id": "file:///Users/abettati/Desktop/apisContentFull/3344.json#/web-api/end-points/%2FMetrics/get/request/parameter/code/scalar/schema"
  },
  "id": "file:///Users/abettati/Desktop/apisContentFull/3344.json#/web-api/end-points/%2FMetrics/get/request/parameter/code"
}, {
  "http://a.ml/vocabularies/apiContract#binding": "query",
  "http://a.ml/vocabularies/apiContract#paramName": "RegionID",
  "http://a.ml/vocabularies/apiContract#required": "false",
  "http://a.ml/vocabularies/core#description": "parent region id",
  "http://a.ml/vocabularies/core#name": "RegionID",
  "http://a.ml/vocabularies/shapes#schema": {
    "http://a.ml/vocabularies/core#description": "parent region id",
    "http://www.w3.org/ns/shacl#datatype": "http://www.w3.org/2001/XMLSchema#string",
    "http://www.w3.org/ns/shacl#name": "schema",
    "id": "file:///Users/abettati/Desktop/apisContentFull/3344.json#/web-api/end-points/%2FMetrics/get/request/parameter/RegionID/scalar/schema"
  },
  "id": "file:///Users/abettati/Desktop/apisContentFull/3344.json#/web-api/end-points/%2FMetrics/get/request/parameter/RegionID"
}, {
  "http://a.ml/vocabularies/apiContract#binding": "query",
  "http://a.ml/vocabularies/apiContract#paramName": "id",
  "http://a.ml/vocabularies/apiContract#required": "false",
  "http://a.ml/vocabularies/core#description": "SMEF id",
  "http://a.ml/vocabularies/core#name": "id",
  "http://a.ml/vocabularies/shapes#schema": {
    "http://a.ml/vocabularies/core#description": "SMEF id",
    "http://www.w3.org/ns/shacl#datatype": "http://www.w3.org/2001/XMLSchema#string",
    "http://www.w3.org/ns/shacl#name": "schema",
    "id": "file:///Users/abettati/Desktop/apisContentFull/3344.json#/web-api/end-points/%2FSMEF/get/request/parameter/id/scalar/schema"
  },
  "id": "file:///Users/abettati/Desktop/apisContentFull/3344.json#/web-api/end-points/%2FSMEF/get/request/parameter/id"
}, {
  "http://a.ml/vocabularies/apiContract#binding": "query",
  "http://a.ml/vocabularies/apiContract#paramName": "commitID",
  "http://a.ml/vocabularies/apiContract#required": "false",
  "http://a.ml/vocabularies/core#description": "unique identifier of commit (taken from VCS)",
  "http://a.ml/vocabularies/core#name": "commitID",
  "http://a.ml/vocabularies/shapes#schema": {
    "http://a.ml/vocabularies/core#description": "unique identifier of commit (taken from VCS)",
    "http://www.w3.org/ns/shacl#datatype": "http://www.w3.org/2001/XMLSchema#string",
    "http://www.w3.org/ns/shacl#name": "schema",
    "id": "file:///Users/abettati/Desktop/apisContentFull/3344.json#/web-api/end-points/%2FSMEF/get/request/parameter/commitID/scalar/schema"
  },
  "id": "file:///Users/abettati/Desktop/apisContentFull/3344.json#/web-api/end-points/%2FSMEF/get/request/parameter/commitID"
}, {
  "http://a.ml/vocabularies/apiContract#binding": "query",
  "http://a.ml/vocabularies/apiContract#paramName": "commitTS",
  "http://a.ml/vocabularies/apiContract#required": "false",
  "http://a.ml/vocabularies/core#description": "time of commit (taken from VCS) in unix  epoch format",
  "http://a.ml/vocabularies/core#name": "commitTS",
  "http://a.ml/vocabularies/shapes#schema": {
    "http://a.ml/vocabularies/core#description": "time of commit (taken from VCS) in unix  epoch format",
    "http://a.ml/vocabularies/shapes#format": "int32",
    "http://www.w3.org/ns/shacl#datatype": "http://www.w3.org/2001/XMLSchema#integer",
    "http://www.w3.org/ns/shacl#maxInclusive": "50",
    "http://www.w3.org/ns/shacl#minInclusive": "0",
    "http://www.w3.org/ns/shacl#name": "schema",
    "id": "file:///Users/abettati/Desktop/apisContentFull/3344.json#/web-api/end-points/%2FSMEF/get/request/parameter/commitTS/scalar/schema"
  },
  "id": "file:///Users/abettati/Desktop/apisContentFull/3344.json#/web-api/end-points/%2FSMEF/get/request/parameter/commitTS"
}]