[{
  "http://a.ml/vocabularies/apiContract#binding": "query",
  "http://a.ml/vocabularies/apiContract#paramName": "trip_ids",
  "http://a.ml/vocabularies/apiContract#required": "false",
  "http://a.ml/vocabularies/core#description": "Trip IDs to check promotions eligibility against",
  "http://a.ml/vocabularies/core#name": "trip_ids",
  "http://a.ml/vocabularies/shapes#schema": {
    "http://a.ml/vocabularies/core#description": "Trip IDs to check promotions eligibility against",
    "http://a.ml/vocabularies/shapes#collectionFormat": "multi",
    "http://a.ml/vocabularies/shapes#items": {
      "http://www.w3.org/ns/shacl#datatype": "http://www.w3.org/2001/XMLSchema#string",
      "http://www.w3.org/ns/shacl#name": "items",
      "id": "file:///Users/abettati/Desktop/apisContentFull/9217.json#/web-api/end-points/%2Fpromotions/get/request/parameter/trip_ids/array/schema/items/scalar/items"
    },
    "http://www.w3.org/ns/shacl#name": "schema",
    "id": "file:///Users/abettati/Desktop/apisContentFull/9217.json#/web-api/end-points/%2Fpromotions/get/request/parameter/trip_ids/array/schema"
  },
  "id": "file:///Users/abettati/Desktop/apisContentFull/9217.json#/web-api/end-points/%2Fpromotions/get/request/parameter/trip_ids"
}, {
  "http://a.ml/vocabularies/apiContract#binding": "header",
  "http://a.ml/vocabularies/apiContract#paramName": "x-site-key",
  "http://a.ml/vocabularies/apiContract#required": "false",
  "http://a.ml/vocabularies/core#description": "iSeatz-defined site-specific token, used to identify request source",
  "http://a.ml/vocabularies/core#name": "x-site-key",
  "http://a.ml/vocabularies/shapes#schema": {
    "http://a.ml/vocabularies/core#description": "iSeatz-defined site-specific token, used to identify request source",
    "http://www.w3.org/ns/shacl#datatype": "http://www.w3.org/2001/XMLSchema#string",
    "http://www.w3.org/ns/shacl#name": "schema",
    "id": "file:///Users/abettati/Desktop/apisContentFull/9217.json#/web-api/end-points/%2Fpromotions/get/request/parameter/x-site-key/scalar/schema"
  },
  "id": "file:///Users/abettati/Desktop/apisContentFull/9217.json#/web-api/end-points/%2Fpromotions/get/request/parameter/x-site-key"
}]