[{
  "http://a.ml/vocabularies/apiContract#allowEmptyValue": "false",
  "http://a.ml/vocabularies/apiContract#allowReserved": "false",
  "http://a.ml/vocabularies/apiContract#binding": "query",
  "http://a.ml/vocabularies/apiContract#explode": "true",
  "http://a.ml/vocabularies/apiContract#paramName": "email",
  "http://a.ml/vocabularies/apiContract#required": "true",
  "http://a.ml/vocabularies/apiContract#style": "form",
  "http://a.ml/vocabularies/core#description": "The email for retrieve data",
  "http://a.ml/vocabularies/core#name": "email",
  "http://a.ml/vocabularies/shapes#schema": {
    "http://www.w3.org/ns/shacl#datatype": "http://www.w3.org/2001/XMLSchema#string",
    "http://www.w3.org/ns/shacl#defaultValue": {
      "http://a.ml/vocabularies/core#name": "scalar_1",
      "http://a.ml/vocabularies/data#value": "test1@chessmoney.co.th",
      "http://www.w3.org/ns/shacl#datatype": "http://www.w3.org/2001/XMLSchema#string",
      "id": "file:///Users/abettati/Desktop/apisContentFull/2172.json#/web-api/end-points/%2Fhumanica%2Fkyc/get/request/parameter/email/scalar/email/scalar_1"
    },
    "http://www.w3.org/ns/shacl#defaultValueStr": "test1@chessmoney.co.th",
    "http://www.w3.org/ns/shacl#name": "email",
    "id": "file:///Users/abettati/Desktop/apisContentFull/2172.json#/web-api/end-points/%2Fhumanica%2Fkyc/get/request/parameter/email/scalar/email"
  },
  "id": "file:///Users/abettati/Desktop/apisContentFull/2172.json#/web-api/end-points/%2Fhumanica%2Fkyc/get/request/parameter/email"
}, {
  "http://a.ml/vocabularies/apiContract#allowEmptyValue": "false",
  "http://a.ml/vocabularies/apiContract#allowReserved": "false",
  "http://a.ml/vocabularies/apiContract#binding": "query",
  "http://a.ml/vocabularies/apiContract#explode": "true",
  "http://a.ml/vocabularies/apiContract#paramName": "email",
  "http://a.ml/vocabularies/apiContract#required": "true",
  "http://a.ml/vocabularies/apiContract#style": "form",
  "http://a.ml/vocabularies/core#description": "The email for retrieve data",
  "http://a.ml/vocabularies/core#name": "email",
  "http://a.ml/vocabularies/shapes#schema": {
    "http://www.w3.org/ns/shacl#datatype": "http://www.w3.org/2001/XMLSchema#string",
    "http://www.w3.org/ns/shacl#defaultValue": {
      "http://a.ml/vocabularies/core#name": "scalar_1",
      "http://a.ml/vocabularies/data#value": "test1@chessmoney.co.th",
      "http://www.w3.org/ns/shacl#datatype": "http://www.w3.org/2001/XMLSchema#string",
      "id": "file:///Users/abettati/Desktop/apisContentFull/2172.json#/web-api/end-points/%2Fhumanica%2Fdata/get/request/parameter/email/scalar/email/scalar_1"
    },
    "http://www.w3.org/ns/shacl#defaultValueStr": "test1@chessmoney.co.th",
    "http://www.w3.org/ns/shacl#name": "email",
    "id": "file:///Users/abettati/Desktop/apisContentFull/2172.json#/web-api/end-points/%2Fhumanica%2Fdata/get/request/parameter/email/scalar/email"
  },
  "id": "file:///Users/abettati/Desktop/apisContentFull/2172.json#/web-api/end-points/%2Fhumanica%2Fdata/get/request/parameter/email"
}]