[{
  "http://a.ml/vocabularies/apiContract#binding": "query",
  "http://a.ml/vocabularies/apiContract#paramName": "month",
  "http://a.ml/vocabularies/apiContract#required": "true",
  "http://a.ml/vocabularies/core#description": "Month that you need",
  "http://a.ml/vocabularies/core#name": "month",
  "http://a.ml/vocabularies/shapes#schema": {
    "http://a.ml/vocabularies/core#description": "Month that you need",
    "http://www.w3.org/ns/shacl#datatype": "http://www.w3.org/2001/XMLSchema#integer",
    "http://www.w3.org/ns/shacl#name": "schema",
    "id": "file:///Users/abettati/Desktop/apisContentFull/3529.json#/web-api/end-points/%2Finventory/get/request/parameter/month/scalar/schema"
  },
  "id": "file:///Users/abettati/Desktop/apisContentFull/3529.json#/web-api/end-points/%2Finventory/get/request/parameter/month"
}, {
  "http://a.ml/vocabularies/apiContract#binding": "query",
  "http://a.ml/vocabularies/apiContract#paramName": "year",
  "http://a.ml/vocabularies/apiContract#required": "true",
  "http://a.ml/vocabularies/core#description": "year that you need",
  "http://a.ml/vocabularies/core#name": "year",
  "http://a.ml/vocabularies/shapes#schema": {
    "http://a.ml/vocabularies/core#description": "year that you need",
    "http://www.w3.org/ns/shacl#datatype": "http://www.w3.org/2001/XMLSchema#integer",
    "http://www.w3.org/ns/shacl#name": "schema",
    "id": "file:///Users/abettati/Desktop/apisContentFull/3529.json#/web-api/end-points/%2Finventory/get/request/parameter/year/scalar/schema"
  },
  "id": "file:///Users/abettati/Desktop/apisContentFull/3529.json#/web-api/end-points/%2Finventory/get/request/parameter/year"
}]