[{
  "http://a.ml/vocabularies/apiContract#allowEmptyValue": "false",
  "http://a.ml/vocabularies/apiContract#allowReserved": "false",
  "http://a.ml/vocabularies/apiContract#binding": "query",
  "http://a.ml/vocabularies/apiContract#explode": "true",
  "http://a.ml/vocabularies/apiContract#paramName": "spareStatus",
  "http://a.ml/vocabularies/apiContract#required": "true",
  "http://a.ml/vocabularies/apiContract#style": "form",
  "http://a.ml/vocabularies/core#description": "spare status of car",
  "http://a.ml/vocabularies/core#name": "spareStatus",
  "http://a.ml/vocabularies/shapes#schema": {
    "http://a.ml/vocabularies/apiContract#examples": [{
      "http://a.ml/vocabularies/document#raw": null,
      "http://a.ml/vocabularies/document#strict": null,
      "http://a.ml/vocabularies/document#structuredValue": null,
      "id": "file:///Users/abettati/Desktop/apisContentFull/7352.json#/declarations/types/scalar/carSpareStatus/example/default-example"
    }],
    "http://a.ml/vocabularies/core#description": "flag to define a car a spare, true = spare car, false = group car",
    "http://a.ml/vocabularies/document#recursive": "true",
    "http://www.w3.org/ns/shacl#datatype": "http://www.w3.org/2001/XMLSchema#boolean",
    "http://www.w3.org/ns/shacl#name": "carSpareStatus",
    "id": "file:///Users/abettati/Desktop/apisContentFull/7352.json#/declarations/types/scalar/carSpareStatus"
  },
  "id": "file:///Users/abettati/Desktop/apisContentFull/7352.json#/declarations/parameters/parameter/spareStatus"
}, {
  "http://a.ml/vocabularies/apiContract#binding": "path",
  "http://a.ml/vocabularies/apiContract#explode": "false",
  "http://a.ml/vocabularies/apiContract#paramName": "carID",
  "http://a.ml/vocabularies/apiContract#required": "true",
  "http://a.ml/vocabularies/apiContract#style": "simple",
  "http://a.ml/vocabularies/core#description": "ID to identify the car",
  "http://a.ml/vocabularies/core#name": "carID",
  "http://a.ml/vocabularies/shapes#schema": {
    "http://a.ml/vocabularies/apiContract#examples": [{
      "http://a.ml/vocabularies/document#raw": null,
      "http://a.ml/vocabularies/document#strict": null,
      "http://a.ml/vocabularies/document#structuredValue": null,
      "id": "file:///Users/abettati/Desktop/apisContentFull/7352.json#/declarations/types/scalar/carID/example/default-example"
    }],
    "http://a.ml/vocabularies/core#description": "ID to identify the car",
    "http://a.ml/vocabularies/document#recursive": "true",
    "http://a.ml/vocabularies/shapes#format": "int64",
    "http://www.w3.org/ns/shacl#datatype": "http://www.w3.org/2001/XMLSchema#long",
    "http://www.w3.org/ns/shacl#name": "carID",
    "id": "file:///Users/abettati/Desktop/apisContentFull/7352.json#/declarations/types/scalar/carID"
  },
  "id": "file:///Users/abettati/Desktop/apisContentFull/7352.json#/declarations/parameters/parameter/carID"
}, {
  "http://a.ml/vocabularies/apiContract#binding": "path",
  "http://a.ml/vocabularies/apiContract#explode": "false",
  "http://a.ml/vocabularies/apiContract#paramName": "leasingPeriodID",
  "http://a.ml/vocabularies/apiContract#required": "true",
  "http://a.ml/vocabularies/apiContract#style": "simple",
  "http://a.ml/vocabularies/core#description": "ID to identify the leasing period",
  "http://a.ml/vocabularies/core#name": "leasingPeriodID",
  "http://a.ml/vocabularies/shapes#schema": {
    "http://a.ml/vocabularies/apiContract#examples": [{
      "http://a.ml/vocabularies/document#raw": null,
      "http://a.ml/vocabularies/document#strict": null,
      "http://a.ml/vocabularies/document#structuredValue": null,
      "id": "file:///Users/abettati/Desktop/apisContentFull/7352.json#/declarations/types/scalar/leasingPeriodID/example/default-example"
    }],
    "http://a.ml/vocabularies/core#description": "ID of a leasingPeriod, 9 digit number",
    "http://a.ml/vocabularies/document#recursive": "true",
    "http://a.ml/vocabularies/shapes#format": "int64",
    "http://www.w3.org/ns/shacl#datatype": "http://www.w3.org/2001/XMLSchema#long",
    "http://www.w3.org/ns/shacl#name": "leasingPeriodID",
    "id": "file:///Users/abettati/Desktop/apisContentFull/7352.json#/declarations/types/scalar/leasingPeriodID"
  },
  "id": "file:///Users/abettati/Desktop/apisContentFull/7352.json#/declarations/parameters/parameter/leasingPeriodID"
}, {
  "http://a.ml/vocabularies/apiContract#allowEmptyValue": "false",
  "http://a.ml/vocabularies/apiContract#allowReserved": "false",
  "http://a.ml/vocabularies/apiContract#binding": "query",
  "http://a.ml/vocabularies/apiContract#explode": "true",
  "http://a.ml/vocabularies/apiContract#paramName": "to",
  "http://a.ml/vocabularies/apiContract#required": "true",
  "http://a.ml/vocabularies/apiContract#style": "form",
  "http://a.ml/vocabularies/core#description": "end point of a leasing period",
  "http://a.ml/vocabularies/core#name": "to",
  "http://a.ml/vocabularies/shapes#schema": {
    "http://a.ml/vocabularies/apiContract#examples": [{
      "http://a.ml/vocabularies/document#raw": null,
      "http://a.ml/vocabularies/document#strict": null,
      "http://a.ml/vocabularies/document#structuredValue": null,
      "id": "file:///Users/abettati/Desktop/apisContentFull/7352.json#/declarations/types/scalar/to/example/default-example"
    }],
    "http://a.ml/vocabularies/core#description": "End date and time of the leasing period",
    "http://a.ml/vocabularies/document#recursive": "true",
    "http://a.ml/vocabularies/shapes#format": "datetime",
    "http://www.w3.org/ns/shacl#datatype": "http://www.w3.org/2001/XMLSchema#string",
    "http://www.w3.org/ns/shacl#name": "to",
    "id": "file:///Users/abettati/Desktop/apisContentFull/7352.json#/declarations/types/scalar/to"
  },
  "id": "file:///Users/abettati/Desktop/apisContentFull/7352.json#/declarations/parameters/parameter/to"
}, {
  "http://a.ml/vocabularies/apiContract#allowEmptyValue": "false",
  "http://a.ml/vocabularies/apiContract#allowReserved": "false",
  "http://a.ml/vocabularies/apiContract#binding": "query",
  "http://a.ml/vocabularies/apiContract#explode": "true",
  "http://a.ml/vocabularies/apiContract#paramName": "from",
  "http://a.ml/vocabularies/apiContract#required": "true",
  "http://a.ml/vocabularies/apiContract#style": "form",
  "http://a.ml/vocabularies/core#description": "start point of a leasing period",
  "http://a.ml/vocabularies/core#name": "from",
  "http://a.ml/vocabularies/shapes#schema": {
    "http://a.ml/vocabularies/apiContract#examples": [{
      "http://a.ml/vocabularies/document#raw": null,
      "http://a.ml/vocabularies/document#strict": null,
      "http://a.ml/vocabularies/document#structuredValue": null,
      "id": "file:///Users/abettati/Desktop/apisContentFull/7352.json#/declarations/types/scalar/from/example/default-example"
    }],
    "http://a.ml/vocabularies/core#description": "defines the start date and time of the leasing period",
    "http://a.ml/vocabularies/document#recursive": "true",
    "http://a.ml/vocabularies/shapes#format": "datetime",
    "http://www.w3.org/ns/shacl#datatype": "http://www.w3.org/2001/XMLSchema#string",
    "http://www.w3.org/ns/shacl#name": "from",
    "id": "file:///Users/abettati/Desktop/apisContentFull/7352.json#/declarations/types/scalar/from"
  },
  "id": "file:///Users/abettati/Desktop/apisContentFull/7352.json#/declarations/parameters/parameter/from"
}, {
  "http://a.ml/vocabularies/apiContract#binding": "path",
  "http://a.ml/vocabularies/apiContract#explode": "false",
  "http://a.ml/vocabularies/apiContract#paramName": "driverID",
  "http://a.ml/vocabularies/apiContract#required": "true",
  "http://a.ml/vocabularies/apiContract#style": "simple",
  "http://a.ml/vocabularies/core#description": "ID to identidy a driver",
  "http://a.ml/vocabularies/core#name": "driverID",
  "http://a.ml/vocabularies/shapes#schema": {
    "http://a.ml/vocabularies/apiContract#examples": [{
      "http://a.ml/vocabularies/document#raw": null,
      "http://a.ml/vocabularies/document#strict": null,
      "http://a.ml/vocabularies/document#structuredValue": null,
      "id": "file:///Users/abettati/Desktop/apisContentFull/7352.json#/declarations/types/scalar/driverID/example/default-example"
    }],
    "http://a.ml/vocabularies/core#description": "ID of a driver, 9 digit number",
    "http://a.ml/vocabularies/document#recursive": "true",
    "http://a.ml/vocabularies/shapes#format": "int64",
    "http://www.w3.org/ns/shacl#datatype": "http://www.w3.org/2001/XMLSchema#long",
    "http://www.w3.org/ns/shacl#name": "driverID",
    "id": "file:///Users/abettati/Desktop/apisContentFull/7352.json#/declarations/types/scalar/driverID"
  },
  "id": "file:///Users/abettati/Desktop/apisContentFull/7352.json#/declarations/parameters/parameter/driverID"
}, {
  "http://a.ml/vocabularies/apiContract#allowEmptyValue": "false",
  "http://a.ml/vocabularies/apiContract#allowReserved": "false",
  "http://a.ml/vocabularies/apiContract#binding": "query",
  "http://a.ml/vocabularies/apiContract#explode": "true",
  "http://a.ml/vocabularies/apiContract#paramName": "gender",
  "http://a.ml/vocabularies/apiContract#required": "true",
  "http://a.ml/vocabularies/apiContract#style": "form",
  "http://a.ml/vocabularies/core#description": "gender of driver to get the correct questionnaire",
  "http://a.ml/vocabularies/core#name": "gender",
  "http://a.ml/vocabularies/shapes#schema": {
    "http://www.w3.org/ns/shacl#datatype": "http://www.w3.org/2001/XMLSchema#string",
    "http://www.w3.org/ns/shacl#in": [{
      "http://a.ml/vocabularies/core#name": null,
      "http://a.ml/vocabularies/data#value": null,
      "http://www.w3.org/ns/shacl#datatype": null,
      "id": "file:///Users/abettati/Desktop/apisContentFull/7352.json#/web-api/end-points/%2Fquestionnaires/get/request/parameter/gender/scalar/gender/enum/scalar_1"
    }, {
      "http://a.ml/vocabularies/core#name": null,
      "http://a.ml/vocabularies/data#value": null,
      "http://www.w3.org/ns/shacl#datatype": null,
      "id": "file:///Users/abettati/Desktop/apisContentFull/7352.json#/web-api/end-points/%2Fquestionnaires/get/request/parameter/gender/scalar/gender/enum/scalar_2"
    }, {
      "http://a.ml/vocabularies/core#name": null,
      "http://a.ml/vocabularies/data#value": null,
      "http://www.w3.org/ns/shacl#datatype": null,
      "id": "file:///Users/abettati/Desktop/apisContentFull/7352.json#/web-api/end-points/%2Fquestionnaires/get/request/parameter/gender/scalar/gender/enum/scalar_3"
    }],
    "http://www.w3.org/ns/shacl#name": "gender",
    "id": "file:///Users/abettati/Desktop/apisContentFull/7352.json#/web-api/end-points/%2Fquestionnaires/get/request/parameter/gender/scalar/gender"
  },
  "id": "file:///Users/abettati/Desktop/apisContentFull/7352.json#/web-api/end-points/%2Fquestionnaires/get/request/parameter/gender"
}]