[{
  "http://a.ml/vocabularies/apiContract#binding": "header",
  "http://a.ml/vocabularies/apiContract#paramName": "Authorization",
  "http://a.ml/vocabularies/apiContract#required": "true",
  "http://a.ml/vocabularies/core#description": "Send JWT Token",
  "http://a.ml/vocabularies/core#name": "Authorization",
  "http://a.ml/vocabularies/shapes#schema": {
    "http://a.ml/vocabularies/core#description": "Send JWT Token",
    "http://www.w3.org/ns/shacl#datatype": "http://www.w3.org/2001/XMLSchema#string",
    "http://www.w3.org/ns/shacl#name": "schema",
    "id": "file:///Users/abettati/Desktop/apisContentFull/2224.json#/web-api/end-points/%2Fapi%2Fstateslist/get/request/parameter/Authorization/scalar/schema"
  },
  "id": "file:///Users/abettati/Desktop/apisContentFull/2224.json#/web-api/end-points/%2Fapi%2Fstateslist/get/request/parameter/Authorization"
}, {
  "http://a.ml/vocabularies/apiContract#binding": "header",
  "http://a.ml/vocabularies/apiContract#paramName": "Authorization",
  "http://a.ml/vocabularies/apiContract#required": "true",
  "http://a.ml/vocabularies/core#description": "Send JWT Token",
  "http://a.ml/vocabularies/core#name": "Authorization",
  "http://a.ml/vocabularies/shapes#schema": {
    "http://a.ml/vocabularies/core#description": "Send JWT Token",
    "http://www.w3.org/ns/shacl#datatype": "http://www.w3.org/2001/XMLSchema#string",
    "http://www.w3.org/ns/shacl#name": "schema",
    "id": "file:///Users/abettati/Desktop/apisContentFull/2224.json#/web-api/end-points/%2Fapi%2Fstatecounties/post/request/parameter/Authorization/scalar/schema"
  },
  "id": "file:///Users/abettati/Desktop/apisContentFull/2224.json#/web-api/end-points/%2Fapi%2Fstatecounties/post/request/parameter/Authorization"
}, {
  "http://a.ml/vocabularies/apiContract#binding": "header",
  "http://a.ml/vocabularies/apiContract#paramName": "Authorization",
  "http://a.ml/vocabularies/apiContract#required": "true",
  "http://a.ml/vocabularies/core#description": "an authorization header",
  "http://a.ml/vocabularies/core#name": "Authorization",
  "http://a.ml/vocabularies/shapes#schema": {
    "http://a.ml/vocabularies/core#description": "an authorization header",
    "http://www.w3.org/ns/shacl#datatype": "http://www.w3.org/2001/XMLSchema#string",
    "http://www.w3.org/ns/shacl#name": "schema",
    "id": "file:///Users/abettati/Desktop/apisContentFull/2224.json#/web-api/end-points/%2Fapi%2FfeeCalculationQuestions/post/request/parameter/Authorization/scalar/schema"
  },
  "id": "file:///Users/abettati/Desktop/apisContentFull/2224.json#/web-api/end-points/%2Fapi%2FfeeCalculationQuestions/post/request/parameter/Authorization"
}, {
  "http://a.ml/vocabularies/apiContract#binding": "header",
  "http://a.ml/vocabularies/apiContract#paramName": "Authorization",
  "http://a.ml/vocabularies/apiContract#required": "true",
  "http://a.ml/vocabularies/core#description": "an authorization header",
  "http://a.ml/vocabularies/core#name": "Authorization",
  "http://a.ml/vocabularies/shapes#schema": {
    "http://a.ml/vocabularies/core#description": "an authorization header",
    "http://www.w3.org/ns/shacl#datatype": "http://www.w3.org/2001/XMLSchema#string",
    "http://www.w3.org/ns/shacl#name": "schema",
    "id": "file:///Users/abettati/Desktop/apisContentFull/2224.json#/web-api/end-points/%2Fapi%2FfeeCalculationResults/post/request/parameter/Authorization/scalar/schema"
  },
  "id": "file:///Users/abettati/Desktop/apisContentFull/2224.json#/web-api/end-points/%2Fapi%2FfeeCalculationResults/post/request/parameter/Authorization"
}]