[{
  "http://a.ml/vocabularies/apiContract#binding": "query",
  "http://a.ml/vocabularies/apiContract#paramName": "SinceDepartureDate",
  "http://a.ml/vocabularies/apiContract#required": "false",
  "http://a.ml/vocabularies/core#description": "Fetch every dataset where the departure date is later than given date (inclusive)",
  "http://a.ml/vocabularies/core#name": "SinceDepartureDate",
  "http://a.ml/vocabularies/shapes#schema": {
    "http://a.ml/vocabularies/core#description": "Fetch every dataset where the departure date is later than given date (inclusive)",
    "http://www.w3.org/ns/shacl#datatype": "http://www.w3.org/2001/XMLSchema#string",
    "http://www.w3.org/ns/shacl#name": "schema",
    "id": "file:///Users/abettati/Desktop/apisContentFull/8583.json#/web-api/end-points/%2F%7Bapiversion%7D%2F%7BuserId%7D%2Fregistrationforms/get/request/parameter/SinceDepartureDate/scalar/schema"
  },
  "id": "file:///Users/abettati/Desktop/apisContentFull/8583.json#/web-api/end-points/%2F%7Bapiversion%7D%2F%7BuserId%7D%2Fregistrationforms/get/request/parameter/SinceDepartureDate"
}, {
  "http://a.ml/vocabularies/apiContract#binding": "query",
  "http://a.ml/vocabularies/apiContract#paramName": "limit",
  "http://a.ml/vocabularies/apiContract#required": "false",
  "http://a.ml/vocabularies/core#description": "Maximum number of results to return",
  "http://a.ml/vocabularies/core#name": "limit",
  "http://a.ml/vocabularies/shapes#schema": {
    "http://a.ml/vocabularies/core#description": "Maximum number of results to return",
    "http://a.ml/vocabularies/shapes#format": "int32",
    "http://www.w3.org/ns/shacl#datatype": "http://www.w3.org/2001/XMLSchema#integer",
    "http://www.w3.org/ns/shacl#name": "schema",
    "id": "file:///Users/abettati/Desktop/apisContentFull/8583.json#/web-api/end-points/%2F%7Bapiversion%7D%2F%7BuserId%7D%2Fregistrationforms/get/request/parameter/limit/scalar/schema"
  },
  "id": "file:///Users/abettati/Desktop/apisContentFull/8583.json#/web-api/end-points/%2F%7Bapiversion%7D%2F%7BuserId%7D%2Fregistrationforms/get/request/parameter/limit"
}, {
  "http://a.ml/vocabularies/apiContract#binding": "path",
  "http://a.ml/vocabularies/apiContract#paramName": "apiversion",
  "http://a.ml/vocabularies/apiContract#required": "true",
  "http://a.ml/vocabularies/core#description": "API Version",
  "http://a.ml/vocabularies/core#name": "apiversion",
  "http://a.ml/vocabularies/shapes#schema": {
    "http://a.ml/vocabularies/core#description": "API Version",
    "http://www.w3.org/ns/shacl#datatype": "http://www.w3.org/2001/XMLSchema#string",
    "http://www.w3.org/ns/shacl#name": "schema",
    "id": "file:///Users/abettati/Desktop/apisContentFull/8583.json#/web-api/end-points/%2F%7Bapiversion%7D%2F%7BuserId%7D%2Fregistrationforms/get/request/parameter/apiversion/scalar/schema"
  },
  "id": "file:///Users/abettati/Desktop/apisContentFull/8583.json#/web-api/end-points/%2F%7Bapiversion%7D%2F%7BuserId%7D%2Fregistrationforms/get/request/parameter/apiversion"
}, {
  "http://a.ml/vocabularies/apiContract#binding": "path",
  "http://a.ml/vocabularies/apiContract#paramName": "userId",
  "http://a.ml/vocabularies/apiContract#required": "true",
  "http://a.ml/vocabularies/core#description": "userId",
  "http://a.ml/vocabularies/core#name": "userId",
  "http://a.ml/vocabularies/shapes#schema": {
    "http://a.ml/vocabularies/core#description": "userId",
    "http://www.w3.org/ns/shacl#datatype": "http://www.w3.org/2001/XMLSchema#string",
    "http://www.w3.org/ns/shacl#name": "schema",
    "id": "file:///Users/abettati/Desktop/apisContentFull/8583.json#/web-api/end-points/%2F%7Bapiversion%7D%2F%7BuserId%7D%2Fregistrationforms/get/request/parameter/userId/scalar/schema"
  },
  "id": "file:///Users/abettati/Desktop/apisContentFull/8583.json#/web-api/end-points/%2F%7Bapiversion%7D%2F%7BuserId%7D%2Fregistrationforms/get/request/parameter/userId"
}, {
  "http://a.ml/vocabularies/apiContract#binding": "path",
  "http://a.ml/vocabularies/apiContract#paramName": "apiversion",
  "http://a.ml/vocabularies/apiContract#required": "true",
  "http://a.ml/vocabularies/core#description": "API Version",
  "http://a.ml/vocabularies/core#name": "apiversion",
  "http://a.ml/vocabularies/shapes#schema": {
    "http://a.ml/vocabularies/core#description": "API Version",
    "http://www.w3.org/ns/shacl#datatype": "http://www.w3.org/2001/XMLSchema#string",
    "http://www.w3.org/ns/shacl#name": "schema",
    "id": "file:///Users/abettati/Desktop/apisContentFull/8583.json#/web-api/end-points/%2F%7Bapiversion%7D%2F%7BuserId%7D%2Fregistrationform%2F%7BregistrationformId%7D/get/request/parameter/apiversion/scalar/schema"
  },
  "id": "file:///Users/abettati/Desktop/apisContentFull/8583.json#/web-api/end-points/%2F%7Bapiversion%7D%2F%7BuserId%7D%2Fregistrationform%2F%7BregistrationformId%7D/get/request/parameter/apiversion"
}, {
  "http://a.ml/vocabularies/apiContract#binding": "path",
  "http://a.ml/vocabularies/apiContract#paramName": "userId",
  "http://a.ml/vocabularies/apiContract#required": "true",
  "http://a.ml/vocabularies/core#description": "userId",
  "http://a.ml/vocabularies/core#name": "userId",
  "http://a.ml/vocabularies/shapes#schema": {
    "http://a.ml/vocabularies/core#description": "userId",
    "http://www.w3.org/ns/shacl#datatype": "http://www.w3.org/2001/XMLSchema#string",
    "http://www.w3.org/ns/shacl#name": "schema",
    "id": "file:///Users/abettati/Desktop/apisContentFull/8583.json#/web-api/end-points/%2F%7Bapiversion%7D%2F%7BuserId%7D%2Fregistrationform%2F%7BregistrationformId%7D/get/request/parameter/userId/scalar/schema"
  },
  "id": "file:///Users/abettati/Desktop/apisContentFull/8583.json#/web-api/end-points/%2F%7Bapiversion%7D%2F%7BuserId%7D%2Fregistrationform%2F%7BregistrationformId%7D/get/request/parameter/userId"
}, {
  "http://a.ml/vocabularies/apiContract#binding": "path",
  "http://a.ml/vocabularies/apiContract#paramName": "registrationformId",
  "http://a.ml/vocabularies/apiContract#required": "true",
  "http://a.ml/vocabularies/core#description": "ID of registrationform to fetch",
  "http://a.ml/vocabularies/core#name": "registrationformId",
  "http://a.ml/vocabularies/shapes#schema": {
    "http://a.ml/vocabularies/core#description": "ID of registrationform to fetch",
    "http://www.w3.org/ns/shacl#datatype": "http://www.w3.org/2001/XMLSchema#string",
    "http://www.w3.org/ns/shacl#name": "schema",
    "id": "file:///Users/abettati/Desktop/apisContentFull/8583.json#/web-api/end-points/%2F%7Bapiversion%7D%2F%7BuserId%7D%2Fregistrationform%2F%7BregistrationformId%7D/get/request/parameter/registrationformId/scalar/schema"
  },
  "id": "file:///Users/abettati/Desktop/apisContentFull/8583.json#/web-api/end-points/%2F%7Bapiversion%7D%2F%7BuserId%7D%2Fregistrationform%2F%7BregistrationformId%7D/get/request/parameter/registrationformId"
}, {
  "http://a.ml/vocabularies/apiContract#binding": "query",
  "http://a.ml/vocabularies/apiContract#paramName": "SinceDepartureDate",
  "http://a.ml/vocabularies/apiContract#required": "false",
  "http://a.ml/vocabularies/core#description": "Fetch every dataset where the departure date is later than given date (inclusive)",
  "http://a.ml/vocabularies/core#name": "SinceDepartureDate",
  "http://a.ml/vocabularies/shapes#schema": {
    "http://a.ml/vocabularies/core#description": "Fetch every dataset where the departure date is later than given date (inclusive)",
    "http://www.w3.org/ns/shacl#datatype": "http://www.w3.org/2001/XMLSchema#string",
    "http://www.w3.org/ns/shacl#name": "schema",
    "id": "file:///Users/abettati/Desktop/apisContentFull/8583.json#/web-api/end-points/%2F%7Bapiversion%7D%2F%7BuserId%7D%2Fstays/get/request/parameter/SinceDepartureDate/scalar/schema"
  },
  "id": "file:///Users/abettati/Desktop/apisContentFull/8583.json#/web-api/end-points/%2F%7Bapiversion%7D%2F%7BuserId%7D%2Fstays/get/request/parameter/SinceDepartureDate"
}, {
  "http://a.ml/vocabularies/apiContract#binding": "query",
  "http://a.ml/vocabularies/apiContract#paramName": "limit",
  "http://a.ml/vocabularies/apiContract#required": "false",
  "http://a.ml/vocabularies/core#description": "Maximum number of results to return",
  "http://a.ml/vocabularies/core#name": "limit",
  "http://a.ml/vocabularies/shapes#schema": {
    "http://a.ml/vocabularies/core#description": "Maximum number of results to return",
    "http://a.ml/vocabularies/shapes#format": "int32",
    "http://www.w3.org/ns/shacl#datatype": "http://www.w3.org/2001/XMLSchema#integer",
    "http://www.w3.org/ns/shacl#name": "schema",
    "id": "file:///Users/abettati/Desktop/apisContentFull/8583.json#/web-api/end-points/%2F%7Bapiversion%7D%2F%7BuserId%7D%2Fstays/get/request/parameter/limit/scalar/schema"
  },
  "id": "file:///Users/abettati/Desktop/apisContentFull/8583.json#/web-api/end-points/%2F%7Bapiversion%7D%2F%7BuserId%7D%2Fstays/get/request/parameter/limit"
}, {
  "http://a.ml/vocabularies/apiContract#binding": "path",
  "http://a.ml/vocabularies/apiContract#paramName": "apiversion",
  "http://a.ml/vocabularies/apiContract#required": "true",
  "http://a.ml/vocabularies/core#description": "API Version",
  "http://a.ml/vocabularies/core#name": "apiversion",
  "http://a.ml/vocabularies/shapes#schema": {
    "http://a.ml/vocabularies/core#description": "API Version",
    "http://www.w3.org/ns/shacl#datatype": "http://www.w3.org/2001/XMLSchema#string",
    "http://www.w3.org/ns/shacl#name": "schema",
    "id": "file:///Users/abettati/Desktop/apisContentFull/8583.json#/web-api/end-points/%2F%7Bapiversion%7D%2F%7BuserId%7D%2Fstays/get/request/parameter/apiversion/scalar/schema"
  },
  "id": "file:///Users/abettati/Desktop/apisContentFull/8583.json#/web-api/end-points/%2F%7Bapiversion%7D%2F%7BuserId%7D%2Fstays/get/request/parameter/apiversion"
}, {
  "http://a.ml/vocabularies/apiContract#binding": "path",
  "http://a.ml/vocabularies/apiContract#paramName": "userId",
  "http://a.ml/vocabularies/apiContract#required": "true",
  "http://a.ml/vocabularies/core#description": "userId",
  "http://a.ml/vocabularies/core#name": "userId",
  "http://a.ml/vocabularies/shapes#schema": {
    "http://a.ml/vocabularies/core#description": "userId",
    "http://www.w3.org/ns/shacl#datatype": "http://www.w3.org/2001/XMLSchema#string",
    "http://www.w3.org/ns/shacl#name": "schema",
    "id": "file:///Users/abettati/Desktop/apisContentFull/8583.json#/web-api/end-points/%2F%7Bapiversion%7D%2F%7BuserId%7D%2Fstays/get/request/parameter/userId/scalar/schema"
  },
  "id": "file:///Users/abettati/Desktop/apisContentFull/8583.json#/web-api/end-points/%2F%7Bapiversion%7D%2F%7BuserId%7D%2Fstays/get/request/parameter/userId"
}]