[{
  "http://a.ml/vocabularies/apiContract#binding": "path",
  "http://a.ml/vocabularies/apiContract#paramName": "username",
  "http://a.ml/vocabularies/apiContract#required": "true",
  "http://a.ml/vocabularies/core#description": "The person's username",
  "http://a.ml/vocabularies/core#name": "username",
  "http://a.ml/vocabularies/shapes#schema": {
    "http://a.ml/vocabularies/core#description": "The person's username",
    "http://www.w3.org/ns/shacl#datatype": "http://www.w3.org/2001/XMLSchema#string",
    "http://www.w3.org/ns/shacl#name": "schema",
    "id": "file:///Users/abettati/Desktop/apisContentFull/8389.json#/declarations/parameters/parameter/username/scalar/schema"
  },
  "id": "file:///Users/abettati/Desktop/apisContentFull/8389.json#/declarations/parameters/parameter/username"
}, {
  "http://a.ml/vocabularies/apiContract#binding": "query",
  "http://a.ml/vocabularies/apiContract#paramName": "pageSize",
  "http://a.ml/vocabularies/apiContract#required": "false",
  "http://a.ml/vocabularies/core#description": "Number of persons returned",
  "http://a.ml/vocabularies/core#name": "pageSize",
  "http://a.ml/vocabularies/shapes#schema": {
    "http://a.ml/vocabularies/core#description": "Number of persons returned",
    "http://www.w3.org/ns/shacl#datatype": "http://www.w3.org/2001/XMLSchema#integer",
    "http://www.w3.org/ns/shacl#name": "schema",
    "id": "file:///Users/abettati/Desktop/apisContentFull/8389.json#/declarations/parameters/parameter/pageSize/scalar/schema"
  },
  "id": "file:///Users/abettati/Desktop/apisContentFull/8389.json#/declarations/parameters/parameter/pageSize"
}, {
  "http://a.ml/vocabularies/apiContract#binding": "query",
  "http://a.ml/vocabularies/apiContract#paramName": "pageNumber",
  "http://a.ml/vocabularies/apiContract#required": "false",
  "http://a.ml/vocabularies/core#description": "Page number",
  "http://a.ml/vocabularies/core#name": "pageNumber",
  "http://a.ml/vocabularies/shapes#schema": {
    "http://a.ml/vocabularies/core#description": "Page number",
    "http://www.w3.org/ns/shacl#datatype": "http://www.w3.org/2001/XMLSchema#integer",
    "http://www.w3.org/ns/shacl#name": "schema",
    "id": "file:///Users/abettati/Desktop/apisContentFull/8389.json#/declarations/parameters/parameter/pageNumber/scalar/schema"
  },
  "id": "file:///Users/abettati/Desktop/apisContentFull/8389.json#/declarations/parameters/parameter/pageNumber"
}, {
  "http://a.ml/vocabularies/apiContract#binding": "path",
  "http://a.ml/vocabularies/apiContract#paramName": "dishId",
  "http://a.ml/vocabularies/apiContract#required": "true",
  "http://a.ml/vocabularies/core#description": "菜品ID",
  "http://a.ml/vocabularies/core#name": "dishId",
  "http://a.ml/vocabularies/shapes#schema": {
    "http://a.ml/vocabularies/core#description": "菜品ID",
    "http://www.w3.org/ns/shacl#datatype": "http://www.w3.org/2001/XMLSchema#integer",
    "http://www.w3.org/ns/shacl#name": "schema",
    "id": "file:///Users/abettati/Desktop/apisContentFull/8389.json#/web-api/end-points/%2Frestaurant%2Fdish%2F%7BdishId%7D/put/request/parameter/dishId/scalar/schema"
  },
  "id": "file:///Users/abettati/Desktop/apisContentFull/8389.json#/web-api/end-points/%2Frestaurant%2Fdish%2F%7BdishId%7D/put/request/parameter/dishId"
}, {
  "http://a.ml/vocabularies/apiContract#binding": "path",
  "http://a.ml/vocabularies/apiContract#paramName": "dishId",
  "http://a.ml/vocabularies/apiContract#required": "true",
  "http://a.ml/vocabularies/core#description": "待删除菜品名称",
  "http://a.ml/vocabularies/core#name": "dishId",
  "http://a.ml/vocabularies/shapes#schema": {
    "http://a.ml/vocabularies/core#description": "待删除菜品名称",
    "http://www.w3.org/ns/shacl#datatype": "http://www.w3.org/2001/XMLSchema#integer",
    "http://www.w3.org/ns/shacl#name": "schema",
    "id": "file:///Users/abettati/Desktop/apisContentFull/8389.json#/web-api/end-points/%2Frestaurant%2Fdish%2F%7BdishId%7D/delete/request/parameter/dishId/scalar/schema"
  },
  "id": "file:///Users/abettati/Desktop/apisContentFull/8389.json#/web-api/end-points/%2Frestaurant%2Fdish%2F%7BdishId%7D/delete/request/parameter/dishId"
}, {
  "http://a.ml/vocabularies/apiContract#binding": "query",
  "http://a.ml/vocabularies/apiContract#paramName": "pageSize",
  "http://a.ml/vocabularies/apiContract#required": "false",
  "http://a.ml/vocabularies/core#description": "每页显示多少订单",
  "http://a.ml/vocabularies/core#name": "pageSize",
  "http://a.ml/vocabularies/shapes#schema": {
    "http://a.ml/vocabularies/core#description": "每页显示多少订单",
    "http://www.w3.org/ns/shacl#datatype": "http://www.w3.org/2001/XMLSchema#integer",
    "http://www.w3.org/ns/shacl#name": "schema",
    "id": "file:///Users/abettati/Desktop/apisContentFull/8389.json#/web-api/end-points/%2Frestaurant%2Forder/get/request/parameter/pageSize/scalar/schema"
  },
  "id": "file:///Users/abettati/Desktop/apisContentFull/8389.json#/web-api/end-points/%2Frestaurant%2Forder/get/request/parameter/pageSize"
}, {
  "http://a.ml/vocabularies/apiContract#binding": "query",
  "http://a.ml/vocabularies/apiContract#paramName": "pageNumber",
  "http://a.ml/vocabularies/apiContract#required": "false",
  "http://a.ml/vocabularies/core#description": "页数",
  "http://a.ml/vocabularies/core#name": "pageNumber",
  "http://a.ml/vocabularies/shapes#schema": {
    "http://a.ml/vocabularies/core#description": "页数",
    "http://www.w3.org/ns/shacl#datatype": "http://www.w3.org/2001/XMLSchema#integer",
    "http://www.w3.org/ns/shacl#name": "schema",
    "id": "file:///Users/abettati/Desktop/apisContentFull/8389.json#/web-api/end-points/%2Frestaurant%2Forder/get/request/parameter/pageNumber/scalar/schema"
  },
  "id": "file:///Users/abettati/Desktop/apisContentFull/8389.json#/web-api/end-points/%2Frestaurant%2Forder/get/request/parameter/pageNumber"
}]