[{
  "http://a.ml/vocabularies/apiContract#binding": "path",
  "http://a.ml/vocabularies/apiContract#paramName": "accountId",
  "http://a.ml/vocabularies/apiContract#required": "true",
  "http://a.ml/vocabularies/core#description": "unique identifier of the account to be returned",
  "http://a.ml/vocabularies/core#name": "accountId",
  "http://a.ml/vocabularies/shapes#schema": {
    "http://a.ml/vocabularies/core#description": "unique identifier of the account to be returned",
    "http://www.w3.org/ns/shacl#datatype": "http://www.w3.org/2001/XMLSchema#string",
    "http://www.w3.org/ns/shacl#name": "schema",
    "id": "file:///Users/abettati/Desktop/apisContentFull/4871.json#/web-api/end-points/%2Faccounts%2F%7BaccountId%7D/get/request/parameter/accountId/scalar/schema"
  },
  "id": "file:///Users/abettati/Desktop/apisContentFull/4871.json#/web-api/end-points/%2Faccounts%2F%7BaccountId%7D/get/request/parameter/accountId"
}, {
  "http://a.ml/vocabularies/apiContract#binding": "path",
  "http://a.ml/vocabularies/apiContract#paramName": "accountId",
  "http://a.ml/vocabularies/apiContract#required": "true",
  "http://a.ml/vocabularies/core#description": "unique identifier of the account to delete",
  "http://a.ml/vocabularies/core#name": "accountId",
  "http://a.ml/vocabularies/shapes#schema": {
    "http://a.ml/vocabularies/core#description": "unique identifier of the account to delete",
    "http://www.w3.org/ns/shacl#datatype": "http://www.w3.org/2001/XMLSchema#string",
    "http://www.w3.org/ns/shacl#name": "schema",
    "id": "file:///Users/abettati/Desktop/apisContentFull/4871.json#/web-api/end-points/%2Faccounts%2F%7BaccountId%7D/delete/request/parameter/accountId/scalar/schema"
  },
  "id": "file:///Users/abettati/Desktop/apisContentFull/4871.json#/web-api/end-points/%2Faccounts%2F%7BaccountId%7D/delete/request/parameter/accountId"
}]