[{
  "http://a.ml/vocabularies/apiContract#binding": "path",
  "http://a.ml/vocabularies/apiContract#explode": "false",
  "http://a.ml/vocabularies/apiContract#paramName": "vendoruuid",
  "http://a.ml/vocabularies/apiContract#required": "true",
  "http://a.ml/vocabularies/apiContract#style": "simple",
  "http://a.ml/vocabularies/core#description": "UUID of a vendor",
  "http://a.ml/vocabularies/core#name": "vendoruuid",
  "http://a.ml/vocabularies/shapes#schema": {
    "http://www.w3.org/ns/shacl#datatype": "http://www.w3.org/2001/XMLSchema#string",
    "http://www.w3.org/ns/shacl#name": "vendoruuid",
    "id": "file:///Users/abettati/Desktop/apisContentFull/5620.json#/web-api/end-points/%2Fvendor%2F%7Bvendoruuid%7D/get/request/parameter/vendoruuid/scalar/vendoruuid"
  },
  "id": "file:///Users/abettati/Desktop/apisContentFull/5620.json#/web-api/end-points/%2Fvendor%2F%7Bvendoruuid%7D/get/request/parameter/vendoruuid"
}, {
  "http://a.ml/vocabularies/apiContract#binding": "path",
  "http://a.ml/vocabularies/apiContract#explode": "false",
  "http://a.ml/vocabularies/apiContract#paramName": "vendoruuid",
  "http://a.ml/vocabularies/apiContract#required": "true",
  "http://a.ml/vocabularies/apiContract#style": "simple",
  "http://a.ml/vocabularies/core#description": "vendor uuid in path",
  "http://a.ml/vocabularies/core#name": "vendoruuid",
  "http://a.ml/vocabularies/shapes#schema": {
    "http://www.w3.org/ns/shacl#datatype": "http://www.w3.org/2001/XMLSchema#string",
    "http://www.w3.org/ns/shacl#name": "vendoruuid",
    "id": "file:///Users/abettati/Desktop/apisContentFull/5620.json#/web-api/end-points/%2Fvendor%2F%7Bvendoruuid%7D/put/requestBody/parameter/vendoruuid/scalar/vendoruuid"
  },
  "id": "file:///Users/abettati/Desktop/apisContentFull/5620.json#/web-api/end-points/%2Fvendor%2F%7Bvendoruuid%7D/put/requestBody/parameter/vendoruuid"
}, {
  "http://a.ml/vocabularies/apiContract#binding": "path",
  "http://a.ml/vocabularies/apiContract#explode": "false",
  "http://a.ml/vocabularies/apiContract#paramName": "vendoruuid",
  "http://a.ml/vocabularies/apiContract#required": "true",
  "http://a.ml/vocabularies/apiContract#style": "simple",
  "http://a.ml/vocabularies/core#description": "UUID of a vendor",
  "http://a.ml/vocabularies/core#name": "vendoruuid",
  "http://a.ml/vocabularies/shapes#schema": {
    "http://www.w3.org/ns/shacl#datatype": "http://www.w3.org/2001/XMLSchema#string",
    "http://www.w3.org/ns/shacl#name": "vendoruuid",
    "id": "file:///Users/abettati/Desktop/apisContentFull/5620.json#/web-api/end-points/%2Fvendor%2Fdetails%2F%7Bvendoruuid%7D/get/request/parameter/vendoruuid/scalar/vendoruuid"
  },
  "id": "file:///Users/abettati/Desktop/apisContentFull/5620.json#/web-api/end-points/%2Fvendor%2Fdetails%2F%7Bvendoruuid%7D/get/request/parameter/vendoruuid"
}, {
  "http://a.ml/vocabularies/apiContract#binding": "path",
  "http://a.ml/vocabularies/apiContract#explode": "false",
  "http://a.ml/vocabularies/apiContract#paramName": "voyageNumber",
  "http://a.ml/vocabularies/apiContract#required": "true",
  "http://a.ml/vocabularies/apiContract#style": "simple",
  "http://a.ml/vocabularies/core#description": "Voyage Number",
  "http://a.ml/vocabularies/core#name": "voyageNumber",
  "http://a.ml/vocabularies/shapes#schema": {
    "http://www.w3.org/ns/shacl#datatype": "http://www.w3.org/2001/XMLSchema#string",
    "http://www.w3.org/ns/shacl#name": "voyageNumber",
    "id": "file:///Users/abettati/Desktop/apisContentFull/5620.json#/web-api/end-points/%2Freports%2Ffilterdata%2F%7BvoyageNumber%7D/get/request/parameter/voyageNumber/scalar/voyageNumber"
  },
  "id": "file:///Users/abettati/Desktop/apisContentFull/5620.json#/web-api/end-points/%2Freports%2Ffilterdata%2F%7BvoyageNumber%7D/get/request/parameter/voyageNumber"
}]