[{
  "http://a.ml/vocabularies/apiContract#allowEmptyValue": "false",
  "http://a.ml/vocabularies/apiContract#allowReserved": "false",
  "http://a.ml/vocabularies/apiContract#binding": "query",
  "http://a.ml/vocabularies/apiContract#explode": "true",
  "http://a.ml/vocabularies/apiContract#paramName": "token",
  "http://a.ml/vocabularies/apiContract#required": "true",
  "http://a.ml/vocabularies/apiContract#style": "form",
  "http://a.ml/vocabularies/core#description": "pass valid token for inquiry",
  "http://a.ml/vocabularies/core#name": "token",
  "http://a.ml/vocabularies/shapes#schema": {
    "http://a.ml/vocabularies/apiContract#examples": [{
      "http://a.ml/vocabularies/document#raw": null,
      "http://a.ml/vocabularies/document#strict": null,
      "http://a.ml/vocabularies/document#structuredValue": null,
      "id": "file:///Users/abettati/Desktop/apisContentFull/2159.json#/web-api/end-points/%2Fkyc%2FgetPendingCustomer/get/request/parameter/token/example/default-example"
    }],
    "http://www.w3.org/ns/shacl#datatype": "http://www.w3.org/2001/XMLSchema#string",
    "http://www.w3.org/ns/shacl#name": "token",
    "id": "file:///Users/abettati/Desktop/apisContentFull/2159.json#/web-api/end-points/%2Fkyc%2FgetPendingCustomer/get/request/parameter/token/scalar/token"
  },
  "id": "file:///Users/abettati/Desktop/apisContentFull/2159.json#/web-api/end-points/%2Fkyc%2FgetPendingCustomer/get/request/parameter/token"
}, {
  "http://a.ml/vocabularies/apiContract#allowEmptyValue": "false",
  "http://a.ml/vocabularies/apiContract#allowReserved": "false",
  "http://a.ml/vocabularies/apiContract#binding": "query",
  "http://a.ml/vocabularies/apiContract#explode": "true",
  "http://a.ml/vocabularies/apiContract#paramName": "status",
  "http://a.ml/vocabularies/apiContract#required": "true",
  "http://a.ml/vocabularies/apiContract#style": "form",
  "http://a.ml/vocabularies/core#description": "will have value = ALL for All, t = SENT, f  = FAILED",
  "http://a.ml/vocabularies/core#name": "status",
  "http://a.ml/vocabularies/shapes#schema": {
    "http://a.ml/vocabularies/apiContract#examples": [{
      "http://a.ml/vocabularies/document#raw": null,
      "http://a.ml/vocabularies/document#strict": null,
      "http://a.ml/vocabularies/document#structuredValue": null,
      "id": "file:///Users/abettati/Desktop/apisContentFull/2159.json#/web-api/end-points/%2Femail%2FgetListSentEmail/get/request/parameter/status/scalar/status/example/default-example"
    }],
    "http://www.w3.org/ns/shacl#datatype": "http://www.w3.org/2001/XMLSchema#string",
    "http://www.w3.org/ns/shacl#name": "status",
    "id": "file:///Users/abettati/Desktop/apisContentFull/2159.json#/web-api/end-points/%2Femail%2FgetListSentEmail/get/request/parameter/status/scalar/status"
  },
  "id": "file:///Users/abettati/Desktop/apisContentFull/2159.json#/web-api/end-points/%2Femail%2FgetListSentEmail/get/request/parameter/status"
}, {
  "http://a.ml/vocabularies/apiContract#allowEmptyValue": "false",
  "http://a.ml/vocabularies/apiContract#allowReserved": "false",
  "http://a.ml/vocabularies/apiContract#binding": "query",
  "http://a.ml/vocabularies/apiContract#explode": "true",
  "http://a.ml/vocabularies/apiContract#paramName": "accountType",
  "http://a.ml/vocabularies/apiContract#required": "false",
  "http://a.ml/vocabularies/apiContract#style": "form",
  "http://a.ml/vocabularies/core#description": "will have value = ALL for All, LMP = LUMPSUMP, REG = REGULER",
  "http://a.ml/vocabularies/core#name": "accountType",
  "http://a.ml/vocabularies/shapes#schema": {
    "http://a.ml/vocabularies/apiContract#examples": [{
      "http://a.ml/vocabularies/document#raw": null,
      "http://a.ml/vocabularies/document#strict": null,
      "http://a.ml/vocabularies/document#structuredValue": null,
      "id": "file:///Users/abettati/Desktop/apisContentFull/2159.json#/web-api/end-points/%2Freport%2FgetPermataTrx/get/request/parameter/accountType/scalar/accountType/example/default-example"
    }],
    "http://www.w3.org/ns/shacl#datatype": "http://www.w3.org/2001/XMLSchema#string",
    "http://www.w3.org/ns/shacl#name": "accountType",
    "id": "file:///Users/abettati/Desktop/apisContentFull/2159.json#/web-api/end-points/%2Freport%2FgetPermataTrx/get/request/parameter/accountType/scalar/accountType"
  },
  "id": "file:///Users/abettati/Desktop/apisContentFull/2159.json#/web-api/end-points/%2Freport%2FgetPermataTrx/get/request/parameter/accountType"
}, {
  "http://a.ml/vocabularies/apiContract#allowEmptyValue": "false",
  "http://a.ml/vocabularies/apiContract#allowReserved": "false",
  "http://a.ml/vocabularies/apiContract#binding": "query",
  "http://a.ml/vocabularies/apiContract#explode": "true",
  "http://a.ml/vocabularies/apiContract#paramName": "product",
  "http://a.ml/vocabularies/apiContract#required": "false",
  "http://a.ml/vocabularies/apiContract#style": "form",
  "http://a.ml/vocabularies/core#description": "will be valued code of fund package",
  "http://a.ml/vocabularies/core#name": "product",
  "http://a.ml/vocabularies/shapes#schema": {
    "http://a.ml/vocabularies/apiContract#examples": [{
      "http://a.ml/vocabularies/document#raw": null,
      "http://a.ml/vocabularies/document#strict": null,
      "http://a.ml/vocabularies/document#structuredValue": null,
      "id": "file:///Users/abettati/Desktop/apisContentFull/2159.json#/web-api/end-points/%2Freport%2FgetPermataTrx/get/request/parameter/product/scalar/product/example/default-example"
    }],
    "http://www.w3.org/ns/shacl#datatype": "http://www.w3.org/2001/XMLSchema#string",
    "http://www.w3.org/ns/shacl#name": "product",
    "id": "file:///Users/abettati/Desktop/apisContentFull/2159.json#/web-api/end-points/%2Freport%2FgetPermataTrx/get/request/parameter/product/scalar/product"
  },
  "id": "file:///Users/abettati/Desktop/apisContentFull/2159.json#/web-api/end-points/%2Freport%2FgetPermataTrx/get/request/parameter/product"
}]