[{
  "http://a.ml/vocabularies/apiContract#binding": "query",
  "http://a.ml/vocabularies/apiContract#paramName": "status",
  "http://a.ml/vocabularies/apiContract#required": "true",
  "http://a.ml/vocabularies/core#description": "success/error",
  "http://a.ml/vocabularies/core#name": "status",
  "http://a.ml/vocabularies/shapes#schema": {
    "http://a.ml/vocabularies/core#description": "success/error",
    "http://www.w3.org/ns/shacl#datatype": "http://www.w3.org/2001/XMLSchema#string",
    "http://www.w3.org/ns/shacl#name": "schema",
    "id": "file:///Users/abettati/Desktop/apisContentFull/5065.json#/web-api/end-points/%2Fv1%2Fget-last-apm-metric/get/request/parameter/status/scalar/schema"
  },
  "id": "file:///Users/abettati/Desktop/apisContentFull/5065.json#/web-api/end-points/%2Fv1%2Fget-last-apm-metric/get/request/parameter/status"
}, {
  "http://a.ml/vocabularies/apiContract#binding": "query",
  "http://a.ml/vocabularies/apiContract#paramName": "environment",
  "http://a.ml/vocabularies/apiContract#required": "true",
  "http://a.ml/vocabularies/core#description": "dev",
  "http://a.ml/vocabularies/core#name": "environment",
  "http://a.ml/vocabularies/shapes#schema": {
    "http://a.ml/vocabularies/core#description": "dev",
    "http://www.w3.org/ns/shacl#datatype": "http://www.w3.org/2001/XMLSchema#string",
    "http://www.w3.org/ns/shacl#name": "schema",
    "id": "file:///Users/abettati/Desktop/apisContentFull/5065.json#/web-api/end-points/%2Fv1%2Fget-last-apm-metric/get/request/parameter/environment/scalar/schema"
  },
  "id": "file:///Users/abettati/Desktop/apisContentFull/5065.json#/web-api/end-points/%2Fv1%2Fget-last-apm-metric/get/request/parameter/environment"
}]