[{
  "http://a.ml/vocabularies/apiContract#allowEmptyValue": "false",
  "http://a.ml/vocabularies/apiContract#allowReserved": "false",
  "http://a.ml/vocabularies/apiContract#binding": "query",
  "http://a.ml/vocabularies/apiContract#explode": "true",
  "http://a.ml/vocabularies/apiContract#paramName": "page",
  "http://a.ml/vocabularies/apiContract#required": "false",
  "http://a.ml/vocabularies/apiContract#style": "form",
  "http://a.ml/vocabularies/core#description": "Page numbers (da discutere come fare, CFR https://coll-hub-server-campagnaamica.mondora.com/swagger-ui.html#!/mobile-controller/getDepartmentsUsingGET)",
  "http://a.ml/vocabularies/core#name": "page",
  "http://a.ml/vocabularies/shapes#schema": {
    "http://www.w3.org/ns/shacl#datatype": "http://www.w3.org/2001/XMLSchema#integer",
    "http://www.w3.org/ns/shacl#maxInclusive": "999",
    "http://www.w3.org/ns/shacl#minInclusive": "0",
    "http://www.w3.org/ns/shacl#name": "page",
    "id": "file:///Users/abettati/Desktop/apisContentFull/7991.json#/web-api/end-points/%2Fdocument/get/request/parameter/page/scalar/page"
  },
  "id": "file:///Users/abettati/Desktop/apisContentFull/7991.json#/web-api/end-points/%2Fdocument/get/request/parameter/page"
}, {
  "http://a.ml/vocabularies/apiContract#allowEmptyValue": "false",
  "http://a.ml/vocabularies/apiContract#allowReserved": "false",
  "http://a.ml/vocabularies/apiContract#binding": "query",
  "http://a.ml/vocabularies/apiContract#explode": "true",
  "http://a.ml/vocabularies/apiContract#paramName": "sort",
  "http://a.ml/vocabularies/apiContract#required": "false",
  "http://a.ml/vocabularies/apiContract#style": "form",
  "http://a.ml/vocabularies/core#description": "Sort field and direction (sicuramente per data di creazione e stato) (da discutere come fare, CFR https://coll-hub-server-campagnaamica.mondora.com/swagger-ui.html#!/mobile-controller/getDepartmentsUsingGET)",
  "http://a.ml/vocabularies/core#name": "sort",
  "http://a.ml/vocabularies/shapes#schema": {
    "http://www.w3.org/ns/shacl#datatype": "http://www.w3.org/2001/XMLSchema#string",
    "http://www.w3.org/ns/shacl#name": "sort",
    "id": "file:///Users/abettati/Desktop/apisContentFull/7991.json#/web-api/end-points/%2Fdocument/get/request/parameter/sort/scalar/sort"
  },
  "id": "file:///Users/abettati/Desktop/apisContentFull/7991.json#/web-api/end-points/%2Fdocument/get/request/parameter/sort"
}, {
  "http://a.ml/vocabularies/apiContract#allowEmptyValue": "false",
  "http://a.ml/vocabularies/apiContract#allowReserved": "false",
  "http://a.ml/vocabularies/apiContract#binding": "query",
  "http://a.ml/vocabularies/apiContract#explode": "true",
  "http://a.ml/vocabularies/apiContract#paramName": "documentStatusId",
  "http://a.ml/vocabularies/apiContract#required": "false",
  "http://a.ml/vocabularies/apiContract#style": "form",
  "http://a.ml/vocabularies/core#description": "status id",
  "http://a.ml/vocabularies/core#name": "documentStatusId",
  "http://a.ml/vocabularies/shapes#schema": {
    "http://www.w3.org/ns/shacl#datatype": "http://www.w3.org/2001/XMLSchema#string",
    "http://www.w3.org/ns/shacl#name": "documentStatusId",
    "id": "file:///Users/abettati/Desktop/apisContentFull/7991.json#/web-api/end-points/%2Fdocument/get/request/parameter/documentStatusId/scalar/documentStatusId"
  },
  "id": "file:///Users/abettati/Desktop/apisContentFull/7991.json#/web-api/end-points/%2Fdocument/get/request/parameter/documentStatusId"
}, {
  "http://a.ml/vocabularies/apiContract#allowEmptyValue": "false",
  "http://a.ml/vocabularies/apiContract#allowReserved": "false",
  "http://a.ml/vocabularies/apiContract#binding": "query",
  "http://a.ml/vocabularies/apiContract#explode": "true",
  "http://a.ml/vocabularies/apiContract#paramName": "documentTypeId",
  "http://a.ml/vocabularies/apiContract#required": "false",
  "http://a.ml/vocabularies/apiContract#style": "form",
  "http://a.ml/vocabularies/core#description": "document type id",
  "http://a.ml/vocabularies/core#name": "documentTypeId",
  "http://a.ml/vocabularies/shapes#schema": {
    "http://www.w3.org/ns/shacl#datatype": "http://www.w3.org/2001/XMLSchema#string",
    "http://www.w3.org/ns/shacl#name": "documentTypeId",
    "id": "file:///Users/abettati/Desktop/apisContentFull/7991.json#/web-api/end-points/%2Fdocument/get/request/parameter/documentTypeId/scalar/documentTypeId"
  },
  "id": "file:///Users/abettati/Desktop/apisContentFull/7991.json#/web-api/end-points/%2Fdocument/get/request/parameter/documentTypeId"
}, {
  "http://a.ml/vocabularies/apiContract#allowEmptyValue": "false",
  "http://a.ml/vocabularies/apiContract#allowReserved": "false",
  "http://a.ml/vocabularies/apiContract#binding": "query",
  "http://a.ml/vocabularies/apiContract#explode": "true",
  "http://a.ml/vocabularies/apiContract#paramName": "documentOwnerId",
  "http://a.ml/vocabularies/apiContract#required": "false",
  "http://a.ml/vocabularies/apiContract#style": "form",
  "http://a.ml/vocabularies/core#description": "owner id",
  "http://a.ml/vocabularies/core#name": "documentOwnerId",
  "http://a.ml/vocabularies/shapes#schema": {
    "http://www.w3.org/ns/shacl#datatype": "http://www.w3.org/2001/XMLSchema#string",
    "http://www.w3.org/ns/shacl#name": "documentOwnerId",
    "id": "file:///Users/abettati/Desktop/apisContentFull/7991.json#/web-api/end-points/%2Fdocument/get/request/parameter/documentOwnerId/scalar/documentOwnerId"
  },
  "id": "file:///Users/abettati/Desktop/apisContentFull/7991.json#/web-api/end-points/%2Fdocument/get/request/parameter/documentOwnerId"
}, {
  "http://a.ml/vocabularies/apiContract#allowEmptyValue": "false",
  "http://a.ml/vocabularies/apiContract#allowReserved": "false",
  "http://a.ml/vocabularies/apiContract#binding": "query",
  "http://a.ml/vocabularies/apiContract#explode": "true",
  "http://a.ml/vocabularies/apiContract#paramName": "documentIntermediaryId",
  "http://a.ml/vocabularies/apiContract#required": "false",
  "http://a.ml/vocabularies/apiContract#style": "form",
  "http://a.ml/vocabularies/core#description": "intermediary id",
  "http://a.ml/vocabularies/core#name": "documentIntermediaryId",
  "http://a.ml/vocabularies/shapes#schema": {
    "http://www.w3.org/ns/shacl#datatype": "http://www.w3.org/2001/XMLSchema#string",
    "http://www.w3.org/ns/shacl#name": "documentIntermediaryId",
    "id": "file:///Users/abettati/Desktop/apisContentFull/7991.json#/web-api/end-points/%2Fdocument/get/request/parameter/documentIntermediaryId/scalar/documentIntermediaryId"
  },
  "id": "file:///Users/abettati/Desktop/apisContentFull/7991.json#/web-api/end-points/%2Fdocument/get/request/parameter/documentIntermediaryId"
}, {
  "http://a.ml/vocabularies/apiContract#allowEmptyValue": "false",
  "http://a.ml/vocabularies/apiContract#allowReserved": "false",
  "http://a.ml/vocabularies/apiContract#binding": "query",
  "http://a.ml/vocabularies/apiContract#explode": "true",
  "http://a.ml/vocabularies/apiContract#paramName": "textSearch",
  "http://a.ml/vocabularies/apiContract#required": "false",
  "http://a.ml/vocabularies/apiContract#style": "form",
  "http://a.ml/vocabularies/core#description": "search string",
  "http://a.ml/vocabularies/core#name": "textSearch",
  "http://a.ml/vocabularies/shapes#schema": {
    "http://www.w3.org/ns/shacl#datatype": "http://www.w3.org/2001/XMLSchema#string",
    "http://www.w3.org/ns/shacl#name": "textSearch",
    "id": "file:///Users/abettati/Desktop/apisContentFull/7991.json#/web-api/end-points/%2Fdocument/get/request/parameter/textSearch/scalar/textSearch"
  },
  "id": "file:///Users/abettati/Desktop/apisContentFull/7991.json#/web-api/end-points/%2Fdocument/get/request/parameter/textSearch"
}, {
  "http://a.ml/vocabularies/apiContract#allowEmptyValue": "false",
  "http://a.ml/vocabularies/apiContract#allowReserved": "false",
  "http://a.ml/vocabularies/apiContract#binding": "query",
  "http://a.ml/vocabularies/apiContract#explode": "true",
  "http://a.ml/vocabularies/apiContract#paramName": "id",
  "http://a.ml/vocabularies/apiContract#required": "true",
  "http://a.ml/vocabularies/apiContract#style": "form",
  "http://a.ml/vocabularies/core#description": "id del documento",
  "http://a.ml/vocabularies/core#name": "id",
  "http://a.ml/vocabularies/shapes#schema": {
    "http://www.w3.org/ns/shacl#datatype": "http://www.w3.org/2001/XMLSchema#string",
    "http://www.w3.org/ns/shacl#name": "id",
    "id": "file:///Users/abettati/Desktop/apisContentFull/7991.json#/web-api/end-points/%2Frpc%2Fdocument%2FsendToSigningProcess/post/request/parameter/id/scalar/id"
  },
  "id": "file:///Users/abettati/Desktop/apisContentFull/7991.json#/web-api/end-points/%2Frpc%2Fdocument%2FsendToSigningProcess/post/request/parameter/id"
}, {
  "http://a.ml/vocabularies/apiContract#binding": "path",
  "http://a.ml/vocabularies/apiContract#explode": "false",
  "http://a.ml/vocabularies/apiContract#paramName": "id",
  "http://a.ml/vocabularies/apiContract#required": "true",
  "http://a.ml/vocabularies/apiContract#style": "simple",
  "http://a.ml/vocabularies/core#description": "id del documento",
  "http://a.ml/vocabularies/core#name": "id",
  "http://a.ml/vocabularies/shapes#schema": {
    "http://www.w3.org/ns/shacl#datatype": "http://www.w3.org/2001/XMLSchema#string",
    "http://www.w3.org/ns/shacl#name": "id",
    "id": "file:///Users/abettati/Desktop/apisContentFull/7991.json#/web-api/end-points/%2Fdocument%2F%7Bid%7D%2FsendToSigningProcess/post/request/parameter/id/scalar/id"
  },
  "id": "file:///Users/abettati/Desktop/apisContentFull/7991.json#/web-api/end-points/%2Fdocument%2F%7Bid%7D%2FsendToSigningProcess/post/request/parameter/id"
}, {
  "http://a.ml/vocabularies/apiContract#allowEmptyValue": "false",
  "http://a.ml/vocabularies/apiContract#allowReserved": "false",
  "http://a.ml/vocabularies/apiContract#binding": "query",
  "http://a.ml/vocabularies/apiContract#explode": "true",
  "http://a.ml/vocabularies/apiContract#paramName": "id",
  "http://a.ml/vocabularies/apiContract#required": "true",
  "http://a.ml/vocabularies/apiContract#style": "form",
  "http://a.ml/vocabularies/core#description": "id del documento",
  "http://a.ml/vocabularies/core#name": "id",
  "http://a.ml/vocabularies/shapes#schema": {
    "http://www.w3.org/ns/shacl#datatype": "http://www.w3.org/2001/XMLSchema#string",
    "http://www.w3.org/ns/shacl#name": "id",
    "id": "file:///Users/abettati/Desktop/apisContentFull/7991.json#/web-api/end-points/%2Frpc%2Fdocument%2Fcancel/post/request/parameter/id/scalar/id"
  },
  "id": "file:///Users/abettati/Desktop/apisContentFull/7991.json#/web-api/end-points/%2Frpc%2Fdocument%2Fcancel/post/request/parameter/id"
}, {
  "http://a.ml/vocabularies/apiContract#binding": "path",
  "http://a.ml/vocabularies/apiContract#explode": "false",
  "http://a.ml/vocabularies/apiContract#paramName": "id",
  "http://a.ml/vocabularies/apiContract#required": "true",
  "http://a.ml/vocabularies/apiContract#style": "simple",
  "http://a.ml/vocabularies/core#description": "id del documento",
  "http://a.ml/vocabularies/core#name": "id",
  "http://a.ml/vocabularies/shapes#schema": {
    "http://www.w3.org/ns/shacl#datatype": "http://www.w3.org/2001/XMLSchema#string",
    "http://www.w3.org/ns/shacl#name": "id",
    "id": "file:///Users/abettati/Desktop/apisContentFull/7991.json#/web-api/end-points/%2Fdocument%2F%7Bid%7D%2Fcancel/post/request/parameter/id/scalar/id"
  },
  "id": "file:///Users/abettati/Desktop/apisContentFull/7991.json#/web-api/end-points/%2Fdocument%2F%7Bid%7D%2Fcancel/post/request/parameter/id"
}, {
  "http://a.ml/vocabularies/apiContract#allowEmptyValue": "false",
  "http://a.ml/vocabularies/apiContract#allowReserved": "false",
  "http://a.ml/vocabularies/apiContract#binding": "query",
  "http://a.ml/vocabularies/apiContract#explode": "true",
  "http://a.ml/vocabularies/apiContract#paramName": "id",
  "http://a.ml/vocabularies/apiContract#required": "true",
  "http://a.ml/vocabularies/apiContract#style": "form",
  "http://a.ml/vocabularies/core#description": "id del documento",
  "http://a.ml/vocabularies/core#name": "id",
  "http://a.ml/vocabularies/shapes#schema": {
    "http://www.w3.org/ns/shacl#datatype": "http://www.w3.org/2001/XMLSchema#string",
    "http://www.w3.org/ns/shacl#name": "id",
    "id": "file:///Users/abettati/Desktop/apisContentFull/7991.json#/web-api/end-points/%2Frpc%2Fdocument%2FwriteOff/post/request/parameter/id/scalar/id"
  },
  "id": "file:///Users/abettati/Desktop/apisContentFull/7991.json#/web-api/end-points/%2Frpc%2Fdocument%2FwriteOff/post/request/parameter/id"
}, {
  "http://a.ml/vocabularies/apiContract#binding": "path",
  "http://a.ml/vocabularies/apiContract#explode": "false",
  "http://a.ml/vocabularies/apiContract#paramName": "id",
  "http://a.ml/vocabularies/apiContract#required": "true",
  "http://a.ml/vocabularies/apiContract#style": "simple",
  "http://a.ml/vocabularies/core#description": "id del documento",
  "http://a.ml/vocabularies/core#name": "id",
  "http://a.ml/vocabularies/shapes#schema": {
    "http://www.w3.org/ns/shacl#datatype": "http://www.w3.org/2001/XMLSchema#string",
    "http://www.w3.org/ns/shacl#name": "id",
    "id": "file:///Users/abettati/Desktop/apisContentFull/7991.json#/web-api/end-points/%2Fdocument%2F%7Bid%7D%2FwriteOff/post/request/parameter/id/scalar/id"
  },
  "id": "file:///Users/abettati/Desktop/apisContentFull/7991.json#/web-api/end-points/%2Fdocument%2F%7Bid%7D%2FwriteOff/post/request/parameter/id"
}]