[{
  "http://a.ml/vocabularies/apiContract#allowEmptyValue": "false",
  "http://a.ml/vocabularies/apiContract#allowReserved": "false",
  "http://a.ml/vocabularies/apiContract#binding": "query",
  "http://a.ml/vocabularies/apiContract#explode": "true",
  "http://a.ml/vocabularies/apiContract#paramName": "query",
  "http://a.ml/vocabularies/apiContract#required": "true",
  "http://a.ml/vocabularies/apiContract#style": "form",
  "http://a.ml/vocabularies/core#description": "user's raw search query",
  "http://a.ml/vocabularies/core#name": "query",
  "http://a.ml/vocabularies/shapes#schema": {
    "http://www.w3.org/ns/shacl#datatype": "http://www.w3.org/2001/XMLSchema#string",
    "http://www.w3.org/ns/shacl#name": "query",
    "id": "file:///Users/abettati/Desktop/apisContentFull/911.json#/web-api/end-points/%2Fv2%2Fsearch/get/request/parameter/query/scalar/query"
  },
  "id": "file:///Users/abettati/Desktop/apisContentFull/911.json#/web-api/end-points/%2Fv2%2Fsearch/get/request/parameter/query"
}, {
  "http://a.ml/vocabularies/apiContract#binding": "path",
  "http://a.ml/vocabularies/apiContract#explode": "false",
  "http://a.ml/vocabularies/apiContract#paramName": "id",
  "http://a.ml/vocabularies/apiContract#required": "true",
  "http://a.ml/vocabularies/apiContract#style": "simple",
  "http://a.ml/vocabularies/core#description": "user id",
  "http://a.ml/vocabularies/core#name": "id",
  "http://a.ml/vocabularies/shapes#schema": {
    "http://a.ml/vocabularies/apiContract#examples": [{
      "http://a.ml/vocabularies/document#raw": null,
      "http://a.ml/vocabularies/document#strict": null,
      "http://a.ml/vocabularies/document#structuredValue": null,
      "id": "file:///Users/abettati/Desktop/apisContentFull/911.json#/declarations/types/scalar/UserId/example/default-example"
    }],
    "http://a.ml/vocabularies/document#recursive": "true",
    "http://a.ml/vocabularies/shapes#format": "uuid",
    "http://www.w3.org/ns/shacl#datatype": "http://www.w3.org/2001/XMLSchema#string",
    "http://www.w3.org/ns/shacl#name": "UserId",
    "id": "file:///Users/abettati/Desktop/apisContentFull/911.json#/declarations/types/scalar/UserId"
  },
  "id": "file:///Users/abettati/Desktop/apisContentFull/911.json#/web-api/end-points/%2Fv2%2Fentities%2Fuser%2F%7Bid%7D/get/request/parameter/id"
}, {
  "http://a.ml/vocabularies/apiContract#binding": "path",
  "http://a.ml/vocabularies/apiContract#explode": "false",
  "http://a.ml/vocabularies/apiContract#paramName": "id",
  "http://a.ml/vocabularies/apiContract#required": "true",
  "http://a.ml/vocabularies/apiContract#style": "simple",
  "http://a.ml/vocabularies/core#description": "option id",
  "http://a.ml/vocabularies/core#name": "id",
  "http://a.ml/vocabularies/shapes#schema": {
    "http://a.ml/vocabularies/apiContract#examples": [{
      "http://a.ml/vocabularies/document#raw": null,
      "http://a.ml/vocabularies/document#strict": null,
      "http://a.ml/vocabularies/document#structuredValue": null,
      "id": "file:///Users/abettati/Desktop/apisContentFull/911.json#/declarations/types/scalar/OptionId/example/default-example"
    }],
    "http://a.ml/vocabularies/document#recursive": "true",
    "http://a.ml/vocabularies/shapes#format": "uuid",
    "http://www.w3.org/ns/shacl#datatype": "http://www.w3.org/2001/XMLSchema#string",
    "http://www.w3.org/ns/shacl#name": "OptionId",
    "id": "file:///Users/abettati/Desktop/apisContentFull/911.json#/declarations/types/scalar/OptionId"
  },
  "id": "file:///Users/abettati/Desktop/apisContentFull/911.json#/web-api/end-points/%2Fv2%2Fentities%2Foption%2F%7Bid%7D/get/request/parameter/id"
}, {
  "http://a.ml/vocabularies/apiContract#binding": "path",
  "http://a.ml/vocabularies/apiContract#explode": "false",
  "http://a.ml/vocabularies/apiContract#paramName": "id",
  "http://a.ml/vocabularies/apiContract#required": "true",
  "http://a.ml/vocabularies/apiContract#style": "simple",
  "http://a.ml/vocabularies/core#description": "image id",
  "http://a.ml/vocabularies/core#name": "id",
  "http://a.ml/vocabularies/shapes#schema": {
    "http://a.ml/vocabularies/apiContract#examples": [{
      "http://a.ml/vocabularies/document#raw": null,
      "http://a.ml/vocabularies/document#strict": null,
      "http://a.ml/vocabularies/document#structuredValue": null,
      "id": "file:///Users/abettati/Desktop/apisContentFull/911.json#/declarations/types/scalar/ImageId/example/default-example"
    }],
    "http://a.ml/vocabularies/document#recursive": "true",
    "http://a.ml/vocabularies/shapes#format": "uuid",
    "http://www.w3.org/ns/shacl#datatype": "http://www.w3.org/2001/XMLSchema#string",
    "http://www.w3.org/ns/shacl#name": "ImageId",
    "id": "file:///Users/abettati/Desktop/apisContentFull/911.json#/declarations/types/scalar/ImageId"
  },
  "id": "file:///Users/abettati/Desktop/apisContentFull/911.json#/web-api/end-points/%2Fv2%2Fentities%2Fimage%2F%7Bid%7D/get/request/parameter/id"
}, {
  "http://a.ml/vocabularies/apiContract#binding": "path",
  "http://a.ml/vocabularies/apiContract#explode": "false",
  "http://a.ml/vocabularies/apiContract#paramName": "id",
  "http://a.ml/vocabularies/apiContract#required": "true",
  "http://a.ml/vocabularies/apiContract#style": "simple",
  "http://a.ml/vocabularies/core#description": "product id",
  "http://a.ml/vocabularies/core#name": "id",
  "http://a.ml/vocabularies/shapes#schema": {
    "http://a.ml/vocabularies/apiContract#examples": [{
      "http://a.ml/vocabularies/document#raw": null,
      "http://a.ml/vocabularies/document#strict": null,
      "http://a.ml/vocabularies/document#structuredValue": null,
      "id": "file:///Users/abettati/Desktop/apisContentFull/911.json#/declarations/types/scalar/ProductId/example/default-example"
    }],
    "http://a.ml/vocabularies/document#recursive": "true",
    "http://a.ml/vocabularies/shapes#format": "uuid",
    "http://www.w3.org/ns/shacl#datatype": "http://www.w3.org/2001/XMLSchema#string",
    "http://www.w3.org/ns/shacl#name": "ProductId",
    "id": "file:///Users/abettati/Desktop/apisContentFull/911.json#/declarations/types/scalar/ProductId"
  },
  "id": "file:///Users/abettati/Desktop/apisContentFull/911.json#/web-api/end-points/%2Fv2%2Fentities%2Fproduct%2F%7Bid%7D/get/request/parameter/id"
}, {
  "http://a.ml/vocabularies/apiContract#allowEmptyValue": "false",
  "http://a.ml/vocabularies/apiContract#allowReserved": "false",
  "http://a.ml/vocabularies/apiContract#binding": "query",
  "http://a.ml/vocabularies/apiContract#explode": "true",
  "http://a.ml/vocabularies/apiContract#paramName": "votes",
  "http://a.ml/vocabularies/apiContract#required": "false",
  "http://a.ml/vocabularies/apiContract#style": "form",
  "http://a.ml/vocabularies/core#description": "If true, expose `upvotes` and `downvotes`",
  "http://a.ml/vocabularies/core#name": "votes",
  "http://a.ml/vocabularies/shapes#schema": {
    "http://www.w3.org/ns/shacl#datatype": "http://www.w3.org/2001/XMLSchema#boolean",
    "http://www.w3.org/ns/shacl#name": "votes",
    "id": "file:///Users/abettati/Desktop/apisContentFull/911.json#/web-api/end-points/%2Fv2%2Fentities%2Fopinion%2F%7Bid%7D/get/request/parameter/votes/scalar/votes"
  },
  "id": "file:///Users/abettati/Desktop/apisContentFull/911.json#/web-api/end-points/%2Fv2%2Fentities%2Fopinion%2F%7Bid%7D/get/request/parameter/votes"
}, {
  "http://a.ml/vocabularies/apiContract#binding": "path",
  "http://a.ml/vocabularies/apiContract#explode": "false",
  "http://a.ml/vocabularies/apiContract#paramName": "id",
  "http://a.ml/vocabularies/apiContract#required": "true",
  "http://a.ml/vocabularies/apiContract#style": "simple",
  "http://a.ml/vocabularies/core#description": "opinion id",
  "http://a.ml/vocabularies/core#name": "id",
  "http://a.ml/vocabularies/shapes#schema": {
    "http://a.ml/vocabularies/apiContract#examples": [{
      "http://a.ml/vocabularies/document#raw": null,
      "http://a.ml/vocabularies/document#strict": null,
      "http://a.ml/vocabularies/document#structuredValue": null,
      "id": "file:///Users/abettati/Desktop/apisContentFull/911.json#/declarations/types/scalar/OpinionId/example/default-example"
    }],
    "http://a.ml/vocabularies/document#recursive": "true",
    "http://www.w3.org/ns/shacl#datatype": "http://www.w3.org/2001/XMLSchema#string",
    "http://www.w3.org/ns/shacl#name": "OpinionId",
    "id": "file:///Users/abettati/Desktop/apisContentFull/911.json#/declarations/types/scalar/OpinionId"
  },
  "id": "file:///Users/abettati/Desktop/apisContentFull/911.json#/web-api/end-points/%2Fv2%2Fentities%2Fopinion%2F%7Bid%7D/get/request/parameter/id"
}, {
  "http://a.ml/vocabularies/apiContract#allowEmptyValue": "false",
  "http://a.ml/vocabularies/apiContract#allowReserved": "false",
  "http://a.ml/vocabularies/apiContract#binding": "query",
  "http://a.ml/vocabularies/apiContract#explode": "true",
  "http://a.ml/vocabularies/apiContract#paramName": "option_ids",
  "http://a.ml/vocabularies/apiContract#required": "false",
  "http://a.ml/vocabularies/apiContract#style": "form",
  "http://a.ml/vocabularies/core#description": "include relations to options",
  "http://a.ml/vocabularies/core#name": "option_ids",
  "http://a.ml/vocabularies/shapes#schema": {
    "http://www.w3.org/ns/shacl#datatype": "http://www.w3.org/2001/XMLSchema#boolean",
    "http://www.w3.org/ns/shacl#name": "option_ids",
    "id": "file:///Users/abettati/Desktop/apisContentFull/911.json#/web-api/end-points/%2Fv2%2Fentities%2Fquestion%2F%7Bid%7D/get/request/parameter/option_ids/scalar/option_ids"
  },
  "id": "file:///Users/abettati/Desktop/apisContentFull/911.json#/web-api/end-points/%2Fv2%2Fentities%2Fquestion%2F%7Bid%7D/get/request/parameter/option_ids"
}, {
  "http://a.ml/vocabularies/apiContract#allowEmptyValue": "false",
  "http://a.ml/vocabularies/apiContract#allowReserved": "false",
  "http://a.ml/vocabularies/apiContract#binding": "query",
  "http://a.ml/vocabularies/apiContract#explode": "true",
  "http://a.ml/vocabularies/apiContract#paramName": "comment_ids",
  "http://a.ml/vocabularies/apiContract#required": "false",
  "http://a.ml/vocabularies/apiContract#style": "form",
  "http://a.ml/vocabularies/core#description": "include relations to comments",
  "http://a.ml/vocabularies/core#name": "comment_ids",
  "http://a.ml/vocabularies/shapes#schema": {
    "http://www.w3.org/ns/shacl#datatype": "http://www.w3.org/2001/XMLSchema#boolean",
    "http://www.w3.org/ns/shacl#name": "comment_ids",
    "id": "file:///Users/abettati/Desktop/apisContentFull/911.json#/web-api/end-points/%2Fv2%2Fentities%2Fquestion%2F%7Bid%7D/get/request/parameter/comment_ids/scalar/comment_ids"
  },
  "id": "file:///Users/abettati/Desktop/apisContentFull/911.json#/web-api/end-points/%2Fv2%2Fentities%2Fquestion%2F%7Bid%7D/get/request/parameter/comment_ids"
}, {
  "http://a.ml/vocabularies/apiContract#allowEmptyValue": "false",
  "http://a.ml/vocabularies/apiContract#allowReserved": "false",
  "http://a.ml/vocabularies/apiContract#binding": "query",
  "http://a.ml/vocabularies/apiContract#explode": "true",
  "http://a.ml/vocabularies/apiContract#paramName": "product_ids",
  "http://a.ml/vocabularies/apiContract#required": "false",
  "http://a.ml/vocabularies/apiContract#style": "form",
  "http://a.ml/vocabularies/core#description": "include sorted list of relations to products",
  "http://a.ml/vocabularies/core#name": "product_ids",
  "http://a.ml/vocabularies/shapes#schema": {
    "http://www.w3.org/ns/shacl#datatype": "http://www.w3.org/2001/XMLSchema#boolean",
    "http://www.w3.org/ns/shacl#name": "product_ids",
    "id": "file:///Users/abettati/Desktop/apisContentFull/911.json#/web-api/end-points/%2Fv2%2Fentities%2Fquestion%2F%7Bid%7D/get/request/parameter/product_ids/scalar/product_ids"
  },
  "id": "file:///Users/abettati/Desktop/apisContentFull/911.json#/web-api/end-points/%2Fv2%2Fentities%2Fquestion%2F%7Bid%7D/get/request/parameter/product_ids"
}, {
  "http://a.ml/vocabularies/apiContract#binding": "path",
  "http://a.ml/vocabularies/apiContract#explode": "false",
  "http://a.ml/vocabularies/apiContract#paramName": "id",
  "http://a.ml/vocabularies/apiContract#required": "true",
  "http://a.ml/vocabularies/apiContract#style": "simple",
  "http://a.ml/vocabularies/core#description": "question id",
  "http://a.ml/vocabularies/core#name": "id",
  "http://a.ml/vocabularies/shapes#schema": {
    "http://a.ml/vocabularies/apiContract#examples": [{
      "http://a.ml/vocabularies/document#raw": null,
      "http://a.ml/vocabularies/document#strict": null,
      "http://a.ml/vocabularies/document#structuredValue": null,
      "id": "file:///Users/abettati/Desktop/apisContentFull/911.json#/declarations/types/scalar/QuestionId/example/default-example"
    }],
    "http://a.ml/vocabularies/document#recursive": "true",
    "http://www.w3.org/ns/shacl#datatype": "http://www.w3.org/2001/XMLSchema#string",
    "http://www.w3.org/ns/shacl#name": "QuestionId",
    "id": "file:///Users/abettati/Desktop/apisContentFull/911.json#/declarations/types/scalar/QuestionId"
  },
  "id": "file:///Users/abettati/Desktop/apisContentFull/911.json#/web-api/end-points/%2Fv2%2Fentities%2Fquestion%2F%7Bid%7D/get/request/parameter/id"
}]