[{
  "http://a.ml/vocabularies/apiContract#binding": "path",
  "http://a.ml/vocabularies/apiContract#explode": "false",
  "http://a.ml/vocabularies/apiContract#paramName": "color",
  "http://a.ml/vocabularies/apiContract#required": "true",
  "http://a.ml/vocabularies/apiContract#style": "simple",
  "http://a.ml/vocabularies/core#description": "Possible colors red, green, white",
  "http://a.ml/vocabularies/core#name": "color",
  "http://a.ml/vocabularies/shapes#schema": {
    "http://a.ml/vocabularies/apiContract#examples": [{
      "http://a.ml/vocabularies/document#raw": null,
      "http://a.ml/vocabularies/document#strict": null,
      "http://a.ml/vocabularies/document#structuredValue": null,
      "id": "file:///Users/abettati/Desktop/apisContentFull/749.json#/web-api/end-points/%2Fperipherals%2Fled%2F%7Bcolor%7D/get/request/parameter/color/scalar/color/example/default-example"
    }],
    "http://www.w3.org/ns/shacl#datatype": "http://www.w3.org/2001/XMLSchema#string",
    "http://www.w3.org/ns/shacl#name": "color",
    "id": "file:///Users/abettati/Desktop/apisContentFull/749.json#/web-api/end-points/%2Fperipherals%2Fled%2F%7Bcolor%7D/get/request/parameter/color/scalar/color"
  },
  "id": "file:///Users/abettati/Desktop/apisContentFull/749.json#/web-api/end-points/%2Fperipherals%2Fled%2F%7Bcolor%7D/get/request/parameter/color"
}, {
  "http://a.ml/vocabularies/apiContract#binding": "path",
  "http://a.ml/vocabularies/apiContract#explode": "false",
  "http://a.ml/vocabularies/apiContract#paramName": "cmd",
  "http://a.ml/vocabularies/apiContract#required": "true",
  "http://a.ml/vocabularies/apiContract#style": "simple",
  "http://a.ml/vocabularies/core#description": "Possible parameters are readFram, framdeviceid",
  "http://a.ml/vocabularies/core#name": "cmd",
  "http://a.ml/vocabularies/shapes#schema": {
    "http://a.ml/vocabularies/apiContract#examples": [{
      "http://a.ml/vocabularies/document#raw": null,
      "http://a.ml/vocabularies/document#strict": null,
      "http://a.ml/vocabularies/document#structuredValue": null,
      "id": "file:///Users/abettati/Desktop/apisContentFull/749.json#/web-api/end-points/%2Fperipherals%2Ffram%2F%7Bcmd%7D/get/request/parameter/cmd/scalar/cmd/example/default-example"
    }],
    "http://www.w3.org/ns/shacl#datatype": "http://www.w3.org/2001/XMLSchema#string",
    "http://www.w3.org/ns/shacl#name": "cmd",
    "id": "file:///Users/abettati/Desktop/apisContentFull/749.json#/web-api/end-points/%2Fperipherals%2Ffram%2F%7Bcmd%7D/get/request/parameter/cmd/scalar/cmd"
  },
  "id": "file:///Users/abettati/Desktop/apisContentFull/749.json#/web-api/end-points/%2Fperipherals%2Ffram%2F%7Bcmd%7D/get/request/parameter/cmd"
}]