[{
  "http://a.ml/vocabularies/apiContract#binding": "path",
  "http://a.ml/vocabularies/apiContract#paramName": "id",
  "http://a.ml/vocabularies/apiContract#required": "true",
  "http://a.ml/vocabularies/core#description": "ID of message that needs to be get",
  "http://a.ml/vocabularies/core#name": "id",
  "http://a.ml/vocabularies/shapes#schema": {
    "http://a.ml/vocabularies/core#description": "ID of message that needs to be get",
    "http://a.ml/vocabularies/shapes#format": "int64",
    "http://www.w3.org/ns/shacl#datatype": "http://www.w3.org/2001/XMLSchema#long",
    "http://www.w3.org/ns/shacl#name": "schema",
    "id": "file:///Users/abettati/Desktop/apisContentFull/1613.json#/web-api/end-points/%2Fmessage%2F%7Bid%7D/get/request/parameter/id/scalar/schema"
  },
  "id": "file:///Users/abettati/Desktop/apisContentFull/1613.json#/web-api/end-points/%2Fmessage%2F%7Bid%7D/get/request/parameter/id"
}, {
  "http://a.ml/vocabularies/apiContract#binding": "path",
  "http://a.ml/vocabularies/apiContract#paramName": "id",
  "http://a.ml/vocabularies/apiContract#required": "true",
  "http://a.ml/vocabularies/core#description": "message id for mpdifying",
  "http://a.ml/vocabularies/core#name": "id",
  "http://a.ml/vocabularies/shapes#schema": {
    "http://a.ml/vocabularies/core#description": "message id for mpdifying",
    "http://a.ml/vocabularies/shapes#format": "int64",
    "http://www.w3.org/ns/shacl#datatype": "http://www.w3.org/2001/XMLSchema#long",
    "http://www.w3.org/ns/shacl#name": "schema",
    "id": "file:///Users/abettati/Desktop/apisContentFull/1613.json#/web-api/end-points/%2Fmessage%2F%7Bid%7D/put/request/parameter/id/scalar/schema"
  },
  "id": "file:///Users/abettati/Desktop/apisContentFull/1613.json#/web-api/end-points/%2Fmessage%2F%7Bid%7D/put/request/parameter/id"
}, {
  "http://a.ml/vocabularies/apiContract#binding": "path",
  "http://a.ml/vocabularies/apiContract#paramName": "id",
  "http://a.ml/vocabularies/apiContract#required": "true",
  "http://a.ml/vocabularies/core#description": "ID of the message that needs to be deleted",
  "http://a.ml/vocabularies/core#name": "id",
  "http://a.ml/vocabularies/shapes#schema": {
    "http://a.ml/vocabularies/core#description": "ID of the message that needs to be deleted",
    "http://a.ml/vocabularies/shapes#format": "int64",
    "http://www.w3.org/ns/shacl#datatype": "http://www.w3.org/2001/XMLSchema#long",
    "http://www.w3.org/ns/shacl#minInclusive": "1.0",
    "http://www.w3.org/ns/shacl#name": "schema",
    "id": "file:///Users/abettati/Desktop/apisContentFull/1613.json#/web-api/end-points/%2Fmessage%2F%7Bid%7D/delete/request/parameter/id/scalar/schema"
  },
  "id": "file:///Users/abettati/Desktop/apisContentFull/1613.json#/web-api/end-points/%2Fmessage%2F%7Bid%7D/delete/request/parameter/id"
}]