[{
  "http://a.ml/vocabularies/apiContract#binding": "path",
  "http://a.ml/vocabularies/apiContract#paramName": "subscriptionId",
  "http://a.ml/vocabularies/apiContract#required": "true",
  "http://a.ml/vocabularies/core#description": "The Microsoft Azure subscription ID.",
  "http://a.ml/vocabularies/core#name": "SubscriptionIdParameter",
  "http://a.ml/vocabularies/shapes#schema": {
    "http://a.ml/vocabularies/core#description": "The Microsoft Azure subscription ID.",
    "http://www.w3.org/ns/shacl#datatype": "http://www.w3.org/2001/XMLSchema#string",
    "http://www.w3.org/ns/shacl#name": "schema",
    "id": "file:///Users/abettati/sandbox/azure-rest-api-specs/specification/appconfiguration/resource-manager/Microsoft.AppConfiguration/stable/2019-10-01/appconfiguration.json#/declarations/parameters/parameter/SubscriptionIdParameter/scalar/schema"
  },
  "id": "file:///Users/abettati/sandbox/azure-rest-api-specs/specification/appconfiguration/resource-manager/Microsoft.AppConfiguration/stable/2019-10-01/appconfiguration.json#/declarations/parameters/parameter/SubscriptionIdParameter"
}, {
  "http://a.ml/vocabularies/apiContract#binding": "path",
  "http://a.ml/vocabularies/apiContract#paramName": "resourceGroupName",
  "http://a.ml/vocabularies/apiContract#required": "true",
  "http://a.ml/vocabularies/core#description": "The name of the resource group to which the container registry belongs.",
  "http://a.ml/vocabularies/core#name": "ResourceGroupNameParameter",
  "http://a.ml/vocabularies/document#customDomainProperties": [{
    "http://a.ml/vocabularies/core#extensionName": "ms-parameter-location",
    "http://a.ml/vocabularies/document#definedBy": {
      "http://a.ml/vocabularies/core#name": null,
      "id": "file:///Users/abettati/sandbox/azure-rest-api-specs/specification/appconfiguration/resource-manager/Microsoft.AppConfiguration/stable/2019-10-01/appconfiguration.json#/declarations/parameters/parameter/ResourceGroupNameParameter/ms-parameter-location"
    },
    "http://a.ml/vocabularies/document#extension": {
      "http://a.ml/vocabularies/core#name": null,
      "http://a.ml/vocabularies/data#value": null,
      "http://www.w3.org/ns/shacl#datatype": null,
      "id": "file:///Users/abettati/sandbox/azure-rest-api-specs/specification/appconfiguration/resource-manager/Microsoft.AppConfiguration/stable/2019-10-01/appconfiguration.json#/declarations/parameters/parameter/ResourceGroupNameParameter/ms-parameter-location/scalar_1"
    },
    "id": "file:///Users/abettati/sandbox/azure-rest-api-specs/specification/appconfiguration/resource-manager/Microsoft.AppConfiguration/stable/2019-10-01/appconfiguration.json#/declarations/parameters/parameter/ResourceGroupNameParameter/extension/ms-parameter-location"
  }],
  "http://a.ml/vocabularies/shapes#schema": {
    "http://a.ml/vocabularies/core#description": "The name of the resource group to which the container registry belongs.",
    "http://a.ml/vocabularies/document#customDomainProperties": [{
      "http://a.ml/vocabularies/core#extensionName": null,
      "http://a.ml/vocabularies/document#definedBy": null,
      "http://a.ml/vocabularies/document#extension": null,
      "id": "file:///Users/abettati/sandbox/azure-rest-api-specs/specification/appconfiguration/resource-manager/Microsoft.AppConfiguration/stable/2019-10-01/appconfiguration.json#/declarations/parameters/parameter/ResourceGroupNameParameter/scalar/schema/extension/ms-parameter-location"
    }],
    "http://www.w3.org/ns/shacl#datatype": "http://www.w3.org/2001/XMLSchema#string",
    "http://www.w3.org/ns/shacl#name": "schema",
    "id": "file:///Users/abettati/sandbox/azure-rest-api-specs/specification/appconfiguration/resource-manager/Microsoft.AppConfiguration/stable/2019-10-01/appconfiguration.json#/declarations/parameters/parameter/ResourceGroupNameParameter/scalar/schema"
  },
  "id": "file:///Users/abettati/sandbox/azure-rest-api-specs/specification/appconfiguration/resource-manager/Microsoft.AppConfiguration/stable/2019-10-01/appconfiguration.json#/declarations/parameters/parameter/ResourceGroupNameParameter"
}, {
  "http://a.ml/vocabularies/apiContract#binding": "path",
  "http://a.ml/vocabularies/apiContract#paramName": "configStoreName",
  "http://a.ml/vocabularies/apiContract#required": "true",
  "http://a.ml/vocabularies/core#description": "The name of the configuration store.",
  "http://a.ml/vocabularies/core#name": "ConfigStoreNameParameter",
  "http://a.ml/vocabularies/document#customDomainProperties": [{
    "http://a.ml/vocabularies/core#extensionName": "ms-parameter-location",
    "http://a.ml/vocabularies/document#definedBy": {
      "http://a.ml/vocabularies/core#name": null,
      "id": "file:///Users/abettati/sandbox/azure-rest-api-specs/specification/appconfiguration/resource-manager/Microsoft.AppConfiguration/stable/2019-10-01/appconfiguration.json#/declarations/parameters/parameter/ConfigStoreNameParameter/ms-parameter-location"
    },
    "http://a.ml/vocabularies/document#extension": {
      "http://a.ml/vocabularies/core#name": null,
      "http://a.ml/vocabularies/data#value": null,
      "http://www.w3.org/ns/shacl#datatype": null,
      "id": "file:///Users/abettati/sandbox/azure-rest-api-specs/specification/appconfiguration/resource-manager/Microsoft.AppConfiguration/stable/2019-10-01/appconfiguration.json#/declarations/parameters/parameter/ConfigStoreNameParameter/ms-parameter-location/scalar_1"
    },
    "id": "file:///Users/abettati/sandbox/azure-rest-api-specs/specification/appconfiguration/resource-manager/Microsoft.AppConfiguration/stable/2019-10-01/appconfiguration.json#/declarations/parameters/parameter/ConfigStoreNameParameter/extension/ms-parameter-location"
  }],
  "http://a.ml/vocabularies/shapes#schema": {
    "http://a.ml/vocabularies/core#description": "The name of the configuration store.",
    "http://a.ml/vocabularies/document#customDomainProperties": [{
      "http://a.ml/vocabularies/core#extensionName": null,
      "http://a.ml/vocabularies/document#definedBy": null,
      "http://a.ml/vocabularies/document#extension": null,
      "id": "file:///Users/abettati/sandbox/azure-rest-api-specs/specification/appconfiguration/resource-manager/Microsoft.AppConfiguration/stable/2019-10-01/appconfiguration.json#/declarations/parameters/parameter/ConfigStoreNameParameter/scalar/schema/extension/ms-parameter-location"
    }],
    "http://www.w3.org/ns/shacl#datatype": "http://www.w3.org/2001/XMLSchema#string",
    "http://www.w3.org/ns/shacl#maxLength": "50",
    "http://www.w3.org/ns/shacl#minLength": "5",
    "http://www.w3.org/ns/shacl#name": "schema",
    "http://www.w3.org/ns/shacl#pattern": "^[a-zA-Z0-9_-]*$",
    "id": "file:///Users/abettati/sandbox/azure-rest-api-specs/specification/appconfiguration/resource-manager/Microsoft.AppConfiguration/stable/2019-10-01/appconfiguration.json#/declarations/parameters/parameter/ConfigStoreNameParameter/scalar/schema"
  },
  "id": "file:///Users/abettati/sandbox/azure-rest-api-specs/specification/appconfiguration/resource-manager/Microsoft.AppConfiguration/stable/2019-10-01/appconfiguration.json#/declarations/parameters/parameter/ConfigStoreNameParameter"
}, {
  "http://a.ml/vocabularies/apiContract#binding": "query",
  "http://a.ml/vocabularies/apiContract#paramName": "api-version",
  "http://a.ml/vocabularies/apiContract#required": "true",
  "http://a.ml/vocabularies/core#description": "The client API version.",
  "http://a.ml/vocabularies/core#name": "ApiVersionParameter",
  "http://a.ml/vocabularies/shapes#schema": {
    "http://a.ml/vocabularies/core#description": "The client API version.",
    "http://www.w3.org/ns/shacl#datatype": "http://www.w3.org/2001/XMLSchema#string",
    "http://www.w3.org/ns/shacl#name": "schema",
    "id": "file:///Users/abettati/sandbox/azure-rest-api-specs/specification/appconfiguration/resource-manager/Microsoft.AppConfiguration/stable/2019-10-01/appconfiguration.json#/declarations/parameters/parameter/ApiVersionParameter/scalar/schema"
  },
  "id": "file:///Users/abettati/sandbox/azure-rest-api-specs/specification/appconfiguration/resource-manager/Microsoft.AppConfiguration/stable/2019-10-01/appconfiguration.json#/declarations/parameters/parameter/ApiVersionParameter"
}, {
  "http://a.ml/vocabularies/apiContract#binding": "query",
  "http://a.ml/vocabularies/apiContract#paramName": "$skipToken",
  "http://a.ml/vocabularies/apiContract#required": "false",
  "http://a.ml/vocabularies/core#description": "A skip token is used to continue retrieving items after an operation returns a partial result. If a previous response contains a nextLink element, the value of the nextLink element will include a skipToken parameter that specifies a starting point to use for subsequent calls.",
  "http://a.ml/vocabularies/core#name": "$skipToken",
  "http://a.ml/vocabularies/shapes#schema": {
    "http://a.ml/vocabularies/core#description": "A skip token is used to continue retrieving items after an operation returns a partial result. If a previous response contains a nextLink element, the value of the nextLink element will include a skipToken parameter that specifies a starting point to use for subsequent calls.",
    "http://www.w3.org/ns/shacl#datatype": "http://www.w3.org/2001/XMLSchema#string",
    "http://www.w3.org/ns/shacl#name": "schema",
    "id": "file:///Users/abettati/sandbox/azure-rest-api-specs/specification/appconfiguration/resource-manager/Microsoft.AppConfiguration/stable/2019-10-01/appconfiguration.json#/web-api/end-points/%2Fsubscriptions%2F%7BsubscriptionId%7D%2Fproviders%2FMicrosoft.AppConfiguration%2FconfigurationStores/get/request/parameter/%24skipToken/scalar/schema"
  },
  "id": "file:///Users/abettati/sandbox/azure-rest-api-specs/specification/appconfiguration/resource-manager/Microsoft.AppConfiguration/stable/2019-10-01/appconfiguration.json#/web-api/end-points/%2Fsubscriptions%2F%7BsubscriptionId%7D%2Fproviders%2FMicrosoft.AppConfiguration%2FconfigurationStores/get/request/parameter/%24skipToken"
}, {
  "http://a.ml/vocabularies/apiContract#binding": "query",
  "http://a.ml/vocabularies/apiContract#paramName": "$skipToken",
  "http://a.ml/vocabularies/apiContract#required": "false",
  "http://a.ml/vocabularies/core#description": "A skip token is used to continue retrieving items after an operation returns a partial result. If a previous response contains a nextLink element, the value of the nextLink element will include a skipToken parameter that specifies a starting point to use for subsequent calls.",
  "http://a.ml/vocabularies/core#name": "$skipToken",
  "http://a.ml/vocabularies/shapes#schema": {
    "http://a.ml/vocabularies/core#description": "A skip token is used to continue retrieving items after an operation returns a partial result. If a previous response contains a nextLink element, the value of the nextLink element will include a skipToken parameter that specifies a starting point to use for subsequent calls.",
    "http://www.w3.org/ns/shacl#datatype": "http://www.w3.org/2001/XMLSchema#string",
    "http://www.w3.org/ns/shacl#name": "schema",
    "id": "file:///Users/abettati/sandbox/azure-rest-api-specs/specification/appconfiguration/resource-manager/Microsoft.AppConfiguration/stable/2019-10-01/appconfiguration.json#/web-api/end-points/%2Fsubscriptions%2F%7BsubscriptionId%7D%2FresourceGroups%2F%7BresourceGroupName%7D%2Fproviders%2FMicrosoft.AppConfiguration%2FconfigurationStores/get/request/parameter/%24skipToken/scalar/schema"
  },
  "id": "file:///Users/abettati/sandbox/azure-rest-api-specs/specification/appconfiguration/resource-manager/Microsoft.AppConfiguration/stable/2019-10-01/appconfiguration.json#/web-api/end-points/%2Fsubscriptions%2F%7BsubscriptionId%7D%2FresourceGroups%2F%7BresourceGroupName%7D%2Fproviders%2FMicrosoft.AppConfiguration%2FconfigurationStores/get/request/parameter/%24skipToken"
}, {
  "http://a.ml/vocabularies/apiContract#binding": "query",
  "http://a.ml/vocabularies/apiContract#paramName": "$skipToken",
  "http://a.ml/vocabularies/apiContract#required": "false",
  "http://a.ml/vocabularies/core#description": "A skip token is used to continue retrieving items after an operation returns a partial result. If a previous response contains a nextLink element, the value of the nextLink element will include a skipToken parameter that specifies a starting point to use for subsequent calls.",
  "http://a.ml/vocabularies/core#name": "$skipToken",
  "http://a.ml/vocabularies/shapes#schema": {
    "http://a.ml/vocabularies/core#description": "A skip token is used to continue retrieving items after an operation returns a partial result. If a previous response contains a nextLink element, the value of the nextLink element will include a skipToken parameter that specifies a starting point to use for subsequent calls.",
    "http://www.w3.org/ns/shacl#datatype": "http://www.w3.org/2001/XMLSchema#string",
    "http://www.w3.org/ns/shacl#name": "schema",
    "id": "file:///Users/abettati/sandbox/azure-rest-api-specs/specification/appconfiguration/resource-manager/Microsoft.AppConfiguration/stable/2019-10-01/appconfiguration.json#/web-api/end-points/%2Fsubscriptions%2F%7BsubscriptionId%7D%2FresourceGroups%2F%7BresourceGroupName%7D%2Fproviders%2FMicrosoft.AppConfiguration%2FconfigurationStores%2F%7BconfigStoreName%7D%2FListKeys/post/request/parameter/%24skipToken/scalar/schema"
  },
  "id": "file:///Users/abettati/sandbox/azure-rest-api-specs/specification/appconfiguration/resource-manager/Microsoft.AppConfiguration/stable/2019-10-01/appconfiguration.json#/web-api/end-points/%2Fsubscriptions%2F%7BsubscriptionId%7D%2FresourceGroups%2F%7BresourceGroupName%7D%2Fproviders%2FMicrosoft.AppConfiguration%2FconfigurationStores%2F%7BconfigStoreName%7D%2FListKeys/post/request/parameter/%24skipToken"
}, {
  "http://a.ml/vocabularies/apiContract#binding": "query",
  "http://a.ml/vocabularies/apiContract#paramName": "$skipToken",
  "http://a.ml/vocabularies/apiContract#required": "false",
  "http://a.ml/vocabularies/core#description": "A skip token is used to continue retrieving items after an operation returns a partial result. If a previous response contains a nextLink element, the value of the nextLink element will include a skipToken parameter that specifies a starting point to use for subsequent calls.",
  "http://a.ml/vocabularies/core#name": "$skipToken",
  "http://a.ml/vocabularies/shapes#schema": {
    "http://a.ml/vocabularies/core#description": "A skip token is used to continue retrieving items after an operation returns a partial result. If a previous response contains a nextLink element, the value of the nextLink element will include a skipToken parameter that specifies a starting point to use for subsequent calls.",
    "http://www.w3.org/ns/shacl#datatype": "http://www.w3.org/2001/XMLSchema#string",
    "http://www.w3.org/ns/shacl#name": "schema",
    "id": "file:///Users/abettati/sandbox/azure-rest-api-specs/specification/appconfiguration/resource-manager/Microsoft.AppConfiguration/stable/2019-10-01/appconfiguration.json#/web-api/end-points/%2Fproviders%2FMicrosoft.AppConfiguration%2Foperations/get/request/parameter/%24skipToken/scalar/schema"
  },
  "id": "file:///Users/abettati/sandbox/azure-rest-api-specs/specification/appconfiguration/resource-manager/Microsoft.AppConfiguration/stable/2019-10-01/appconfiguration.json#/web-api/end-points/%2Fproviders%2FMicrosoft.AppConfiguration%2Foperations/get/request/parameter/%24skipToken"
}]