[{
  "http://a.ml/vocabularies/apiContract#binding": "path",
  "http://a.ml/vocabularies/apiContract#paramName": "managedInstanceName",
  "http://a.ml/vocabularies/apiContract#required": "true",
  "http://a.ml/vocabularies/core#description": "The name of the managed instance.",
  "http://a.ml/vocabularies/core#name": "ManagedInstanceNameParameter",
  "http://a.ml/vocabularies/document#customDomainProperties": [{
    "http://a.ml/vocabularies/core#extensionName": "ms-parameter-location",
    "http://a.ml/vocabularies/document#definedBy": {
      "http://a.ml/vocabularies/core#name": null,
      "id": "file:///Users/abettati/sandbox/azure-rest-api-specs/specification/sql/resource-manager/Microsoft.Sql/preview/2020-02-02-preview/ManagedDatabaseColumns.json#/declarations/parameters/parameter/ManagedInstanceNameParameter/ms-parameter-location"
    },
    "http://a.ml/vocabularies/document#extension": {
      "http://a.ml/vocabularies/core#name": null,
      "http://a.ml/vocabularies/data#value": null,
      "http://www.w3.org/ns/shacl#datatype": null,
      "id": "file:///Users/abettati/sandbox/azure-rest-api-specs/specification/sql/resource-manager/Microsoft.Sql/preview/2020-02-02-preview/ManagedDatabaseColumns.json#/declarations/parameters/parameter/ManagedInstanceNameParameter/ms-parameter-location/scalar_1"
    },
    "id": "file:///Users/abettati/sandbox/azure-rest-api-specs/specification/sql/resource-manager/Microsoft.Sql/preview/2020-02-02-preview/ManagedDatabaseColumns.json#/declarations/parameters/parameter/ManagedInstanceNameParameter/extension/ms-parameter-location"
  }],
  "http://a.ml/vocabularies/shapes#schema": {
    "http://a.ml/vocabularies/core#description": "The name of the managed instance.",
    "http://a.ml/vocabularies/document#customDomainProperties": [{
      "http://a.ml/vocabularies/core#extensionName": null,
      "http://a.ml/vocabularies/document#definedBy": null,
      "http://a.ml/vocabularies/document#extension": null,
      "id": "file:///Users/abettati/sandbox/azure-rest-api-specs/specification/sql/resource-manager/Microsoft.Sql/preview/2020-02-02-preview/ManagedDatabaseColumns.json#/declarations/parameters/parameter/ManagedInstanceNameParameter/scalar/schema/extension/ms-parameter-location"
    }],
    "http://www.w3.org/ns/shacl#datatype": "http://www.w3.org/2001/XMLSchema#string",
    "http://www.w3.org/ns/shacl#name": "schema",
    "id": "file:///Users/abettati/sandbox/azure-rest-api-specs/specification/sql/resource-manager/Microsoft.Sql/preview/2020-02-02-preview/ManagedDatabaseColumns.json#/declarations/parameters/parameter/ManagedInstanceNameParameter/scalar/schema"
  },
  "id": "file:///Users/abettati/sandbox/azure-rest-api-specs/specification/sql/resource-manager/Microsoft.Sql/preview/2020-02-02-preview/ManagedDatabaseColumns.json#/declarations/parameters/parameter/ManagedInstanceNameParameter"
}, {
  "http://a.ml/vocabularies/apiContract#binding": "path",
  "http://a.ml/vocabularies/apiContract#paramName": "databaseName",
  "http://a.ml/vocabularies/apiContract#required": "true",
  "http://a.ml/vocabularies/core#description": "The name of the database.",
  "http://a.ml/vocabularies/core#name": "DatabaseNameParameter",
  "http://a.ml/vocabularies/document#customDomainProperties": [{
    "http://a.ml/vocabularies/core#extensionName": "ms-parameter-location",
    "http://a.ml/vocabularies/document#definedBy": {
      "http://a.ml/vocabularies/core#name": null,
      "id": "file:///Users/abettati/sandbox/azure-rest-api-specs/specification/sql/resource-manager/Microsoft.Sql/preview/2020-02-02-preview/ManagedDatabaseColumns.json#/declarations/parameters/parameter/DatabaseNameParameter/ms-parameter-location"
    },
    "http://a.ml/vocabularies/document#extension": {
      "http://a.ml/vocabularies/core#name": null,
      "http://a.ml/vocabularies/data#value": null,
      "http://www.w3.org/ns/shacl#datatype": null,
      "id": "file:///Users/abettati/sandbox/azure-rest-api-specs/specification/sql/resource-manager/Microsoft.Sql/preview/2020-02-02-preview/ManagedDatabaseColumns.json#/declarations/parameters/parameter/DatabaseNameParameter/ms-parameter-location/scalar_1"
    },
    "id": "file:///Users/abettati/sandbox/azure-rest-api-specs/specification/sql/resource-manager/Microsoft.Sql/preview/2020-02-02-preview/ManagedDatabaseColumns.json#/declarations/parameters/parameter/DatabaseNameParameter/extension/ms-parameter-location"
  }],
  "http://a.ml/vocabularies/shapes#schema": {
    "http://a.ml/vocabularies/core#description": "The name of the database.",
    "http://a.ml/vocabularies/document#customDomainProperties": [{
      "http://a.ml/vocabularies/core#extensionName": null,
      "http://a.ml/vocabularies/document#definedBy": null,
      "http://a.ml/vocabularies/document#extension": null,
      "id": "file:///Users/abettati/sandbox/azure-rest-api-specs/specification/sql/resource-manager/Microsoft.Sql/preview/2020-02-02-preview/ManagedDatabaseColumns.json#/declarations/parameters/parameter/DatabaseNameParameter/scalar/schema/extension/ms-parameter-location"
    }],
    "http://www.w3.org/ns/shacl#datatype": "http://www.w3.org/2001/XMLSchema#string",
    "http://www.w3.org/ns/shacl#name": "schema",
    "id": "file:///Users/abettati/sandbox/azure-rest-api-specs/specification/sql/resource-manager/Microsoft.Sql/preview/2020-02-02-preview/ManagedDatabaseColumns.json#/declarations/parameters/parameter/DatabaseNameParameter/scalar/schema"
  },
  "id": "file:///Users/abettati/sandbox/azure-rest-api-specs/specification/sql/resource-manager/Microsoft.Sql/preview/2020-02-02-preview/ManagedDatabaseColumns.json#/declarations/parameters/parameter/DatabaseNameParameter"
}, {
  "http://a.ml/vocabularies/apiContract#binding": "query",
  "http://a.ml/vocabularies/apiContract#paramName": "api-version",
  "http://a.ml/vocabularies/apiContract#required": "true",
  "http://a.ml/vocabularies/core#description": "The API version to use for the request.",
  "http://a.ml/vocabularies/core#name": "api-version",
  "http://a.ml/vocabularies/document#customDomainProperties": [{
    "http://a.ml/vocabularies/core#extensionName": "ms-parameter-location",
    "http://a.ml/vocabularies/document#definedBy": {
      "http://a.ml/vocabularies/core#name": null,
      "id": "file:///Users/abettati/sandbox/azure-rest-api-specs/specification/sql/resource-manager/Microsoft.Sql/preview/2020-02-02-preview/ManagedDatabaseColumns.json#/web-api/end-points/%2Fsubscriptions%2F%7BsubscriptionId%7D%2FresourceGroups%2F%7BresourceGroupName%7D%2Fproviders%2FMicrosoft.Sql%2FmanagedInstances%2F%7BmanagedInstanceName%7D%2Fdatabases%2F%7BdatabaseName%7D%2Fcolumns/get/request/parameter/api-version/ms-parameter-location"
    },
    "http://a.ml/vocabularies/document#extension": {
      "http://a.ml/vocabularies/core#name": null,
      "http://a.ml/vocabularies/data#value": null,
      "http://www.w3.org/ns/shacl#datatype": null,
      "id": "file:///Users/abettati/sandbox/azure-rest-api-specs/specification/sql/resource-manager/Microsoft.Sql/preview/2020-02-02-preview/ManagedDatabaseColumns.json#/web-api/end-points/%2Fsubscriptions%2F%7BsubscriptionId%7D%2FresourceGroups%2F%7BresourceGroupName%7D%2Fproviders%2FMicrosoft.Sql%2FmanagedInstances%2F%7BmanagedInstanceName%7D%2Fdatabases%2F%7BdatabaseName%7D%2Fcolumns/get/request/parameter/api-version/ms-parameter-location/scalar_1"
    },
    "id": "file:///Users/abettati/sandbox/azure-rest-api-specs/specification/sql/resource-manager/Microsoft.Sql/preview/2020-02-02-preview/ManagedDatabaseColumns.json#/web-api/end-points/%2Fsubscriptions%2F%7BsubscriptionId%7D%2FresourceGroups%2F%7BresourceGroupName%7D%2Fproviders%2FMicrosoft.Sql%2FmanagedInstances%2F%7BmanagedInstanceName%7D%2Fdatabases%2F%7BdatabaseName%7D%2Fcolumns/get/request/parameter/api-version/extension/ms-parameter-location"
  }],
  "http://a.ml/vocabularies/shapes#schema": {
    "http://a.ml/vocabularies/core#description": "The API version to use for the request.",
    "http://a.ml/vocabularies/document#customDomainProperties": [{
      "http://a.ml/vocabularies/core#extensionName": null,
      "http://a.ml/vocabularies/document#definedBy": null,
      "http://a.ml/vocabularies/document#extension": null,
      "id": "file:///Users/abettati/sandbox/azure-rest-api-specs/specification/sql/resource-manager/Microsoft.Sql/preview/2020-02-02-preview/ManagedDatabaseColumns.json#/web-api/end-points/%2Fsubscriptions%2F%7BsubscriptionId%7D%2FresourceGroups%2F%7BresourceGroupName%7D%2Fproviders%2FMicrosoft.Sql%2FmanagedInstances%2F%7BmanagedInstanceName%7D%2Fdatabases%2F%7BdatabaseName%7D%2Fcolumns/get/request/parameter/api-version/scalar/schema/extension/ms-parameter-location"
    }],
    "http://www.w3.org/ns/shacl#datatype": "http://www.w3.org/2001/XMLSchema#string",
    "http://www.w3.org/ns/shacl#name": "schema",
    "id": "file:///Users/abettati/sandbox/azure-rest-api-specs/specification/sql/resource-manager/Microsoft.Sql/preview/2020-02-02-preview/ManagedDatabaseColumns.json#/web-api/end-points/%2Fsubscriptions%2F%7BsubscriptionId%7D%2FresourceGroups%2F%7BresourceGroupName%7D%2Fproviders%2FMicrosoft.Sql%2FmanagedInstances%2F%7BmanagedInstanceName%7D%2Fdatabases%2F%7BdatabaseName%7D%2Fcolumns/get/request/parameter/api-version/scalar/schema"
  },
  "id": "file:///Users/abettati/sandbox/azure-rest-api-specs/specification/sql/resource-manager/Microsoft.Sql/preview/2020-02-02-preview/ManagedDatabaseColumns.json#/web-api/end-points/%2Fsubscriptions%2F%7BsubscriptionId%7D%2FresourceGroups%2F%7BresourceGroupName%7D%2Fproviders%2FMicrosoft.Sql%2FmanagedInstances%2F%7BmanagedInstanceName%7D%2Fdatabases%2F%7BdatabaseName%7D%2Fcolumns/get/request/parameter/api-version"
}, {
  "http://a.ml/vocabularies/apiContract#binding": "query",
  "http://a.ml/vocabularies/apiContract#paramName": "$skiptoken",
  "http://a.ml/vocabularies/apiContract#required": "false",
  "http://a.ml/vocabularies/core#description": "An opaque token that identifies a starting point in the collection.",
  "http://a.ml/vocabularies/core#name": "$skiptoken",
  "http://a.ml/vocabularies/shapes#schema": {
    "http://a.ml/vocabularies/core#description": "An opaque token that identifies a starting point in the collection.",
    "http://www.w3.org/ns/shacl#datatype": "http://www.w3.org/2001/XMLSchema#string",
    "http://www.w3.org/ns/shacl#name": "schema",
    "id": "file:///Users/abettati/sandbox/azure-rest-api-specs/specification/sql/resource-manager/Microsoft.Sql/preview/2020-02-02-preview/ManagedDatabaseColumns.json#/web-api/end-points/%2Fsubscriptions%2F%7BsubscriptionId%7D%2FresourceGroups%2F%7BresourceGroupName%7D%2Fproviders%2FMicrosoft.Sql%2FmanagedInstances%2F%7BmanagedInstanceName%7D%2Fdatabases%2F%7BdatabaseName%7D%2Fcolumns/get/request/parameter/%24skiptoken/scalar/schema"
  },
  "id": "file:///Users/abettati/sandbox/azure-rest-api-specs/specification/sql/resource-manager/Microsoft.Sql/preview/2020-02-02-preview/ManagedDatabaseColumns.json#/web-api/end-points/%2Fsubscriptions%2F%7BsubscriptionId%7D%2FresourceGroups%2F%7BresourceGroupName%7D%2Fproviders%2FMicrosoft.Sql%2FmanagedInstances%2F%7BmanagedInstanceName%7D%2Fdatabases%2F%7BdatabaseName%7D%2Fcolumns/get/request/parameter/%24skiptoken"
}, {
  "http://a.ml/vocabularies/apiContract#binding": "path",
  "http://a.ml/vocabularies/apiContract#paramName": "resourceGroupName",
  "http://a.ml/vocabularies/apiContract#required": "true",
  "http://a.ml/vocabularies/core#description": "The name of the resource group that contains the resource. You can obtain this value from the Azure Resource Manager API or the portal.",
  "http://a.ml/vocabularies/core#name": "resourceGroupName",
  "http://a.ml/vocabularies/document#customDomainProperties": [{
    "http://a.ml/vocabularies/core#extensionName": "ms-parameter-location",
    "http://a.ml/vocabularies/document#definedBy": {
      "http://a.ml/vocabularies/core#name": null,
      "id": "file:///Users/abettati/sandbox/azure-rest-api-specs/specification/sql/resource-manager/Microsoft.Sql/preview/2020-02-02-preview/ManagedDatabaseColumns.json#/web-api/end-points/%2Fsubscriptions%2F%7BsubscriptionId%7D%2FresourceGroups%2F%7BresourceGroupName%7D%2Fproviders%2FMicrosoft.Sql%2FmanagedInstances%2F%7BmanagedInstanceName%7D%2Fdatabases%2F%7BdatabaseName%7D%2Fcolumns/get/request/parameter/resourceGroupName/ms-parameter-location"
    },
    "http://a.ml/vocabularies/document#extension": {
      "http://a.ml/vocabularies/core#name": null,
      "http://a.ml/vocabularies/data#value": null,
      "http://www.w3.org/ns/shacl#datatype": null,
      "id": "file:///Users/abettati/sandbox/azure-rest-api-specs/specification/sql/resource-manager/Microsoft.Sql/preview/2020-02-02-preview/ManagedDatabaseColumns.json#/web-api/end-points/%2Fsubscriptions%2F%7BsubscriptionId%7D%2FresourceGroups%2F%7BresourceGroupName%7D%2Fproviders%2FMicrosoft.Sql%2FmanagedInstances%2F%7BmanagedInstanceName%7D%2Fdatabases%2F%7BdatabaseName%7D%2Fcolumns/get/request/parameter/resourceGroupName/ms-parameter-location/scalar_1"
    },
    "id": "file:///Users/abettati/sandbox/azure-rest-api-specs/specification/sql/resource-manager/Microsoft.Sql/preview/2020-02-02-preview/ManagedDatabaseColumns.json#/web-api/end-points/%2Fsubscriptions%2F%7BsubscriptionId%7D%2FresourceGroups%2F%7BresourceGroupName%7D%2Fproviders%2FMicrosoft.Sql%2FmanagedInstances%2F%7BmanagedInstanceName%7D%2Fdatabases%2F%7BdatabaseName%7D%2Fcolumns/get/request/parameter/resourceGroupName/extension/ms-parameter-location"
  }],
  "http://a.ml/vocabularies/shapes#schema": {
    "http://a.ml/vocabularies/core#description": "The name of the resource group that contains the resource. You can obtain this value from the Azure Resource Manager API or the portal.",
    "http://a.ml/vocabularies/document#customDomainProperties": [{
      "http://a.ml/vocabularies/core#extensionName": null,
      "http://a.ml/vocabularies/document#definedBy": null,
      "http://a.ml/vocabularies/document#extension": null,
      "id": "file:///Users/abettati/sandbox/azure-rest-api-specs/specification/sql/resource-manager/Microsoft.Sql/preview/2020-02-02-preview/ManagedDatabaseColumns.json#/web-api/end-points/%2Fsubscriptions%2F%7BsubscriptionId%7D%2FresourceGroups%2F%7BresourceGroupName%7D%2Fproviders%2FMicrosoft.Sql%2FmanagedInstances%2F%7BmanagedInstanceName%7D%2Fdatabases%2F%7BdatabaseName%7D%2Fcolumns/get/request/parameter/resourceGroupName/scalar/schema/extension/ms-parameter-location"
    }],
    "http://www.w3.org/ns/shacl#datatype": "http://www.w3.org/2001/XMLSchema#string",
    "http://www.w3.org/ns/shacl#name": "schema",
    "id": "file:///Users/abettati/sandbox/azure-rest-api-specs/specification/sql/resource-manager/Microsoft.Sql/preview/2020-02-02-preview/ManagedDatabaseColumns.json#/web-api/end-points/%2Fsubscriptions%2F%7BsubscriptionId%7D%2FresourceGroups%2F%7BresourceGroupName%7D%2Fproviders%2FMicrosoft.Sql%2FmanagedInstances%2F%7BmanagedInstanceName%7D%2Fdatabases%2F%7BdatabaseName%7D%2Fcolumns/get/request/parameter/resourceGroupName/scalar/schema"
  },
  "id": "file:///Users/abettati/sandbox/azure-rest-api-specs/specification/sql/resource-manager/Microsoft.Sql/preview/2020-02-02-preview/ManagedDatabaseColumns.json#/web-api/end-points/%2Fsubscriptions%2F%7BsubscriptionId%7D%2FresourceGroups%2F%7BresourceGroupName%7D%2Fproviders%2FMicrosoft.Sql%2FmanagedInstances%2F%7BmanagedInstanceName%7D%2Fdatabases%2F%7BdatabaseName%7D%2Fcolumns/get/request/parameter/resourceGroupName"
}, {
  "http://a.ml/vocabularies/apiContract#binding": "path",
  "http://a.ml/vocabularies/apiContract#paramName": "subscriptionId",
  "http://a.ml/vocabularies/apiContract#required": "true",
  "http://a.ml/vocabularies/core#description": "The subscription ID that identifies an Azure subscription.",
  "http://a.ml/vocabularies/core#name": "subscriptionId",
  "http://a.ml/vocabularies/document#customDomainProperties": [{
    "http://a.ml/vocabularies/core#extensionName": "ms-parameter-location",
    "http://a.ml/vocabularies/document#definedBy": {
      "http://a.ml/vocabularies/core#name": null,
      "id": "file:///Users/abettati/sandbox/azure-rest-api-specs/specification/sql/resource-manager/Microsoft.Sql/preview/2020-02-02-preview/ManagedDatabaseColumns.json#/web-api/end-points/%2Fsubscriptions%2F%7BsubscriptionId%7D%2FresourceGroups%2F%7BresourceGroupName%7D%2Fproviders%2FMicrosoft.Sql%2FmanagedInstances%2F%7BmanagedInstanceName%7D%2Fdatabases%2F%7BdatabaseName%7D%2Fcolumns/get/request/parameter/subscriptionId/ms-parameter-location"
    },
    "http://a.ml/vocabularies/document#extension": {
      "http://a.ml/vocabularies/core#name": null,
      "http://a.ml/vocabularies/data#value": null,
      "http://www.w3.org/ns/shacl#datatype": null,
      "id": "file:///Users/abettati/sandbox/azure-rest-api-specs/specification/sql/resource-manager/Microsoft.Sql/preview/2020-02-02-preview/ManagedDatabaseColumns.json#/web-api/end-points/%2Fsubscriptions%2F%7BsubscriptionId%7D%2FresourceGroups%2F%7BresourceGroupName%7D%2Fproviders%2FMicrosoft.Sql%2FmanagedInstances%2F%7BmanagedInstanceName%7D%2Fdatabases%2F%7BdatabaseName%7D%2Fcolumns/get/request/parameter/subscriptionId/ms-parameter-location/scalar_1"
    },
    "id": "file:///Users/abettati/sandbox/azure-rest-api-specs/specification/sql/resource-manager/Microsoft.Sql/preview/2020-02-02-preview/ManagedDatabaseColumns.json#/web-api/end-points/%2Fsubscriptions%2F%7BsubscriptionId%7D%2FresourceGroups%2F%7BresourceGroupName%7D%2Fproviders%2FMicrosoft.Sql%2FmanagedInstances%2F%7BmanagedInstanceName%7D%2Fdatabases%2F%7BdatabaseName%7D%2Fcolumns/get/request/parameter/subscriptionId/extension/ms-parameter-location"
  }],
  "http://a.ml/vocabularies/shapes#schema": {
    "http://a.ml/vocabularies/core#description": "The subscription ID that identifies an Azure subscription.",
    "http://a.ml/vocabularies/document#customDomainProperties": [{
      "http://a.ml/vocabularies/core#extensionName": null,
      "http://a.ml/vocabularies/document#definedBy": null,
      "http://a.ml/vocabularies/document#extension": null,
      "id": "file:///Users/abettati/sandbox/azure-rest-api-specs/specification/sql/resource-manager/Microsoft.Sql/preview/2020-02-02-preview/ManagedDatabaseColumns.json#/web-api/end-points/%2Fsubscriptions%2F%7BsubscriptionId%7D%2FresourceGroups%2F%7BresourceGroupName%7D%2Fproviders%2FMicrosoft.Sql%2FmanagedInstances%2F%7BmanagedInstanceName%7D%2Fdatabases%2F%7BdatabaseName%7D%2Fcolumns/get/request/parameter/subscriptionId/scalar/schema/extension/ms-parameter-location"
    }],
    "http://www.w3.org/ns/shacl#datatype": "http://www.w3.org/2001/XMLSchema#string",
    "http://www.w3.org/ns/shacl#name": "schema",
    "id": "file:///Users/abettati/sandbox/azure-rest-api-specs/specification/sql/resource-manager/Microsoft.Sql/preview/2020-02-02-preview/ManagedDatabaseColumns.json#/web-api/end-points/%2Fsubscriptions%2F%7BsubscriptionId%7D%2FresourceGroups%2F%7BresourceGroupName%7D%2Fproviders%2FMicrosoft.Sql%2FmanagedInstances%2F%7BmanagedInstanceName%7D%2Fdatabases%2F%7BdatabaseName%7D%2Fcolumns/get/request/parameter/subscriptionId/scalar/schema"
  },
  "id": "file:///Users/abettati/sandbox/azure-rest-api-specs/specification/sql/resource-manager/Microsoft.Sql/preview/2020-02-02-preview/ManagedDatabaseColumns.json#/web-api/end-points/%2Fsubscriptions%2F%7BsubscriptionId%7D%2FresourceGroups%2F%7BresourceGroupName%7D%2Fproviders%2FMicrosoft.Sql%2FmanagedInstances%2F%7BmanagedInstanceName%7D%2Fdatabases%2F%7BdatabaseName%7D%2Fcolumns/get/request/parameter/subscriptionId"
}, {
  "http://a.ml/vocabularies/apiContract#binding": "query",
  "http://a.ml/vocabularies/apiContract#paramName": "$filter",
  "http://a.ml/vocabularies/apiContract#required": "false",
  "http://a.ml/vocabularies/core#description": "An OData filter expression that filters elements in the collection.",
  "http://a.ml/vocabularies/core#name": "$filter",
  "http://a.ml/vocabularies/shapes#schema": {
    "http://a.ml/vocabularies/core#description": "An OData filter expression that filters elements in the collection.",
    "http://www.w3.org/ns/shacl#datatype": "http://www.w3.org/2001/XMLSchema#string",
    "http://www.w3.org/ns/shacl#name": "schema",
    "id": "file:///Users/abettati/sandbox/azure-rest-api-specs/specification/sql/resource-manager/Microsoft.Sql/preview/2020-02-02-preview/ManagedDatabaseColumns.json#/web-api/end-points/%2Fsubscriptions%2F%7BsubscriptionId%7D%2FresourceGroups%2F%7BresourceGroupName%7D%2Fproviders%2FMicrosoft.Sql%2FmanagedInstances%2F%7BmanagedInstanceName%7D%2Fdatabases%2F%7BdatabaseName%7D%2Fschemas%2F%7BschemaName%7D%2Ftables%2F%7BtableName%7D%2Fcolumns/get/request/parameter/%24filter/scalar/schema"
  },
  "id": "file:///Users/abettati/sandbox/azure-rest-api-specs/specification/sql/resource-manager/Microsoft.Sql/preview/2020-02-02-preview/ManagedDatabaseColumns.json#/web-api/end-points/%2Fsubscriptions%2F%7BsubscriptionId%7D%2FresourceGroups%2F%7BresourceGroupName%7D%2Fproviders%2FMicrosoft.Sql%2FmanagedInstances%2F%7BmanagedInstanceName%7D%2Fdatabases%2F%7BdatabaseName%7D%2Fschemas%2F%7BschemaName%7D%2Ftables%2F%7BtableName%7D%2Fcolumns/get/request/parameter/%24filter"
}, {
  "http://a.ml/vocabularies/apiContract#binding": "query",
  "http://a.ml/vocabularies/apiContract#paramName": "api-version",
  "http://a.ml/vocabularies/apiContract#required": "true",
  "http://a.ml/vocabularies/core#description": "The API version to use for the request.",
  "http://a.ml/vocabularies/core#name": "api-version",
  "http://a.ml/vocabularies/document#customDomainProperties": [{
    "http://a.ml/vocabularies/core#extensionName": "ms-parameter-location",
    "http://a.ml/vocabularies/document#definedBy": {
      "http://a.ml/vocabularies/core#name": null,
      "id": "file:///Users/abettati/sandbox/azure-rest-api-specs/specification/sql/resource-manager/Microsoft.Sql/preview/2020-02-02-preview/ManagedDatabaseColumns.json#/web-api/end-points/%2Fsubscriptions%2F%7BsubscriptionId%7D%2FresourceGroups%2F%7BresourceGroupName%7D%2Fproviders%2FMicrosoft.Sql%2FmanagedInstances%2F%7BmanagedInstanceName%7D%2Fdatabases%2F%7BdatabaseName%7D%2Fschemas%2F%7BschemaName%7D%2Ftables%2F%7BtableName%7D%2Fcolumns/get/request/parameter/api-version/ms-parameter-location"
    },
    "http://a.ml/vocabularies/document#extension": {
      "http://a.ml/vocabularies/core#name": null,
      "http://a.ml/vocabularies/data#value": null,
      "http://www.w3.org/ns/shacl#datatype": null,
      "id": "file:///Users/abettati/sandbox/azure-rest-api-specs/specification/sql/resource-manager/Microsoft.Sql/preview/2020-02-02-preview/ManagedDatabaseColumns.json#/web-api/end-points/%2Fsubscriptions%2F%7BsubscriptionId%7D%2FresourceGroups%2F%7BresourceGroupName%7D%2Fproviders%2FMicrosoft.Sql%2FmanagedInstances%2F%7BmanagedInstanceName%7D%2Fdatabases%2F%7BdatabaseName%7D%2Fschemas%2F%7BschemaName%7D%2Ftables%2F%7BtableName%7D%2Fcolumns/get/request/parameter/api-version/ms-parameter-location/scalar_1"
    },
    "id": "file:///Users/abettati/sandbox/azure-rest-api-specs/specification/sql/resource-manager/Microsoft.Sql/preview/2020-02-02-preview/ManagedDatabaseColumns.json#/web-api/end-points/%2Fsubscriptions%2F%7BsubscriptionId%7D%2FresourceGroups%2F%7BresourceGroupName%7D%2Fproviders%2FMicrosoft.Sql%2FmanagedInstances%2F%7BmanagedInstanceName%7D%2Fdatabases%2F%7BdatabaseName%7D%2Fschemas%2F%7BschemaName%7D%2Ftables%2F%7BtableName%7D%2Fcolumns/get/request/parameter/api-version/extension/ms-parameter-location"
  }],
  "http://a.ml/vocabularies/shapes#schema": {
    "http://a.ml/vocabularies/core#description": "The API version to use for the request.",
    "http://a.ml/vocabularies/document#customDomainProperties": [{
      "http://a.ml/vocabularies/core#extensionName": null,
      "http://a.ml/vocabularies/document#definedBy": null,
      "http://a.ml/vocabularies/document#extension": null,
      "id": "file:///Users/abettati/sandbox/azure-rest-api-specs/specification/sql/resource-manager/Microsoft.Sql/preview/2020-02-02-preview/ManagedDatabaseColumns.json#/web-api/end-points/%2Fsubscriptions%2F%7BsubscriptionId%7D%2FresourceGroups%2F%7BresourceGroupName%7D%2Fproviders%2FMicrosoft.Sql%2FmanagedInstances%2F%7BmanagedInstanceName%7D%2Fdatabases%2F%7BdatabaseName%7D%2Fschemas%2F%7BschemaName%7D%2Ftables%2F%7BtableName%7D%2Fcolumns/get/request/parameter/api-version/scalar/schema/extension/ms-parameter-location"
    }],
    "http://www.w3.org/ns/shacl#datatype": "http://www.w3.org/2001/XMLSchema#string",
    "http://www.w3.org/ns/shacl#name": "schema",
    "id": "file:///Users/abettati/sandbox/azure-rest-api-specs/specification/sql/resource-manager/Microsoft.Sql/preview/2020-02-02-preview/ManagedDatabaseColumns.json#/web-api/end-points/%2Fsubscriptions%2F%7BsubscriptionId%7D%2FresourceGroups%2F%7BresourceGroupName%7D%2Fproviders%2FMicrosoft.Sql%2FmanagedInstances%2F%7BmanagedInstanceName%7D%2Fdatabases%2F%7BdatabaseName%7D%2Fschemas%2F%7BschemaName%7D%2Ftables%2F%7BtableName%7D%2Fcolumns/get/request/parameter/api-version/scalar/schema"
  },
  "id": "file:///Users/abettati/sandbox/azure-rest-api-specs/specification/sql/resource-manager/Microsoft.Sql/preview/2020-02-02-preview/ManagedDatabaseColumns.json#/web-api/end-points/%2Fsubscriptions%2F%7BsubscriptionId%7D%2FresourceGroups%2F%7BresourceGroupName%7D%2Fproviders%2FMicrosoft.Sql%2FmanagedInstances%2F%7BmanagedInstanceName%7D%2Fdatabases%2F%7BdatabaseName%7D%2Fschemas%2F%7BschemaName%7D%2Ftables%2F%7BtableName%7D%2Fcolumns/get/request/parameter/api-version"
}, {
  "http://a.ml/vocabularies/apiContract#binding": "path",
  "http://a.ml/vocabularies/apiContract#paramName": "managedInstanceName",
  "http://a.ml/vocabularies/apiContract#required": "true",
  "http://a.ml/vocabularies/core#description": "The name of the managed instance.",
  "http://a.ml/vocabularies/core#name": "managedInstanceName",
  "http://a.ml/vocabularies/shapes#schema": {
    "http://a.ml/vocabularies/core#description": "The name of the managed instance.",
    "http://www.w3.org/ns/shacl#datatype": "http://www.w3.org/2001/XMLSchema#string",
    "http://www.w3.org/ns/shacl#name": "schema",
    "id": "file:///Users/abettati/sandbox/azure-rest-api-specs/specification/sql/resource-manager/Microsoft.Sql/preview/2020-02-02-preview/ManagedDatabaseColumns.json#/web-api/end-points/%2Fsubscriptions%2F%7BsubscriptionId%7D%2FresourceGroups%2F%7BresourceGroupName%7D%2Fproviders%2FMicrosoft.Sql%2FmanagedInstances%2F%7BmanagedInstanceName%7D%2Fdatabases%2F%7BdatabaseName%7D%2Fschemas%2F%7BschemaName%7D%2Ftables%2F%7BtableName%7D%2Fcolumns/get/request/parameter/managedInstanceName/scalar/schema"
  },
  "id": "file:///Users/abettati/sandbox/azure-rest-api-specs/specification/sql/resource-manager/Microsoft.Sql/preview/2020-02-02-preview/ManagedDatabaseColumns.json#/web-api/end-points/%2Fsubscriptions%2F%7BsubscriptionId%7D%2FresourceGroups%2F%7BresourceGroupName%7D%2Fproviders%2FMicrosoft.Sql%2FmanagedInstances%2F%7BmanagedInstanceName%7D%2Fdatabases%2F%7BdatabaseName%7D%2Fschemas%2F%7BschemaName%7D%2Ftables%2F%7BtableName%7D%2Fcolumns/get/request/parameter/managedInstanceName"
}, {
  "http://a.ml/vocabularies/apiContract#binding": "path",
  "http://a.ml/vocabularies/apiContract#paramName": "subscriptionId",
  "http://a.ml/vocabularies/apiContract#required": "true",
  "http://a.ml/vocabularies/core#description": "The subscription ID that identifies an Azure subscription.",
  "http://a.ml/vocabularies/core#name": "subscriptionId",
  "http://a.ml/vocabularies/document#customDomainProperties": [{
    "http://a.ml/vocabularies/core#extensionName": "ms-parameter-location",
    "http://a.ml/vocabularies/document#definedBy": {
      "http://a.ml/vocabularies/core#name": null,
      "id": "file:///Users/abettati/sandbox/azure-rest-api-specs/specification/sql/resource-manager/Microsoft.Sql/preview/2020-02-02-preview/ManagedDatabaseColumns.json#/web-api/end-points/%2Fsubscriptions%2F%7BsubscriptionId%7D%2FresourceGroups%2F%7BresourceGroupName%7D%2Fproviders%2FMicrosoft.Sql%2FmanagedInstances%2F%7BmanagedInstanceName%7D%2Fdatabases%2F%7BdatabaseName%7D%2Fschemas%2F%7BschemaName%7D%2Ftables%2F%7BtableName%7D%2Fcolumns/get/request/parameter/subscriptionId/ms-parameter-location"
    },
    "http://a.ml/vocabularies/document#extension": {
      "http://a.ml/vocabularies/core#name": null,
      "http://a.ml/vocabularies/data#value": null,
      "http://www.w3.org/ns/shacl#datatype": null,
      "id": "file:///Users/abettati/sandbox/azure-rest-api-specs/specification/sql/resource-manager/Microsoft.Sql/preview/2020-02-02-preview/ManagedDatabaseColumns.json#/web-api/end-points/%2Fsubscriptions%2F%7BsubscriptionId%7D%2FresourceGroups%2F%7BresourceGroupName%7D%2Fproviders%2FMicrosoft.Sql%2FmanagedInstances%2F%7BmanagedInstanceName%7D%2Fdatabases%2F%7BdatabaseName%7D%2Fschemas%2F%7BschemaName%7D%2Ftables%2F%7BtableName%7D%2Fcolumns/get/request/parameter/subscriptionId/ms-parameter-location/scalar_1"
    },
    "id": "file:///Users/abettati/sandbox/azure-rest-api-specs/specification/sql/resource-manager/Microsoft.Sql/preview/2020-02-02-preview/ManagedDatabaseColumns.json#/web-api/end-points/%2Fsubscriptions%2F%7BsubscriptionId%7D%2FresourceGroups%2F%7BresourceGroupName%7D%2Fproviders%2FMicrosoft.Sql%2FmanagedInstances%2F%7BmanagedInstanceName%7D%2Fdatabases%2F%7BdatabaseName%7D%2Fschemas%2F%7BschemaName%7D%2Ftables%2F%7BtableName%7D%2Fcolumns/get/request/parameter/subscriptionId/extension/ms-parameter-location"
  }],
  "http://a.ml/vocabularies/shapes#schema": {
    "http://a.ml/vocabularies/core#description": "The subscription ID that identifies an Azure subscription.",
    "http://a.ml/vocabularies/document#customDomainProperties": [{
      "http://a.ml/vocabularies/core#extensionName": null,
      "http://a.ml/vocabularies/document#definedBy": null,
      "http://a.ml/vocabularies/document#extension": null,
      "id": "file:///Users/abettati/sandbox/azure-rest-api-specs/specification/sql/resource-manager/Microsoft.Sql/preview/2020-02-02-preview/ManagedDatabaseColumns.json#/web-api/end-points/%2Fsubscriptions%2F%7BsubscriptionId%7D%2FresourceGroups%2F%7BresourceGroupName%7D%2Fproviders%2FMicrosoft.Sql%2FmanagedInstances%2F%7BmanagedInstanceName%7D%2Fdatabases%2F%7BdatabaseName%7D%2Fschemas%2F%7BschemaName%7D%2Ftables%2F%7BtableName%7D%2Fcolumns/get/request/parameter/subscriptionId/scalar/schema/extension/ms-parameter-location"
    }],
    "http://www.w3.org/ns/shacl#datatype": "http://www.w3.org/2001/XMLSchema#string",
    "http://www.w3.org/ns/shacl#name": "schema",
    "id": "file:///Users/abettati/sandbox/azure-rest-api-specs/specification/sql/resource-manager/Microsoft.Sql/preview/2020-02-02-preview/ManagedDatabaseColumns.json#/web-api/end-points/%2Fsubscriptions%2F%7BsubscriptionId%7D%2FresourceGroups%2F%7BresourceGroupName%7D%2Fproviders%2FMicrosoft.Sql%2FmanagedInstances%2F%7BmanagedInstanceName%7D%2Fdatabases%2F%7BdatabaseName%7D%2Fschemas%2F%7BschemaName%7D%2Ftables%2F%7BtableName%7D%2Fcolumns/get/request/parameter/subscriptionId/scalar/schema"
  },
  "id": "file:///Users/abettati/sandbox/azure-rest-api-specs/specification/sql/resource-manager/Microsoft.Sql/preview/2020-02-02-preview/ManagedDatabaseColumns.json#/web-api/end-points/%2Fsubscriptions%2F%7BsubscriptionId%7D%2FresourceGroups%2F%7BresourceGroupName%7D%2Fproviders%2FMicrosoft.Sql%2FmanagedInstances%2F%7BmanagedInstanceName%7D%2Fdatabases%2F%7BdatabaseName%7D%2Fschemas%2F%7BschemaName%7D%2Ftables%2F%7BtableName%7D%2Fcolumns/get/request/parameter/subscriptionId"
}, {
  "http://a.ml/vocabularies/apiContract#binding": "path",
  "http://a.ml/vocabularies/apiContract#paramName": "schemaName",
  "http://a.ml/vocabularies/apiContract#required": "true",
  "http://a.ml/vocabularies/core#description": "The name of the schema.",
  "http://a.ml/vocabularies/core#name": "schemaName",
  "http://a.ml/vocabularies/shapes#schema": {
    "http://a.ml/vocabularies/core#description": "The name of the schema.",
    "http://www.w3.org/ns/shacl#datatype": "http://www.w3.org/2001/XMLSchema#string",
    "http://www.w3.org/ns/shacl#name": "schema",
    "id": "file:///Users/abettati/sandbox/azure-rest-api-specs/specification/sql/resource-manager/Microsoft.Sql/preview/2020-02-02-preview/ManagedDatabaseColumns.json#/web-api/end-points/%2Fsubscriptions%2F%7BsubscriptionId%7D%2FresourceGroups%2F%7BresourceGroupName%7D%2Fproviders%2FMicrosoft.Sql%2FmanagedInstances%2F%7BmanagedInstanceName%7D%2Fdatabases%2F%7BdatabaseName%7D%2Fschemas%2F%7BschemaName%7D%2Ftables%2F%7BtableName%7D%2Fcolumns/get/request/parameter/schemaName/scalar/schema"
  },
  "id": "file:///Users/abettati/sandbox/azure-rest-api-specs/specification/sql/resource-manager/Microsoft.Sql/preview/2020-02-02-preview/ManagedDatabaseColumns.json#/web-api/end-points/%2Fsubscriptions%2F%7BsubscriptionId%7D%2FresourceGroups%2F%7BresourceGroupName%7D%2Fproviders%2FMicrosoft.Sql%2FmanagedInstances%2F%7BmanagedInstanceName%7D%2Fdatabases%2F%7BdatabaseName%7D%2Fschemas%2F%7BschemaName%7D%2Ftables%2F%7BtableName%7D%2Fcolumns/get/request/parameter/schemaName"
}, {
  "http://a.ml/vocabularies/apiContract#binding": "path",
  "http://a.ml/vocabularies/apiContract#paramName": "tableName",
  "http://a.ml/vocabularies/apiContract#required": "true",
  "http://a.ml/vocabularies/core#description": "The name of the table.",
  "http://a.ml/vocabularies/core#name": "tableName",
  "http://a.ml/vocabularies/shapes#schema": {
    "http://a.ml/vocabularies/core#description": "The name of the table.",
    "http://www.w3.org/ns/shacl#datatype": "http://www.w3.org/2001/XMLSchema#string",
    "http://www.w3.org/ns/shacl#name": "schema",
    "id": "file:///Users/abettati/sandbox/azure-rest-api-specs/specification/sql/resource-manager/Microsoft.Sql/preview/2020-02-02-preview/ManagedDatabaseColumns.json#/web-api/end-points/%2Fsubscriptions%2F%7BsubscriptionId%7D%2FresourceGroups%2F%7BresourceGroupName%7D%2Fproviders%2FMicrosoft.Sql%2FmanagedInstances%2F%7BmanagedInstanceName%7D%2Fdatabases%2F%7BdatabaseName%7D%2Fschemas%2F%7BschemaName%7D%2Ftables%2F%7BtableName%7D%2Fcolumns/get/request/parameter/tableName/scalar/schema"
  },
  "id": "file:///Users/abettati/sandbox/azure-rest-api-specs/specification/sql/resource-manager/Microsoft.Sql/preview/2020-02-02-preview/ManagedDatabaseColumns.json#/web-api/end-points/%2Fsubscriptions%2F%7BsubscriptionId%7D%2FresourceGroups%2F%7BresourceGroupName%7D%2Fproviders%2FMicrosoft.Sql%2FmanagedInstances%2F%7BmanagedInstanceName%7D%2Fdatabases%2F%7BdatabaseName%7D%2Fschemas%2F%7BschemaName%7D%2Ftables%2F%7BtableName%7D%2Fcolumns/get/request/parameter/tableName"
}, {
  "http://a.ml/vocabularies/apiContract#binding": "path",
  "http://a.ml/vocabularies/apiContract#paramName": "resourceGroupName",
  "http://a.ml/vocabularies/apiContract#required": "true",
  "http://a.ml/vocabularies/core#description": "The name of the resource group that contains the resource. You can obtain this value from the Azure Resource Manager API or the portal.",
  "http://a.ml/vocabularies/core#name": "resourceGroupName",
  "http://a.ml/vocabularies/document#customDomainProperties": [{
    "http://a.ml/vocabularies/core#extensionName": "ms-parameter-location",
    "http://a.ml/vocabularies/document#definedBy": {
      "http://a.ml/vocabularies/core#name": null,
      "id": "file:///Users/abettati/sandbox/azure-rest-api-specs/specification/sql/resource-manager/Microsoft.Sql/preview/2020-02-02-preview/ManagedDatabaseColumns.json#/web-api/end-points/%2Fsubscriptions%2F%7BsubscriptionId%7D%2FresourceGroups%2F%7BresourceGroupName%7D%2Fproviders%2FMicrosoft.Sql%2FmanagedInstances%2F%7BmanagedInstanceName%7D%2Fdatabases%2F%7BdatabaseName%7D%2Fschemas%2F%7BschemaName%7D%2Ftables%2F%7BtableName%7D%2Fcolumns/get/request/parameter/resourceGroupName/ms-parameter-location"
    },
    "http://a.ml/vocabularies/document#extension": {
      "http://a.ml/vocabularies/core#name": null,
      "http://a.ml/vocabularies/data#value": null,
      "http://www.w3.org/ns/shacl#datatype": null,
      "id": "file:///Users/abettati/sandbox/azure-rest-api-specs/specification/sql/resource-manager/Microsoft.Sql/preview/2020-02-02-preview/ManagedDatabaseColumns.json#/web-api/end-points/%2Fsubscriptions%2F%7BsubscriptionId%7D%2FresourceGroups%2F%7BresourceGroupName%7D%2Fproviders%2FMicrosoft.Sql%2FmanagedInstances%2F%7BmanagedInstanceName%7D%2Fdatabases%2F%7BdatabaseName%7D%2Fschemas%2F%7BschemaName%7D%2Ftables%2F%7BtableName%7D%2Fcolumns/get/request/parameter/resourceGroupName/ms-parameter-location/scalar_1"
    },
    "id": "file:///Users/abettati/sandbox/azure-rest-api-specs/specification/sql/resource-manager/Microsoft.Sql/preview/2020-02-02-preview/ManagedDatabaseColumns.json#/web-api/end-points/%2Fsubscriptions%2F%7BsubscriptionId%7D%2FresourceGroups%2F%7BresourceGroupName%7D%2Fproviders%2FMicrosoft.Sql%2FmanagedInstances%2F%7BmanagedInstanceName%7D%2Fdatabases%2F%7BdatabaseName%7D%2Fschemas%2F%7BschemaName%7D%2Ftables%2F%7BtableName%7D%2Fcolumns/get/request/parameter/resourceGroupName/extension/ms-parameter-location"
  }],
  "http://a.ml/vocabularies/shapes#schema": {
    "http://a.ml/vocabularies/core#description": "The name of the resource group that contains the resource. You can obtain this value from the Azure Resource Manager API or the portal.",
    "http://a.ml/vocabularies/document#customDomainProperties": [{
      "http://a.ml/vocabularies/core#extensionName": null,
      "http://a.ml/vocabularies/document#definedBy": null,
      "http://a.ml/vocabularies/document#extension": null,
      "id": "file:///Users/abettati/sandbox/azure-rest-api-specs/specification/sql/resource-manager/Microsoft.Sql/preview/2020-02-02-preview/ManagedDatabaseColumns.json#/web-api/end-points/%2Fsubscriptions%2F%7BsubscriptionId%7D%2FresourceGroups%2F%7BresourceGroupName%7D%2Fproviders%2FMicrosoft.Sql%2FmanagedInstances%2F%7BmanagedInstanceName%7D%2Fdatabases%2F%7BdatabaseName%7D%2Fschemas%2F%7BschemaName%7D%2Ftables%2F%7BtableName%7D%2Fcolumns/get/request/parameter/resourceGroupName/scalar/schema/extension/ms-parameter-location"
    }],
    "http://www.w3.org/ns/shacl#datatype": "http://www.w3.org/2001/XMLSchema#string",
    "http://www.w3.org/ns/shacl#name": "schema",
    "id": "file:///Users/abettati/sandbox/azure-rest-api-specs/specification/sql/resource-manager/Microsoft.Sql/preview/2020-02-02-preview/ManagedDatabaseColumns.json#/web-api/end-points/%2Fsubscriptions%2F%7BsubscriptionId%7D%2FresourceGroups%2F%7BresourceGroupName%7D%2Fproviders%2FMicrosoft.Sql%2FmanagedInstances%2F%7BmanagedInstanceName%7D%2Fdatabases%2F%7BdatabaseName%7D%2Fschemas%2F%7BschemaName%7D%2Ftables%2F%7BtableName%7D%2Fcolumns/get/request/parameter/resourceGroupName/scalar/schema"
  },
  "id": "file:///Users/abettati/sandbox/azure-rest-api-specs/specification/sql/resource-manager/Microsoft.Sql/preview/2020-02-02-preview/ManagedDatabaseColumns.json#/web-api/end-points/%2Fsubscriptions%2F%7BsubscriptionId%7D%2FresourceGroups%2F%7BresourceGroupName%7D%2Fproviders%2FMicrosoft.Sql%2FmanagedInstances%2F%7BmanagedInstanceName%7D%2Fdatabases%2F%7BdatabaseName%7D%2Fschemas%2F%7BschemaName%7D%2Ftables%2F%7BtableName%7D%2Fcolumns/get/request/parameter/resourceGroupName"
}, {
  "http://a.ml/vocabularies/apiContract#binding": "query",
  "http://a.ml/vocabularies/apiContract#paramName": "api-version",
  "http://a.ml/vocabularies/apiContract#required": "true",
  "http://a.ml/vocabularies/core#description": "The API version to use for the request.",
  "http://a.ml/vocabularies/core#name": "api-version",
  "http://a.ml/vocabularies/document#customDomainProperties": [{
    "http://a.ml/vocabularies/core#extensionName": "ms-parameter-location",
    "http://a.ml/vocabularies/document#definedBy": {
      "http://a.ml/vocabularies/core#name": null,
      "id": "file:///Users/abettati/sandbox/azure-rest-api-specs/specification/sql/resource-manager/Microsoft.Sql/preview/2020-02-02-preview/ManagedDatabaseColumns.json#/web-api/end-points/%2Fsubscriptions%2F%7BsubscriptionId%7D%2FresourceGroups%2F%7BresourceGroupName%7D%2Fproviders%2FMicrosoft.Sql%2FmanagedInstances%2F%7BmanagedInstanceName%7D%2Fdatabases%2F%7BdatabaseName%7D%2Fschemas%2F%7BschemaName%7D%2Ftables%2F%7BtableName%7D%2Fcolumns%2F%7BcolumnName%7D/get/request/parameter/api-version/ms-parameter-location"
    },
    "http://a.ml/vocabularies/document#extension": {
      "http://a.ml/vocabularies/core#name": null,
      "http://a.ml/vocabularies/data#value": null,
      "http://www.w3.org/ns/shacl#datatype": null,
      "id": "file:///Users/abettati/sandbox/azure-rest-api-specs/specification/sql/resource-manager/Microsoft.Sql/preview/2020-02-02-preview/ManagedDatabaseColumns.json#/web-api/end-points/%2Fsubscriptions%2F%7BsubscriptionId%7D%2FresourceGroups%2F%7BresourceGroupName%7D%2Fproviders%2FMicrosoft.Sql%2FmanagedInstances%2F%7BmanagedInstanceName%7D%2Fdatabases%2F%7BdatabaseName%7D%2Fschemas%2F%7BschemaName%7D%2Ftables%2F%7BtableName%7D%2Fcolumns%2F%7BcolumnName%7D/get/request/parameter/api-version/ms-parameter-location/scalar_1"
    },
    "id": "file:///Users/abettati/sandbox/azure-rest-api-specs/specification/sql/resource-manager/Microsoft.Sql/preview/2020-02-02-preview/ManagedDatabaseColumns.json#/web-api/end-points/%2Fsubscriptions%2F%7BsubscriptionId%7D%2FresourceGroups%2F%7BresourceGroupName%7D%2Fproviders%2FMicrosoft.Sql%2FmanagedInstances%2F%7BmanagedInstanceName%7D%2Fdatabases%2F%7BdatabaseName%7D%2Fschemas%2F%7BschemaName%7D%2Ftables%2F%7BtableName%7D%2Fcolumns%2F%7BcolumnName%7D/get/request/parameter/api-version/extension/ms-parameter-location"
  }],
  "http://a.ml/vocabularies/shapes#schema": {
    "http://a.ml/vocabularies/core#description": "The API version to use for the request.",
    "http://a.ml/vocabularies/document#customDomainProperties": [{
      "http://a.ml/vocabularies/core#extensionName": null,
      "http://a.ml/vocabularies/document#definedBy": null,
      "http://a.ml/vocabularies/document#extension": null,
      "id": "file:///Users/abettati/sandbox/azure-rest-api-specs/specification/sql/resource-manager/Microsoft.Sql/preview/2020-02-02-preview/ManagedDatabaseColumns.json#/web-api/end-points/%2Fsubscriptions%2F%7BsubscriptionId%7D%2FresourceGroups%2F%7BresourceGroupName%7D%2Fproviders%2FMicrosoft.Sql%2FmanagedInstances%2F%7BmanagedInstanceName%7D%2Fdatabases%2F%7BdatabaseName%7D%2Fschemas%2F%7BschemaName%7D%2Ftables%2F%7BtableName%7D%2Fcolumns%2F%7BcolumnName%7D/get/request/parameter/api-version/scalar/schema/extension/ms-parameter-location"
    }],
    "http://www.w3.org/ns/shacl#datatype": "http://www.w3.org/2001/XMLSchema#string",
    "http://www.w3.org/ns/shacl#name": "schema",
    "id": "file:///Users/abettati/sandbox/azure-rest-api-specs/specification/sql/resource-manager/Microsoft.Sql/preview/2020-02-02-preview/ManagedDatabaseColumns.json#/web-api/end-points/%2Fsubscriptions%2F%7BsubscriptionId%7D%2FresourceGroups%2F%7BresourceGroupName%7D%2Fproviders%2FMicrosoft.Sql%2FmanagedInstances%2F%7BmanagedInstanceName%7D%2Fdatabases%2F%7BdatabaseName%7D%2Fschemas%2F%7BschemaName%7D%2Ftables%2F%7BtableName%7D%2Fcolumns%2F%7BcolumnName%7D/get/request/parameter/api-version/scalar/schema"
  },
  "id": "file:///Users/abettati/sandbox/azure-rest-api-specs/specification/sql/resource-manager/Microsoft.Sql/preview/2020-02-02-preview/ManagedDatabaseColumns.json#/web-api/end-points/%2Fsubscriptions%2F%7BsubscriptionId%7D%2FresourceGroups%2F%7BresourceGroupName%7D%2Fproviders%2FMicrosoft.Sql%2FmanagedInstances%2F%7BmanagedInstanceName%7D%2Fdatabases%2F%7BdatabaseName%7D%2Fschemas%2F%7BschemaName%7D%2Ftables%2F%7BtableName%7D%2Fcolumns%2F%7BcolumnName%7D/get/request/parameter/api-version"
}, {
  "http://a.ml/vocabularies/apiContract#binding": "path",
  "http://a.ml/vocabularies/apiContract#paramName": "managedInstanceName",
  "http://a.ml/vocabularies/apiContract#required": "true",
  "http://a.ml/vocabularies/core#description": "The name of the managed instance.",
  "http://a.ml/vocabularies/core#name": "managedInstanceName",
  "http://a.ml/vocabularies/shapes#schema": {
    "http://a.ml/vocabularies/core#description": "The name of the managed instance.",
    "http://www.w3.org/ns/shacl#datatype": "http://www.w3.org/2001/XMLSchema#string",
    "http://www.w3.org/ns/shacl#name": "schema",
    "id": "file:///Users/abettati/sandbox/azure-rest-api-specs/specification/sql/resource-manager/Microsoft.Sql/preview/2020-02-02-preview/ManagedDatabaseColumns.json#/web-api/end-points/%2Fsubscriptions%2F%7BsubscriptionId%7D%2FresourceGroups%2F%7BresourceGroupName%7D%2Fproviders%2FMicrosoft.Sql%2FmanagedInstances%2F%7BmanagedInstanceName%7D%2Fdatabases%2F%7BdatabaseName%7D%2Fschemas%2F%7BschemaName%7D%2Ftables%2F%7BtableName%7D%2Fcolumns%2F%7BcolumnName%7D/get/request/parameter/managedInstanceName/scalar/schema"
  },
  "id": "file:///Users/abettati/sandbox/azure-rest-api-specs/specification/sql/resource-manager/Microsoft.Sql/preview/2020-02-02-preview/ManagedDatabaseColumns.json#/web-api/end-points/%2Fsubscriptions%2F%7BsubscriptionId%7D%2FresourceGroups%2F%7BresourceGroupName%7D%2Fproviders%2FMicrosoft.Sql%2FmanagedInstances%2F%7BmanagedInstanceName%7D%2Fdatabases%2F%7BdatabaseName%7D%2Fschemas%2F%7BschemaName%7D%2Ftables%2F%7BtableName%7D%2Fcolumns%2F%7BcolumnName%7D/get/request/parameter/managedInstanceName"
}, {
  "http://a.ml/vocabularies/apiContract#binding": "path",
  "http://a.ml/vocabularies/apiContract#paramName": "columnName",
  "http://a.ml/vocabularies/apiContract#required": "true",
  "http://a.ml/vocabularies/core#description": "The name of the column.",
  "http://a.ml/vocabularies/core#name": "columnName",
  "http://a.ml/vocabularies/shapes#schema": {
    "http://a.ml/vocabularies/core#description": "The name of the column.",
    "http://www.w3.org/ns/shacl#datatype": "http://www.w3.org/2001/XMLSchema#string",
    "http://www.w3.org/ns/shacl#name": "schema",
    "id": "file:///Users/abettati/sandbox/azure-rest-api-specs/specification/sql/resource-manager/Microsoft.Sql/preview/2020-02-02-preview/ManagedDatabaseColumns.json#/web-api/end-points/%2Fsubscriptions%2F%7BsubscriptionId%7D%2FresourceGroups%2F%7BresourceGroupName%7D%2Fproviders%2FMicrosoft.Sql%2FmanagedInstances%2F%7BmanagedInstanceName%7D%2Fdatabases%2F%7BdatabaseName%7D%2Fschemas%2F%7BschemaName%7D%2Ftables%2F%7BtableName%7D%2Fcolumns%2F%7BcolumnName%7D/get/request/parameter/columnName/scalar/schema"
  },
  "id": "file:///Users/abettati/sandbox/azure-rest-api-specs/specification/sql/resource-manager/Microsoft.Sql/preview/2020-02-02-preview/ManagedDatabaseColumns.json#/web-api/end-points/%2Fsubscriptions%2F%7BsubscriptionId%7D%2FresourceGroups%2F%7BresourceGroupName%7D%2Fproviders%2FMicrosoft.Sql%2FmanagedInstances%2F%7BmanagedInstanceName%7D%2Fdatabases%2F%7BdatabaseName%7D%2Fschemas%2F%7BschemaName%7D%2Ftables%2F%7BtableName%7D%2Fcolumns%2F%7BcolumnName%7D/get/request/parameter/columnName"
}, {
  "http://a.ml/vocabularies/apiContract#binding": "path",
  "http://a.ml/vocabularies/apiContract#paramName": "subscriptionId",
  "http://a.ml/vocabularies/apiContract#required": "true",
  "http://a.ml/vocabularies/core#description": "The subscription ID that identifies an Azure subscription.",
  "http://a.ml/vocabularies/core#name": "subscriptionId",
  "http://a.ml/vocabularies/document#customDomainProperties": [{
    "http://a.ml/vocabularies/core#extensionName": "ms-parameter-location",
    "http://a.ml/vocabularies/document#definedBy": {
      "http://a.ml/vocabularies/core#name": null,
      "id": "file:///Users/abettati/sandbox/azure-rest-api-specs/specification/sql/resource-manager/Microsoft.Sql/preview/2020-02-02-preview/ManagedDatabaseColumns.json#/web-api/end-points/%2Fsubscriptions%2F%7BsubscriptionId%7D%2FresourceGroups%2F%7BresourceGroupName%7D%2Fproviders%2FMicrosoft.Sql%2FmanagedInstances%2F%7BmanagedInstanceName%7D%2Fdatabases%2F%7BdatabaseName%7D%2Fschemas%2F%7BschemaName%7D%2Ftables%2F%7BtableName%7D%2Fcolumns%2F%7BcolumnName%7D/get/request/parameter/subscriptionId/ms-parameter-location"
    },
    "http://a.ml/vocabularies/document#extension": {
      "http://a.ml/vocabularies/core#name": null,
      "http://a.ml/vocabularies/data#value": null,
      "http://www.w3.org/ns/shacl#datatype": null,
      "id": "file:///Users/abettati/sandbox/azure-rest-api-specs/specification/sql/resource-manager/Microsoft.Sql/preview/2020-02-02-preview/ManagedDatabaseColumns.json#/web-api/end-points/%2Fsubscriptions%2F%7BsubscriptionId%7D%2FresourceGroups%2F%7BresourceGroupName%7D%2Fproviders%2FMicrosoft.Sql%2FmanagedInstances%2F%7BmanagedInstanceName%7D%2Fdatabases%2F%7BdatabaseName%7D%2Fschemas%2F%7BschemaName%7D%2Ftables%2F%7BtableName%7D%2Fcolumns%2F%7BcolumnName%7D/get/request/parameter/subscriptionId/ms-parameter-location/scalar_1"
    },
    "id": "file:///Users/abettati/sandbox/azure-rest-api-specs/specification/sql/resource-manager/Microsoft.Sql/preview/2020-02-02-preview/ManagedDatabaseColumns.json#/web-api/end-points/%2Fsubscriptions%2F%7BsubscriptionId%7D%2FresourceGroups%2F%7BresourceGroupName%7D%2Fproviders%2FMicrosoft.Sql%2FmanagedInstances%2F%7BmanagedInstanceName%7D%2Fdatabases%2F%7BdatabaseName%7D%2Fschemas%2F%7BschemaName%7D%2Ftables%2F%7BtableName%7D%2Fcolumns%2F%7BcolumnName%7D/get/request/parameter/subscriptionId/extension/ms-parameter-location"
  }],
  "http://a.ml/vocabularies/shapes#schema": {
    "http://a.ml/vocabularies/core#description": "The subscription ID that identifies an Azure subscription.",
    "http://a.ml/vocabularies/document#customDomainProperties": [{
      "http://a.ml/vocabularies/core#extensionName": null,
      "http://a.ml/vocabularies/document#definedBy": null,
      "http://a.ml/vocabularies/document#extension": null,
      "id": "file:///Users/abettati/sandbox/azure-rest-api-specs/specification/sql/resource-manager/Microsoft.Sql/preview/2020-02-02-preview/ManagedDatabaseColumns.json#/web-api/end-points/%2Fsubscriptions%2F%7BsubscriptionId%7D%2FresourceGroups%2F%7BresourceGroupName%7D%2Fproviders%2FMicrosoft.Sql%2FmanagedInstances%2F%7BmanagedInstanceName%7D%2Fdatabases%2F%7BdatabaseName%7D%2Fschemas%2F%7BschemaName%7D%2Ftables%2F%7BtableName%7D%2Fcolumns%2F%7BcolumnName%7D/get/request/parameter/subscriptionId/scalar/schema/extension/ms-parameter-location"
    }],
    "http://www.w3.org/ns/shacl#datatype": "http://www.w3.org/2001/XMLSchema#string",
    "http://www.w3.org/ns/shacl#name": "schema",
    "id": "file:///Users/abettati/sandbox/azure-rest-api-specs/specification/sql/resource-manager/Microsoft.Sql/preview/2020-02-02-preview/ManagedDatabaseColumns.json#/web-api/end-points/%2Fsubscriptions%2F%7BsubscriptionId%7D%2FresourceGroups%2F%7BresourceGroupName%7D%2Fproviders%2FMicrosoft.Sql%2FmanagedInstances%2F%7BmanagedInstanceName%7D%2Fdatabases%2F%7BdatabaseName%7D%2Fschemas%2F%7BschemaName%7D%2Ftables%2F%7BtableName%7D%2Fcolumns%2F%7BcolumnName%7D/get/request/parameter/subscriptionId/scalar/schema"
  },
  "id": "file:///Users/abettati/sandbox/azure-rest-api-specs/specification/sql/resource-manager/Microsoft.Sql/preview/2020-02-02-preview/ManagedDatabaseColumns.json#/web-api/end-points/%2Fsubscriptions%2F%7BsubscriptionId%7D%2FresourceGroups%2F%7BresourceGroupName%7D%2Fproviders%2FMicrosoft.Sql%2FmanagedInstances%2F%7BmanagedInstanceName%7D%2Fdatabases%2F%7BdatabaseName%7D%2Fschemas%2F%7BschemaName%7D%2Ftables%2F%7BtableName%7D%2Fcolumns%2F%7BcolumnName%7D/get/request/parameter/subscriptionId"
}, {
  "http://a.ml/vocabularies/apiContract#binding": "path",
  "http://a.ml/vocabularies/apiContract#paramName": "schemaName",
  "http://a.ml/vocabularies/apiContract#required": "true",
  "http://a.ml/vocabularies/core#description": "The name of the schema.",
  "http://a.ml/vocabularies/core#name": "schemaName",
  "http://a.ml/vocabularies/shapes#schema": {
    "http://a.ml/vocabularies/core#description": "The name of the schema.",
    "http://www.w3.org/ns/shacl#datatype": "http://www.w3.org/2001/XMLSchema#string",
    "http://www.w3.org/ns/shacl#name": "schema",
    "id": "file:///Users/abettati/sandbox/azure-rest-api-specs/specification/sql/resource-manager/Microsoft.Sql/preview/2020-02-02-preview/ManagedDatabaseColumns.json#/web-api/end-points/%2Fsubscriptions%2F%7BsubscriptionId%7D%2FresourceGroups%2F%7BresourceGroupName%7D%2Fproviders%2FMicrosoft.Sql%2FmanagedInstances%2F%7BmanagedInstanceName%7D%2Fdatabases%2F%7BdatabaseName%7D%2Fschemas%2F%7BschemaName%7D%2Ftables%2F%7BtableName%7D%2Fcolumns%2F%7BcolumnName%7D/get/request/parameter/schemaName/scalar/schema"
  },
  "id": "file:///Users/abettati/sandbox/azure-rest-api-specs/specification/sql/resource-manager/Microsoft.Sql/preview/2020-02-02-preview/ManagedDatabaseColumns.json#/web-api/end-points/%2Fsubscriptions%2F%7BsubscriptionId%7D%2FresourceGroups%2F%7BresourceGroupName%7D%2Fproviders%2FMicrosoft.Sql%2FmanagedInstances%2F%7BmanagedInstanceName%7D%2Fdatabases%2F%7BdatabaseName%7D%2Fschemas%2F%7BschemaName%7D%2Ftables%2F%7BtableName%7D%2Fcolumns%2F%7BcolumnName%7D/get/request/parameter/schemaName"
}, {
  "http://a.ml/vocabularies/apiContract#binding": "path",
  "http://a.ml/vocabularies/apiContract#paramName": "tableName",
  "http://a.ml/vocabularies/apiContract#required": "true",
  "http://a.ml/vocabularies/core#description": "The name of the table.",
  "http://a.ml/vocabularies/core#name": "tableName",
  "http://a.ml/vocabularies/shapes#schema": {
    "http://a.ml/vocabularies/core#description": "The name of the table.",
    "http://www.w3.org/ns/shacl#datatype": "http://www.w3.org/2001/XMLSchema#string",
    "http://www.w3.org/ns/shacl#name": "schema",
    "id": "file:///Users/abettati/sandbox/azure-rest-api-specs/specification/sql/resource-manager/Microsoft.Sql/preview/2020-02-02-preview/ManagedDatabaseColumns.json#/web-api/end-points/%2Fsubscriptions%2F%7BsubscriptionId%7D%2FresourceGroups%2F%7BresourceGroupName%7D%2Fproviders%2FMicrosoft.Sql%2FmanagedInstances%2F%7BmanagedInstanceName%7D%2Fdatabases%2F%7BdatabaseName%7D%2Fschemas%2F%7BschemaName%7D%2Ftables%2F%7BtableName%7D%2Fcolumns%2F%7BcolumnName%7D/get/request/parameter/tableName/scalar/schema"
  },
  "id": "file:///Users/abettati/sandbox/azure-rest-api-specs/specification/sql/resource-manager/Microsoft.Sql/preview/2020-02-02-preview/ManagedDatabaseColumns.json#/web-api/end-points/%2Fsubscriptions%2F%7BsubscriptionId%7D%2FresourceGroups%2F%7BresourceGroupName%7D%2Fproviders%2FMicrosoft.Sql%2FmanagedInstances%2F%7BmanagedInstanceName%7D%2Fdatabases%2F%7BdatabaseName%7D%2Fschemas%2F%7BschemaName%7D%2Ftables%2F%7BtableName%7D%2Fcolumns%2F%7BcolumnName%7D/get/request/parameter/tableName"
}, {
  "http://a.ml/vocabularies/apiContract#binding": "path",
  "http://a.ml/vocabularies/apiContract#paramName": "resourceGroupName",
  "http://a.ml/vocabularies/apiContract#required": "true",
  "http://a.ml/vocabularies/core#description": "The name of the resource group that contains the resource. You can obtain this value from the Azure Resource Manager API or the portal.",
  "http://a.ml/vocabularies/core#name": "resourceGroupName",
  "http://a.ml/vocabularies/document#customDomainProperties": [{
    "http://a.ml/vocabularies/core#extensionName": "ms-parameter-location",
    "http://a.ml/vocabularies/document#definedBy": {
      "http://a.ml/vocabularies/core#name": null,
      "id": "file:///Users/abettati/sandbox/azure-rest-api-specs/specification/sql/resource-manager/Microsoft.Sql/preview/2020-02-02-preview/ManagedDatabaseColumns.json#/web-api/end-points/%2Fsubscriptions%2F%7BsubscriptionId%7D%2FresourceGroups%2F%7BresourceGroupName%7D%2Fproviders%2FMicrosoft.Sql%2FmanagedInstances%2F%7BmanagedInstanceName%7D%2Fdatabases%2F%7BdatabaseName%7D%2Fschemas%2F%7BschemaName%7D%2Ftables%2F%7BtableName%7D%2Fcolumns%2F%7BcolumnName%7D/get/request/parameter/resourceGroupName/ms-parameter-location"
    },
    "http://a.ml/vocabularies/document#extension": {
      "http://a.ml/vocabularies/core#name": null,
      "http://a.ml/vocabularies/data#value": null,
      "http://www.w3.org/ns/shacl#datatype": null,
      "id": "file:///Users/abettati/sandbox/azure-rest-api-specs/specification/sql/resource-manager/Microsoft.Sql/preview/2020-02-02-preview/ManagedDatabaseColumns.json#/web-api/end-points/%2Fsubscriptions%2F%7BsubscriptionId%7D%2FresourceGroups%2F%7BresourceGroupName%7D%2Fproviders%2FMicrosoft.Sql%2FmanagedInstances%2F%7BmanagedInstanceName%7D%2Fdatabases%2F%7BdatabaseName%7D%2Fschemas%2F%7BschemaName%7D%2Ftables%2F%7BtableName%7D%2Fcolumns%2F%7BcolumnName%7D/get/request/parameter/resourceGroupName/ms-parameter-location/scalar_1"
    },
    "id": "file:///Users/abettati/sandbox/azure-rest-api-specs/specification/sql/resource-manager/Microsoft.Sql/preview/2020-02-02-preview/ManagedDatabaseColumns.json#/web-api/end-points/%2Fsubscriptions%2F%7BsubscriptionId%7D%2FresourceGroups%2F%7BresourceGroupName%7D%2Fproviders%2FMicrosoft.Sql%2FmanagedInstances%2F%7BmanagedInstanceName%7D%2Fdatabases%2F%7BdatabaseName%7D%2Fschemas%2F%7BschemaName%7D%2Ftables%2F%7BtableName%7D%2Fcolumns%2F%7BcolumnName%7D/get/request/parameter/resourceGroupName/extension/ms-parameter-location"
  }],
  "http://a.ml/vocabularies/shapes#schema": {
    "http://a.ml/vocabularies/core#description": "The name of the resource group that contains the resource. You can obtain this value from the Azure Resource Manager API or the portal.",
    "http://a.ml/vocabularies/document#customDomainProperties": [{
      "http://a.ml/vocabularies/core#extensionName": null,
      "http://a.ml/vocabularies/document#definedBy": null,
      "http://a.ml/vocabularies/document#extension": null,
      "id": "file:///Users/abettati/sandbox/azure-rest-api-specs/specification/sql/resource-manager/Microsoft.Sql/preview/2020-02-02-preview/ManagedDatabaseColumns.json#/web-api/end-points/%2Fsubscriptions%2F%7BsubscriptionId%7D%2FresourceGroups%2F%7BresourceGroupName%7D%2Fproviders%2FMicrosoft.Sql%2FmanagedInstances%2F%7BmanagedInstanceName%7D%2Fdatabases%2F%7BdatabaseName%7D%2Fschemas%2F%7BschemaName%7D%2Ftables%2F%7BtableName%7D%2Fcolumns%2F%7BcolumnName%7D/get/request/parameter/resourceGroupName/scalar/schema/extension/ms-parameter-location"
    }],
    "http://www.w3.org/ns/shacl#datatype": "http://www.w3.org/2001/XMLSchema#string",
    "http://www.w3.org/ns/shacl#name": "schema",
    "id": "file:///Users/abettati/sandbox/azure-rest-api-specs/specification/sql/resource-manager/Microsoft.Sql/preview/2020-02-02-preview/ManagedDatabaseColumns.json#/web-api/end-points/%2Fsubscriptions%2F%7BsubscriptionId%7D%2FresourceGroups%2F%7BresourceGroupName%7D%2Fproviders%2FMicrosoft.Sql%2FmanagedInstances%2F%7BmanagedInstanceName%7D%2Fdatabases%2F%7BdatabaseName%7D%2Fschemas%2F%7BschemaName%7D%2Ftables%2F%7BtableName%7D%2Fcolumns%2F%7BcolumnName%7D/get/request/parameter/resourceGroupName/scalar/schema"
  },
  "id": "file:///Users/abettati/sandbox/azure-rest-api-specs/specification/sql/resource-manager/Microsoft.Sql/preview/2020-02-02-preview/ManagedDatabaseColumns.json#/web-api/end-points/%2Fsubscriptions%2F%7BsubscriptionId%7D%2FresourceGroups%2F%7BresourceGroupName%7D%2Fproviders%2FMicrosoft.Sql%2FmanagedInstances%2F%7BmanagedInstanceName%7D%2Fdatabases%2F%7BdatabaseName%7D%2Fschemas%2F%7BschemaName%7D%2Ftables%2F%7BtableName%7D%2Fcolumns%2F%7BcolumnName%7D/get/request/parameter/resourceGroupName"
}]