[{
  "http://a.ml/vocabularies/apiContract#binding": "query",
  "http://a.ml/vocabularies/apiContract#paramName": "api-version",
  "http://a.ml/vocabularies/apiContract#required": "true",
  "http://a.ml/vocabularies/core#description": "The version of the Service Fabric resource provider API. This is a required parameter and it's value must be \"2019-03-01\" for this specification.",
  "http://a.ml/vocabularies/core#name": "api-version",
  "http://a.ml/vocabularies/document#customDomainProperties": [{
    "http://a.ml/vocabularies/core#extensionName": "ms-parameter-location",
    "http://a.ml/vocabularies/document#definedBy": {
      "http://a.ml/vocabularies/core#name": null,
      "id": "file:///Users/abettati/sandbox/azure-rest-api-specs/specification/servicefabric/resource-manager/Microsoft.ServiceFabric/stable/2019-03-01/cluster.json#/declarations/parameters/parameter/api-version/ms-parameter-location"
    },
    "http://a.ml/vocabularies/document#extension": {
      "http://a.ml/vocabularies/core#name": null,
      "http://a.ml/vocabularies/data#value": null,
      "http://www.w3.org/ns/shacl#datatype": null,
      "id": "file:///Users/abettati/sandbox/azure-rest-api-specs/specification/servicefabric/resource-manager/Microsoft.ServiceFabric/stable/2019-03-01/cluster.json#/declarations/parameters/parameter/api-version/ms-parameter-location/scalar_1"
    },
    "id": "file:///Users/abettati/sandbox/azure-rest-api-specs/specification/servicefabric/resource-manager/Microsoft.ServiceFabric/stable/2019-03-01/cluster.json#/declarations/parameters/parameter/api-version/extension/ms-parameter-location"
  }],
  "http://a.ml/vocabularies/shapes#schema": {
    "http://a.ml/vocabularies/core#description": "The version of the Service Fabric resource provider API. This is a required parameter and it's value must be \"2019-03-01\" for this specification.",
    "http://a.ml/vocabularies/document#customDomainProperties": [{
      "http://a.ml/vocabularies/core#extensionName": null,
      "http://a.ml/vocabularies/document#definedBy": null,
      "http://a.ml/vocabularies/document#extension": null,
      "id": "file:///Users/abettati/sandbox/azure-rest-api-specs/specification/servicefabric/resource-manager/Microsoft.ServiceFabric/stable/2019-03-01/cluster.json#/declarations/parameters/parameter/api-version/scalar/schema/extension/ms-parameter-location"
    }],
    "http://www.w3.org/ns/shacl#datatype": "http://www.w3.org/2001/XMLSchema#string",
    "http://www.w3.org/ns/shacl#defaultValue": {
      "http://a.ml/vocabularies/core#name": "scalar_1",
      "http://a.ml/vocabularies/data#value": "2019-03-01",
      "http://www.w3.org/ns/shacl#datatype": "http://www.w3.org/2001/XMLSchema#string",
      "id": "file:///Users/abettati/sandbox/azure-rest-api-specs/specification/servicefabric/resource-manager/Microsoft.ServiceFabric/stable/2019-03-01/cluster.json#/declarations/parameters/parameter/api-version/scalar/schema/scalar_1"
    },
    "http://www.w3.org/ns/shacl#defaultValueStr": "2019-03-01",
    "http://www.w3.org/ns/shacl#in": [{
      "http://a.ml/vocabularies/core#name": null,
      "http://a.ml/vocabularies/data#value": null,
      "http://www.w3.org/ns/shacl#datatype": null,
      "id": "file:///Users/abettati/sandbox/azure-rest-api-specs/specification/servicefabric/resource-manager/Microsoft.ServiceFabric/stable/2019-03-01/cluster.json#/declarations/parameters/parameter/api-version/scalar/schema/enum/scalar_1"
    }],
    "http://www.w3.org/ns/shacl#name": "schema",
    "id": "file:///Users/abettati/sandbox/azure-rest-api-specs/specification/servicefabric/resource-manager/Microsoft.ServiceFabric/stable/2019-03-01/cluster.json#/declarations/parameters/parameter/api-version/scalar/schema"
  },
  "id": "file:///Users/abettati/sandbox/azure-rest-api-specs/specification/servicefabric/resource-manager/Microsoft.ServiceFabric/stable/2019-03-01/cluster.json#/declarations/parameters/parameter/api-version"
}, {
  "http://a.ml/vocabularies/apiContract#binding": "path",
  "http://a.ml/vocabularies/apiContract#paramName": "subscriptionId",
  "http://a.ml/vocabularies/apiContract#required": "true",
  "http://a.ml/vocabularies/core#description": "The customer subscription identifier.",
  "http://a.ml/vocabularies/core#name": "subscriptionId",
  "http://a.ml/vocabularies/document#customDomainProperties": [{
    "http://a.ml/vocabularies/core#extensionName": "ms-parameter-location",
    "http://a.ml/vocabularies/document#definedBy": {
      "http://a.ml/vocabularies/core#name": null,
      "id": "file:///Users/abettati/sandbox/azure-rest-api-specs/specification/servicefabric/resource-manager/Microsoft.ServiceFabric/stable/2019-03-01/cluster.json#/declarations/parameters/parameter/subscriptionId/ms-parameter-location"
    },
    "http://a.ml/vocabularies/document#extension": {
      "http://a.ml/vocabularies/core#name": null,
      "http://a.ml/vocabularies/data#value": null,
      "http://www.w3.org/ns/shacl#datatype": null,
      "id": "file:///Users/abettati/sandbox/azure-rest-api-specs/specification/servicefabric/resource-manager/Microsoft.ServiceFabric/stable/2019-03-01/cluster.json#/declarations/parameters/parameter/subscriptionId/ms-parameter-location/scalar_1"
    },
    "id": "file:///Users/abettati/sandbox/azure-rest-api-specs/specification/servicefabric/resource-manager/Microsoft.ServiceFabric/stable/2019-03-01/cluster.json#/declarations/parameters/parameter/subscriptionId/extension/ms-parameter-location"
  }],
  "http://a.ml/vocabularies/shapes#schema": {
    "http://a.ml/vocabularies/core#description": "The customer subscription identifier.",
    "http://a.ml/vocabularies/document#customDomainProperties": [{
      "http://a.ml/vocabularies/core#extensionName": null,
      "http://a.ml/vocabularies/document#definedBy": null,
      "http://a.ml/vocabularies/document#extension": null,
      "id": "file:///Users/abettati/sandbox/azure-rest-api-specs/specification/servicefabric/resource-manager/Microsoft.ServiceFabric/stable/2019-03-01/cluster.json#/declarations/parameters/parameter/subscriptionId/scalar/schema/extension/ms-parameter-location"
    }],
    "http://www.w3.org/ns/shacl#datatype": "http://www.w3.org/2001/XMLSchema#string",
    "http://www.w3.org/ns/shacl#name": "schema",
    "id": "file:///Users/abettati/sandbox/azure-rest-api-specs/specification/servicefabric/resource-manager/Microsoft.ServiceFabric/stable/2019-03-01/cluster.json#/declarations/parameters/parameter/subscriptionId/scalar/schema"
  },
  "id": "file:///Users/abettati/sandbox/azure-rest-api-specs/specification/servicefabric/resource-manager/Microsoft.ServiceFabric/stable/2019-03-01/cluster.json#/declarations/parameters/parameter/subscriptionId"
}, {
  "http://a.ml/vocabularies/apiContract#binding": "path",
  "http://a.ml/vocabularies/apiContract#paramName": "clusterName",
  "http://a.ml/vocabularies/apiContract#required": "true",
  "http://a.ml/vocabularies/core#description": "The name of the cluster resource.",
  "http://a.ml/vocabularies/core#name": "clusterNameParameter",
  "http://a.ml/vocabularies/document#customDomainProperties": [{
    "http://a.ml/vocabularies/core#extensionName": "ms-parameter-location",
    "http://a.ml/vocabularies/document#definedBy": {
      "http://a.ml/vocabularies/core#name": null,
      "id": "file:///Users/abettati/sandbox/azure-rest-api-specs/specification/servicefabric/resource-manager/Microsoft.ServiceFabric/stable/2019-03-01/cluster.json#/declarations/parameters/parameter/clusterNameParameter/ms-parameter-location"
    },
    "http://a.ml/vocabularies/document#extension": {
      "http://a.ml/vocabularies/core#name": null,
      "http://a.ml/vocabularies/data#value": null,
      "http://www.w3.org/ns/shacl#datatype": null,
      "id": "file:///Users/abettati/sandbox/azure-rest-api-specs/specification/servicefabric/resource-manager/Microsoft.ServiceFabric/stable/2019-03-01/cluster.json#/declarations/parameters/parameter/clusterNameParameter/ms-parameter-location/scalar_1"
    },
    "id": "file:///Users/abettati/sandbox/azure-rest-api-specs/specification/servicefabric/resource-manager/Microsoft.ServiceFabric/stable/2019-03-01/cluster.json#/declarations/parameters/parameter/clusterNameParameter/extension/ms-parameter-location"
  }],
  "http://a.ml/vocabularies/shapes#schema": {
    "http://a.ml/vocabularies/core#description": "The name of the cluster resource.",
    "http://a.ml/vocabularies/document#customDomainProperties": [{
      "http://a.ml/vocabularies/core#extensionName": null,
      "http://a.ml/vocabularies/document#definedBy": null,
      "http://a.ml/vocabularies/document#extension": null,
      "id": "file:///Users/abettati/sandbox/azure-rest-api-specs/specification/servicefabric/resource-manager/Microsoft.ServiceFabric/stable/2019-03-01/cluster.json#/declarations/parameters/parameter/clusterNameParameter/scalar/schema/extension/ms-parameter-location"
    }],
    "http://www.w3.org/ns/shacl#datatype": "http://www.w3.org/2001/XMLSchema#string",
    "http://www.w3.org/ns/shacl#name": "schema",
    "id": "file:///Users/abettati/sandbox/azure-rest-api-specs/specification/servicefabric/resource-manager/Microsoft.ServiceFabric/stable/2019-03-01/cluster.json#/declarations/parameters/parameter/clusterNameParameter/scalar/schema"
  },
  "id": "file:///Users/abettati/sandbox/azure-rest-api-specs/specification/servicefabric/resource-manager/Microsoft.ServiceFabric/stable/2019-03-01/cluster.json#/declarations/parameters/parameter/clusterNameParameter"
}, {
  "http://a.ml/vocabularies/apiContract#binding": "path",
  "http://a.ml/vocabularies/apiContract#paramName": "environment",
  "http://a.ml/vocabularies/apiContract#required": "true",
  "http://a.ml/vocabularies/core#description": "The operating system of the cluster. The default means all.",
  "http://a.ml/vocabularies/core#name": "environment",
  "http://a.ml/vocabularies/document#customDomainProperties": [{
    "http://a.ml/vocabularies/core#extensionName": "ms-parameter-location",
    "http://a.ml/vocabularies/document#definedBy": {
      "http://a.ml/vocabularies/core#name": null,
      "id": "file:///Users/abettati/sandbox/azure-rest-api-specs/specification/servicefabric/resource-manager/Microsoft.ServiceFabric/stable/2019-03-01/cluster.json#/declarations/parameters/parameter/environment/ms-parameter-location"
    },
    "http://a.ml/vocabularies/document#extension": {
      "http://a.ml/vocabularies/core#name": null,
      "http://a.ml/vocabularies/data#value": null,
      "http://www.w3.org/ns/shacl#datatype": null,
      "id": "file:///Users/abettati/sandbox/azure-rest-api-specs/specification/servicefabric/resource-manager/Microsoft.ServiceFabric/stable/2019-03-01/cluster.json#/declarations/parameters/parameter/environment/ms-parameter-location/scalar_1"
    },
    "id": "file:///Users/abettati/sandbox/azure-rest-api-specs/specification/servicefabric/resource-manager/Microsoft.ServiceFabric/stable/2019-03-01/cluster.json#/declarations/parameters/parameter/environment/extension/ms-parameter-location"
  }],
  "http://a.ml/vocabularies/shapes#schema": {
    "http://a.ml/vocabularies/core#description": "The operating system of the cluster. The default means all.",
    "http://a.ml/vocabularies/document#customDomainProperties": [{
      "http://a.ml/vocabularies/core#extensionName": null,
      "http://a.ml/vocabularies/document#definedBy": null,
      "http://a.ml/vocabularies/document#extension": null,
      "id": "file:///Users/abettati/sandbox/azure-rest-api-specs/specification/servicefabric/resource-manager/Microsoft.ServiceFabric/stable/2019-03-01/cluster.json#/declarations/parameters/parameter/environment/scalar/schema/extension/ms-parameter-location"
    }],
    "http://www.w3.org/ns/shacl#datatype": "http://www.w3.org/2001/XMLSchema#string",
    "http://www.w3.org/ns/shacl#in": [{
      "http://a.ml/vocabularies/core#name": null,
      "http://a.ml/vocabularies/data#value": null,
      "http://www.w3.org/ns/shacl#datatype": null,
      "id": "file:///Users/abettati/sandbox/azure-rest-api-specs/specification/servicefabric/resource-manager/Microsoft.ServiceFabric/stable/2019-03-01/cluster.json#/declarations/parameters/parameter/environment/scalar/schema/enum/scalar_1"
    }, {
      "http://a.ml/vocabularies/core#name": null,
      "http://a.ml/vocabularies/data#value": null,
      "http://www.w3.org/ns/shacl#datatype": null,
      "id": "file:///Users/abettati/sandbox/azure-rest-api-specs/specification/servicefabric/resource-manager/Microsoft.ServiceFabric/stable/2019-03-01/cluster.json#/declarations/parameters/parameter/environment/scalar/schema/enum/scalar_2"
    }],
    "http://www.w3.org/ns/shacl#name": "schema",
    "id": "file:///Users/abettati/sandbox/azure-rest-api-specs/specification/servicefabric/resource-manager/Microsoft.ServiceFabric/stable/2019-03-01/cluster.json#/declarations/parameters/parameter/environment/scalar/schema"
  },
  "id": "file:///Users/abettati/sandbox/azure-rest-api-specs/specification/servicefabric/resource-manager/Microsoft.ServiceFabric/stable/2019-03-01/cluster.json#/declarations/parameters/parameter/environment"
}, {
  "http://a.ml/vocabularies/apiContract#binding": "path",
  "http://a.ml/vocabularies/apiContract#paramName": "clusterVersion",
  "http://a.ml/vocabularies/apiContract#required": "true",
  "http://a.ml/vocabularies/core#description": "The cluster code version.",
  "http://a.ml/vocabularies/core#name": "clusterVersion",
  "http://a.ml/vocabularies/document#customDomainProperties": [{
    "http://a.ml/vocabularies/core#extensionName": "ms-parameter-location",
    "http://a.ml/vocabularies/document#definedBy": {
      "http://a.ml/vocabularies/core#name": null,
      "id": "file:///Users/abettati/sandbox/azure-rest-api-specs/specification/servicefabric/resource-manager/Microsoft.ServiceFabric/stable/2019-03-01/cluster.json#/declarations/parameters/parameter/clusterVersion/ms-parameter-location"
    },
    "http://a.ml/vocabularies/document#extension": {
      "http://a.ml/vocabularies/core#name": null,
      "http://a.ml/vocabularies/data#value": null,
      "http://www.w3.org/ns/shacl#datatype": null,
      "id": "file:///Users/abettati/sandbox/azure-rest-api-specs/specification/servicefabric/resource-manager/Microsoft.ServiceFabric/stable/2019-03-01/cluster.json#/declarations/parameters/parameter/clusterVersion/ms-parameter-location/scalar_1"
    },
    "id": "file:///Users/abettati/sandbox/azure-rest-api-specs/specification/servicefabric/resource-manager/Microsoft.ServiceFabric/stable/2019-03-01/cluster.json#/declarations/parameters/parameter/clusterVersion/extension/ms-parameter-location"
  }],
  "http://a.ml/vocabularies/shapes#schema": {
    "http://a.ml/vocabularies/core#description": "The cluster code version.",
    "http://a.ml/vocabularies/document#customDomainProperties": [{
      "http://a.ml/vocabularies/core#extensionName": null,
      "http://a.ml/vocabularies/document#definedBy": null,
      "http://a.ml/vocabularies/document#extension": null,
      "id": "file:///Users/abettati/sandbox/azure-rest-api-specs/specification/servicefabric/resource-manager/Microsoft.ServiceFabric/stable/2019-03-01/cluster.json#/declarations/parameters/parameter/clusterVersion/scalar/schema/extension/ms-parameter-location"
    }],
    "http://www.w3.org/ns/shacl#datatype": "http://www.w3.org/2001/XMLSchema#string",
    "http://www.w3.org/ns/shacl#name": "schema",
    "id": "file:///Users/abettati/sandbox/azure-rest-api-specs/specification/servicefabric/resource-manager/Microsoft.ServiceFabric/stable/2019-03-01/cluster.json#/declarations/parameters/parameter/clusterVersion/scalar/schema"
  },
  "id": "file:///Users/abettati/sandbox/azure-rest-api-specs/specification/servicefabric/resource-manager/Microsoft.ServiceFabric/stable/2019-03-01/cluster.json#/declarations/parameters/parameter/clusterVersion"
}, {
  "http://a.ml/vocabularies/apiContract#binding": "path",
  "http://a.ml/vocabularies/apiContract#paramName": "location",
  "http://a.ml/vocabularies/apiContract#required": "true",
  "http://a.ml/vocabularies/core#description": "The location for the cluster code versions. This is different from cluster location.",
  "http://a.ml/vocabularies/core#name": "locationForClusterCodeVersions",
  "http://a.ml/vocabularies/document#customDomainProperties": [{
    "http://a.ml/vocabularies/core#extensionName": "ms-parameter-location",
    "http://a.ml/vocabularies/document#definedBy": {
      "http://a.ml/vocabularies/core#name": null,
      "id": "file:///Users/abettati/sandbox/azure-rest-api-specs/specification/servicefabric/resource-manager/Microsoft.ServiceFabric/stable/2019-03-01/cluster.json#/declarations/parameters/parameter/locationForClusterCodeVersions/ms-parameter-location"
    },
    "http://a.ml/vocabularies/document#extension": {
      "http://a.ml/vocabularies/core#name": null,
      "http://a.ml/vocabularies/data#value": null,
      "http://www.w3.org/ns/shacl#datatype": null,
      "id": "file:///Users/abettati/sandbox/azure-rest-api-specs/specification/servicefabric/resource-manager/Microsoft.ServiceFabric/stable/2019-03-01/cluster.json#/declarations/parameters/parameter/locationForClusterCodeVersions/ms-parameter-location/scalar_1"
    },
    "id": "file:///Users/abettati/sandbox/azure-rest-api-specs/specification/servicefabric/resource-manager/Microsoft.ServiceFabric/stable/2019-03-01/cluster.json#/declarations/parameters/parameter/locationForClusterCodeVersions/extension/ms-parameter-location"
  }],
  "http://a.ml/vocabularies/shapes#schema": {
    "http://a.ml/vocabularies/core#description": "The location for the cluster code versions. This is different from cluster location.",
    "http://a.ml/vocabularies/document#customDomainProperties": [{
      "http://a.ml/vocabularies/core#extensionName": null,
      "http://a.ml/vocabularies/document#definedBy": null,
      "http://a.ml/vocabularies/document#extension": null,
      "id": "file:///Users/abettati/sandbox/azure-rest-api-specs/specification/servicefabric/resource-manager/Microsoft.ServiceFabric/stable/2019-03-01/cluster.json#/declarations/parameters/parameter/locationForClusterCodeVersions/scalar/schema/extension/ms-parameter-location"
    }],
    "http://www.w3.org/ns/shacl#datatype": "http://www.w3.org/2001/XMLSchema#string",
    "http://www.w3.org/ns/shacl#name": "schema",
    "id": "file:///Users/abettati/sandbox/azure-rest-api-specs/specification/servicefabric/resource-manager/Microsoft.ServiceFabric/stable/2019-03-01/cluster.json#/declarations/parameters/parameter/locationForClusterCodeVersions/scalar/schema"
  },
  "id": "file:///Users/abettati/sandbox/azure-rest-api-specs/specification/servicefabric/resource-manager/Microsoft.ServiceFabric/stable/2019-03-01/cluster.json#/declarations/parameters/parameter/locationForClusterCodeVersions"
}, {
  "http://a.ml/vocabularies/apiContract#binding": "path",
  "http://a.ml/vocabularies/apiContract#paramName": "resourceGroupName",
  "http://a.ml/vocabularies/apiContract#required": "true",
  "http://a.ml/vocabularies/core#description": "The name of the resource group.",
  "http://a.ml/vocabularies/core#name": "resourceGroupNameParameter",
  "http://a.ml/vocabularies/document#customDomainProperties": [{
    "http://a.ml/vocabularies/core#extensionName": "ms-parameter-location",
    "http://a.ml/vocabularies/document#definedBy": {
      "http://a.ml/vocabularies/core#name": null,
      "id": "file:///Users/abettati/sandbox/azure-rest-api-specs/specification/servicefabric/resource-manager/Microsoft.ServiceFabric/stable/2019-03-01/cluster.json#/declarations/parameters/parameter/resourceGroupNameParameter/ms-parameter-location"
    },
    "http://a.ml/vocabularies/document#extension": {
      "http://a.ml/vocabularies/core#name": null,
      "http://a.ml/vocabularies/data#value": null,
      "http://www.w3.org/ns/shacl#datatype": null,
      "id": "file:///Users/abettati/sandbox/azure-rest-api-specs/specification/servicefabric/resource-manager/Microsoft.ServiceFabric/stable/2019-03-01/cluster.json#/declarations/parameters/parameter/resourceGroupNameParameter/ms-parameter-location/scalar_1"
    },
    "id": "file:///Users/abettati/sandbox/azure-rest-api-specs/specification/servicefabric/resource-manager/Microsoft.ServiceFabric/stable/2019-03-01/cluster.json#/declarations/parameters/parameter/resourceGroupNameParameter/extension/ms-parameter-location"
  }],
  "http://a.ml/vocabularies/shapes#schema": {
    "http://a.ml/vocabularies/core#description": "The name of the resource group.",
    "http://a.ml/vocabularies/document#customDomainProperties": [{
      "http://a.ml/vocabularies/core#extensionName": null,
      "http://a.ml/vocabularies/document#definedBy": null,
      "http://a.ml/vocabularies/document#extension": null,
      "id": "file:///Users/abettati/sandbox/azure-rest-api-specs/specification/servicefabric/resource-manager/Microsoft.ServiceFabric/stable/2019-03-01/cluster.json#/declarations/parameters/parameter/resourceGroupNameParameter/scalar/schema/extension/ms-parameter-location"
    }],
    "http://www.w3.org/ns/shacl#datatype": "http://www.w3.org/2001/XMLSchema#string",
    "http://www.w3.org/ns/shacl#name": "schema",
    "id": "file:///Users/abettati/sandbox/azure-rest-api-specs/specification/servicefabric/resource-manager/Microsoft.ServiceFabric/stable/2019-03-01/cluster.json#/declarations/parameters/parameter/resourceGroupNameParameter/scalar/schema"
  },
  "id": "file:///Users/abettati/sandbox/azure-rest-api-specs/specification/servicefabric/resource-manager/Microsoft.ServiceFabric/stable/2019-03-01/cluster.json#/declarations/parameters/parameter/resourceGroupNameParameter"
}, {
  "http://a.ml/vocabularies/apiContract#binding": "query",
  "http://a.ml/vocabularies/apiContract#paramName": "api-version",
  "http://a.ml/vocabularies/apiContract#required": "true",
  "http://a.ml/vocabularies/core#description": "The version of the Service Fabric resource provider API",
  "http://a.ml/vocabularies/core#name": "api-version",
  "http://a.ml/vocabularies/shapes#schema": {
    "http://a.ml/vocabularies/core#description": "The version of the Service Fabric resource provider API",
    "http://www.w3.org/ns/shacl#datatype": "http://www.w3.org/2001/XMLSchema#string",
    "http://www.w3.org/ns/shacl#name": "schema",
    "id": "file:///Users/abettati/sandbox/azure-rest-api-specs/specification/servicefabric/resource-manager/Microsoft.ServiceFabric/stable/2019-03-01/cluster.json#/web-api/end-points/%2Fproviders%2FMicrosoft.ServiceFabric%2Foperations/get/request/parameter/api-version/scalar/schema"
  },
  "id": "file:///Users/abettati/sandbox/azure-rest-api-specs/specification/servicefabric/resource-manager/Microsoft.ServiceFabric/stable/2019-03-01/cluster.json#/web-api/end-points/%2Fproviders%2FMicrosoft.ServiceFabric%2Foperations/get/request/parameter/api-version"
}]