[{
  "http://a.ml/vocabularies/apiContract#binding": "query",
  "http://a.ml/vocabularies/apiContract#paramName": "api-version",
  "http://a.ml/vocabularies/apiContract#required": "true",
  "http://a.ml/vocabularies/core#description": "Client API version.",
  "http://a.ml/vocabularies/core#name": "api-version",
  "http://a.ml/vocabularies/shapes#schema": {
    "http://a.ml/vocabularies/core#description": "Client API version.",
    "http://www.w3.org/ns/shacl#datatype": "http://www.w3.org/2001/XMLSchema#string",
    "http://www.w3.org/ns/shacl#name": "schema",
    "id": "file:///Users/abettati/sandbox/azure-rest-api-specs/specification/network/resource-manager/Microsoft.Network/stable/2019-07-01/networkWatcherConnectionMonitorV1.json#/web-api/end-points/%2Fsubscriptions%2F%7BsubscriptionId%7D%2FresourceGroups%2F%7BresourceGroupName%7D%2Fproviders%2FMicrosoft.Network%2FnetworkWatchers%2F%7BnetworkWatcherName%7D%2FconnectionMonitors%2F%7BconnectionMonitorName%7D/put/request/parameter/api-version/scalar/schema"
  },
  "id": "file:///Users/abettati/sandbox/azure-rest-api-specs/specification/network/resource-manager/Microsoft.Network/stable/2019-07-01/networkWatcherConnectionMonitorV1.json#/web-api/end-points/%2Fsubscriptions%2F%7BsubscriptionId%7D%2FresourceGroups%2F%7BresourceGroupName%7D%2Fproviders%2FMicrosoft.Network%2FnetworkWatchers%2F%7BnetworkWatcherName%7D%2FconnectionMonitors%2F%7BconnectionMonitorName%7D/put/request/parameter/api-version"
}, {
  "http://a.ml/vocabularies/apiContract#binding": "path",
  "http://a.ml/vocabularies/apiContract#paramName": "resourceGroupName",
  "http://a.ml/vocabularies/apiContract#required": "true",
  "http://a.ml/vocabularies/core#description": "The name of the resource group containing Network Watcher.",
  "http://a.ml/vocabularies/core#name": "resourceGroupName",
  "http://a.ml/vocabularies/shapes#schema": {
    "http://a.ml/vocabularies/core#description": "The name of the resource group containing Network Watcher.",
    "http://www.w3.org/ns/shacl#datatype": "http://www.w3.org/2001/XMLSchema#string",
    "http://www.w3.org/ns/shacl#name": "schema",
    "id": "file:///Users/abettati/sandbox/azure-rest-api-specs/specification/network/resource-manager/Microsoft.Network/stable/2019-07-01/networkWatcherConnectionMonitorV1.json#/web-api/end-points/%2Fsubscriptions%2F%7BsubscriptionId%7D%2FresourceGroups%2F%7BresourceGroupName%7D%2Fproviders%2FMicrosoft.Network%2FnetworkWatchers%2F%7BnetworkWatcherName%7D%2FconnectionMonitors%2F%7BconnectionMonitorName%7D/put/request/parameter/resourceGroupName/scalar/schema"
  },
  "id": "file:///Users/abettati/sandbox/azure-rest-api-specs/specification/network/resource-manager/Microsoft.Network/stable/2019-07-01/networkWatcherConnectionMonitorV1.json#/web-api/end-points/%2Fsubscriptions%2F%7BsubscriptionId%7D%2FresourceGroups%2F%7BresourceGroupName%7D%2Fproviders%2FMicrosoft.Network%2FnetworkWatchers%2F%7BnetworkWatcherName%7D%2FconnectionMonitors%2F%7BconnectionMonitorName%7D/put/request/parameter/resourceGroupName"
}, {
  "http://a.ml/vocabularies/apiContract#binding": "path",
  "http://a.ml/vocabularies/apiContract#paramName": "networkWatcherName",
  "http://a.ml/vocabularies/apiContract#required": "true",
  "http://a.ml/vocabularies/core#description": "The name of the Network Watcher resource.",
  "http://a.ml/vocabularies/core#name": "networkWatcherName",
  "http://a.ml/vocabularies/shapes#schema": {
    "http://a.ml/vocabularies/core#description": "The name of the Network Watcher resource.",
    "http://www.w3.org/ns/shacl#datatype": "http://www.w3.org/2001/XMLSchema#string",
    "http://www.w3.org/ns/shacl#name": "schema",
    "id": "file:///Users/abettati/sandbox/azure-rest-api-specs/specification/network/resource-manager/Microsoft.Network/stable/2019-07-01/networkWatcherConnectionMonitorV1.json#/web-api/end-points/%2Fsubscriptions%2F%7BsubscriptionId%7D%2FresourceGroups%2F%7BresourceGroupName%7D%2Fproviders%2FMicrosoft.Network%2FnetworkWatchers%2F%7BnetworkWatcherName%7D%2FconnectionMonitors%2F%7BconnectionMonitorName%7D/put/request/parameter/networkWatcherName/scalar/schema"
  },
  "id": "file:///Users/abettati/sandbox/azure-rest-api-specs/specification/network/resource-manager/Microsoft.Network/stable/2019-07-01/networkWatcherConnectionMonitorV1.json#/web-api/end-points/%2Fsubscriptions%2F%7BsubscriptionId%7D%2FresourceGroups%2F%7BresourceGroupName%7D%2Fproviders%2FMicrosoft.Network%2FnetworkWatchers%2F%7BnetworkWatcherName%7D%2FconnectionMonitors%2F%7BconnectionMonitorName%7D/put/request/parameter/networkWatcherName"
}, {
  "http://a.ml/vocabularies/apiContract#binding": "path",
  "http://a.ml/vocabularies/apiContract#paramName": "connectionMonitorName",
  "http://a.ml/vocabularies/apiContract#required": "true",
  "http://a.ml/vocabularies/core#description": "The name of the connection monitor.",
  "http://a.ml/vocabularies/core#name": "connectionMonitorName",
  "http://a.ml/vocabularies/shapes#schema": {
    "http://a.ml/vocabularies/core#description": "The name of the connection monitor.",
    "http://www.w3.org/ns/shacl#datatype": "http://www.w3.org/2001/XMLSchema#string",
    "http://www.w3.org/ns/shacl#name": "schema",
    "id": "file:///Users/abettati/sandbox/azure-rest-api-specs/specification/network/resource-manager/Microsoft.Network/stable/2019-07-01/networkWatcherConnectionMonitorV1.json#/web-api/end-points/%2Fsubscriptions%2F%7BsubscriptionId%7D%2FresourceGroups%2F%7BresourceGroupName%7D%2Fproviders%2FMicrosoft.Network%2FnetworkWatchers%2F%7BnetworkWatcherName%7D%2FconnectionMonitors%2F%7BconnectionMonitorName%7D/put/request/parameter/connectionMonitorName/scalar/schema"
  },
  "id": "file:///Users/abettati/sandbox/azure-rest-api-specs/specification/network/resource-manager/Microsoft.Network/stable/2019-07-01/networkWatcherConnectionMonitorV1.json#/web-api/end-points/%2Fsubscriptions%2F%7BsubscriptionId%7D%2FresourceGroups%2F%7BresourceGroupName%7D%2Fproviders%2FMicrosoft.Network%2FnetworkWatchers%2F%7BnetworkWatcherName%7D%2FconnectionMonitors%2F%7BconnectionMonitorName%7D/put/request/parameter/connectionMonitorName"
}, {
  "http://a.ml/vocabularies/apiContract#binding": "path",
  "http://a.ml/vocabularies/apiContract#paramName": "subscriptionId",
  "http://a.ml/vocabularies/apiContract#required": "true",
  "http://a.ml/vocabularies/core#description": "The subscription credentials which uniquely identify the Microsoft Azure subscription. The subscription ID forms part of the URI for every service call.",
  "http://a.ml/vocabularies/core#name": "subscriptionId",
  "http://a.ml/vocabularies/shapes#schema": {
    "http://a.ml/vocabularies/core#description": "The subscription credentials which uniquely identify the Microsoft Azure subscription. The subscription ID forms part of the URI for every service call.",
    "http://www.w3.org/ns/shacl#datatype": "http://www.w3.org/2001/XMLSchema#string",
    "http://www.w3.org/ns/shacl#name": "schema",
    "id": "file:///Users/abettati/sandbox/azure-rest-api-specs/specification/network/resource-manager/Microsoft.Network/stable/2019-07-01/networkWatcherConnectionMonitorV1.json#/web-api/end-points/%2Fsubscriptions%2F%7BsubscriptionId%7D%2FresourceGroups%2F%7BresourceGroupName%7D%2Fproviders%2FMicrosoft.Network%2FnetworkWatchers%2F%7BnetworkWatcherName%7D%2FconnectionMonitors%2F%7BconnectionMonitorName%7D/put/request/parameter/subscriptionId/scalar/schema"
  },
  "id": "file:///Users/abettati/sandbox/azure-rest-api-specs/specification/network/resource-manager/Microsoft.Network/stable/2019-07-01/networkWatcherConnectionMonitorV1.json#/web-api/end-points/%2Fsubscriptions%2F%7BsubscriptionId%7D%2FresourceGroups%2F%7BresourceGroupName%7D%2Fproviders%2FMicrosoft.Network%2FnetworkWatchers%2F%7BnetworkWatcherName%7D%2FconnectionMonitors%2F%7BconnectionMonitorName%7D/put/request/parameter/subscriptionId"
}, {
  "http://a.ml/vocabularies/apiContract#binding": "query",
  "http://a.ml/vocabularies/apiContract#paramName": "api-version",
  "http://a.ml/vocabularies/apiContract#required": "true",
  "http://a.ml/vocabularies/core#description": "Client API version.",
  "http://a.ml/vocabularies/core#name": "api-version",
  "http://a.ml/vocabularies/shapes#schema": {
    "http://a.ml/vocabularies/core#description": "Client API version.",
    "http://www.w3.org/ns/shacl#datatype": "http://www.w3.org/2001/XMLSchema#string",
    "http://www.w3.org/ns/shacl#name": "schema",
    "id": "file:///Users/abettati/sandbox/azure-rest-api-specs/specification/network/resource-manager/Microsoft.Network/stable/2019-07-01/networkWatcherConnectionMonitorV1.json#/web-api/end-points/%2Fsubscriptions%2F%7BsubscriptionId%7D%2FresourceGroups%2F%7BresourceGroupName%7D%2Fproviders%2FMicrosoft.Network%2FnetworkWatchers%2F%7BnetworkWatcherName%7D%2FconnectionMonitors%2F%7BconnectionMonitorName%7D/get/request/parameter/api-version/scalar/schema"
  },
  "id": "file:///Users/abettati/sandbox/azure-rest-api-specs/specification/network/resource-manager/Microsoft.Network/stable/2019-07-01/networkWatcherConnectionMonitorV1.json#/web-api/end-points/%2Fsubscriptions%2F%7BsubscriptionId%7D%2FresourceGroups%2F%7BresourceGroupName%7D%2Fproviders%2FMicrosoft.Network%2FnetworkWatchers%2F%7BnetworkWatcherName%7D%2FconnectionMonitors%2F%7BconnectionMonitorName%7D/get/request/parameter/api-version"
}, {
  "http://a.ml/vocabularies/apiContract#binding": "path",
  "http://a.ml/vocabularies/apiContract#paramName": "resourceGroupName",
  "http://a.ml/vocabularies/apiContract#required": "true",
  "http://a.ml/vocabularies/core#description": "The name of the resource group containing Network Watcher.",
  "http://a.ml/vocabularies/core#name": "resourceGroupName",
  "http://a.ml/vocabularies/shapes#schema": {
    "http://a.ml/vocabularies/core#description": "The name of the resource group containing Network Watcher.",
    "http://www.w3.org/ns/shacl#datatype": "http://www.w3.org/2001/XMLSchema#string",
    "http://www.w3.org/ns/shacl#name": "schema",
    "id": "file:///Users/abettati/sandbox/azure-rest-api-specs/specification/network/resource-manager/Microsoft.Network/stable/2019-07-01/networkWatcherConnectionMonitorV1.json#/web-api/end-points/%2Fsubscriptions%2F%7BsubscriptionId%7D%2FresourceGroups%2F%7BresourceGroupName%7D%2Fproviders%2FMicrosoft.Network%2FnetworkWatchers%2F%7BnetworkWatcherName%7D%2FconnectionMonitors%2F%7BconnectionMonitorName%7D/get/request/parameter/resourceGroupName/scalar/schema"
  },
  "id": "file:///Users/abettati/sandbox/azure-rest-api-specs/specification/network/resource-manager/Microsoft.Network/stable/2019-07-01/networkWatcherConnectionMonitorV1.json#/web-api/end-points/%2Fsubscriptions%2F%7BsubscriptionId%7D%2FresourceGroups%2F%7BresourceGroupName%7D%2Fproviders%2FMicrosoft.Network%2FnetworkWatchers%2F%7BnetworkWatcherName%7D%2FconnectionMonitors%2F%7BconnectionMonitorName%7D/get/request/parameter/resourceGroupName"
}, {
  "http://a.ml/vocabularies/apiContract#binding": "path",
  "http://a.ml/vocabularies/apiContract#paramName": "networkWatcherName",
  "http://a.ml/vocabularies/apiContract#required": "true",
  "http://a.ml/vocabularies/core#description": "The name of the Network Watcher resource.",
  "http://a.ml/vocabularies/core#name": "networkWatcherName",
  "http://a.ml/vocabularies/shapes#schema": {
    "http://a.ml/vocabularies/core#description": "The name of the Network Watcher resource.",
    "http://www.w3.org/ns/shacl#datatype": "http://www.w3.org/2001/XMLSchema#string",
    "http://www.w3.org/ns/shacl#name": "schema",
    "id": "file:///Users/abettati/sandbox/azure-rest-api-specs/specification/network/resource-manager/Microsoft.Network/stable/2019-07-01/networkWatcherConnectionMonitorV1.json#/web-api/end-points/%2Fsubscriptions%2F%7BsubscriptionId%7D%2FresourceGroups%2F%7BresourceGroupName%7D%2Fproviders%2FMicrosoft.Network%2FnetworkWatchers%2F%7BnetworkWatcherName%7D%2FconnectionMonitors%2F%7BconnectionMonitorName%7D/get/request/parameter/networkWatcherName/scalar/schema"
  },
  "id": "file:///Users/abettati/sandbox/azure-rest-api-specs/specification/network/resource-manager/Microsoft.Network/stable/2019-07-01/networkWatcherConnectionMonitorV1.json#/web-api/end-points/%2Fsubscriptions%2F%7BsubscriptionId%7D%2FresourceGroups%2F%7BresourceGroupName%7D%2Fproviders%2FMicrosoft.Network%2FnetworkWatchers%2F%7BnetworkWatcherName%7D%2FconnectionMonitors%2F%7BconnectionMonitorName%7D/get/request/parameter/networkWatcherName"
}, {
  "http://a.ml/vocabularies/apiContract#binding": "path",
  "http://a.ml/vocabularies/apiContract#paramName": "connectionMonitorName",
  "http://a.ml/vocabularies/apiContract#required": "true",
  "http://a.ml/vocabularies/core#description": "The name of the connection monitor.",
  "http://a.ml/vocabularies/core#name": "connectionMonitorName",
  "http://a.ml/vocabularies/shapes#schema": {
    "http://a.ml/vocabularies/core#description": "The name of the connection monitor.",
    "http://www.w3.org/ns/shacl#datatype": "http://www.w3.org/2001/XMLSchema#string",
    "http://www.w3.org/ns/shacl#name": "schema",
    "id": "file:///Users/abettati/sandbox/azure-rest-api-specs/specification/network/resource-manager/Microsoft.Network/stable/2019-07-01/networkWatcherConnectionMonitorV1.json#/web-api/end-points/%2Fsubscriptions%2F%7BsubscriptionId%7D%2FresourceGroups%2F%7BresourceGroupName%7D%2Fproviders%2FMicrosoft.Network%2FnetworkWatchers%2F%7BnetworkWatcherName%7D%2FconnectionMonitors%2F%7BconnectionMonitorName%7D/get/request/parameter/connectionMonitorName/scalar/schema"
  },
  "id": "file:///Users/abettati/sandbox/azure-rest-api-specs/specification/network/resource-manager/Microsoft.Network/stable/2019-07-01/networkWatcherConnectionMonitorV1.json#/web-api/end-points/%2Fsubscriptions%2F%7BsubscriptionId%7D%2FresourceGroups%2F%7BresourceGroupName%7D%2Fproviders%2FMicrosoft.Network%2FnetworkWatchers%2F%7BnetworkWatcherName%7D%2FconnectionMonitors%2F%7BconnectionMonitorName%7D/get/request/parameter/connectionMonitorName"
}, {
  "http://a.ml/vocabularies/apiContract#binding": "path",
  "http://a.ml/vocabularies/apiContract#paramName": "subscriptionId",
  "http://a.ml/vocabularies/apiContract#required": "true",
  "http://a.ml/vocabularies/core#description": "The subscription credentials which uniquely identify the Microsoft Azure subscription. The subscription ID forms part of the URI for every service call.",
  "http://a.ml/vocabularies/core#name": "subscriptionId",
  "http://a.ml/vocabularies/shapes#schema": {
    "http://a.ml/vocabularies/core#description": "The subscription credentials which uniquely identify the Microsoft Azure subscription. The subscription ID forms part of the URI for every service call.",
    "http://www.w3.org/ns/shacl#datatype": "http://www.w3.org/2001/XMLSchema#string",
    "http://www.w3.org/ns/shacl#name": "schema",
    "id": "file:///Users/abettati/sandbox/azure-rest-api-specs/specification/network/resource-manager/Microsoft.Network/stable/2019-07-01/networkWatcherConnectionMonitorV1.json#/web-api/end-points/%2Fsubscriptions%2F%7BsubscriptionId%7D%2FresourceGroups%2F%7BresourceGroupName%7D%2Fproviders%2FMicrosoft.Network%2FnetworkWatchers%2F%7BnetworkWatcherName%7D%2FconnectionMonitors%2F%7BconnectionMonitorName%7D/get/request/parameter/subscriptionId/scalar/schema"
  },
  "id": "file:///Users/abettati/sandbox/azure-rest-api-specs/specification/network/resource-manager/Microsoft.Network/stable/2019-07-01/networkWatcherConnectionMonitorV1.json#/web-api/end-points/%2Fsubscriptions%2F%7BsubscriptionId%7D%2FresourceGroups%2F%7BresourceGroupName%7D%2Fproviders%2FMicrosoft.Network%2FnetworkWatchers%2F%7BnetworkWatcherName%7D%2FconnectionMonitors%2F%7BconnectionMonitorName%7D/get/request/parameter/subscriptionId"
}, {
  "http://a.ml/vocabularies/apiContract#binding": "query",
  "http://a.ml/vocabularies/apiContract#paramName": "api-version",
  "http://a.ml/vocabularies/apiContract#required": "true",
  "http://a.ml/vocabularies/core#description": "Client API version.",
  "http://a.ml/vocabularies/core#name": "api-version",
  "http://a.ml/vocabularies/shapes#schema": {
    "http://a.ml/vocabularies/core#description": "Client API version.",
    "http://www.w3.org/ns/shacl#datatype": "http://www.w3.org/2001/XMLSchema#string",
    "http://www.w3.org/ns/shacl#name": "schema",
    "id": "file:///Users/abettati/sandbox/azure-rest-api-specs/specification/network/resource-manager/Microsoft.Network/stable/2019-07-01/networkWatcherConnectionMonitorV1.json#/web-api/end-points/%2Fsubscriptions%2F%7BsubscriptionId%7D%2FresourceGroups%2F%7BresourceGroupName%7D%2Fproviders%2FMicrosoft.Network%2FnetworkWatchers%2F%7BnetworkWatcherName%7D%2FconnectionMonitors%2F%7BconnectionMonitorName%7D/delete/request/parameter/api-version/scalar/schema"
  },
  "id": "file:///Users/abettati/sandbox/azure-rest-api-specs/specification/network/resource-manager/Microsoft.Network/stable/2019-07-01/networkWatcherConnectionMonitorV1.json#/web-api/end-points/%2Fsubscriptions%2F%7BsubscriptionId%7D%2FresourceGroups%2F%7BresourceGroupName%7D%2Fproviders%2FMicrosoft.Network%2FnetworkWatchers%2F%7BnetworkWatcherName%7D%2FconnectionMonitors%2F%7BconnectionMonitorName%7D/delete/request/parameter/api-version"
}, {
  "http://a.ml/vocabularies/apiContract#binding": "path",
  "http://a.ml/vocabularies/apiContract#paramName": "resourceGroupName",
  "http://a.ml/vocabularies/apiContract#required": "true",
  "http://a.ml/vocabularies/core#description": "The name of the resource group containing Network Watcher.",
  "http://a.ml/vocabularies/core#name": "resourceGroupName",
  "http://a.ml/vocabularies/shapes#schema": {
    "http://a.ml/vocabularies/core#description": "The name of the resource group containing Network Watcher.",
    "http://www.w3.org/ns/shacl#datatype": "http://www.w3.org/2001/XMLSchema#string",
    "http://www.w3.org/ns/shacl#name": "schema",
    "id": "file:///Users/abettati/sandbox/azure-rest-api-specs/specification/network/resource-manager/Microsoft.Network/stable/2019-07-01/networkWatcherConnectionMonitorV1.json#/web-api/end-points/%2Fsubscriptions%2F%7BsubscriptionId%7D%2FresourceGroups%2F%7BresourceGroupName%7D%2Fproviders%2FMicrosoft.Network%2FnetworkWatchers%2F%7BnetworkWatcherName%7D%2FconnectionMonitors%2F%7BconnectionMonitorName%7D/delete/request/parameter/resourceGroupName/scalar/schema"
  },
  "id": "file:///Users/abettati/sandbox/azure-rest-api-specs/specification/network/resource-manager/Microsoft.Network/stable/2019-07-01/networkWatcherConnectionMonitorV1.json#/web-api/end-points/%2Fsubscriptions%2F%7BsubscriptionId%7D%2FresourceGroups%2F%7BresourceGroupName%7D%2Fproviders%2FMicrosoft.Network%2FnetworkWatchers%2F%7BnetworkWatcherName%7D%2FconnectionMonitors%2F%7BconnectionMonitorName%7D/delete/request/parameter/resourceGroupName"
}, {
  "http://a.ml/vocabularies/apiContract#binding": "path",
  "http://a.ml/vocabularies/apiContract#paramName": "networkWatcherName",
  "http://a.ml/vocabularies/apiContract#required": "true",
  "http://a.ml/vocabularies/core#description": "The name of the Network Watcher resource.",
  "http://a.ml/vocabularies/core#name": "networkWatcherName",
  "http://a.ml/vocabularies/shapes#schema": {
    "http://a.ml/vocabularies/core#description": "The name of the Network Watcher resource.",
    "http://www.w3.org/ns/shacl#datatype": "http://www.w3.org/2001/XMLSchema#string",
    "http://www.w3.org/ns/shacl#name": "schema",
    "id": "file:///Users/abettati/sandbox/azure-rest-api-specs/specification/network/resource-manager/Microsoft.Network/stable/2019-07-01/networkWatcherConnectionMonitorV1.json#/web-api/end-points/%2Fsubscriptions%2F%7BsubscriptionId%7D%2FresourceGroups%2F%7BresourceGroupName%7D%2Fproviders%2FMicrosoft.Network%2FnetworkWatchers%2F%7BnetworkWatcherName%7D%2FconnectionMonitors%2F%7BconnectionMonitorName%7D/delete/request/parameter/networkWatcherName/scalar/schema"
  },
  "id": "file:///Users/abettati/sandbox/azure-rest-api-specs/specification/network/resource-manager/Microsoft.Network/stable/2019-07-01/networkWatcherConnectionMonitorV1.json#/web-api/end-points/%2Fsubscriptions%2F%7BsubscriptionId%7D%2FresourceGroups%2F%7BresourceGroupName%7D%2Fproviders%2FMicrosoft.Network%2FnetworkWatchers%2F%7BnetworkWatcherName%7D%2FconnectionMonitors%2F%7BconnectionMonitorName%7D/delete/request/parameter/networkWatcherName"
}, {
  "http://a.ml/vocabularies/apiContract#binding": "path",
  "http://a.ml/vocabularies/apiContract#paramName": "connectionMonitorName",
  "http://a.ml/vocabularies/apiContract#required": "true",
  "http://a.ml/vocabularies/core#description": "The name of the connection monitor.",
  "http://a.ml/vocabularies/core#name": "connectionMonitorName",
  "http://a.ml/vocabularies/shapes#schema": {
    "http://a.ml/vocabularies/core#description": "The name of the connection monitor.",
    "http://www.w3.org/ns/shacl#datatype": "http://www.w3.org/2001/XMLSchema#string",
    "http://www.w3.org/ns/shacl#name": "schema",
    "id": "file:///Users/abettati/sandbox/azure-rest-api-specs/specification/network/resource-manager/Microsoft.Network/stable/2019-07-01/networkWatcherConnectionMonitorV1.json#/web-api/end-points/%2Fsubscriptions%2F%7BsubscriptionId%7D%2FresourceGroups%2F%7BresourceGroupName%7D%2Fproviders%2FMicrosoft.Network%2FnetworkWatchers%2F%7BnetworkWatcherName%7D%2FconnectionMonitors%2F%7BconnectionMonitorName%7D/delete/request/parameter/connectionMonitorName/scalar/schema"
  },
  "id": "file:///Users/abettati/sandbox/azure-rest-api-specs/specification/network/resource-manager/Microsoft.Network/stable/2019-07-01/networkWatcherConnectionMonitorV1.json#/web-api/end-points/%2Fsubscriptions%2F%7BsubscriptionId%7D%2FresourceGroups%2F%7BresourceGroupName%7D%2Fproviders%2FMicrosoft.Network%2FnetworkWatchers%2F%7BnetworkWatcherName%7D%2FconnectionMonitors%2F%7BconnectionMonitorName%7D/delete/request/parameter/connectionMonitorName"
}, {
  "http://a.ml/vocabularies/apiContract#binding": "path",
  "http://a.ml/vocabularies/apiContract#paramName": "subscriptionId",
  "http://a.ml/vocabularies/apiContract#required": "true",
  "http://a.ml/vocabularies/core#description": "The subscription credentials which uniquely identify the Microsoft Azure subscription. The subscription ID forms part of the URI for every service call.",
  "http://a.ml/vocabularies/core#name": "subscriptionId",
  "http://a.ml/vocabularies/shapes#schema": {
    "http://a.ml/vocabularies/core#description": "The subscription credentials which uniquely identify the Microsoft Azure subscription. The subscription ID forms part of the URI for every service call.",
    "http://www.w3.org/ns/shacl#datatype": "http://www.w3.org/2001/XMLSchema#string",
    "http://www.w3.org/ns/shacl#name": "schema",
    "id": "file:///Users/abettati/sandbox/azure-rest-api-specs/specification/network/resource-manager/Microsoft.Network/stable/2019-07-01/networkWatcherConnectionMonitorV1.json#/web-api/end-points/%2Fsubscriptions%2F%7BsubscriptionId%7D%2FresourceGroups%2F%7BresourceGroupName%7D%2Fproviders%2FMicrosoft.Network%2FnetworkWatchers%2F%7BnetworkWatcherName%7D%2FconnectionMonitors%2F%7BconnectionMonitorName%7D/delete/request/parameter/subscriptionId/scalar/schema"
  },
  "id": "file:///Users/abettati/sandbox/azure-rest-api-specs/specification/network/resource-manager/Microsoft.Network/stable/2019-07-01/networkWatcherConnectionMonitorV1.json#/web-api/end-points/%2Fsubscriptions%2F%7BsubscriptionId%7D%2FresourceGroups%2F%7BresourceGroupName%7D%2Fproviders%2FMicrosoft.Network%2FnetworkWatchers%2F%7BnetworkWatcherName%7D%2FconnectionMonitors%2F%7BconnectionMonitorName%7D/delete/request/parameter/subscriptionId"
}, {
  "http://a.ml/vocabularies/apiContract#binding": "query",
  "http://a.ml/vocabularies/apiContract#paramName": "api-version",
  "http://a.ml/vocabularies/apiContract#required": "true",
  "http://a.ml/vocabularies/core#description": "Client API version.",
  "http://a.ml/vocabularies/core#name": "api-version",
  "http://a.ml/vocabularies/shapes#schema": {
    "http://a.ml/vocabularies/core#description": "Client API version.",
    "http://www.w3.org/ns/shacl#datatype": "http://www.w3.org/2001/XMLSchema#string",
    "http://www.w3.org/ns/shacl#name": "schema",
    "id": "file:///Users/abettati/sandbox/azure-rest-api-specs/specification/network/resource-manager/Microsoft.Network/stable/2019-07-01/networkWatcherConnectionMonitorV1.json#/web-api/end-points/%2Fsubscriptions%2F%7BsubscriptionId%7D%2FresourceGroups%2F%7BresourceGroupName%7D%2Fproviders%2FMicrosoft.Network%2FnetworkWatchers%2F%7BnetworkWatcherName%7D%2FconnectionMonitors%2F%7BconnectionMonitorName%7D/patch/request/parameter/api-version/scalar/schema"
  },
  "id": "file:///Users/abettati/sandbox/azure-rest-api-specs/specification/network/resource-manager/Microsoft.Network/stable/2019-07-01/networkWatcherConnectionMonitorV1.json#/web-api/end-points/%2Fsubscriptions%2F%7BsubscriptionId%7D%2FresourceGroups%2F%7BresourceGroupName%7D%2Fproviders%2FMicrosoft.Network%2FnetworkWatchers%2F%7BnetworkWatcherName%7D%2FconnectionMonitors%2F%7BconnectionMonitorName%7D/patch/request/parameter/api-version"
}, {
  "http://a.ml/vocabularies/apiContract#binding": "path",
  "http://a.ml/vocabularies/apiContract#paramName": "resourceGroupName",
  "http://a.ml/vocabularies/apiContract#required": "true",
  "http://a.ml/vocabularies/core#description": "The name of the resource group.",
  "http://a.ml/vocabularies/core#name": "resourceGroupName",
  "http://a.ml/vocabularies/shapes#schema": {
    "http://a.ml/vocabularies/core#description": "The name of the resource group.",
    "http://www.w3.org/ns/shacl#datatype": "http://www.w3.org/2001/XMLSchema#string",
    "http://www.w3.org/ns/shacl#name": "schema",
    "id": "file:///Users/abettati/sandbox/azure-rest-api-specs/specification/network/resource-manager/Microsoft.Network/stable/2019-07-01/networkWatcherConnectionMonitorV1.json#/web-api/end-points/%2Fsubscriptions%2F%7BsubscriptionId%7D%2FresourceGroups%2F%7BresourceGroupName%7D%2Fproviders%2FMicrosoft.Network%2FnetworkWatchers%2F%7BnetworkWatcherName%7D%2FconnectionMonitors%2F%7BconnectionMonitorName%7D/patch/request/parameter/resourceGroupName/scalar/schema"
  },
  "id": "file:///Users/abettati/sandbox/azure-rest-api-specs/specification/network/resource-manager/Microsoft.Network/stable/2019-07-01/networkWatcherConnectionMonitorV1.json#/web-api/end-points/%2Fsubscriptions%2F%7BsubscriptionId%7D%2FresourceGroups%2F%7BresourceGroupName%7D%2Fproviders%2FMicrosoft.Network%2FnetworkWatchers%2F%7BnetworkWatcherName%7D%2FconnectionMonitors%2F%7BconnectionMonitorName%7D/patch/request/parameter/resourceGroupName"
}, {
  "http://a.ml/vocabularies/apiContract#binding": "path",
  "http://a.ml/vocabularies/apiContract#paramName": "networkWatcherName",
  "http://a.ml/vocabularies/apiContract#required": "true",
  "http://a.ml/vocabularies/core#description": "The name of the network watcher.",
  "http://a.ml/vocabularies/core#name": "networkWatcherName",
  "http://a.ml/vocabularies/shapes#schema": {
    "http://a.ml/vocabularies/core#description": "The name of the network watcher.",
    "http://www.w3.org/ns/shacl#datatype": "http://www.w3.org/2001/XMLSchema#string",
    "http://www.w3.org/ns/shacl#name": "schema",
    "id": "file:///Users/abettati/sandbox/azure-rest-api-specs/specification/network/resource-manager/Microsoft.Network/stable/2019-07-01/networkWatcherConnectionMonitorV1.json#/web-api/end-points/%2Fsubscriptions%2F%7BsubscriptionId%7D%2FresourceGroups%2F%7BresourceGroupName%7D%2Fproviders%2FMicrosoft.Network%2FnetworkWatchers%2F%7BnetworkWatcherName%7D%2FconnectionMonitors%2F%7BconnectionMonitorName%7D/patch/request/parameter/networkWatcherName/scalar/schema"
  },
  "id": "file:///Users/abettati/sandbox/azure-rest-api-specs/specification/network/resource-manager/Microsoft.Network/stable/2019-07-01/networkWatcherConnectionMonitorV1.json#/web-api/end-points/%2Fsubscriptions%2F%7BsubscriptionId%7D%2FresourceGroups%2F%7BresourceGroupName%7D%2Fproviders%2FMicrosoft.Network%2FnetworkWatchers%2F%7BnetworkWatcherName%7D%2FconnectionMonitors%2F%7BconnectionMonitorName%7D/patch/request/parameter/networkWatcherName"
}, {
  "http://a.ml/vocabularies/apiContract#binding": "path",
  "http://a.ml/vocabularies/apiContract#paramName": "connectionMonitorName",
  "http://a.ml/vocabularies/apiContract#required": "true",
  "http://a.ml/vocabularies/core#description": "The name of the connection monitor.",
  "http://a.ml/vocabularies/core#name": "connectionMonitorName",
  "http://a.ml/vocabularies/shapes#schema": {
    "http://a.ml/vocabularies/core#description": "The name of the connection monitor.",
    "http://www.w3.org/ns/shacl#datatype": "http://www.w3.org/2001/XMLSchema#string",
    "http://www.w3.org/ns/shacl#name": "schema",
    "id": "file:///Users/abettati/sandbox/azure-rest-api-specs/specification/network/resource-manager/Microsoft.Network/stable/2019-07-01/networkWatcherConnectionMonitorV1.json#/web-api/end-points/%2Fsubscriptions%2F%7BsubscriptionId%7D%2FresourceGroups%2F%7BresourceGroupName%7D%2Fproviders%2FMicrosoft.Network%2FnetworkWatchers%2F%7BnetworkWatcherName%7D%2FconnectionMonitors%2F%7BconnectionMonitorName%7D/patch/request/parameter/connectionMonitorName/scalar/schema"
  },
  "id": "file:///Users/abettati/sandbox/azure-rest-api-specs/specification/network/resource-manager/Microsoft.Network/stable/2019-07-01/networkWatcherConnectionMonitorV1.json#/web-api/end-points/%2Fsubscriptions%2F%7BsubscriptionId%7D%2FresourceGroups%2F%7BresourceGroupName%7D%2Fproviders%2FMicrosoft.Network%2FnetworkWatchers%2F%7BnetworkWatcherName%7D%2FconnectionMonitors%2F%7BconnectionMonitorName%7D/patch/request/parameter/connectionMonitorName"
}, {
  "http://a.ml/vocabularies/apiContract#binding": "path",
  "http://a.ml/vocabularies/apiContract#paramName": "subscriptionId",
  "http://a.ml/vocabularies/apiContract#required": "true",
  "http://a.ml/vocabularies/core#description": "The subscription credentials which uniquely identify the Microsoft Azure subscription. The subscription ID forms part of the URI for every service call.",
  "http://a.ml/vocabularies/core#name": "subscriptionId",
  "http://a.ml/vocabularies/shapes#schema": {
    "http://a.ml/vocabularies/core#description": "The subscription credentials which uniquely identify the Microsoft Azure subscription. The subscription ID forms part of the URI for every service call.",
    "http://www.w3.org/ns/shacl#datatype": "http://www.w3.org/2001/XMLSchema#string",
    "http://www.w3.org/ns/shacl#name": "schema",
    "id": "file:///Users/abettati/sandbox/azure-rest-api-specs/specification/network/resource-manager/Microsoft.Network/stable/2019-07-01/networkWatcherConnectionMonitorV1.json#/web-api/end-points/%2Fsubscriptions%2F%7BsubscriptionId%7D%2FresourceGroups%2F%7BresourceGroupName%7D%2Fproviders%2FMicrosoft.Network%2FnetworkWatchers%2F%7BnetworkWatcherName%7D%2FconnectionMonitors%2F%7BconnectionMonitorName%7D/patch/request/parameter/subscriptionId/scalar/schema"
  },
  "id": "file:///Users/abettati/sandbox/azure-rest-api-specs/specification/network/resource-manager/Microsoft.Network/stable/2019-07-01/networkWatcherConnectionMonitorV1.json#/web-api/end-points/%2Fsubscriptions%2F%7BsubscriptionId%7D%2FresourceGroups%2F%7BresourceGroupName%7D%2Fproviders%2FMicrosoft.Network%2FnetworkWatchers%2F%7BnetworkWatcherName%7D%2FconnectionMonitors%2F%7BconnectionMonitorName%7D/patch/request/parameter/subscriptionId"
}, {
  "http://a.ml/vocabularies/apiContract#binding": "query",
  "http://a.ml/vocabularies/apiContract#paramName": "api-version",
  "http://a.ml/vocabularies/apiContract#required": "true",
  "http://a.ml/vocabularies/core#description": "Client API version.",
  "http://a.ml/vocabularies/core#name": "api-version",
  "http://a.ml/vocabularies/shapes#schema": {
    "http://a.ml/vocabularies/core#description": "Client API version.",
    "http://www.w3.org/ns/shacl#datatype": "http://www.w3.org/2001/XMLSchema#string",
    "http://www.w3.org/ns/shacl#name": "schema",
    "id": "file:///Users/abettati/sandbox/azure-rest-api-specs/specification/network/resource-manager/Microsoft.Network/stable/2019-07-01/networkWatcherConnectionMonitorV1.json#/web-api/end-points/%2Fsubscriptions%2F%7BsubscriptionId%7D%2FresourceGroups%2F%7BresourceGroupName%7D%2Fproviders%2FMicrosoft.Network%2FnetworkWatchers%2F%7BnetworkWatcherName%7D%2FconnectionMonitors%2F%7BconnectionMonitorName%7D%2Fstop/post/request/parameter/api-version/scalar/schema"
  },
  "id": "file:///Users/abettati/sandbox/azure-rest-api-specs/specification/network/resource-manager/Microsoft.Network/stable/2019-07-01/networkWatcherConnectionMonitorV1.json#/web-api/end-points/%2Fsubscriptions%2F%7BsubscriptionId%7D%2FresourceGroups%2F%7BresourceGroupName%7D%2Fproviders%2FMicrosoft.Network%2FnetworkWatchers%2F%7BnetworkWatcherName%7D%2FconnectionMonitors%2F%7BconnectionMonitorName%7D%2Fstop/post/request/parameter/api-version"
}, {
  "http://a.ml/vocabularies/apiContract#binding": "path",
  "http://a.ml/vocabularies/apiContract#paramName": "resourceGroupName",
  "http://a.ml/vocabularies/apiContract#required": "true",
  "http://a.ml/vocabularies/core#description": "The name of the resource group containing Network Watcher.",
  "http://a.ml/vocabularies/core#name": "resourceGroupName",
  "http://a.ml/vocabularies/shapes#schema": {
    "http://a.ml/vocabularies/core#description": "The name of the resource group containing Network Watcher.",
    "http://www.w3.org/ns/shacl#datatype": "http://www.w3.org/2001/XMLSchema#string",
    "http://www.w3.org/ns/shacl#name": "schema",
    "id": "file:///Users/abettati/sandbox/azure-rest-api-specs/specification/network/resource-manager/Microsoft.Network/stable/2019-07-01/networkWatcherConnectionMonitorV1.json#/web-api/end-points/%2Fsubscriptions%2F%7BsubscriptionId%7D%2FresourceGroups%2F%7BresourceGroupName%7D%2Fproviders%2FMicrosoft.Network%2FnetworkWatchers%2F%7BnetworkWatcherName%7D%2FconnectionMonitors%2F%7BconnectionMonitorName%7D%2Fstop/post/request/parameter/resourceGroupName/scalar/schema"
  },
  "id": "file:///Users/abettati/sandbox/azure-rest-api-specs/specification/network/resource-manager/Microsoft.Network/stable/2019-07-01/networkWatcherConnectionMonitorV1.json#/web-api/end-points/%2Fsubscriptions%2F%7BsubscriptionId%7D%2FresourceGroups%2F%7BresourceGroupName%7D%2Fproviders%2FMicrosoft.Network%2FnetworkWatchers%2F%7BnetworkWatcherName%7D%2FconnectionMonitors%2F%7BconnectionMonitorName%7D%2Fstop/post/request/parameter/resourceGroupName"
}, {
  "http://a.ml/vocabularies/apiContract#binding": "path",
  "http://a.ml/vocabularies/apiContract#paramName": "networkWatcherName",
  "http://a.ml/vocabularies/apiContract#required": "true",
  "http://a.ml/vocabularies/core#description": "The name of the Network Watcher resource.",
  "http://a.ml/vocabularies/core#name": "networkWatcherName",
  "http://a.ml/vocabularies/shapes#schema": {
    "http://a.ml/vocabularies/core#description": "The name of the Network Watcher resource.",
    "http://www.w3.org/ns/shacl#datatype": "http://www.w3.org/2001/XMLSchema#string",
    "http://www.w3.org/ns/shacl#name": "schema",
    "id": "file:///Users/abettati/sandbox/azure-rest-api-specs/specification/network/resource-manager/Microsoft.Network/stable/2019-07-01/networkWatcherConnectionMonitorV1.json#/web-api/end-points/%2Fsubscriptions%2F%7BsubscriptionId%7D%2FresourceGroups%2F%7BresourceGroupName%7D%2Fproviders%2FMicrosoft.Network%2FnetworkWatchers%2F%7BnetworkWatcherName%7D%2FconnectionMonitors%2F%7BconnectionMonitorName%7D%2Fstop/post/request/parameter/networkWatcherName/scalar/schema"
  },
  "id": "file:///Users/abettati/sandbox/azure-rest-api-specs/specification/network/resource-manager/Microsoft.Network/stable/2019-07-01/networkWatcherConnectionMonitorV1.json#/web-api/end-points/%2Fsubscriptions%2F%7BsubscriptionId%7D%2FresourceGroups%2F%7BresourceGroupName%7D%2Fproviders%2FMicrosoft.Network%2FnetworkWatchers%2F%7BnetworkWatcherName%7D%2FconnectionMonitors%2F%7BconnectionMonitorName%7D%2Fstop/post/request/parameter/networkWatcherName"
}, {
  "http://a.ml/vocabularies/apiContract#binding": "path",
  "http://a.ml/vocabularies/apiContract#paramName": "connectionMonitorName",
  "http://a.ml/vocabularies/apiContract#required": "true",
  "http://a.ml/vocabularies/core#description": "The name of the connection monitor.",
  "http://a.ml/vocabularies/core#name": "connectionMonitorName",
  "http://a.ml/vocabularies/shapes#schema": {
    "http://a.ml/vocabularies/core#description": "The name of the connection monitor.",
    "http://www.w3.org/ns/shacl#datatype": "http://www.w3.org/2001/XMLSchema#string",
    "http://www.w3.org/ns/shacl#name": "schema",
    "id": "file:///Users/abettati/sandbox/azure-rest-api-specs/specification/network/resource-manager/Microsoft.Network/stable/2019-07-01/networkWatcherConnectionMonitorV1.json#/web-api/end-points/%2Fsubscriptions%2F%7BsubscriptionId%7D%2FresourceGroups%2F%7BresourceGroupName%7D%2Fproviders%2FMicrosoft.Network%2FnetworkWatchers%2F%7BnetworkWatcherName%7D%2FconnectionMonitors%2F%7BconnectionMonitorName%7D%2Fstop/post/request/parameter/connectionMonitorName/scalar/schema"
  },
  "id": "file:///Users/abettati/sandbox/azure-rest-api-specs/specification/network/resource-manager/Microsoft.Network/stable/2019-07-01/networkWatcherConnectionMonitorV1.json#/web-api/end-points/%2Fsubscriptions%2F%7BsubscriptionId%7D%2FresourceGroups%2F%7BresourceGroupName%7D%2Fproviders%2FMicrosoft.Network%2FnetworkWatchers%2F%7BnetworkWatcherName%7D%2FconnectionMonitors%2F%7BconnectionMonitorName%7D%2Fstop/post/request/parameter/connectionMonitorName"
}, {
  "http://a.ml/vocabularies/apiContract#binding": "path",
  "http://a.ml/vocabularies/apiContract#paramName": "subscriptionId",
  "http://a.ml/vocabularies/apiContract#required": "true",
  "http://a.ml/vocabularies/core#description": "The subscription credentials which uniquely identify the Microsoft Azure subscription. The subscription ID forms part of the URI for every service call.",
  "http://a.ml/vocabularies/core#name": "subscriptionId",
  "http://a.ml/vocabularies/shapes#schema": {
    "http://a.ml/vocabularies/core#description": "The subscription credentials which uniquely identify the Microsoft Azure subscription. The subscription ID forms part of the URI for every service call.",
    "http://www.w3.org/ns/shacl#datatype": "http://www.w3.org/2001/XMLSchema#string",
    "http://www.w3.org/ns/shacl#name": "schema",
    "id": "file:///Users/abettati/sandbox/azure-rest-api-specs/specification/network/resource-manager/Microsoft.Network/stable/2019-07-01/networkWatcherConnectionMonitorV1.json#/web-api/end-points/%2Fsubscriptions%2F%7BsubscriptionId%7D%2FresourceGroups%2F%7BresourceGroupName%7D%2Fproviders%2FMicrosoft.Network%2FnetworkWatchers%2F%7BnetworkWatcherName%7D%2FconnectionMonitors%2F%7BconnectionMonitorName%7D%2Fstop/post/request/parameter/subscriptionId/scalar/schema"
  },
  "id": "file:///Users/abettati/sandbox/azure-rest-api-specs/specification/network/resource-manager/Microsoft.Network/stable/2019-07-01/networkWatcherConnectionMonitorV1.json#/web-api/end-points/%2Fsubscriptions%2F%7BsubscriptionId%7D%2FresourceGroups%2F%7BresourceGroupName%7D%2Fproviders%2FMicrosoft.Network%2FnetworkWatchers%2F%7BnetworkWatcherName%7D%2FconnectionMonitors%2F%7BconnectionMonitorName%7D%2Fstop/post/request/parameter/subscriptionId"
}, {
  "http://a.ml/vocabularies/apiContract#binding": "query",
  "http://a.ml/vocabularies/apiContract#paramName": "api-version",
  "http://a.ml/vocabularies/apiContract#required": "true",
  "http://a.ml/vocabularies/core#description": "Client API version.",
  "http://a.ml/vocabularies/core#name": "api-version",
  "http://a.ml/vocabularies/shapes#schema": {
    "http://a.ml/vocabularies/core#description": "Client API version.",
    "http://www.w3.org/ns/shacl#datatype": "http://www.w3.org/2001/XMLSchema#string",
    "http://www.w3.org/ns/shacl#name": "schema",
    "id": "file:///Users/abettati/sandbox/azure-rest-api-specs/specification/network/resource-manager/Microsoft.Network/stable/2019-07-01/networkWatcherConnectionMonitorV1.json#/web-api/end-points/%2Fsubscriptions%2F%7BsubscriptionId%7D%2FresourceGroups%2F%7BresourceGroupName%7D%2Fproviders%2FMicrosoft.Network%2FnetworkWatchers%2F%7BnetworkWatcherName%7D%2FconnectionMonitors%2F%7BconnectionMonitorName%7D%2Fstart/post/request/parameter/api-version/scalar/schema"
  },
  "id": "file:///Users/abettati/sandbox/azure-rest-api-specs/specification/network/resource-manager/Microsoft.Network/stable/2019-07-01/networkWatcherConnectionMonitorV1.json#/web-api/end-points/%2Fsubscriptions%2F%7BsubscriptionId%7D%2FresourceGroups%2F%7BresourceGroupName%7D%2Fproviders%2FMicrosoft.Network%2FnetworkWatchers%2F%7BnetworkWatcherName%7D%2FconnectionMonitors%2F%7BconnectionMonitorName%7D%2Fstart/post/request/parameter/api-version"
}, {
  "http://a.ml/vocabularies/apiContract#binding": "path",
  "http://a.ml/vocabularies/apiContract#paramName": "resourceGroupName",
  "http://a.ml/vocabularies/apiContract#required": "true",
  "http://a.ml/vocabularies/core#description": "The name of the resource group containing Network Watcher.",
  "http://a.ml/vocabularies/core#name": "resourceGroupName",
  "http://a.ml/vocabularies/shapes#schema": {
    "http://a.ml/vocabularies/core#description": "The name of the resource group containing Network Watcher.",
    "http://www.w3.org/ns/shacl#datatype": "http://www.w3.org/2001/XMLSchema#string",
    "http://www.w3.org/ns/shacl#name": "schema",
    "id": "file:///Users/abettati/sandbox/azure-rest-api-specs/specification/network/resource-manager/Microsoft.Network/stable/2019-07-01/networkWatcherConnectionMonitorV1.json#/web-api/end-points/%2Fsubscriptions%2F%7BsubscriptionId%7D%2FresourceGroups%2F%7BresourceGroupName%7D%2Fproviders%2FMicrosoft.Network%2FnetworkWatchers%2F%7BnetworkWatcherName%7D%2FconnectionMonitors%2F%7BconnectionMonitorName%7D%2Fstart/post/request/parameter/resourceGroupName/scalar/schema"
  },
  "id": "file:///Users/abettati/sandbox/azure-rest-api-specs/specification/network/resource-manager/Microsoft.Network/stable/2019-07-01/networkWatcherConnectionMonitorV1.json#/web-api/end-points/%2Fsubscriptions%2F%7BsubscriptionId%7D%2FresourceGroups%2F%7BresourceGroupName%7D%2Fproviders%2FMicrosoft.Network%2FnetworkWatchers%2F%7BnetworkWatcherName%7D%2FconnectionMonitors%2F%7BconnectionMonitorName%7D%2Fstart/post/request/parameter/resourceGroupName"
}, {
  "http://a.ml/vocabularies/apiContract#binding": "path",
  "http://a.ml/vocabularies/apiContract#paramName": "networkWatcherName",
  "http://a.ml/vocabularies/apiContract#required": "true",
  "http://a.ml/vocabularies/core#description": "The name of the Network Watcher resource.",
  "http://a.ml/vocabularies/core#name": "networkWatcherName",
  "http://a.ml/vocabularies/shapes#schema": {
    "http://a.ml/vocabularies/core#description": "The name of the Network Watcher resource.",
    "http://www.w3.org/ns/shacl#datatype": "http://www.w3.org/2001/XMLSchema#string",
    "http://www.w3.org/ns/shacl#name": "schema",
    "id": "file:///Users/abettati/sandbox/azure-rest-api-specs/specification/network/resource-manager/Microsoft.Network/stable/2019-07-01/networkWatcherConnectionMonitorV1.json#/web-api/end-points/%2Fsubscriptions%2F%7BsubscriptionId%7D%2FresourceGroups%2F%7BresourceGroupName%7D%2Fproviders%2FMicrosoft.Network%2FnetworkWatchers%2F%7BnetworkWatcherName%7D%2FconnectionMonitors%2F%7BconnectionMonitorName%7D%2Fstart/post/request/parameter/networkWatcherName/scalar/schema"
  },
  "id": "file:///Users/abettati/sandbox/azure-rest-api-specs/specification/network/resource-manager/Microsoft.Network/stable/2019-07-01/networkWatcherConnectionMonitorV1.json#/web-api/end-points/%2Fsubscriptions%2F%7BsubscriptionId%7D%2FresourceGroups%2F%7BresourceGroupName%7D%2Fproviders%2FMicrosoft.Network%2FnetworkWatchers%2F%7BnetworkWatcherName%7D%2FconnectionMonitors%2F%7BconnectionMonitorName%7D%2Fstart/post/request/parameter/networkWatcherName"
}, {
  "http://a.ml/vocabularies/apiContract#binding": "path",
  "http://a.ml/vocabularies/apiContract#paramName": "connectionMonitorName",
  "http://a.ml/vocabularies/apiContract#required": "true",
  "http://a.ml/vocabularies/core#description": "The name of the connection monitor.",
  "http://a.ml/vocabularies/core#name": "connectionMonitorName",
  "http://a.ml/vocabularies/shapes#schema": {
    "http://a.ml/vocabularies/core#description": "The name of the connection monitor.",
    "http://www.w3.org/ns/shacl#datatype": "http://www.w3.org/2001/XMLSchema#string",
    "http://www.w3.org/ns/shacl#name": "schema",
    "id": "file:///Users/abettati/sandbox/azure-rest-api-specs/specification/network/resource-manager/Microsoft.Network/stable/2019-07-01/networkWatcherConnectionMonitorV1.json#/web-api/end-points/%2Fsubscriptions%2F%7BsubscriptionId%7D%2FresourceGroups%2F%7BresourceGroupName%7D%2Fproviders%2FMicrosoft.Network%2FnetworkWatchers%2F%7BnetworkWatcherName%7D%2FconnectionMonitors%2F%7BconnectionMonitorName%7D%2Fstart/post/request/parameter/connectionMonitorName/scalar/schema"
  },
  "id": "file:///Users/abettati/sandbox/azure-rest-api-specs/specification/network/resource-manager/Microsoft.Network/stable/2019-07-01/networkWatcherConnectionMonitorV1.json#/web-api/end-points/%2Fsubscriptions%2F%7BsubscriptionId%7D%2FresourceGroups%2F%7BresourceGroupName%7D%2Fproviders%2FMicrosoft.Network%2FnetworkWatchers%2F%7BnetworkWatcherName%7D%2FconnectionMonitors%2F%7BconnectionMonitorName%7D%2Fstart/post/request/parameter/connectionMonitorName"
}, {
  "http://a.ml/vocabularies/apiContract#binding": "path",
  "http://a.ml/vocabularies/apiContract#paramName": "subscriptionId",
  "http://a.ml/vocabularies/apiContract#required": "true",
  "http://a.ml/vocabularies/core#description": "The subscription credentials which uniquely identify the Microsoft Azure subscription. The subscription ID forms part of the URI for every service call.",
  "http://a.ml/vocabularies/core#name": "subscriptionId",
  "http://a.ml/vocabularies/shapes#schema": {
    "http://a.ml/vocabularies/core#description": "The subscription credentials which uniquely identify the Microsoft Azure subscription. The subscription ID forms part of the URI for every service call.",
    "http://www.w3.org/ns/shacl#datatype": "http://www.w3.org/2001/XMLSchema#string",
    "http://www.w3.org/ns/shacl#name": "schema",
    "id": "file:///Users/abettati/sandbox/azure-rest-api-specs/specification/network/resource-manager/Microsoft.Network/stable/2019-07-01/networkWatcherConnectionMonitorV1.json#/web-api/end-points/%2Fsubscriptions%2F%7BsubscriptionId%7D%2FresourceGroups%2F%7BresourceGroupName%7D%2Fproviders%2FMicrosoft.Network%2FnetworkWatchers%2F%7BnetworkWatcherName%7D%2FconnectionMonitors%2F%7BconnectionMonitorName%7D%2Fstart/post/request/parameter/subscriptionId/scalar/schema"
  },
  "id": "file:///Users/abettati/sandbox/azure-rest-api-specs/specification/network/resource-manager/Microsoft.Network/stable/2019-07-01/networkWatcherConnectionMonitorV1.json#/web-api/end-points/%2Fsubscriptions%2F%7BsubscriptionId%7D%2FresourceGroups%2F%7BresourceGroupName%7D%2Fproviders%2FMicrosoft.Network%2FnetworkWatchers%2F%7BnetworkWatcherName%7D%2FconnectionMonitors%2F%7BconnectionMonitorName%7D%2Fstart/post/request/parameter/subscriptionId"
}, {
  "http://a.ml/vocabularies/apiContract#binding": "query",
  "http://a.ml/vocabularies/apiContract#paramName": "api-version",
  "http://a.ml/vocabularies/apiContract#required": "true",
  "http://a.ml/vocabularies/core#description": "Client API version.",
  "http://a.ml/vocabularies/core#name": "api-version",
  "http://a.ml/vocabularies/shapes#schema": {
    "http://a.ml/vocabularies/core#description": "Client API version.",
    "http://www.w3.org/ns/shacl#datatype": "http://www.w3.org/2001/XMLSchema#string",
    "http://www.w3.org/ns/shacl#name": "schema",
    "id": "file:///Users/abettati/sandbox/azure-rest-api-specs/specification/network/resource-manager/Microsoft.Network/stable/2019-07-01/networkWatcherConnectionMonitorV1.json#/web-api/end-points/%2Fsubscriptions%2F%7BsubscriptionId%7D%2FresourceGroups%2F%7BresourceGroupName%7D%2Fproviders%2FMicrosoft.Network%2FnetworkWatchers%2F%7BnetworkWatcherName%7D%2FconnectionMonitors%2F%7BconnectionMonitorName%7D%2Fquery/post/request/parameter/api-version/scalar/schema"
  },
  "id": "file:///Users/abettati/sandbox/azure-rest-api-specs/specification/network/resource-manager/Microsoft.Network/stable/2019-07-01/networkWatcherConnectionMonitorV1.json#/web-api/end-points/%2Fsubscriptions%2F%7BsubscriptionId%7D%2FresourceGroups%2F%7BresourceGroupName%7D%2Fproviders%2FMicrosoft.Network%2FnetworkWatchers%2F%7BnetworkWatcherName%7D%2FconnectionMonitors%2F%7BconnectionMonitorName%7D%2Fquery/post/request/parameter/api-version"
}, {
  "http://a.ml/vocabularies/apiContract#binding": "path",
  "http://a.ml/vocabularies/apiContract#paramName": "resourceGroupName",
  "http://a.ml/vocabularies/apiContract#required": "true",
  "http://a.ml/vocabularies/core#description": "The name of the resource group containing Network Watcher.",
  "http://a.ml/vocabularies/core#name": "resourceGroupName",
  "http://a.ml/vocabularies/shapes#schema": {
    "http://a.ml/vocabularies/core#description": "The name of the resource group containing Network Watcher.",
    "http://www.w3.org/ns/shacl#datatype": "http://www.w3.org/2001/XMLSchema#string",
    "http://www.w3.org/ns/shacl#name": "schema",
    "id": "file:///Users/abettati/sandbox/azure-rest-api-specs/specification/network/resource-manager/Microsoft.Network/stable/2019-07-01/networkWatcherConnectionMonitorV1.json#/web-api/end-points/%2Fsubscriptions%2F%7BsubscriptionId%7D%2FresourceGroups%2F%7BresourceGroupName%7D%2Fproviders%2FMicrosoft.Network%2FnetworkWatchers%2F%7BnetworkWatcherName%7D%2FconnectionMonitors%2F%7BconnectionMonitorName%7D%2Fquery/post/request/parameter/resourceGroupName/scalar/schema"
  },
  "id": "file:///Users/abettati/sandbox/azure-rest-api-specs/specification/network/resource-manager/Microsoft.Network/stable/2019-07-01/networkWatcherConnectionMonitorV1.json#/web-api/end-points/%2Fsubscriptions%2F%7BsubscriptionId%7D%2FresourceGroups%2F%7BresourceGroupName%7D%2Fproviders%2FMicrosoft.Network%2FnetworkWatchers%2F%7BnetworkWatcherName%7D%2FconnectionMonitors%2F%7BconnectionMonitorName%7D%2Fquery/post/request/parameter/resourceGroupName"
}, {
  "http://a.ml/vocabularies/apiContract#binding": "path",
  "http://a.ml/vocabularies/apiContract#paramName": "networkWatcherName",
  "http://a.ml/vocabularies/apiContract#required": "true",
  "http://a.ml/vocabularies/core#description": "The name of the Network Watcher resource.",
  "http://a.ml/vocabularies/core#name": "networkWatcherName",
  "http://a.ml/vocabularies/shapes#schema": {
    "http://a.ml/vocabularies/core#description": "The name of the Network Watcher resource.",
    "http://www.w3.org/ns/shacl#datatype": "http://www.w3.org/2001/XMLSchema#string",
    "http://www.w3.org/ns/shacl#name": "schema",
    "id": "file:///Users/abettati/sandbox/azure-rest-api-specs/specification/network/resource-manager/Microsoft.Network/stable/2019-07-01/networkWatcherConnectionMonitorV1.json#/web-api/end-points/%2Fsubscriptions%2F%7BsubscriptionId%7D%2FresourceGroups%2F%7BresourceGroupName%7D%2Fproviders%2FMicrosoft.Network%2FnetworkWatchers%2F%7BnetworkWatcherName%7D%2FconnectionMonitors%2F%7BconnectionMonitorName%7D%2Fquery/post/request/parameter/networkWatcherName/scalar/schema"
  },
  "id": "file:///Users/abettati/sandbox/azure-rest-api-specs/specification/network/resource-manager/Microsoft.Network/stable/2019-07-01/networkWatcherConnectionMonitorV1.json#/web-api/end-points/%2Fsubscriptions%2F%7BsubscriptionId%7D%2FresourceGroups%2F%7BresourceGroupName%7D%2Fproviders%2FMicrosoft.Network%2FnetworkWatchers%2F%7BnetworkWatcherName%7D%2FconnectionMonitors%2F%7BconnectionMonitorName%7D%2Fquery/post/request/parameter/networkWatcherName"
}, {
  "http://a.ml/vocabularies/apiContract#binding": "path",
  "http://a.ml/vocabularies/apiContract#paramName": "connectionMonitorName",
  "http://a.ml/vocabularies/apiContract#required": "true",
  "http://a.ml/vocabularies/core#description": "The name given to the connection monitor.",
  "http://a.ml/vocabularies/core#name": "connectionMonitorName",
  "http://a.ml/vocabularies/shapes#schema": {
    "http://a.ml/vocabularies/core#description": "The name given to the connection monitor.",
    "http://www.w3.org/ns/shacl#datatype": "http://www.w3.org/2001/XMLSchema#string",
    "http://www.w3.org/ns/shacl#name": "schema",
    "id": "file:///Users/abettati/sandbox/azure-rest-api-specs/specification/network/resource-manager/Microsoft.Network/stable/2019-07-01/networkWatcherConnectionMonitorV1.json#/web-api/end-points/%2Fsubscriptions%2F%7BsubscriptionId%7D%2FresourceGroups%2F%7BresourceGroupName%7D%2Fproviders%2FMicrosoft.Network%2FnetworkWatchers%2F%7BnetworkWatcherName%7D%2FconnectionMonitors%2F%7BconnectionMonitorName%7D%2Fquery/post/request/parameter/connectionMonitorName/scalar/schema"
  },
  "id": "file:///Users/abettati/sandbox/azure-rest-api-specs/specification/network/resource-manager/Microsoft.Network/stable/2019-07-01/networkWatcherConnectionMonitorV1.json#/web-api/end-points/%2Fsubscriptions%2F%7BsubscriptionId%7D%2FresourceGroups%2F%7BresourceGroupName%7D%2Fproviders%2FMicrosoft.Network%2FnetworkWatchers%2F%7BnetworkWatcherName%7D%2FconnectionMonitors%2F%7BconnectionMonitorName%7D%2Fquery/post/request/parameter/connectionMonitorName"
}, {
  "http://a.ml/vocabularies/apiContract#binding": "path",
  "http://a.ml/vocabularies/apiContract#paramName": "subscriptionId",
  "http://a.ml/vocabularies/apiContract#required": "true",
  "http://a.ml/vocabularies/core#description": "The subscription credentials which uniquely identify the Microsoft Azure subscription. The subscription ID forms part of the URI for every service call.",
  "http://a.ml/vocabularies/core#name": "subscriptionId",
  "http://a.ml/vocabularies/shapes#schema": {
    "http://a.ml/vocabularies/core#description": "The subscription credentials which uniquely identify the Microsoft Azure subscription. The subscription ID forms part of the URI for every service call.",
    "http://www.w3.org/ns/shacl#datatype": "http://www.w3.org/2001/XMLSchema#string",
    "http://www.w3.org/ns/shacl#name": "schema",
    "id": "file:///Users/abettati/sandbox/azure-rest-api-specs/specification/network/resource-manager/Microsoft.Network/stable/2019-07-01/networkWatcherConnectionMonitorV1.json#/web-api/end-points/%2Fsubscriptions%2F%7BsubscriptionId%7D%2FresourceGroups%2F%7BresourceGroupName%7D%2Fproviders%2FMicrosoft.Network%2FnetworkWatchers%2F%7BnetworkWatcherName%7D%2FconnectionMonitors%2F%7BconnectionMonitorName%7D%2Fquery/post/request/parameter/subscriptionId/scalar/schema"
  },
  "id": "file:///Users/abettati/sandbox/azure-rest-api-specs/specification/network/resource-manager/Microsoft.Network/stable/2019-07-01/networkWatcherConnectionMonitorV1.json#/web-api/end-points/%2Fsubscriptions%2F%7BsubscriptionId%7D%2FresourceGroups%2F%7BresourceGroupName%7D%2Fproviders%2FMicrosoft.Network%2FnetworkWatchers%2F%7BnetworkWatcherName%7D%2FconnectionMonitors%2F%7BconnectionMonitorName%7D%2Fquery/post/request/parameter/subscriptionId"
}, {
  "http://a.ml/vocabularies/apiContract#binding": "query",
  "http://a.ml/vocabularies/apiContract#paramName": "api-version",
  "http://a.ml/vocabularies/apiContract#required": "true",
  "http://a.ml/vocabularies/core#description": "Client API version.",
  "http://a.ml/vocabularies/core#name": "api-version",
  "http://a.ml/vocabularies/shapes#schema": {
    "http://a.ml/vocabularies/core#description": "Client API version.",
    "http://www.w3.org/ns/shacl#datatype": "http://www.w3.org/2001/XMLSchema#string",
    "http://www.w3.org/ns/shacl#name": "schema",
    "id": "file:///Users/abettati/sandbox/azure-rest-api-specs/specification/network/resource-manager/Microsoft.Network/stable/2019-07-01/networkWatcherConnectionMonitorV1.json#/web-api/end-points/%2Fsubscriptions%2F%7BsubscriptionId%7D%2FresourceGroups%2F%7BresourceGroupName%7D%2Fproviders%2FMicrosoft.Network%2FnetworkWatchers%2F%7BnetworkWatcherName%7D%2FconnectionMonitors/get/request/parameter/api-version/scalar/schema"
  },
  "id": "file:///Users/abettati/sandbox/azure-rest-api-specs/specification/network/resource-manager/Microsoft.Network/stable/2019-07-01/networkWatcherConnectionMonitorV1.json#/web-api/end-points/%2Fsubscriptions%2F%7BsubscriptionId%7D%2FresourceGroups%2F%7BresourceGroupName%7D%2Fproviders%2FMicrosoft.Network%2FnetworkWatchers%2F%7BnetworkWatcherName%7D%2FconnectionMonitors/get/request/parameter/api-version"
}, {
  "http://a.ml/vocabularies/apiContract#binding": "path",
  "http://a.ml/vocabularies/apiContract#paramName": "resourceGroupName",
  "http://a.ml/vocabularies/apiContract#required": "true",
  "http://a.ml/vocabularies/core#description": "The name of the resource group containing Network Watcher.",
  "http://a.ml/vocabularies/core#name": "resourceGroupName",
  "http://a.ml/vocabularies/shapes#schema": {
    "http://a.ml/vocabularies/core#description": "The name of the resource group containing Network Watcher.",
    "http://www.w3.org/ns/shacl#datatype": "http://www.w3.org/2001/XMLSchema#string",
    "http://www.w3.org/ns/shacl#name": "schema",
    "id": "file:///Users/abettati/sandbox/azure-rest-api-specs/specification/network/resource-manager/Microsoft.Network/stable/2019-07-01/networkWatcherConnectionMonitorV1.json#/web-api/end-points/%2Fsubscriptions%2F%7BsubscriptionId%7D%2FresourceGroups%2F%7BresourceGroupName%7D%2Fproviders%2FMicrosoft.Network%2FnetworkWatchers%2F%7BnetworkWatcherName%7D%2FconnectionMonitors/get/request/parameter/resourceGroupName/scalar/schema"
  },
  "id": "file:///Users/abettati/sandbox/azure-rest-api-specs/specification/network/resource-manager/Microsoft.Network/stable/2019-07-01/networkWatcherConnectionMonitorV1.json#/web-api/end-points/%2Fsubscriptions%2F%7BsubscriptionId%7D%2FresourceGroups%2F%7BresourceGroupName%7D%2Fproviders%2FMicrosoft.Network%2FnetworkWatchers%2F%7BnetworkWatcherName%7D%2FconnectionMonitors/get/request/parameter/resourceGroupName"
}, {
  "http://a.ml/vocabularies/apiContract#binding": "path",
  "http://a.ml/vocabularies/apiContract#paramName": "networkWatcherName",
  "http://a.ml/vocabularies/apiContract#required": "true",
  "http://a.ml/vocabularies/core#description": "The name of the Network Watcher resource.",
  "http://a.ml/vocabularies/core#name": "networkWatcherName",
  "http://a.ml/vocabularies/shapes#schema": {
    "http://a.ml/vocabularies/core#description": "The name of the Network Watcher resource.",
    "http://www.w3.org/ns/shacl#datatype": "http://www.w3.org/2001/XMLSchema#string",
    "http://www.w3.org/ns/shacl#name": "schema",
    "id": "file:///Users/abettati/sandbox/azure-rest-api-specs/specification/network/resource-manager/Microsoft.Network/stable/2019-07-01/networkWatcherConnectionMonitorV1.json#/web-api/end-points/%2Fsubscriptions%2F%7BsubscriptionId%7D%2FresourceGroups%2F%7BresourceGroupName%7D%2Fproviders%2FMicrosoft.Network%2FnetworkWatchers%2F%7BnetworkWatcherName%7D%2FconnectionMonitors/get/request/parameter/networkWatcherName/scalar/schema"
  },
  "id": "file:///Users/abettati/sandbox/azure-rest-api-specs/specification/network/resource-manager/Microsoft.Network/stable/2019-07-01/networkWatcherConnectionMonitorV1.json#/web-api/end-points/%2Fsubscriptions%2F%7BsubscriptionId%7D%2FresourceGroups%2F%7BresourceGroupName%7D%2Fproviders%2FMicrosoft.Network%2FnetworkWatchers%2F%7BnetworkWatcherName%7D%2FconnectionMonitors/get/request/parameter/networkWatcherName"
}, {
  "http://a.ml/vocabularies/apiContract#binding": "path",
  "http://a.ml/vocabularies/apiContract#paramName": "subscriptionId",
  "http://a.ml/vocabularies/apiContract#required": "true",
  "http://a.ml/vocabularies/core#description": "The subscription credentials which uniquely identify the Microsoft Azure subscription. The subscription ID forms part of the URI for every service call.",
  "http://a.ml/vocabularies/core#name": "subscriptionId",
  "http://a.ml/vocabularies/shapes#schema": {
    "http://a.ml/vocabularies/core#description": "The subscription credentials which uniquely identify the Microsoft Azure subscription. The subscription ID forms part of the URI for every service call.",
    "http://www.w3.org/ns/shacl#datatype": "http://www.w3.org/2001/XMLSchema#string",
    "http://www.w3.org/ns/shacl#name": "schema",
    "id": "file:///Users/abettati/sandbox/azure-rest-api-specs/specification/network/resource-manager/Microsoft.Network/stable/2019-07-01/networkWatcherConnectionMonitorV1.json#/web-api/end-points/%2Fsubscriptions%2F%7BsubscriptionId%7D%2FresourceGroups%2F%7BresourceGroupName%7D%2Fproviders%2FMicrosoft.Network%2FnetworkWatchers%2F%7BnetworkWatcherName%7D%2FconnectionMonitors/get/request/parameter/subscriptionId/scalar/schema"
  },
  "id": "file:///Users/abettati/sandbox/azure-rest-api-specs/specification/network/resource-manager/Microsoft.Network/stable/2019-07-01/networkWatcherConnectionMonitorV1.json#/web-api/end-points/%2Fsubscriptions%2F%7BsubscriptionId%7D%2FresourceGroups%2F%7BresourceGroupName%7D%2Fproviders%2FMicrosoft.Network%2FnetworkWatchers%2F%7BnetworkWatcherName%7D%2FconnectionMonitors/get/request/parameter/subscriptionId"
}]