[{
  "http://a.ml/vocabularies/apiContract#binding": "query",
  "http://a.ml/vocabularies/apiContract#paramName": "api-version",
  "http://a.ml/vocabularies/apiContract#required": "true",
  "http://a.ml/vocabularies/core#description": "Client API version.",
  "http://a.ml/vocabularies/core#name": "api-version",
  "http://a.ml/vocabularies/shapes#schema": {
    "http://a.ml/vocabularies/core#description": "Client API version.",
    "http://www.w3.org/ns/shacl#datatype": "http://www.w3.org/2001/XMLSchema#string",
    "http://www.w3.org/ns/shacl#name": "schema",
    "id": "file:///Users/abettati/sandbox/azure-rest-api-specs/specification/network/resource-manager/Microsoft.Network/stable/2020-06-01/usage.json#/web-api/end-points/%2Fsubscriptions%2F%7BsubscriptionId%7D%2Fproviders%2FMicrosoft.Network%2Flocations%2F%7Blocation%7D%2Fusages/get/request/parameter/api-version/scalar/schema"
  },
  "id": "file:///Users/abettati/sandbox/azure-rest-api-specs/specification/network/resource-manager/Microsoft.Network/stable/2020-06-01/usage.json#/web-api/end-points/%2Fsubscriptions%2F%7BsubscriptionId%7D%2Fproviders%2FMicrosoft.Network%2Flocations%2F%7Blocation%7D%2Fusages/get/request/parameter/api-version"
}, {
  "http://a.ml/vocabularies/apiContract#binding": "path",
  "http://a.ml/vocabularies/apiContract#paramName": "location",
  "http://a.ml/vocabularies/apiContract#required": "true",
  "http://a.ml/vocabularies/core#description": "The location where resource usage is queried.",
  "http://a.ml/vocabularies/core#name": "location",
  "http://a.ml/vocabularies/shapes#schema": {
    "http://a.ml/vocabularies/core#description": "The location where resource usage is queried.",
    "http://www.w3.org/ns/shacl#datatype": "http://www.w3.org/2001/XMLSchema#string",
    "http://www.w3.org/ns/shacl#name": "schema",
    "http://www.w3.org/ns/shacl#pattern": "^[-\\w\\._ ]+$",
    "id": "file:///Users/abettati/sandbox/azure-rest-api-specs/specification/network/resource-manager/Microsoft.Network/stable/2020-06-01/usage.json#/web-api/end-points/%2Fsubscriptions%2F%7BsubscriptionId%7D%2Fproviders%2FMicrosoft.Network%2Flocations%2F%7Blocation%7D%2Fusages/get/request/parameter/location/scalar/schema"
  },
  "id": "file:///Users/abettati/sandbox/azure-rest-api-specs/specification/network/resource-manager/Microsoft.Network/stable/2020-06-01/usage.json#/web-api/end-points/%2Fsubscriptions%2F%7BsubscriptionId%7D%2Fproviders%2FMicrosoft.Network%2Flocations%2F%7Blocation%7D%2Fusages/get/request/parameter/location"
}, {
  "http://a.ml/vocabularies/apiContract#binding": "path",
  "http://a.ml/vocabularies/apiContract#paramName": "subscriptionId",
  "http://a.ml/vocabularies/apiContract#required": "true",
  "http://a.ml/vocabularies/core#description": "The subscription credentials which uniquely identify the Microsoft Azure subscription. The subscription ID forms part of the URI for every service call.",
  "http://a.ml/vocabularies/core#name": "subscriptionId",
  "http://a.ml/vocabularies/shapes#schema": {
    "http://a.ml/vocabularies/core#description": "The subscription credentials which uniquely identify the Microsoft Azure subscription. The subscription ID forms part of the URI for every service call.",
    "http://www.w3.org/ns/shacl#datatype": "http://www.w3.org/2001/XMLSchema#string",
    "http://www.w3.org/ns/shacl#name": "schema",
    "id": "file:///Users/abettati/sandbox/azure-rest-api-specs/specification/network/resource-manager/Microsoft.Network/stable/2020-06-01/usage.json#/web-api/end-points/%2Fsubscriptions%2F%7BsubscriptionId%7D%2Fproviders%2FMicrosoft.Network%2Flocations%2F%7Blocation%7D%2Fusages/get/request/parameter/subscriptionId/scalar/schema"
  },
  "id": "file:///Users/abettati/sandbox/azure-rest-api-specs/specification/network/resource-manager/Microsoft.Network/stable/2020-06-01/usage.json#/web-api/end-points/%2Fsubscriptions%2F%7BsubscriptionId%7D%2Fproviders%2FMicrosoft.Network%2Flocations%2F%7Blocation%7D%2Fusages/get/request/parameter/subscriptionId"
}]