[{
  "http://a.ml/vocabularies/apiContract#binding": "query",
  "http://a.ml/vocabularies/apiContract#paramName": "api-version",
  "http://a.ml/vocabularies/apiContract#required": "true",
  "http://a.ml/vocabularies/core#description": "Client API Version.",
  "http://a.ml/vocabularies/core#name": "api-version",
  "http://a.ml/vocabularies/shapes#schema": {
    "http://a.ml/vocabularies/core#description": "Client API Version.",
    "http://www.w3.org/ns/shacl#datatype": "http://www.w3.org/2001/XMLSchema#string",
    "http://www.w3.org/ns/shacl#name": "schema",
    "id": "file:///Users/abettati/sandbox/azure-rest-api-specs/specification/eventhub/resource-manager/Microsoft.EventHub/stable/2017-04-01/operations.json#/web-api/end-points/%2Fproviders%2FMicrosoft.EventHub%2Foperations/get/request/parameter/api-version/scalar/schema"
  },
  "id": "file:///Users/abettati/sandbox/azure-rest-api-specs/specification/eventhub/resource-manager/Microsoft.EventHub/stable/2017-04-01/operations.json#/web-api/end-points/%2Fproviders%2FMicrosoft.EventHub%2Foperations/get/request/parameter/api-version"
}]