[{
  "http://a.ml/vocabularies/apiContract#binding": "query",
  "http://a.ml/vocabularies/apiContract#paramName": "api-version",
  "http://a.ml/vocabularies/apiContract#required": "true",
  "http://a.ml/vocabularies/core#description": "Client Api Version.",
  "http://a.ml/vocabularies/core#name": "ApiVersionParameter",
  "http://a.ml/vocabularies/shapes#schema": {
    "http://a.ml/vocabularies/core#description": "Client Api Version.",
    "http://www.w3.org/ns/shacl#datatype": "http://www.w3.org/2001/XMLSchema#string",
    "http://www.w3.org/ns/shacl#name": "schema",
    "id": "file:///Users/abettati/sandbox/azure-rest-api-specs/specification/keyvault/data-plane/Microsoft.KeyVault/stable/2015-06-01/keyvault.json#/declarations/parameters/parameter/ApiVersionParameter/scalar/schema"
  },
  "id": "file:///Users/abettati/sandbox/azure-rest-api-specs/specification/keyvault/data-plane/Microsoft.KeyVault/stable/2015-06-01/keyvault.json#/declarations/parameters/parameter/ApiVersionParameter"
}, {
  "http://a.ml/vocabularies/apiContract#binding": "path",
  "http://a.ml/vocabularies/apiContract#paramName": "key-name",
  "http://a.ml/vocabularies/apiContract#required": "true",
  "http://a.ml/vocabularies/core#description": "The name of the key",
  "http://a.ml/vocabularies/core#name": "key-name",
  "http://a.ml/vocabularies/shapes#schema": {
    "http://a.ml/vocabularies/core#description": "The name of the key",
    "http://www.w3.org/ns/shacl#datatype": "http://www.w3.org/2001/XMLSchema#string",
    "http://www.w3.org/ns/shacl#name": "schema",
    "http://www.w3.org/ns/shacl#pattern": "^[0-9a-zA-Z-]+$",
    "id": "file:///Users/abettati/sandbox/azure-rest-api-specs/specification/keyvault/data-plane/Microsoft.KeyVault/stable/2015-06-01/keyvault.json#/web-api/end-points/%2Fkeys%2F%7Bkey-name%7D%2Fcreate/post/request/parameter/key-name/scalar/schema"
  },
  "id": "file:///Users/abettati/sandbox/azure-rest-api-specs/specification/keyvault/data-plane/Microsoft.KeyVault/stable/2015-06-01/keyvault.json#/web-api/end-points/%2Fkeys%2F%7Bkey-name%7D%2Fcreate/post/request/parameter/key-name"
}, {
  "http://a.ml/vocabularies/apiContract#binding": "path",
  "http://a.ml/vocabularies/apiContract#paramName": "key-name",
  "http://a.ml/vocabularies/apiContract#required": "true",
  "http://a.ml/vocabularies/core#description": "The name of the key",
  "http://a.ml/vocabularies/core#name": "key-name",
  "http://a.ml/vocabularies/shapes#schema": {
    "http://a.ml/vocabularies/core#description": "The name of the key",
    "http://www.w3.org/ns/shacl#datatype": "http://www.w3.org/2001/XMLSchema#string",
    "http://www.w3.org/ns/shacl#name": "schema",
    "http://www.w3.org/ns/shacl#pattern": "^[0-9a-zA-Z-]+$",
    "id": "file:///Users/abettati/sandbox/azure-rest-api-specs/specification/keyvault/data-plane/Microsoft.KeyVault/stable/2015-06-01/keyvault.json#/web-api/end-points/%2Fkeys%2F%7Bkey-name%7D/put/request/parameter/key-name/scalar/schema"
  },
  "id": "file:///Users/abettati/sandbox/azure-rest-api-specs/specification/keyvault/data-plane/Microsoft.KeyVault/stable/2015-06-01/keyvault.json#/web-api/end-points/%2Fkeys%2F%7Bkey-name%7D/put/request/parameter/key-name"
}, {
  "http://a.ml/vocabularies/apiContract#binding": "path",
  "http://a.ml/vocabularies/apiContract#paramName": "key-name",
  "http://a.ml/vocabularies/apiContract#required": "true",
  "http://a.ml/vocabularies/core#description": "The name of the key",
  "http://a.ml/vocabularies/core#name": "key-name",
  "http://a.ml/vocabularies/shapes#schema": {
    "http://a.ml/vocabularies/core#description": "The name of the key",
    "http://www.w3.org/ns/shacl#datatype": "http://www.w3.org/2001/XMLSchema#string",
    "http://www.w3.org/ns/shacl#name": "schema",
    "id": "file:///Users/abettati/sandbox/azure-rest-api-specs/specification/keyvault/data-plane/Microsoft.KeyVault/stable/2015-06-01/keyvault.json#/web-api/end-points/%2Fkeys%2F%7Bkey-name%7D/delete/request/parameter/key-name/scalar/schema"
  },
  "id": "file:///Users/abettati/sandbox/azure-rest-api-specs/specification/keyvault/data-plane/Microsoft.KeyVault/stable/2015-06-01/keyvault.json#/web-api/end-points/%2Fkeys%2F%7Bkey-name%7D/delete/request/parameter/key-name"
}, {
  "http://a.ml/vocabularies/apiContract#binding": "path",
  "http://a.ml/vocabularies/apiContract#paramName": "key-name",
  "http://a.ml/vocabularies/apiContract#required": "true",
  "http://a.ml/vocabularies/core#description": "The name of the key",
  "http://a.ml/vocabularies/core#name": "key-name",
  "http://a.ml/vocabularies/shapes#schema": {
    "http://a.ml/vocabularies/core#description": "The name of the key",
    "http://www.w3.org/ns/shacl#datatype": "http://www.w3.org/2001/XMLSchema#string",
    "http://www.w3.org/ns/shacl#name": "schema",
    "id": "file:///Users/abettati/sandbox/azure-rest-api-specs/specification/keyvault/data-plane/Microsoft.KeyVault/stable/2015-06-01/keyvault.json#/web-api/end-points/%2Fkeys%2F%7Bkey-name%7D%2F%7Bkey-version%7D/patch/request/parameter/key-name/scalar/schema"
  },
  "id": "file:///Users/abettati/sandbox/azure-rest-api-specs/specification/keyvault/data-plane/Microsoft.KeyVault/stable/2015-06-01/keyvault.json#/web-api/end-points/%2Fkeys%2F%7Bkey-name%7D%2F%7Bkey-version%7D/patch/request/parameter/key-name"
}, {
  "http://a.ml/vocabularies/apiContract#binding": "path",
  "http://a.ml/vocabularies/apiContract#paramName": "key-version",
  "http://a.ml/vocabularies/apiContract#required": "true",
  "http://a.ml/vocabularies/core#description": "The version of the key",
  "http://a.ml/vocabularies/core#name": "key-version",
  "http://a.ml/vocabularies/shapes#schema": {
    "http://a.ml/vocabularies/core#description": "The version of the key",
    "http://www.w3.org/ns/shacl#datatype": "http://www.w3.org/2001/XMLSchema#string",
    "http://www.w3.org/ns/shacl#name": "schema",
    "id": "file:///Users/abettati/sandbox/azure-rest-api-specs/specification/keyvault/data-plane/Microsoft.KeyVault/stable/2015-06-01/keyvault.json#/web-api/end-points/%2Fkeys%2F%7Bkey-name%7D%2F%7Bkey-version%7D/patch/request/parameter/key-version/scalar/schema"
  },
  "id": "file:///Users/abettati/sandbox/azure-rest-api-specs/specification/keyvault/data-plane/Microsoft.KeyVault/stable/2015-06-01/keyvault.json#/web-api/end-points/%2Fkeys%2F%7Bkey-name%7D%2F%7Bkey-version%7D/patch/request/parameter/key-version"
}, {
  "http://a.ml/vocabularies/apiContract#binding": "path",
  "http://a.ml/vocabularies/apiContract#paramName": "key-name",
  "http://a.ml/vocabularies/apiContract#required": "true",
  "http://a.ml/vocabularies/core#description": "The name of the key",
  "http://a.ml/vocabularies/core#name": "key-name",
  "http://a.ml/vocabularies/shapes#schema": {
    "http://a.ml/vocabularies/core#description": "The name of the key",
    "http://www.w3.org/ns/shacl#datatype": "http://www.w3.org/2001/XMLSchema#string",
    "http://www.w3.org/ns/shacl#name": "schema",
    "id": "file:///Users/abettati/sandbox/azure-rest-api-specs/specification/keyvault/data-plane/Microsoft.KeyVault/stable/2015-06-01/keyvault.json#/web-api/end-points/%2Fkeys%2F%7Bkey-name%7D%2F%7Bkey-version%7D/get/request/parameter/key-name/scalar/schema"
  },
  "id": "file:///Users/abettati/sandbox/azure-rest-api-specs/specification/keyvault/data-plane/Microsoft.KeyVault/stable/2015-06-01/keyvault.json#/web-api/end-points/%2Fkeys%2F%7Bkey-name%7D%2F%7Bkey-version%7D/get/request/parameter/key-name"
}, {
  "http://a.ml/vocabularies/apiContract#binding": "path",
  "http://a.ml/vocabularies/apiContract#paramName": "key-version",
  "http://a.ml/vocabularies/apiContract#required": "true",
  "http://a.ml/vocabularies/core#description": "The version of the key",
  "http://a.ml/vocabularies/core#name": "key-version",
  "http://a.ml/vocabularies/shapes#schema": {
    "http://a.ml/vocabularies/core#description": "The version of the key",
    "http://www.w3.org/ns/shacl#datatype": "http://www.w3.org/2001/XMLSchema#string",
    "http://www.w3.org/ns/shacl#name": "schema",
    "id": "file:///Users/abettati/sandbox/azure-rest-api-specs/specification/keyvault/data-plane/Microsoft.KeyVault/stable/2015-06-01/keyvault.json#/web-api/end-points/%2Fkeys%2F%7Bkey-name%7D%2F%7Bkey-version%7D/get/request/parameter/key-version/scalar/schema"
  },
  "id": "file:///Users/abettati/sandbox/azure-rest-api-specs/specification/keyvault/data-plane/Microsoft.KeyVault/stable/2015-06-01/keyvault.json#/web-api/end-points/%2Fkeys%2F%7Bkey-name%7D%2F%7Bkey-version%7D/get/request/parameter/key-version"
}, {
  "http://a.ml/vocabularies/apiContract#binding": "query",
  "http://a.ml/vocabularies/apiContract#paramName": "maxresults",
  "http://a.ml/vocabularies/apiContract#required": "false",
  "http://a.ml/vocabularies/core#description": "Maximum number of results to return in a page. If not specified the service will return up to 25 results.",
  "http://a.ml/vocabularies/core#name": "maxresults",
  "http://a.ml/vocabularies/shapes#schema": {
    "http://a.ml/vocabularies/core#description": "Maximum number of results to return in a page. If not specified the service will return up to 25 results.",
    "http://a.ml/vocabularies/shapes#format": "int32",
    "http://www.w3.org/ns/shacl#datatype": "http://www.w3.org/2001/XMLSchema#integer",
    "http://www.w3.org/ns/shacl#maxInclusive": "25",
    "http://www.w3.org/ns/shacl#minInclusive": "1",
    "http://www.w3.org/ns/shacl#name": "schema",
    "id": "file:///Users/abettati/sandbox/azure-rest-api-specs/specification/keyvault/data-plane/Microsoft.KeyVault/stable/2015-06-01/keyvault.json#/web-api/end-points/%2Fkeys%2F%7Bkey-name%7D%2Fversions/get/request/parameter/maxresults/scalar/schema"
  },
  "id": "file:///Users/abettati/sandbox/azure-rest-api-specs/specification/keyvault/data-plane/Microsoft.KeyVault/stable/2015-06-01/keyvault.json#/web-api/end-points/%2Fkeys%2F%7Bkey-name%7D%2Fversions/get/request/parameter/maxresults"
}, {
  "http://a.ml/vocabularies/apiContract#binding": "path",
  "http://a.ml/vocabularies/apiContract#paramName": "key-name",
  "http://a.ml/vocabularies/apiContract#required": "true",
  "http://a.ml/vocabularies/core#description": "The name of the key",
  "http://a.ml/vocabularies/core#name": "key-name",
  "http://a.ml/vocabularies/shapes#schema": {
    "http://a.ml/vocabularies/core#description": "The name of the key",
    "http://www.w3.org/ns/shacl#datatype": "http://www.w3.org/2001/XMLSchema#string",
    "http://www.w3.org/ns/shacl#name": "schema",
    "id": "file:///Users/abettati/sandbox/azure-rest-api-specs/specification/keyvault/data-plane/Microsoft.KeyVault/stable/2015-06-01/keyvault.json#/web-api/end-points/%2Fkeys%2F%7Bkey-name%7D%2Fversions/get/request/parameter/key-name/scalar/schema"
  },
  "id": "file:///Users/abettati/sandbox/azure-rest-api-specs/specification/keyvault/data-plane/Microsoft.KeyVault/stable/2015-06-01/keyvault.json#/web-api/end-points/%2Fkeys%2F%7Bkey-name%7D%2Fversions/get/request/parameter/key-name"
}, {
  "http://a.ml/vocabularies/apiContract#binding": "query",
  "http://a.ml/vocabularies/apiContract#paramName": "maxresults",
  "http://a.ml/vocabularies/apiContract#required": "false",
  "http://a.ml/vocabularies/core#description": "Maximum number of results to return in a page. If not specified the service will return up to 25 results.",
  "http://a.ml/vocabularies/core#name": "maxresults",
  "http://a.ml/vocabularies/shapes#schema": {
    "http://a.ml/vocabularies/core#description": "Maximum number of results to return in a page. If not specified the service will return up to 25 results.",
    "http://a.ml/vocabularies/shapes#format": "int32",
    "http://www.w3.org/ns/shacl#datatype": "http://www.w3.org/2001/XMLSchema#integer",
    "http://www.w3.org/ns/shacl#maxInclusive": "25",
    "http://www.w3.org/ns/shacl#minInclusive": "1",
    "http://www.w3.org/ns/shacl#name": "schema",
    "id": "file:///Users/abettati/sandbox/azure-rest-api-specs/specification/keyvault/data-plane/Microsoft.KeyVault/stable/2015-06-01/keyvault.json#/web-api/end-points/%2Fkeys/get/request/parameter/maxresults/scalar/schema"
  },
  "id": "file:///Users/abettati/sandbox/azure-rest-api-specs/specification/keyvault/data-plane/Microsoft.KeyVault/stable/2015-06-01/keyvault.json#/web-api/end-points/%2Fkeys/get/request/parameter/maxresults"
}, {
  "http://a.ml/vocabularies/apiContract#binding": "path",
  "http://a.ml/vocabularies/apiContract#paramName": "key-name",
  "http://a.ml/vocabularies/apiContract#required": "true",
  "http://a.ml/vocabularies/core#description": "The name of the key",
  "http://a.ml/vocabularies/core#name": "key-name",
  "http://a.ml/vocabularies/shapes#schema": {
    "http://a.ml/vocabularies/core#description": "The name of the key",
    "http://www.w3.org/ns/shacl#datatype": "http://www.w3.org/2001/XMLSchema#string",
    "http://www.w3.org/ns/shacl#name": "schema",
    "id": "file:///Users/abettati/sandbox/azure-rest-api-specs/specification/keyvault/data-plane/Microsoft.KeyVault/stable/2015-06-01/keyvault.json#/web-api/end-points/%2Fkeys%2F%7Bkey-name%7D%2Fbackup/post/request/parameter/key-name/scalar/schema"
  },
  "id": "file:///Users/abettati/sandbox/azure-rest-api-specs/specification/keyvault/data-plane/Microsoft.KeyVault/stable/2015-06-01/keyvault.json#/web-api/end-points/%2Fkeys%2F%7Bkey-name%7D%2Fbackup/post/request/parameter/key-name"
}, {
  "http://a.ml/vocabularies/apiContract#binding": "path",
  "http://a.ml/vocabularies/apiContract#paramName": "key-name",
  "http://a.ml/vocabularies/apiContract#required": "true",
  "http://a.ml/vocabularies/core#description": "The name of the key",
  "http://a.ml/vocabularies/core#name": "key-name",
  "http://a.ml/vocabularies/shapes#schema": {
    "http://a.ml/vocabularies/core#description": "The name of the key",
    "http://www.w3.org/ns/shacl#datatype": "http://www.w3.org/2001/XMLSchema#string",
    "http://www.w3.org/ns/shacl#name": "schema",
    "id": "file:///Users/abettati/sandbox/azure-rest-api-specs/specification/keyvault/data-plane/Microsoft.KeyVault/stable/2015-06-01/keyvault.json#/web-api/end-points/%2Fkeys%2F%7Bkey-name%7D%2F%7Bkey-version%7D%2Fencrypt/post/request/parameter/key-name/scalar/schema"
  },
  "id": "file:///Users/abettati/sandbox/azure-rest-api-specs/specification/keyvault/data-plane/Microsoft.KeyVault/stable/2015-06-01/keyvault.json#/web-api/end-points/%2Fkeys%2F%7Bkey-name%7D%2F%7Bkey-version%7D%2Fencrypt/post/request/parameter/key-name"
}, {
  "http://a.ml/vocabularies/apiContract#binding": "path",
  "http://a.ml/vocabularies/apiContract#paramName": "key-version",
  "http://a.ml/vocabularies/apiContract#required": "true",
  "http://a.ml/vocabularies/core#description": "The version of the key",
  "http://a.ml/vocabularies/core#name": "key-version",
  "http://a.ml/vocabularies/shapes#schema": {
    "http://a.ml/vocabularies/core#description": "The version of the key",
    "http://www.w3.org/ns/shacl#datatype": "http://www.w3.org/2001/XMLSchema#string",
    "http://www.w3.org/ns/shacl#name": "schema",
    "id": "file:///Users/abettati/sandbox/azure-rest-api-specs/specification/keyvault/data-plane/Microsoft.KeyVault/stable/2015-06-01/keyvault.json#/web-api/end-points/%2Fkeys%2F%7Bkey-name%7D%2F%7Bkey-version%7D%2Fencrypt/post/request/parameter/key-version/scalar/schema"
  },
  "id": "file:///Users/abettati/sandbox/azure-rest-api-specs/specification/keyvault/data-plane/Microsoft.KeyVault/stable/2015-06-01/keyvault.json#/web-api/end-points/%2Fkeys%2F%7Bkey-name%7D%2F%7Bkey-version%7D%2Fencrypt/post/request/parameter/key-version"
}, {
  "http://a.ml/vocabularies/apiContract#binding": "path",
  "http://a.ml/vocabularies/apiContract#paramName": "key-name",
  "http://a.ml/vocabularies/apiContract#required": "true",
  "http://a.ml/vocabularies/core#description": "The name of the key",
  "http://a.ml/vocabularies/core#name": "key-name",
  "http://a.ml/vocabularies/shapes#schema": {
    "http://a.ml/vocabularies/core#description": "The name of the key",
    "http://www.w3.org/ns/shacl#datatype": "http://www.w3.org/2001/XMLSchema#string",
    "http://www.w3.org/ns/shacl#name": "schema",
    "id": "file:///Users/abettati/sandbox/azure-rest-api-specs/specification/keyvault/data-plane/Microsoft.KeyVault/stable/2015-06-01/keyvault.json#/web-api/end-points/%2Fkeys%2F%7Bkey-name%7D%2F%7Bkey-version%7D%2Fdecrypt/post/request/parameter/key-name/scalar/schema"
  },
  "id": "file:///Users/abettati/sandbox/azure-rest-api-specs/specification/keyvault/data-plane/Microsoft.KeyVault/stable/2015-06-01/keyvault.json#/web-api/end-points/%2Fkeys%2F%7Bkey-name%7D%2F%7Bkey-version%7D%2Fdecrypt/post/request/parameter/key-name"
}, {
  "http://a.ml/vocabularies/apiContract#binding": "path",
  "http://a.ml/vocabularies/apiContract#paramName": "key-version",
  "http://a.ml/vocabularies/apiContract#required": "true",
  "http://a.ml/vocabularies/core#description": "The version of the key",
  "http://a.ml/vocabularies/core#name": "key-version",
  "http://a.ml/vocabularies/shapes#schema": {
    "http://a.ml/vocabularies/core#description": "The version of the key",
    "http://www.w3.org/ns/shacl#datatype": "http://www.w3.org/2001/XMLSchema#string",
    "http://www.w3.org/ns/shacl#name": "schema",
    "id": "file:///Users/abettati/sandbox/azure-rest-api-specs/specification/keyvault/data-plane/Microsoft.KeyVault/stable/2015-06-01/keyvault.json#/web-api/end-points/%2Fkeys%2F%7Bkey-name%7D%2F%7Bkey-version%7D%2Fdecrypt/post/request/parameter/key-version/scalar/schema"
  },
  "id": "file:///Users/abettati/sandbox/azure-rest-api-specs/specification/keyvault/data-plane/Microsoft.KeyVault/stable/2015-06-01/keyvault.json#/web-api/end-points/%2Fkeys%2F%7Bkey-name%7D%2F%7Bkey-version%7D%2Fdecrypt/post/request/parameter/key-version"
}, {
  "http://a.ml/vocabularies/apiContract#binding": "path",
  "http://a.ml/vocabularies/apiContract#paramName": "key-name",
  "http://a.ml/vocabularies/apiContract#required": "true",
  "http://a.ml/vocabularies/core#description": "The name of the key",
  "http://a.ml/vocabularies/core#name": "key-name",
  "http://a.ml/vocabularies/shapes#schema": {
    "http://a.ml/vocabularies/core#description": "The name of the key",
    "http://www.w3.org/ns/shacl#datatype": "http://www.w3.org/2001/XMLSchema#string",
    "http://www.w3.org/ns/shacl#name": "schema",
    "id": "file:///Users/abettati/sandbox/azure-rest-api-specs/specification/keyvault/data-plane/Microsoft.KeyVault/stable/2015-06-01/keyvault.json#/web-api/end-points/%2Fkeys%2F%7Bkey-name%7D%2F%7Bkey-version%7D%2Fsign/post/request/parameter/key-name/scalar/schema"
  },
  "id": "file:///Users/abettati/sandbox/azure-rest-api-specs/specification/keyvault/data-plane/Microsoft.KeyVault/stable/2015-06-01/keyvault.json#/web-api/end-points/%2Fkeys%2F%7Bkey-name%7D%2F%7Bkey-version%7D%2Fsign/post/request/parameter/key-name"
}, {
  "http://a.ml/vocabularies/apiContract#binding": "path",
  "http://a.ml/vocabularies/apiContract#paramName": "key-version",
  "http://a.ml/vocabularies/apiContract#required": "true",
  "http://a.ml/vocabularies/core#description": "The version of the key",
  "http://a.ml/vocabularies/core#name": "key-version",
  "http://a.ml/vocabularies/shapes#schema": {
    "http://a.ml/vocabularies/core#description": "The version of the key",
    "http://www.w3.org/ns/shacl#datatype": "http://www.w3.org/2001/XMLSchema#string",
    "http://www.w3.org/ns/shacl#name": "schema",
    "id": "file:///Users/abettati/sandbox/azure-rest-api-specs/specification/keyvault/data-plane/Microsoft.KeyVault/stable/2015-06-01/keyvault.json#/web-api/end-points/%2Fkeys%2F%7Bkey-name%7D%2F%7Bkey-version%7D%2Fsign/post/request/parameter/key-version/scalar/schema"
  },
  "id": "file:///Users/abettati/sandbox/azure-rest-api-specs/specification/keyvault/data-plane/Microsoft.KeyVault/stable/2015-06-01/keyvault.json#/web-api/end-points/%2Fkeys%2F%7Bkey-name%7D%2F%7Bkey-version%7D%2Fsign/post/request/parameter/key-version"
}, {
  "http://a.ml/vocabularies/apiContract#binding": "path",
  "http://a.ml/vocabularies/apiContract#paramName": "key-name",
  "http://a.ml/vocabularies/apiContract#required": "true",
  "http://a.ml/vocabularies/core#description": "The name of the key",
  "http://a.ml/vocabularies/core#name": "key-name",
  "http://a.ml/vocabularies/shapes#schema": {
    "http://a.ml/vocabularies/core#description": "The name of the key",
    "http://www.w3.org/ns/shacl#datatype": "http://www.w3.org/2001/XMLSchema#string",
    "http://www.w3.org/ns/shacl#name": "schema",
    "id": "file:///Users/abettati/sandbox/azure-rest-api-specs/specification/keyvault/data-plane/Microsoft.KeyVault/stable/2015-06-01/keyvault.json#/web-api/end-points/%2Fkeys%2F%7Bkey-name%7D%2F%7Bkey-version%7D%2Fverify/post/request/parameter/key-name/scalar/schema"
  },
  "id": "file:///Users/abettati/sandbox/azure-rest-api-specs/specification/keyvault/data-plane/Microsoft.KeyVault/stable/2015-06-01/keyvault.json#/web-api/end-points/%2Fkeys%2F%7Bkey-name%7D%2F%7Bkey-version%7D%2Fverify/post/request/parameter/key-name"
}, {
  "http://a.ml/vocabularies/apiContract#binding": "path",
  "http://a.ml/vocabularies/apiContract#paramName": "key-version",
  "http://a.ml/vocabularies/apiContract#required": "true",
  "http://a.ml/vocabularies/core#description": "The version of the key",
  "http://a.ml/vocabularies/core#name": "key-version",
  "http://a.ml/vocabularies/shapes#schema": {
    "http://a.ml/vocabularies/core#description": "The version of the key",
    "http://www.w3.org/ns/shacl#datatype": "http://www.w3.org/2001/XMLSchema#string",
    "http://www.w3.org/ns/shacl#name": "schema",
    "id": "file:///Users/abettati/sandbox/azure-rest-api-specs/specification/keyvault/data-plane/Microsoft.KeyVault/stable/2015-06-01/keyvault.json#/web-api/end-points/%2Fkeys%2F%7Bkey-name%7D%2F%7Bkey-version%7D%2Fverify/post/request/parameter/key-version/scalar/schema"
  },
  "id": "file:///Users/abettati/sandbox/azure-rest-api-specs/specification/keyvault/data-plane/Microsoft.KeyVault/stable/2015-06-01/keyvault.json#/web-api/end-points/%2Fkeys%2F%7Bkey-name%7D%2F%7Bkey-version%7D%2Fverify/post/request/parameter/key-version"
}, {
  "http://a.ml/vocabularies/apiContract#binding": "path",
  "http://a.ml/vocabularies/apiContract#paramName": "key-name",
  "http://a.ml/vocabularies/apiContract#required": "true",
  "http://a.ml/vocabularies/core#description": "The name of the key",
  "http://a.ml/vocabularies/core#name": "key-name",
  "http://a.ml/vocabularies/shapes#schema": {
    "http://a.ml/vocabularies/core#description": "The name of the key",
    "http://www.w3.org/ns/shacl#datatype": "http://www.w3.org/2001/XMLSchema#string",
    "http://www.w3.org/ns/shacl#name": "schema",
    "id": "file:///Users/abettati/sandbox/azure-rest-api-specs/specification/keyvault/data-plane/Microsoft.KeyVault/stable/2015-06-01/keyvault.json#/web-api/end-points/%2Fkeys%2F%7Bkey-name%7D%2F%7Bkey-version%7D%2Fwrapkey/post/request/parameter/key-name/scalar/schema"
  },
  "id": "file:///Users/abettati/sandbox/azure-rest-api-specs/specification/keyvault/data-plane/Microsoft.KeyVault/stable/2015-06-01/keyvault.json#/web-api/end-points/%2Fkeys%2F%7Bkey-name%7D%2F%7Bkey-version%7D%2Fwrapkey/post/request/parameter/key-name"
}, {
  "http://a.ml/vocabularies/apiContract#binding": "path",
  "http://a.ml/vocabularies/apiContract#paramName": "key-version",
  "http://a.ml/vocabularies/apiContract#required": "true",
  "http://a.ml/vocabularies/core#description": "The version of the key",
  "http://a.ml/vocabularies/core#name": "key-version",
  "http://a.ml/vocabularies/shapes#schema": {
    "http://a.ml/vocabularies/core#description": "The version of the key",
    "http://www.w3.org/ns/shacl#datatype": "http://www.w3.org/2001/XMLSchema#string",
    "http://www.w3.org/ns/shacl#name": "schema",
    "id": "file:///Users/abettati/sandbox/azure-rest-api-specs/specification/keyvault/data-plane/Microsoft.KeyVault/stable/2015-06-01/keyvault.json#/web-api/end-points/%2Fkeys%2F%7Bkey-name%7D%2F%7Bkey-version%7D%2Fwrapkey/post/request/parameter/key-version/scalar/schema"
  },
  "id": "file:///Users/abettati/sandbox/azure-rest-api-specs/specification/keyvault/data-plane/Microsoft.KeyVault/stable/2015-06-01/keyvault.json#/web-api/end-points/%2Fkeys%2F%7Bkey-name%7D%2F%7Bkey-version%7D%2Fwrapkey/post/request/parameter/key-version"
}, {
  "http://a.ml/vocabularies/apiContract#binding": "path",
  "http://a.ml/vocabularies/apiContract#paramName": "key-name",
  "http://a.ml/vocabularies/apiContract#required": "true",
  "http://a.ml/vocabularies/core#description": "The name of the key",
  "http://a.ml/vocabularies/core#name": "key-name",
  "http://a.ml/vocabularies/shapes#schema": {
    "http://a.ml/vocabularies/core#description": "The name of the key",
    "http://www.w3.org/ns/shacl#datatype": "http://www.w3.org/2001/XMLSchema#string",
    "http://www.w3.org/ns/shacl#name": "schema",
    "id": "file:///Users/abettati/sandbox/azure-rest-api-specs/specification/keyvault/data-plane/Microsoft.KeyVault/stable/2015-06-01/keyvault.json#/web-api/end-points/%2Fkeys%2F%7Bkey-name%7D%2F%7Bkey-version%7D%2Funwrapkey/post/request/parameter/key-name/scalar/schema"
  },
  "id": "file:///Users/abettati/sandbox/azure-rest-api-specs/specification/keyvault/data-plane/Microsoft.KeyVault/stable/2015-06-01/keyvault.json#/web-api/end-points/%2Fkeys%2F%7Bkey-name%7D%2F%7Bkey-version%7D%2Funwrapkey/post/request/parameter/key-name"
}, {
  "http://a.ml/vocabularies/apiContract#binding": "path",
  "http://a.ml/vocabularies/apiContract#paramName": "key-version",
  "http://a.ml/vocabularies/apiContract#required": "true",
  "http://a.ml/vocabularies/core#description": "The version of the key",
  "http://a.ml/vocabularies/core#name": "key-version",
  "http://a.ml/vocabularies/shapes#schema": {
    "http://a.ml/vocabularies/core#description": "The version of the key",
    "http://www.w3.org/ns/shacl#datatype": "http://www.w3.org/2001/XMLSchema#string",
    "http://www.w3.org/ns/shacl#name": "schema",
    "id": "file:///Users/abettati/sandbox/azure-rest-api-specs/specification/keyvault/data-plane/Microsoft.KeyVault/stable/2015-06-01/keyvault.json#/web-api/end-points/%2Fkeys%2F%7Bkey-name%7D%2F%7Bkey-version%7D%2Funwrapkey/post/request/parameter/key-version/scalar/schema"
  },
  "id": "file:///Users/abettati/sandbox/azure-rest-api-specs/specification/keyvault/data-plane/Microsoft.KeyVault/stable/2015-06-01/keyvault.json#/web-api/end-points/%2Fkeys%2F%7Bkey-name%7D%2F%7Bkey-version%7D%2Funwrapkey/post/request/parameter/key-version"
}, {
  "http://a.ml/vocabularies/apiContract#binding": "path",
  "http://a.ml/vocabularies/apiContract#paramName": "secret-name",
  "http://a.ml/vocabularies/apiContract#required": "true",
  "http://a.ml/vocabularies/core#description": "The name of the secret in the given vault",
  "http://a.ml/vocabularies/core#name": "secret-name",
  "http://a.ml/vocabularies/shapes#schema": {
    "http://a.ml/vocabularies/core#description": "The name of the secret in the given vault",
    "http://www.w3.org/ns/shacl#datatype": "http://www.w3.org/2001/XMLSchema#string",
    "http://www.w3.org/ns/shacl#name": "schema",
    "http://www.w3.org/ns/shacl#pattern": "^[0-9a-zA-Z-]+$",
    "id": "file:///Users/abettati/sandbox/azure-rest-api-specs/specification/keyvault/data-plane/Microsoft.KeyVault/stable/2015-06-01/keyvault.json#/web-api/end-points/%2Fsecrets%2F%7Bsecret-name%7D/put/request/parameter/secret-name/scalar/schema"
  },
  "id": "file:///Users/abettati/sandbox/azure-rest-api-specs/specification/keyvault/data-plane/Microsoft.KeyVault/stable/2015-06-01/keyvault.json#/web-api/end-points/%2Fsecrets%2F%7Bsecret-name%7D/put/request/parameter/secret-name"
}, {
  "http://a.ml/vocabularies/apiContract#binding": "path",
  "http://a.ml/vocabularies/apiContract#paramName": "secret-name",
  "http://a.ml/vocabularies/apiContract#required": "true",
  "http://a.ml/vocabularies/core#description": "The name of the secret in the given vault",
  "http://a.ml/vocabularies/core#name": "secret-name",
  "http://a.ml/vocabularies/shapes#schema": {
    "http://a.ml/vocabularies/core#description": "The name of the secret in the given vault",
    "http://www.w3.org/ns/shacl#datatype": "http://www.w3.org/2001/XMLSchema#string",
    "http://www.w3.org/ns/shacl#name": "schema",
    "id": "file:///Users/abettati/sandbox/azure-rest-api-specs/specification/keyvault/data-plane/Microsoft.KeyVault/stable/2015-06-01/keyvault.json#/web-api/end-points/%2Fsecrets%2F%7Bsecret-name%7D/delete/request/parameter/secret-name/scalar/schema"
  },
  "id": "file:///Users/abettati/sandbox/azure-rest-api-specs/specification/keyvault/data-plane/Microsoft.KeyVault/stable/2015-06-01/keyvault.json#/web-api/end-points/%2Fsecrets%2F%7Bsecret-name%7D/delete/request/parameter/secret-name"
}, {
  "http://a.ml/vocabularies/apiContract#binding": "path",
  "http://a.ml/vocabularies/apiContract#paramName": "secret-name",
  "http://a.ml/vocabularies/apiContract#required": "true",
  "http://a.ml/vocabularies/core#description": "The name of the secret in the given vault",
  "http://a.ml/vocabularies/core#name": "secret-name",
  "http://a.ml/vocabularies/shapes#schema": {
    "http://a.ml/vocabularies/core#description": "The name of the secret in the given vault",
    "http://www.w3.org/ns/shacl#datatype": "http://www.w3.org/2001/XMLSchema#string",
    "http://www.w3.org/ns/shacl#name": "schema",
    "id": "file:///Users/abettati/sandbox/azure-rest-api-specs/specification/keyvault/data-plane/Microsoft.KeyVault/stable/2015-06-01/keyvault.json#/web-api/end-points/%2Fsecrets%2F%7Bsecret-name%7D%2F%7Bsecret-version%7D/patch/request/parameter/secret-name/scalar/schema"
  },
  "id": "file:///Users/abettati/sandbox/azure-rest-api-specs/specification/keyvault/data-plane/Microsoft.KeyVault/stable/2015-06-01/keyvault.json#/web-api/end-points/%2Fsecrets%2F%7Bsecret-name%7D%2F%7Bsecret-version%7D/patch/request/parameter/secret-name"
}, {
  "http://a.ml/vocabularies/apiContract#binding": "path",
  "http://a.ml/vocabularies/apiContract#paramName": "secret-version",
  "http://a.ml/vocabularies/apiContract#required": "true",
  "http://a.ml/vocabularies/core#description": "The version of the secret",
  "http://a.ml/vocabularies/core#name": "secret-version",
  "http://a.ml/vocabularies/shapes#schema": {
    "http://a.ml/vocabularies/core#description": "The version of the secret",
    "http://www.w3.org/ns/shacl#datatype": "http://www.w3.org/2001/XMLSchema#string",
    "http://www.w3.org/ns/shacl#name": "schema",
    "id": "file:///Users/abettati/sandbox/azure-rest-api-specs/specification/keyvault/data-plane/Microsoft.KeyVault/stable/2015-06-01/keyvault.json#/web-api/end-points/%2Fsecrets%2F%7Bsecret-name%7D%2F%7Bsecret-version%7D/patch/request/parameter/secret-version/scalar/schema"
  },
  "id": "file:///Users/abettati/sandbox/azure-rest-api-specs/specification/keyvault/data-plane/Microsoft.KeyVault/stable/2015-06-01/keyvault.json#/web-api/end-points/%2Fsecrets%2F%7Bsecret-name%7D%2F%7Bsecret-version%7D/patch/request/parameter/secret-version"
}, {
  "http://a.ml/vocabularies/apiContract#binding": "path",
  "http://a.ml/vocabularies/apiContract#paramName": "secret-name",
  "http://a.ml/vocabularies/apiContract#required": "true",
  "http://a.ml/vocabularies/core#description": "The name of the secret in the given vault",
  "http://a.ml/vocabularies/core#name": "secret-name",
  "http://a.ml/vocabularies/shapes#schema": {
    "http://a.ml/vocabularies/core#description": "The name of the secret in the given vault",
    "http://www.w3.org/ns/shacl#datatype": "http://www.w3.org/2001/XMLSchema#string",
    "http://www.w3.org/ns/shacl#name": "schema",
    "id": "file:///Users/abettati/sandbox/azure-rest-api-specs/specification/keyvault/data-plane/Microsoft.KeyVault/stable/2015-06-01/keyvault.json#/web-api/end-points/%2Fsecrets%2F%7Bsecret-name%7D%2F%7Bsecret-version%7D/get/request/parameter/secret-name/scalar/schema"
  },
  "id": "file:///Users/abettati/sandbox/azure-rest-api-specs/specification/keyvault/data-plane/Microsoft.KeyVault/stable/2015-06-01/keyvault.json#/web-api/end-points/%2Fsecrets%2F%7Bsecret-name%7D%2F%7Bsecret-version%7D/get/request/parameter/secret-name"
}, {
  "http://a.ml/vocabularies/apiContract#binding": "path",
  "http://a.ml/vocabularies/apiContract#paramName": "secret-version",
  "http://a.ml/vocabularies/apiContract#required": "true",
  "http://a.ml/vocabularies/core#description": "The version of the secret",
  "http://a.ml/vocabularies/core#name": "secret-version",
  "http://a.ml/vocabularies/shapes#schema": {
    "http://a.ml/vocabularies/core#description": "The version of the secret",
    "http://www.w3.org/ns/shacl#datatype": "http://www.w3.org/2001/XMLSchema#string",
    "http://www.w3.org/ns/shacl#name": "schema",
    "id": "file:///Users/abettati/sandbox/azure-rest-api-specs/specification/keyvault/data-plane/Microsoft.KeyVault/stable/2015-06-01/keyvault.json#/web-api/end-points/%2Fsecrets%2F%7Bsecret-name%7D%2F%7Bsecret-version%7D/get/request/parameter/secret-version/scalar/schema"
  },
  "id": "file:///Users/abettati/sandbox/azure-rest-api-specs/specification/keyvault/data-plane/Microsoft.KeyVault/stable/2015-06-01/keyvault.json#/web-api/end-points/%2Fsecrets%2F%7Bsecret-name%7D%2F%7Bsecret-version%7D/get/request/parameter/secret-version"
}, {
  "http://a.ml/vocabularies/apiContract#binding": "query",
  "http://a.ml/vocabularies/apiContract#paramName": "maxresults",
  "http://a.ml/vocabularies/apiContract#required": "false",
  "http://a.ml/vocabularies/core#description": "Maximum number of results to return in a page. If not specified the service will return up to 25 results.",
  "http://a.ml/vocabularies/core#name": "maxresults",
  "http://a.ml/vocabularies/shapes#schema": {
    "http://a.ml/vocabularies/core#description": "Maximum number of results to return in a page. If not specified the service will return up to 25 results.",
    "http://a.ml/vocabularies/shapes#format": "int32",
    "http://www.w3.org/ns/shacl#datatype": "http://www.w3.org/2001/XMLSchema#integer",
    "http://www.w3.org/ns/shacl#maxInclusive": "25",
    "http://www.w3.org/ns/shacl#minInclusive": "1",
    "http://www.w3.org/ns/shacl#name": "schema",
    "id": "file:///Users/abettati/sandbox/azure-rest-api-specs/specification/keyvault/data-plane/Microsoft.KeyVault/stable/2015-06-01/keyvault.json#/web-api/end-points/%2Fsecrets/get/request/parameter/maxresults/scalar/schema"
  },
  "id": "file:///Users/abettati/sandbox/azure-rest-api-specs/specification/keyvault/data-plane/Microsoft.KeyVault/stable/2015-06-01/keyvault.json#/web-api/end-points/%2Fsecrets/get/request/parameter/maxresults"
}, {
  "http://a.ml/vocabularies/apiContract#binding": "query",
  "http://a.ml/vocabularies/apiContract#paramName": "maxresults",
  "http://a.ml/vocabularies/apiContract#required": "false",
  "http://a.ml/vocabularies/core#description": "Maximum number of results to return in a page. If not specified the service will return up to 25 results.",
  "http://a.ml/vocabularies/core#name": "maxresults",
  "http://a.ml/vocabularies/shapes#schema": {
    "http://a.ml/vocabularies/core#description": "Maximum number of results to return in a page. If not specified the service will return up to 25 results.",
    "http://a.ml/vocabularies/shapes#format": "int32",
    "http://www.w3.org/ns/shacl#datatype": "http://www.w3.org/2001/XMLSchema#integer",
    "http://www.w3.org/ns/shacl#maxInclusive": "25",
    "http://www.w3.org/ns/shacl#minInclusive": "1",
    "http://www.w3.org/ns/shacl#name": "schema",
    "id": "file:///Users/abettati/sandbox/azure-rest-api-specs/specification/keyvault/data-plane/Microsoft.KeyVault/stable/2015-06-01/keyvault.json#/web-api/end-points/%2Fsecrets%2F%7Bsecret-name%7D%2Fversions/get/request/parameter/maxresults/scalar/schema"
  },
  "id": "file:///Users/abettati/sandbox/azure-rest-api-specs/specification/keyvault/data-plane/Microsoft.KeyVault/stable/2015-06-01/keyvault.json#/web-api/end-points/%2Fsecrets%2F%7Bsecret-name%7D%2Fversions/get/request/parameter/maxresults"
}, {
  "http://a.ml/vocabularies/apiContract#binding": "path",
  "http://a.ml/vocabularies/apiContract#paramName": "secret-name",
  "http://a.ml/vocabularies/apiContract#required": "true",
  "http://a.ml/vocabularies/core#description": "The name of the secret in the given vault",
  "http://a.ml/vocabularies/core#name": "secret-name",
  "http://a.ml/vocabularies/shapes#schema": {
    "http://a.ml/vocabularies/core#description": "The name of the secret in the given vault",
    "http://www.w3.org/ns/shacl#datatype": "http://www.w3.org/2001/XMLSchema#string",
    "http://www.w3.org/ns/shacl#name": "schema",
    "id": "file:///Users/abettati/sandbox/azure-rest-api-specs/specification/keyvault/data-plane/Microsoft.KeyVault/stable/2015-06-01/keyvault.json#/web-api/end-points/%2Fsecrets%2F%7Bsecret-name%7D%2Fversions/get/request/parameter/secret-name/scalar/schema"
  },
  "id": "file:///Users/abettati/sandbox/azure-rest-api-specs/specification/keyvault/data-plane/Microsoft.KeyVault/stable/2015-06-01/keyvault.json#/web-api/end-points/%2Fsecrets%2F%7Bsecret-name%7D%2Fversions/get/request/parameter/secret-name"
}, {
  "http://a.ml/vocabularies/apiContract#binding": "query",
  "http://a.ml/vocabularies/apiContract#paramName": "maxresults",
  "http://a.ml/vocabularies/apiContract#required": "false",
  "http://a.ml/vocabularies/core#description": "Maximum number of results to return in a page. If not specified the service will return up to 25 results.",
  "http://a.ml/vocabularies/core#name": "maxresults",
  "http://a.ml/vocabularies/shapes#schema": {
    "http://a.ml/vocabularies/core#description": "Maximum number of results to return in a page. If not specified the service will return up to 25 results.",
    "http://a.ml/vocabularies/shapes#format": "int32",
    "http://www.w3.org/ns/shacl#datatype": "http://www.w3.org/2001/XMLSchema#integer",
    "http://www.w3.org/ns/shacl#maxInclusive": "25",
    "http://www.w3.org/ns/shacl#minInclusive": "1",
    "http://www.w3.org/ns/shacl#name": "schema",
    "id": "file:///Users/abettati/sandbox/azure-rest-api-specs/specification/keyvault/data-plane/Microsoft.KeyVault/stable/2015-06-01/keyvault.json#/web-api/end-points/%2Fcertificates/get/request/parameter/maxresults/scalar/schema"
  },
  "id": "file:///Users/abettati/sandbox/azure-rest-api-specs/specification/keyvault/data-plane/Microsoft.KeyVault/stable/2015-06-01/keyvault.json#/web-api/end-points/%2Fcertificates/get/request/parameter/maxresults"
}, {
  "http://a.ml/vocabularies/apiContract#binding": "path",
  "http://a.ml/vocabularies/apiContract#paramName": "certificate-name",
  "http://a.ml/vocabularies/apiContract#required": "true",
  "http://a.ml/vocabularies/core#description": "The name of the certificate in the given vault",
  "http://a.ml/vocabularies/core#name": "certificate-name",
  "http://a.ml/vocabularies/shapes#schema": {
    "http://a.ml/vocabularies/core#description": "The name of the certificate in the given vault",
    "http://www.w3.org/ns/shacl#datatype": "http://www.w3.org/2001/XMLSchema#string",
    "http://www.w3.org/ns/shacl#name": "schema",
    "id": "file:///Users/abettati/sandbox/azure-rest-api-specs/specification/keyvault/data-plane/Microsoft.KeyVault/stable/2015-06-01/keyvault.json#/web-api/end-points/%2Fcertificates%2F%7Bcertificate-name%7D/delete/request/parameter/certificate-name/scalar/schema"
  },
  "id": "file:///Users/abettati/sandbox/azure-rest-api-specs/specification/keyvault/data-plane/Microsoft.KeyVault/stable/2015-06-01/keyvault.json#/web-api/end-points/%2Fcertificates%2F%7Bcertificate-name%7D/delete/request/parameter/certificate-name"
}, {
  "http://a.ml/vocabularies/apiContract#binding": "query",
  "http://a.ml/vocabularies/apiContract#paramName": "maxresults",
  "http://a.ml/vocabularies/apiContract#required": "false",
  "http://a.ml/vocabularies/core#description": "Maximum number of results to return in a page. If not specified the service will return up to 25 results.",
  "http://a.ml/vocabularies/core#name": "maxresults",
  "http://a.ml/vocabularies/shapes#schema": {
    "http://a.ml/vocabularies/core#description": "Maximum number of results to return in a page. If not specified the service will return up to 25 results.",
    "http://a.ml/vocabularies/shapes#format": "int32",
    "http://www.w3.org/ns/shacl#datatype": "http://www.w3.org/2001/XMLSchema#integer",
    "http://www.w3.org/ns/shacl#maxInclusive": "25",
    "http://www.w3.org/ns/shacl#minInclusive": "1",
    "http://www.w3.org/ns/shacl#name": "schema",
    "id": "file:///Users/abettati/sandbox/azure-rest-api-specs/specification/keyvault/data-plane/Microsoft.KeyVault/stable/2015-06-01/keyvault.json#/web-api/end-points/%2Fcertificates%2Fissuers/get/request/parameter/maxresults/scalar/schema"
  },
  "id": "file:///Users/abettati/sandbox/azure-rest-api-specs/specification/keyvault/data-plane/Microsoft.KeyVault/stable/2015-06-01/keyvault.json#/web-api/end-points/%2Fcertificates%2Fissuers/get/request/parameter/maxresults"
}, {
  "http://a.ml/vocabularies/apiContract#binding": "path",
  "http://a.ml/vocabularies/apiContract#paramName": "issuer-name",
  "http://a.ml/vocabularies/apiContract#required": "true",
  "http://a.ml/vocabularies/core#description": "The name of the issuer.",
  "http://a.ml/vocabularies/core#name": "issuer-name",
  "http://a.ml/vocabularies/shapes#schema": {
    "http://a.ml/vocabularies/core#description": "The name of the issuer.",
    "http://www.w3.org/ns/shacl#datatype": "http://www.w3.org/2001/XMLSchema#string",
    "http://www.w3.org/ns/shacl#name": "schema",
    "id": "file:///Users/abettati/sandbox/azure-rest-api-specs/specification/keyvault/data-plane/Microsoft.KeyVault/stable/2015-06-01/keyvault.json#/web-api/end-points/%2Fcertificates%2Fissuers%2F%7Bissuer-name%7D/put/request/parameter/issuer-name/scalar/schema"
  },
  "id": "file:///Users/abettati/sandbox/azure-rest-api-specs/specification/keyvault/data-plane/Microsoft.KeyVault/stable/2015-06-01/keyvault.json#/web-api/end-points/%2Fcertificates%2Fissuers%2F%7Bissuer-name%7D/put/request/parameter/issuer-name"
}, {
  "http://a.ml/vocabularies/apiContract#binding": "path",
  "http://a.ml/vocabularies/apiContract#paramName": "issuer-name",
  "http://a.ml/vocabularies/apiContract#required": "true",
  "http://a.ml/vocabularies/core#description": "The name of the issuer.",
  "http://a.ml/vocabularies/core#name": "issuer-name",
  "http://a.ml/vocabularies/shapes#schema": {
    "http://a.ml/vocabularies/core#description": "The name of the issuer.",
    "http://www.w3.org/ns/shacl#datatype": "http://www.w3.org/2001/XMLSchema#string",
    "http://www.w3.org/ns/shacl#name": "schema",
    "id": "file:///Users/abettati/sandbox/azure-rest-api-specs/specification/keyvault/data-plane/Microsoft.KeyVault/stable/2015-06-01/keyvault.json#/web-api/end-points/%2Fcertificates%2Fissuers%2F%7Bissuer-name%7D/patch/request/parameter/issuer-name/scalar/schema"
  },
  "id": "file:///Users/abettati/sandbox/azure-rest-api-specs/specification/keyvault/data-plane/Microsoft.KeyVault/stable/2015-06-01/keyvault.json#/web-api/end-points/%2Fcertificates%2Fissuers%2F%7Bissuer-name%7D/patch/request/parameter/issuer-name"
}, {
  "http://a.ml/vocabularies/apiContract#binding": "path",
  "http://a.ml/vocabularies/apiContract#paramName": "issuer-name",
  "http://a.ml/vocabularies/apiContract#required": "true",
  "http://a.ml/vocabularies/core#description": "The name of the issuer.",
  "http://a.ml/vocabularies/core#name": "issuer-name",
  "http://a.ml/vocabularies/shapes#schema": {
    "http://a.ml/vocabularies/core#description": "The name of the issuer.",
    "http://www.w3.org/ns/shacl#datatype": "http://www.w3.org/2001/XMLSchema#string",
    "http://www.w3.org/ns/shacl#name": "schema",
    "id": "file:///Users/abettati/sandbox/azure-rest-api-specs/specification/keyvault/data-plane/Microsoft.KeyVault/stable/2015-06-01/keyvault.json#/web-api/end-points/%2Fcertificates%2Fissuers%2F%7Bissuer-name%7D/get/request/parameter/issuer-name/scalar/schema"
  },
  "id": "file:///Users/abettati/sandbox/azure-rest-api-specs/specification/keyvault/data-plane/Microsoft.KeyVault/stable/2015-06-01/keyvault.json#/web-api/end-points/%2Fcertificates%2Fissuers%2F%7Bissuer-name%7D/get/request/parameter/issuer-name"
}, {
  "http://a.ml/vocabularies/apiContract#binding": "path",
  "http://a.ml/vocabularies/apiContract#paramName": "issuer-name",
  "http://a.ml/vocabularies/apiContract#required": "true",
  "http://a.ml/vocabularies/core#description": "The name of the issuer.",
  "http://a.ml/vocabularies/core#name": "issuer-name",
  "http://a.ml/vocabularies/shapes#schema": {
    "http://a.ml/vocabularies/core#description": "The name of the issuer.",
    "http://www.w3.org/ns/shacl#datatype": "http://www.w3.org/2001/XMLSchema#string",
    "http://www.w3.org/ns/shacl#name": "schema",
    "id": "file:///Users/abettati/sandbox/azure-rest-api-specs/specification/keyvault/data-plane/Microsoft.KeyVault/stable/2015-06-01/keyvault.json#/web-api/end-points/%2Fcertificates%2Fissuers%2F%7Bissuer-name%7D/delete/request/parameter/issuer-name/scalar/schema"
  },
  "id": "file:///Users/abettati/sandbox/azure-rest-api-specs/specification/keyvault/data-plane/Microsoft.KeyVault/stable/2015-06-01/keyvault.json#/web-api/end-points/%2Fcertificates%2Fissuers%2F%7Bissuer-name%7D/delete/request/parameter/issuer-name"
}, {
  "http://a.ml/vocabularies/apiContract#binding": "path",
  "http://a.ml/vocabularies/apiContract#paramName": "certificate-name",
  "http://a.ml/vocabularies/apiContract#required": "true",
  "http://a.ml/vocabularies/core#description": "The name of the certificate",
  "http://a.ml/vocabularies/core#name": "certificate-name",
  "http://a.ml/vocabularies/shapes#schema": {
    "http://a.ml/vocabularies/core#description": "The name of the certificate",
    "http://www.w3.org/ns/shacl#datatype": "http://www.w3.org/2001/XMLSchema#string",
    "http://www.w3.org/ns/shacl#name": "schema",
    "http://www.w3.org/ns/shacl#pattern": "^[0-9a-zA-Z-]+$",
    "id": "file:///Users/abettati/sandbox/azure-rest-api-specs/specification/keyvault/data-plane/Microsoft.KeyVault/stable/2015-06-01/keyvault.json#/web-api/end-points/%2Fcertificates%2F%7Bcertificate-name%7D%2Fcreate/post/request/parameter/certificate-name/scalar/schema"
  },
  "id": "file:///Users/abettati/sandbox/azure-rest-api-specs/specification/keyvault/data-plane/Microsoft.KeyVault/stable/2015-06-01/keyvault.json#/web-api/end-points/%2Fcertificates%2F%7Bcertificate-name%7D%2Fcreate/post/request/parameter/certificate-name"
}, {
  "http://a.ml/vocabularies/apiContract#binding": "path",
  "http://a.ml/vocabularies/apiContract#paramName": "certificate-name",
  "http://a.ml/vocabularies/apiContract#required": "true",
  "http://a.ml/vocabularies/core#description": "The name of the certificate",
  "http://a.ml/vocabularies/core#name": "certificate-name",
  "http://a.ml/vocabularies/shapes#schema": {
    "http://a.ml/vocabularies/core#description": "The name of the certificate",
    "http://www.w3.org/ns/shacl#datatype": "http://www.w3.org/2001/XMLSchema#string",
    "http://www.w3.org/ns/shacl#name": "schema",
    "http://www.w3.org/ns/shacl#pattern": "^[0-9a-zA-Z-]+$",
    "id": "file:///Users/abettati/sandbox/azure-rest-api-specs/specification/keyvault/data-plane/Microsoft.KeyVault/stable/2015-06-01/keyvault.json#/web-api/end-points/%2Fcertificates%2F%7Bcertificate-name%7D%2Fimport/post/request/parameter/certificate-name/scalar/schema"
  },
  "id": "file:///Users/abettati/sandbox/azure-rest-api-specs/specification/keyvault/data-plane/Microsoft.KeyVault/stable/2015-06-01/keyvault.json#/web-api/end-points/%2Fcertificates%2F%7Bcertificate-name%7D%2Fimport/post/request/parameter/certificate-name"
}, {
  "http://a.ml/vocabularies/apiContract#binding": "query",
  "http://a.ml/vocabularies/apiContract#paramName": "maxresults",
  "http://a.ml/vocabularies/apiContract#required": "false",
  "http://a.ml/vocabularies/core#description": "Maximum number of results to return in a page. If not specified the service will return up to 25 results.",
  "http://a.ml/vocabularies/core#name": "maxresults",
  "http://a.ml/vocabularies/shapes#schema": {
    "http://a.ml/vocabularies/core#description": "Maximum number of results to return in a page. If not specified the service will return up to 25 results.",
    "http://a.ml/vocabularies/shapes#format": "int32",
    "http://www.w3.org/ns/shacl#datatype": "http://www.w3.org/2001/XMLSchema#integer",
    "http://www.w3.org/ns/shacl#maxInclusive": "25",
    "http://www.w3.org/ns/shacl#minInclusive": "1",
    "http://www.w3.org/ns/shacl#name": "schema",
    "id": "file:///Users/abettati/sandbox/azure-rest-api-specs/specification/keyvault/data-plane/Microsoft.KeyVault/stable/2015-06-01/keyvault.json#/web-api/end-points/%2Fcertificates%2F%7Bcertificate-name%7D%2Fversions/get/request/parameter/maxresults/scalar/schema"
  },
  "id": "file:///Users/abettati/sandbox/azure-rest-api-specs/specification/keyvault/data-plane/Microsoft.KeyVault/stable/2015-06-01/keyvault.json#/web-api/end-points/%2Fcertificates%2F%7Bcertificate-name%7D%2Fversions/get/request/parameter/maxresults"
}, {
  "http://a.ml/vocabularies/apiContract#binding": "path",
  "http://a.ml/vocabularies/apiContract#paramName": "certificate-name",
  "http://a.ml/vocabularies/apiContract#required": "true",
  "http://a.ml/vocabularies/core#description": "The name of the certificate",
  "http://a.ml/vocabularies/core#name": "certificate-name",
  "http://a.ml/vocabularies/shapes#schema": {
    "http://a.ml/vocabularies/core#description": "The name of the certificate",
    "http://www.w3.org/ns/shacl#datatype": "http://www.w3.org/2001/XMLSchema#string",
    "http://www.w3.org/ns/shacl#name": "schema",
    "id": "file:///Users/abettati/sandbox/azure-rest-api-specs/specification/keyvault/data-plane/Microsoft.KeyVault/stable/2015-06-01/keyvault.json#/web-api/end-points/%2Fcertificates%2F%7Bcertificate-name%7D%2Fversions/get/request/parameter/certificate-name/scalar/schema"
  },
  "id": "file:///Users/abettati/sandbox/azure-rest-api-specs/specification/keyvault/data-plane/Microsoft.KeyVault/stable/2015-06-01/keyvault.json#/web-api/end-points/%2Fcertificates%2F%7Bcertificate-name%7D%2Fversions/get/request/parameter/certificate-name"
}, {
  "http://a.ml/vocabularies/apiContract#binding": "path",
  "http://a.ml/vocabularies/apiContract#paramName": "certificate-name",
  "http://a.ml/vocabularies/apiContract#required": "true",
  "http://a.ml/vocabularies/core#description": "The name of the certificate in the given vault.",
  "http://a.ml/vocabularies/core#name": "certificate-name",
  "http://a.ml/vocabularies/shapes#schema": {
    "http://a.ml/vocabularies/core#description": "The name of the certificate in the given vault.",
    "http://www.w3.org/ns/shacl#datatype": "http://www.w3.org/2001/XMLSchema#string",
    "http://www.w3.org/ns/shacl#name": "schema",
    "id": "file:///Users/abettati/sandbox/azure-rest-api-specs/specification/keyvault/data-plane/Microsoft.KeyVault/stable/2015-06-01/keyvault.json#/web-api/end-points/%2Fcertificates%2F%7Bcertificate-name%7D%2Fpolicy/get/request/parameter/certificate-name/scalar/schema"
  },
  "id": "file:///Users/abettati/sandbox/azure-rest-api-specs/specification/keyvault/data-plane/Microsoft.KeyVault/stable/2015-06-01/keyvault.json#/web-api/end-points/%2Fcertificates%2F%7Bcertificate-name%7D%2Fpolicy/get/request/parameter/certificate-name"
}, {
  "http://a.ml/vocabularies/apiContract#binding": "path",
  "http://a.ml/vocabularies/apiContract#paramName": "certificate-name",
  "http://a.ml/vocabularies/apiContract#required": "true",
  "http://a.ml/vocabularies/core#description": "The name of the certificate in the given vault.",
  "http://a.ml/vocabularies/core#name": "certificate-name",
  "http://a.ml/vocabularies/shapes#schema": {
    "http://a.ml/vocabularies/core#description": "The name of the certificate in the given vault.",
    "http://www.w3.org/ns/shacl#datatype": "http://www.w3.org/2001/XMLSchema#string",
    "http://www.w3.org/ns/shacl#name": "schema",
    "id": "file:///Users/abettati/sandbox/azure-rest-api-specs/specification/keyvault/data-plane/Microsoft.KeyVault/stable/2015-06-01/keyvault.json#/web-api/end-points/%2Fcertificates%2F%7Bcertificate-name%7D%2Fpolicy/patch/request/parameter/certificate-name/scalar/schema"
  },
  "id": "file:///Users/abettati/sandbox/azure-rest-api-specs/specification/keyvault/data-plane/Microsoft.KeyVault/stable/2015-06-01/keyvault.json#/web-api/end-points/%2Fcertificates%2F%7Bcertificate-name%7D%2Fpolicy/patch/request/parameter/certificate-name"
}, {
  "http://a.ml/vocabularies/apiContract#binding": "path",
  "http://a.ml/vocabularies/apiContract#paramName": "certificate-name",
  "http://a.ml/vocabularies/apiContract#required": "true",
  "http://a.ml/vocabularies/core#description": "The name of the certificate in the given vault",
  "http://a.ml/vocabularies/core#name": "certificate-name",
  "http://a.ml/vocabularies/shapes#schema": {
    "http://a.ml/vocabularies/core#description": "The name of the certificate in the given vault",
    "http://www.w3.org/ns/shacl#datatype": "http://www.w3.org/2001/XMLSchema#string",
    "http://www.w3.org/ns/shacl#name": "schema",
    "id": "file:///Users/abettati/sandbox/azure-rest-api-specs/specification/keyvault/data-plane/Microsoft.KeyVault/stable/2015-06-01/keyvault.json#/web-api/end-points/%2Fcertificates%2F%7Bcertificate-name%7D%2F%7Bcertificate-version%7D/patch/request/parameter/certificate-name/scalar/schema"
  },
  "id": "file:///Users/abettati/sandbox/azure-rest-api-specs/specification/keyvault/data-plane/Microsoft.KeyVault/stable/2015-06-01/keyvault.json#/web-api/end-points/%2Fcertificates%2F%7Bcertificate-name%7D%2F%7Bcertificate-version%7D/patch/request/parameter/certificate-name"
}, {
  "http://a.ml/vocabularies/apiContract#binding": "path",
  "http://a.ml/vocabularies/apiContract#paramName": "certificate-version",
  "http://a.ml/vocabularies/apiContract#required": "true",
  "http://a.ml/vocabularies/core#description": "The version of the certificate",
  "http://a.ml/vocabularies/core#name": "certificate-version",
  "http://a.ml/vocabularies/shapes#schema": {
    "http://a.ml/vocabularies/core#description": "The version of the certificate",
    "http://www.w3.org/ns/shacl#datatype": "http://www.w3.org/2001/XMLSchema#string",
    "http://www.w3.org/ns/shacl#name": "schema",
    "id": "file:///Users/abettati/sandbox/azure-rest-api-specs/specification/keyvault/data-plane/Microsoft.KeyVault/stable/2015-06-01/keyvault.json#/web-api/end-points/%2Fcertificates%2F%7Bcertificate-name%7D%2F%7Bcertificate-version%7D/patch/request/parameter/certificate-version/scalar/schema"
  },
  "id": "file:///Users/abettati/sandbox/azure-rest-api-specs/specification/keyvault/data-plane/Microsoft.KeyVault/stable/2015-06-01/keyvault.json#/web-api/end-points/%2Fcertificates%2F%7Bcertificate-name%7D%2F%7Bcertificate-version%7D/patch/request/parameter/certificate-version"
}, {
  "http://a.ml/vocabularies/apiContract#binding": "path",
  "http://a.ml/vocabularies/apiContract#paramName": "certificate-name",
  "http://a.ml/vocabularies/apiContract#required": "true",
  "http://a.ml/vocabularies/core#description": "The name of the certificate in the given vault",
  "http://a.ml/vocabularies/core#name": "certificate-name",
  "http://a.ml/vocabularies/shapes#schema": {
    "http://a.ml/vocabularies/core#description": "The name of the certificate in the given vault",
    "http://www.w3.org/ns/shacl#datatype": "http://www.w3.org/2001/XMLSchema#string",
    "http://www.w3.org/ns/shacl#name": "schema",
    "id": "file:///Users/abettati/sandbox/azure-rest-api-specs/specification/keyvault/data-plane/Microsoft.KeyVault/stable/2015-06-01/keyvault.json#/web-api/end-points/%2Fcertificates%2F%7Bcertificate-name%7D%2F%7Bcertificate-version%7D/get/request/parameter/certificate-name/scalar/schema"
  },
  "id": "file:///Users/abettati/sandbox/azure-rest-api-specs/specification/keyvault/data-plane/Microsoft.KeyVault/stable/2015-06-01/keyvault.json#/web-api/end-points/%2Fcertificates%2F%7Bcertificate-name%7D%2F%7Bcertificate-version%7D/get/request/parameter/certificate-name"
}, {
  "http://a.ml/vocabularies/apiContract#binding": "path",
  "http://a.ml/vocabularies/apiContract#paramName": "certificate-version",
  "http://a.ml/vocabularies/apiContract#required": "true",
  "http://a.ml/vocabularies/core#description": "The version of the certificate",
  "http://a.ml/vocabularies/core#name": "certificate-version",
  "http://a.ml/vocabularies/shapes#schema": {
    "http://a.ml/vocabularies/core#description": "The version of the certificate",
    "http://www.w3.org/ns/shacl#datatype": "http://www.w3.org/2001/XMLSchema#string",
    "http://www.w3.org/ns/shacl#name": "schema",
    "id": "file:///Users/abettati/sandbox/azure-rest-api-specs/specification/keyvault/data-plane/Microsoft.KeyVault/stable/2015-06-01/keyvault.json#/web-api/end-points/%2Fcertificates%2F%7Bcertificate-name%7D%2F%7Bcertificate-version%7D/get/request/parameter/certificate-version/scalar/schema"
  },
  "id": "file:///Users/abettati/sandbox/azure-rest-api-specs/specification/keyvault/data-plane/Microsoft.KeyVault/stable/2015-06-01/keyvault.json#/web-api/end-points/%2Fcertificates%2F%7Bcertificate-name%7D%2F%7Bcertificate-version%7D/get/request/parameter/certificate-version"
}, {
  "http://a.ml/vocabularies/apiContract#binding": "path",
  "http://a.ml/vocabularies/apiContract#paramName": "certificate-name",
  "http://a.ml/vocabularies/apiContract#required": "true",
  "http://a.ml/vocabularies/core#description": "The name of the certificate",
  "http://a.ml/vocabularies/core#name": "certificate-name",
  "http://a.ml/vocabularies/shapes#schema": {
    "http://a.ml/vocabularies/core#description": "The name of the certificate",
    "http://www.w3.org/ns/shacl#datatype": "http://www.w3.org/2001/XMLSchema#string",
    "http://www.w3.org/ns/shacl#name": "schema",
    "id": "file:///Users/abettati/sandbox/azure-rest-api-specs/specification/keyvault/data-plane/Microsoft.KeyVault/stable/2015-06-01/keyvault.json#/web-api/end-points/%2Fcertificates%2F%7Bcertificate-name%7D%2Fpending/patch/request/parameter/certificate-name/scalar/schema"
  },
  "id": "file:///Users/abettati/sandbox/azure-rest-api-specs/specification/keyvault/data-plane/Microsoft.KeyVault/stable/2015-06-01/keyvault.json#/web-api/end-points/%2Fcertificates%2F%7Bcertificate-name%7D%2Fpending/patch/request/parameter/certificate-name"
}, {
  "http://a.ml/vocabularies/apiContract#binding": "path",
  "http://a.ml/vocabularies/apiContract#paramName": "certificate-name",
  "http://a.ml/vocabularies/apiContract#required": "true",
  "http://a.ml/vocabularies/core#description": "The name of the certificate",
  "http://a.ml/vocabularies/core#name": "certificate-name",
  "http://a.ml/vocabularies/shapes#schema": {
    "http://a.ml/vocabularies/core#description": "The name of the certificate",
    "http://www.w3.org/ns/shacl#datatype": "http://www.w3.org/2001/XMLSchema#string",
    "http://www.w3.org/ns/shacl#name": "schema",
    "id": "file:///Users/abettati/sandbox/azure-rest-api-specs/specification/keyvault/data-plane/Microsoft.KeyVault/stable/2015-06-01/keyvault.json#/web-api/end-points/%2Fcertificates%2F%7Bcertificate-name%7D%2Fpending/get/request/parameter/certificate-name/scalar/schema"
  },
  "id": "file:///Users/abettati/sandbox/azure-rest-api-specs/specification/keyvault/data-plane/Microsoft.KeyVault/stable/2015-06-01/keyvault.json#/web-api/end-points/%2Fcertificates%2F%7Bcertificate-name%7D%2Fpending/get/request/parameter/certificate-name"
}, {
  "http://a.ml/vocabularies/apiContract#binding": "path",
  "http://a.ml/vocabularies/apiContract#paramName": "certificate-name",
  "http://a.ml/vocabularies/apiContract#required": "true",
  "http://a.ml/vocabularies/core#description": "The name of the certificate",
  "http://a.ml/vocabularies/core#name": "certificate-name",
  "http://a.ml/vocabularies/shapes#schema": {
    "http://a.ml/vocabularies/core#description": "The name of the certificate",
    "http://www.w3.org/ns/shacl#datatype": "http://www.w3.org/2001/XMLSchema#string",
    "http://www.w3.org/ns/shacl#name": "schema",
    "id": "file:///Users/abettati/sandbox/azure-rest-api-specs/specification/keyvault/data-plane/Microsoft.KeyVault/stable/2015-06-01/keyvault.json#/web-api/end-points/%2Fcertificates%2F%7Bcertificate-name%7D%2Fpending/delete/request/parameter/certificate-name/scalar/schema"
  },
  "id": "file:///Users/abettati/sandbox/azure-rest-api-specs/specification/keyvault/data-plane/Microsoft.KeyVault/stable/2015-06-01/keyvault.json#/web-api/end-points/%2Fcertificates%2F%7Bcertificate-name%7D%2Fpending/delete/request/parameter/certificate-name"
}, {
  "http://a.ml/vocabularies/apiContract#binding": "path",
  "http://a.ml/vocabularies/apiContract#paramName": "certificate-name",
  "http://a.ml/vocabularies/apiContract#required": "true",
  "http://a.ml/vocabularies/core#description": "The name of the certificate",
  "http://a.ml/vocabularies/core#name": "certificate-name",
  "http://a.ml/vocabularies/shapes#schema": {
    "http://a.ml/vocabularies/core#description": "The name of the certificate",
    "http://www.w3.org/ns/shacl#datatype": "http://www.w3.org/2001/XMLSchema#string",
    "http://www.w3.org/ns/shacl#name": "schema",
    "id": "file:///Users/abettati/sandbox/azure-rest-api-specs/specification/keyvault/data-plane/Microsoft.KeyVault/stable/2015-06-01/keyvault.json#/web-api/end-points/%2Fcertificates%2F%7Bcertificate-name%7D%2Fpending%2Fmerge/post/request/parameter/certificate-name/scalar/schema"
  },
  "id": "file:///Users/abettati/sandbox/azure-rest-api-specs/specification/keyvault/data-plane/Microsoft.KeyVault/stable/2015-06-01/keyvault.json#/web-api/end-points/%2Fcertificates%2F%7Bcertificate-name%7D%2Fpending%2Fmerge/post/request/parameter/certificate-name"
}]