[{
  "http://a.ml/vocabularies/apiContract#binding": "path",
  "http://a.ml/vocabularies/apiContract#paramName": "serverName",
  "http://a.ml/vocabularies/apiContract#required": "true",
  "http://a.ml/vocabularies/core#description": "The name of the server.",
  "http://a.ml/vocabularies/core#name": "ServerNameParameter",
  "http://a.ml/vocabularies/document#customDomainProperties": [{
    "http://a.ml/vocabularies/core#extensionName": "ms-parameter-location",
    "http://a.ml/vocabularies/document#definedBy": {
      "http://a.ml/vocabularies/core#name": null,
      "id": "file:///Users/abettati/sandbox/azure-rest-api-specs/specification/postgresql/resource-manager/Microsoft.DBforPostgreSQL/stable/2017-12-01/ServerSecurityAlertPolicies.json#/declarations/parameters/parameter/ServerNameParameter/ms-parameter-location"
    },
    "http://a.ml/vocabularies/document#extension": {
      "http://a.ml/vocabularies/core#name": null,
      "http://a.ml/vocabularies/data#value": null,
      "http://www.w3.org/ns/shacl#datatype": null,
      "id": "file:///Users/abettati/sandbox/azure-rest-api-specs/specification/postgresql/resource-manager/Microsoft.DBforPostgreSQL/stable/2017-12-01/ServerSecurityAlertPolicies.json#/declarations/parameters/parameter/ServerNameParameter/ms-parameter-location/scalar_1"
    },
    "id": "file:///Users/abettati/sandbox/azure-rest-api-specs/specification/postgresql/resource-manager/Microsoft.DBforPostgreSQL/stable/2017-12-01/ServerSecurityAlertPolicies.json#/declarations/parameters/parameter/ServerNameParameter/extension/ms-parameter-location"
  }],
  "http://a.ml/vocabularies/shapes#schema": {
    "http://a.ml/vocabularies/core#description": "The name of the server.",
    "http://a.ml/vocabularies/document#customDomainProperties": [{
      "http://a.ml/vocabularies/core#extensionName": null,
      "http://a.ml/vocabularies/document#definedBy": null,
      "http://a.ml/vocabularies/document#extension": null,
      "id": "file:///Users/abettati/sandbox/azure-rest-api-specs/specification/postgresql/resource-manager/Microsoft.DBforPostgreSQL/stable/2017-12-01/ServerSecurityAlertPolicies.json#/declarations/parameters/parameter/ServerNameParameter/scalar/schema/extension/ms-parameter-location"
    }],
    "http://www.w3.org/ns/shacl#datatype": "http://www.w3.org/2001/XMLSchema#string",
    "http://www.w3.org/ns/shacl#name": "schema",
    "id": "file:///Users/abettati/sandbox/azure-rest-api-specs/specification/postgresql/resource-manager/Microsoft.DBforPostgreSQL/stable/2017-12-01/ServerSecurityAlertPolicies.json#/declarations/parameters/parameter/ServerNameParameter/scalar/schema"
  },
  "id": "file:///Users/abettati/sandbox/azure-rest-api-specs/specification/postgresql/resource-manager/Microsoft.DBforPostgreSQL/stable/2017-12-01/ServerSecurityAlertPolicies.json#/declarations/parameters/parameter/ServerNameParameter"
}, {
  "http://a.ml/vocabularies/apiContract#binding": "path",
  "http://a.ml/vocabularies/apiContract#paramName": "securityAlertPolicyName",
  "http://a.ml/vocabularies/apiContract#required": "true",
  "http://a.ml/vocabularies/core#description": "The name of the security alert policy.",
  "http://a.ml/vocabularies/core#name": "SecurityAlertPolicyNameParameter",
  "http://a.ml/vocabularies/document#customDomainProperties": [{
    "http://a.ml/vocabularies/core#extensionName": "ms-parameter-location",
    "http://a.ml/vocabularies/document#definedBy": {
      "http://a.ml/vocabularies/core#name": null,
      "id": "file:///Users/abettati/sandbox/azure-rest-api-specs/specification/postgresql/resource-manager/Microsoft.DBforPostgreSQL/stable/2017-12-01/ServerSecurityAlertPolicies.json#/declarations/parameters/parameter/SecurityAlertPolicyNameParameter/ms-parameter-location"
    },
    "http://a.ml/vocabularies/document#extension": {
      "http://a.ml/vocabularies/core#name": null,
      "http://a.ml/vocabularies/data#value": null,
      "http://www.w3.org/ns/shacl#datatype": null,
      "id": "file:///Users/abettati/sandbox/azure-rest-api-specs/specification/postgresql/resource-manager/Microsoft.DBforPostgreSQL/stable/2017-12-01/ServerSecurityAlertPolicies.json#/declarations/parameters/parameter/SecurityAlertPolicyNameParameter/ms-parameter-location/scalar_1"
    },
    "id": "file:///Users/abettati/sandbox/azure-rest-api-specs/specification/postgresql/resource-manager/Microsoft.DBforPostgreSQL/stable/2017-12-01/ServerSecurityAlertPolicies.json#/declarations/parameters/parameter/SecurityAlertPolicyNameParameter/extension/ms-parameter-location"
  }],
  "http://a.ml/vocabularies/shapes#schema": {
    "http://a.ml/vocabularies/core#description": "The name of the security alert policy.",
    "http://a.ml/vocabularies/document#customDomainProperties": [{
      "http://a.ml/vocabularies/core#extensionName": null,
      "http://a.ml/vocabularies/document#definedBy": null,
      "http://a.ml/vocabularies/document#extension": null,
      "id": "file:///Users/abettati/sandbox/azure-rest-api-specs/specification/postgresql/resource-manager/Microsoft.DBforPostgreSQL/stable/2017-12-01/ServerSecurityAlertPolicies.json#/declarations/parameters/parameter/SecurityAlertPolicyNameParameter/scalar/schema/extension/ms-parameter-location"
    }],
    "http://www.w3.org/ns/shacl#datatype": "http://www.w3.org/2001/XMLSchema#string",
    "http://www.w3.org/ns/shacl#in": [{
      "http://a.ml/vocabularies/core#name": null,
      "http://a.ml/vocabularies/data#value": null,
      "http://www.w3.org/ns/shacl#datatype": null,
      "id": "file:///Users/abettati/sandbox/azure-rest-api-specs/specification/postgresql/resource-manager/Microsoft.DBforPostgreSQL/stable/2017-12-01/ServerSecurityAlertPolicies.json#/declarations/parameters/parameter/SecurityAlertPolicyNameParameter/scalar/schema/enum/scalar_1"
    }],
    "http://www.w3.org/ns/shacl#name": "schema",
    "id": "file:///Users/abettati/sandbox/azure-rest-api-specs/specification/postgresql/resource-manager/Microsoft.DBforPostgreSQL/stable/2017-12-01/ServerSecurityAlertPolicies.json#/declarations/parameters/parameter/SecurityAlertPolicyNameParameter/scalar/schema"
  },
  "id": "file:///Users/abettati/sandbox/azure-rest-api-specs/specification/postgresql/resource-manager/Microsoft.DBforPostgreSQL/stable/2017-12-01/ServerSecurityAlertPolicies.json#/declarations/parameters/parameter/SecurityAlertPolicyNameParameter"
}, {
  "http://a.ml/vocabularies/apiContract#binding": "query",
  "http://a.ml/vocabularies/apiContract#paramName": "api-version",
  "http://a.ml/vocabularies/apiContract#required": "true",
  "http://a.ml/vocabularies/core#description": "The API version to use for this operation.",
  "http://a.ml/vocabularies/core#name": "api-version",
  "http://a.ml/vocabularies/shapes#schema": {
    "http://a.ml/vocabularies/core#description": "The API version to use for this operation.",
    "http://www.w3.org/ns/shacl#datatype": "http://www.w3.org/2001/XMLSchema#string",
    "http://www.w3.org/ns/shacl#minLength": "1",
    "http://www.w3.org/ns/shacl#name": "schema",
    "id": "file:///Users/abettati/sandbox/azure-rest-api-specs/specification/postgresql/resource-manager/Microsoft.DBforPostgreSQL/stable/2017-12-01/ServerSecurityAlertPolicies.json#/web-api/end-points/%2Fsubscriptions%2F%7BsubscriptionId%7D%2FresourceGroups%2F%7BresourceGroupName%7D%2Fproviders%2FMicrosoft.DBforPostgreSQL%2Fservers%2F%7BserverName%7D%2FsecurityAlertPolicies%2F%7BsecurityAlertPolicyName%7D/get/request/parameter/api-version/scalar/schema"
  },
  "id": "file:///Users/abettati/sandbox/azure-rest-api-specs/specification/postgresql/resource-manager/Microsoft.DBforPostgreSQL/stable/2017-12-01/ServerSecurityAlertPolicies.json#/web-api/end-points/%2Fsubscriptions%2F%7BsubscriptionId%7D%2FresourceGroups%2F%7BresourceGroupName%7D%2Fproviders%2FMicrosoft.DBforPostgreSQL%2Fservers%2F%7BserverName%7D%2FsecurityAlertPolicies%2F%7BsecurityAlertPolicyName%7D/get/request/parameter/api-version"
}, {
  "http://a.ml/vocabularies/apiContract#binding": "path",
  "http://a.ml/vocabularies/apiContract#paramName": "resourceGroupName",
  "http://a.ml/vocabularies/apiContract#required": "true",
  "http://a.ml/vocabularies/core#description": "The name of the resource group. The name is case insensitive.",
  "http://a.ml/vocabularies/core#name": "resourceGroupName",
  "http://a.ml/vocabularies/document#customDomainProperties": [{
    "http://a.ml/vocabularies/core#extensionName": "ms-parameter-location",
    "http://a.ml/vocabularies/document#definedBy": {
      "http://a.ml/vocabularies/core#name": null,
      "id": "file:///Users/abettati/sandbox/azure-rest-api-specs/specification/postgresql/resource-manager/Microsoft.DBforPostgreSQL/stable/2017-12-01/ServerSecurityAlertPolicies.json#/web-api/end-points/%2Fsubscriptions%2F%7BsubscriptionId%7D%2FresourceGroups%2F%7BresourceGroupName%7D%2Fproviders%2FMicrosoft.DBforPostgreSQL%2Fservers%2F%7BserverName%7D%2FsecurityAlertPolicies%2F%7BsecurityAlertPolicyName%7D/get/request/parameter/resourceGroupName/ms-parameter-location"
    },
    "http://a.ml/vocabularies/document#extension": {
      "http://a.ml/vocabularies/core#name": null,
      "http://a.ml/vocabularies/data#value": null,
      "http://www.w3.org/ns/shacl#datatype": null,
      "id": "file:///Users/abettati/sandbox/azure-rest-api-specs/specification/postgresql/resource-manager/Microsoft.DBforPostgreSQL/stable/2017-12-01/ServerSecurityAlertPolicies.json#/web-api/end-points/%2Fsubscriptions%2F%7BsubscriptionId%7D%2FresourceGroups%2F%7BresourceGroupName%7D%2Fproviders%2FMicrosoft.DBforPostgreSQL%2Fservers%2F%7BserverName%7D%2FsecurityAlertPolicies%2F%7BsecurityAlertPolicyName%7D/get/request/parameter/resourceGroupName/ms-parameter-location/scalar_1"
    },
    "id": "file:///Users/abettati/sandbox/azure-rest-api-specs/specification/postgresql/resource-manager/Microsoft.DBforPostgreSQL/stable/2017-12-01/ServerSecurityAlertPolicies.json#/web-api/end-points/%2Fsubscriptions%2F%7BsubscriptionId%7D%2FresourceGroups%2F%7BresourceGroupName%7D%2Fproviders%2FMicrosoft.DBforPostgreSQL%2Fservers%2F%7BserverName%7D%2FsecurityAlertPolicies%2F%7BsecurityAlertPolicyName%7D/get/request/parameter/resourceGroupName/extension/ms-parameter-location"
  }],
  "http://a.ml/vocabularies/shapes#schema": {
    "http://a.ml/vocabularies/core#description": "The name of the resource group. The name is case insensitive.",
    "http://a.ml/vocabularies/document#customDomainProperties": [{
      "http://a.ml/vocabularies/core#extensionName": null,
      "http://a.ml/vocabularies/document#definedBy": null,
      "http://a.ml/vocabularies/document#extension": null,
      "id": "file:///Users/abettati/sandbox/azure-rest-api-specs/specification/postgresql/resource-manager/Microsoft.DBforPostgreSQL/stable/2017-12-01/ServerSecurityAlertPolicies.json#/web-api/end-points/%2Fsubscriptions%2F%7BsubscriptionId%7D%2FresourceGroups%2F%7BresourceGroupName%7D%2Fproviders%2FMicrosoft.DBforPostgreSQL%2Fservers%2F%7BserverName%7D%2FsecurityAlertPolicies%2F%7BsecurityAlertPolicyName%7D/get/request/parameter/resourceGroupName/scalar/schema/extension/ms-parameter-location"
    }],
    "http://www.w3.org/ns/shacl#datatype": "http://www.w3.org/2001/XMLSchema#string",
    "http://www.w3.org/ns/shacl#maxLength": "90",
    "http://www.w3.org/ns/shacl#minLength": "1",
    "http://www.w3.org/ns/shacl#name": "schema",
    "http://www.w3.org/ns/shacl#pattern": "^[-\\w\\._\\(\\)]+$",
    "id": "file:///Users/abettati/sandbox/azure-rest-api-specs/specification/postgresql/resource-manager/Microsoft.DBforPostgreSQL/stable/2017-12-01/ServerSecurityAlertPolicies.json#/web-api/end-points/%2Fsubscriptions%2F%7BsubscriptionId%7D%2FresourceGroups%2F%7BresourceGroupName%7D%2Fproviders%2FMicrosoft.DBforPostgreSQL%2Fservers%2F%7BserverName%7D%2FsecurityAlertPolicies%2F%7BsecurityAlertPolicyName%7D/get/request/parameter/resourceGroupName/scalar/schema"
  },
  "id": "file:///Users/abettati/sandbox/azure-rest-api-specs/specification/postgresql/resource-manager/Microsoft.DBforPostgreSQL/stable/2017-12-01/ServerSecurityAlertPolicies.json#/web-api/end-points/%2Fsubscriptions%2F%7BsubscriptionId%7D%2FresourceGroups%2F%7BresourceGroupName%7D%2Fproviders%2FMicrosoft.DBforPostgreSQL%2Fservers%2F%7BserverName%7D%2FsecurityAlertPolicies%2F%7BsecurityAlertPolicyName%7D/get/request/parameter/resourceGroupName"
}, {
  "http://a.ml/vocabularies/apiContract#binding": "path",
  "http://a.ml/vocabularies/apiContract#paramName": "securityAlertPolicyName",
  "http://a.ml/vocabularies/apiContract#required": "true",
  "http://a.ml/vocabularies/core#description": "The name of the security alert policy.",
  "http://a.ml/vocabularies/core#name": "securityAlertPolicyName",
  "http://a.ml/vocabularies/document#customDomainProperties": [{
    "http://a.ml/vocabularies/core#extensionName": "ms-enum",
    "http://a.ml/vocabularies/document#definedBy": {
      "http://a.ml/vocabularies/core#name": null,
      "id": "file:///Users/abettati/sandbox/azure-rest-api-specs/specification/postgresql/resource-manager/Microsoft.DBforPostgreSQL/stable/2017-12-01/ServerSecurityAlertPolicies.json#/web-api/end-points/%2Fsubscriptions%2F%7BsubscriptionId%7D%2FresourceGroups%2F%7BresourceGroupName%7D%2Fproviders%2FMicrosoft.DBforPostgreSQL%2Fservers%2F%7BserverName%7D%2FsecurityAlertPolicies%2F%7BsecurityAlertPolicyName%7D/get/request/parameter/securityAlertPolicyName/ms-enum"
    },
    "http://a.ml/vocabularies/document#extension": {
      "http://a.ml/vocabularies/core#name": null,
      "http://a.ml/vocabularies/data#modelAsString": null,
      "http://a.ml/vocabularies/data#name": null,
      "id": "file:///Users/abettati/sandbox/azure-rest-api-specs/specification/postgresql/resource-manager/Microsoft.DBforPostgreSQL/stable/2017-12-01/ServerSecurityAlertPolicies.json#/web-api/end-points/%2Fsubscriptions%2F%7BsubscriptionId%7D%2FresourceGroups%2F%7BresourceGroupName%7D%2Fproviders%2FMicrosoft.DBforPostgreSQL%2Fservers%2F%7BserverName%7D%2FsecurityAlertPolicies%2F%7BsecurityAlertPolicyName%7D/get/request/parameter/securityAlertPolicyName/ms-enum/object_1"
    },
    "id": "file:///Users/abettati/sandbox/azure-rest-api-specs/specification/postgresql/resource-manager/Microsoft.DBforPostgreSQL/stable/2017-12-01/ServerSecurityAlertPolicies.json#/web-api/end-points/%2Fsubscriptions%2F%7BsubscriptionId%7D%2FresourceGroups%2F%7BresourceGroupName%7D%2Fproviders%2FMicrosoft.DBforPostgreSQL%2Fservers%2F%7BserverName%7D%2FsecurityAlertPolicies%2F%7BsecurityAlertPolicyName%7D/get/request/parameter/securityAlertPolicyName/extension/ms-enum"
  }],
  "http://a.ml/vocabularies/shapes#schema": {
    "http://a.ml/vocabularies/core#description": "The name of the security alert policy.",
    "http://a.ml/vocabularies/document#customDomainProperties": [{
      "http://a.ml/vocabularies/core#extensionName": null,
      "http://a.ml/vocabularies/document#definedBy": null,
      "http://a.ml/vocabularies/document#extension": null,
      "id": "file:///Users/abettati/sandbox/azure-rest-api-specs/specification/postgresql/resource-manager/Microsoft.DBforPostgreSQL/stable/2017-12-01/ServerSecurityAlertPolicies.json#/web-api/end-points/%2Fsubscriptions%2F%7BsubscriptionId%7D%2FresourceGroups%2F%7BresourceGroupName%7D%2Fproviders%2FMicrosoft.DBforPostgreSQL%2Fservers%2F%7BserverName%7D%2FsecurityAlertPolicies%2F%7BsecurityAlertPolicyName%7D/get/request/parameter/securityAlertPolicyName/scalar/schema/extension/ms-enum"
    }],
    "http://www.w3.org/ns/shacl#datatype": "http://www.w3.org/2001/XMLSchema#string",
    "http://www.w3.org/ns/shacl#in": [{
      "http://a.ml/vocabularies/core#name": null,
      "http://a.ml/vocabularies/data#value": null,
      "http://www.w3.org/ns/shacl#datatype": null,
      "id": "file:///Users/abettati/sandbox/azure-rest-api-specs/specification/postgresql/resource-manager/Microsoft.DBforPostgreSQL/stable/2017-12-01/ServerSecurityAlertPolicies.json#/web-api/end-points/%2Fsubscriptions%2F%7BsubscriptionId%7D%2FresourceGroups%2F%7BresourceGroupName%7D%2Fproviders%2FMicrosoft.DBforPostgreSQL%2Fservers%2F%7BserverName%7D%2FsecurityAlertPolicies%2F%7BsecurityAlertPolicyName%7D/get/request/parameter/securityAlertPolicyName/scalar/schema/enum/scalar_1"
    }],
    "http://www.w3.org/ns/shacl#name": "schema",
    "id": "file:///Users/abettati/sandbox/azure-rest-api-specs/specification/postgresql/resource-manager/Microsoft.DBforPostgreSQL/stable/2017-12-01/ServerSecurityAlertPolicies.json#/web-api/end-points/%2Fsubscriptions%2F%7BsubscriptionId%7D%2FresourceGroups%2F%7BresourceGroupName%7D%2Fproviders%2FMicrosoft.DBforPostgreSQL%2Fservers%2F%7BserverName%7D%2FsecurityAlertPolicies%2F%7BsecurityAlertPolicyName%7D/get/request/parameter/securityAlertPolicyName/scalar/schema"
  },
  "id": "file:///Users/abettati/sandbox/azure-rest-api-specs/specification/postgresql/resource-manager/Microsoft.DBforPostgreSQL/stable/2017-12-01/ServerSecurityAlertPolicies.json#/web-api/end-points/%2Fsubscriptions%2F%7BsubscriptionId%7D%2FresourceGroups%2F%7BresourceGroupName%7D%2Fproviders%2FMicrosoft.DBforPostgreSQL%2Fservers%2F%7BserverName%7D%2FsecurityAlertPolicies%2F%7BsecurityAlertPolicyName%7D/get/request/parameter/securityAlertPolicyName"
}, {
  "http://a.ml/vocabularies/apiContract#binding": "path",
  "http://a.ml/vocabularies/apiContract#paramName": "subscriptionId",
  "http://a.ml/vocabularies/apiContract#required": "true",
  "http://a.ml/vocabularies/core#description": "The ID of the target subscription.",
  "http://a.ml/vocabularies/core#name": "subscriptionId",
  "http://a.ml/vocabularies/shapes#schema": {
    "http://a.ml/vocabularies/core#description": "The ID of the target subscription.",
    "http://www.w3.org/ns/shacl#datatype": "http://www.w3.org/2001/XMLSchema#string",
    "http://www.w3.org/ns/shacl#minLength": "1",
    "http://www.w3.org/ns/shacl#name": "schema",
    "id": "file:///Users/abettati/sandbox/azure-rest-api-specs/specification/postgresql/resource-manager/Microsoft.DBforPostgreSQL/stable/2017-12-01/ServerSecurityAlertPolicies.json#/web-api/end-points/%2Fsubscriptions%2F%7BsubscriptionId%7D%2FresourceGroups%2F%7BresourceGroupName%7D%2Fproviders%2FMicrosoft.DBforPostgreSQL%2Fservers%2F%7BserverName%7D%2FsecurityAlertPolicies%2F%7BsecurityAlertPolicyName%7D/get/request/parameter/subscriptionId/scalar/schema"
  },
  "id": "file:///Users/abettati/sandbox/azure-rest-api-specs/specification/postgresql/resource-manager/Microsoft.DBforPostgreSQL/stable/2017-12-01/ServerSecurityAlertPolicies.json#/web-api/end-points/%2Fsubscriptions%2F%7BsubscriptionId%7D%2FresourceGroups%2F%7BresourceGroupName%7D%2Fproviders%2FMicrosoft.DBforPostgreSQL%2Fservers%2F%7BserverName%7D%2FsecurityAlertPolicies%2F%7BsecurityAlertPolicyName%7D/get/request/parameter/subscriptionId"
}, {
  "http://a.ml/vocabularies/apiContract#binding": "query",
  "http://a.ml/vocabularies/apiContract#paramName": "api-version",
  "http://a.ml/vocabularies/apiContract#required": "true",
  "http://a.ml/vocabularies/core#description": "The API version to use for this operation.",
  "http://a.ml/vocabularies/core#name": "api-version",
  "http://a.ml/vocabularies/shapes#schema": {
    "http://a.ml/vocabularies/core#description": "The API version to use for this operation.",
    "http://www.w3.org/ns/shacl#datatype": "http://www.w3.org/2001/XMLSchema#string",
    "http://www.w3.org/ns/shacl#minLength": "1",
    "http://www.w3.org/ns/shacl#name": "schema",
    "id": "file:///Users/abettati/sandbox/azure-rest-api-specs/specification/postgresql/resource-manager/Microsoft.DBforPostgreSQL/stable/2017-12-01/ServerSecurityAlertPolicies.json#/web-api/end-points/%2Fsubscriptions%2F%7BsubscriptionId%7D%2FresourceGroups%2F%7BresourceGroupName%7D%2Fproviders%2FMicrosoft.DBforPostgreSQL%2Fservers%2F%7BserverName%7D%2FsecurityAlertPolicies%2F%7BsecurityAlertPolicyName%7D/put/request/parameter/api-version/scalar/schema"
  },
  "id": "file:///Users/abettati/sandbox/azure-rest-api-specs/specification/postgresql/resource-manager/Microsoft.DBforPostgreSQL/stable/2017-12-01/ServerSecurityAlertPolicies.json#/web-api/end-points/%2Fsubscriptions%2F%7BsubscriptionId%7D%2FresourceGroups%2F%7BresourceGroupName%7D%2Fproviders%2FMicrosoft.DBforPostgreSQL%2Fservers%2F%7BserverName%7D%2FsecurityAlertPolicies%2F%7BsecurityAlertPolicyName%7D/put/request/parameter/api-version"
}, {
  "http://a.ml/vocabularies/apiContract#binding": "path",
  "http://a.ml/vocabularies/apiContract#paramName": "resourceGroupName",
  "http://a.ml/vocabularies/apiContract#required": "true",
  "http://a.ml/vocabularies/core#description": "The name of the resource group. The name is case insensitive.",
  "http://a.ml/vocabularies/core#name": "resourceGroupName",
  "http://a.ml/vocabularies/document#customDomainProperties": [{
    "http://a.ml/vocabularies/core#extensionName": "ms-parameter-location",
    "http://a.ml/vocabularies/document#definedBy": {
      "http://a.ml/vocabularies/core#name": null,
      "id": "file:///Users/abettati/sandbox/azure-rest-api-specs/specification/postgresql/resource-manager/Microsoft.DBforPostgreSQL/stable/2017-12-01/ServerSecurityAlertPolicies.json#/web-api/end-points/%2Fsubscriptions%2F%7BsubscriptionId%7D%2FresourceGroups%2F%7BresourceGroupName%7D%2Fproviders%2FMicrosoft.DBforPostgreSQL%2Fservers%2F%7BserverName%7D%2FsecurityAlertPolicies%2F%7BsecurityAlertPolicyName%7D/put/request/parameter/resourceGroupName/ms-parameter-location"
    },
    "http://a.ml/vocabularies/document#extension": {
      "http://a.ml/vocabularies/core#name": null,
      "http://a.ml/vocabularies/data#value": null,
      "http://www.w3.org/ns/shacl#datatype": null,
      "id": "file:///Users/abettati/sandbox/azure-rest-api-specs/specification/postgresql/resource-manager/Microsoft.DBforPostgreSQL/stable/2017-12-01/ServerSecurityAlertPolicies.json#/web-api/end-points/%2Fsubscriptions%2F%7BsubscriptionId%7D%2FresourceGroups%2F%7BresourceGroupName%7D%2Fproviders%2FMicrosoft.DBforPostgreSQL%2Fservers%2F%7BserverName%7D%2FsecurityAlertPolicies%2F%7BsecurityAlertPolicyName%7D/put/request/parameter/resourceGroupName/ms-parameter-location/scalar_1"
    },
    "id": "file:///Users/abettati/sandbox/azure-rest-api-specs/specification/postgresql/resource-manager/Microsoft.DBforPostgreSQL/stable/2017-12-01/ServerSecurityAlertPolicies.json#/web-api/end-points/%2Fsubscriptions%2F%7BsubscriptionId%7D%2FresourceGroups%2F%7BresourceGroupName%7D%2Fproviders%2FMicrosoft.DBforPostgreSQL%2Fservers%2F%7BserverName%7D%2FsecurityAlertPolicies%2F%7BsecurityAlertPolicyName%7D/put/request/parameter/resourceGroupName/extension/ms-parameter-location"
  }],
  "http://a.ml/vocabularies/shapes#schema": {
    "http://a.ml/vocabularies/core#description": "The name of the resource group. The name is case insensitive.",
    "http://a.ml/vocabularies/document#customDomainProperties": [{
      "http://a.ml/vocabularies/core#extensionName": null,
      "http://a.ml/vocabularies/document#definedBy": null,
      "http://a.ml/vocabularies/document#extension": null,
      "id": "file:///Users/abettati/sandbox/azure-rest-api-specs/specification/postgresql/resource-manager/Microsoft.DBforPostgreSQL/stable/2017-12-01/ServerSecurityAlertPolicies.json#/web-api/end-points/%2Fsubscriptions%2F%7BsubscriptionId%7D%2FresourceGroups%2F%7BresourceGroupName%7D%2Fproviders%2FMicrosoft.DBforPostgreSQL%2Fservers%2F%7BserverName%7D%2FsecurityAlertPolicies%2F%7BsecurityAlertPolicyName%7D/put/request/parameter/resourceGroupName/scalar/schema/extension/ms-parameter-location"
    }],
    "http://www.w3.org/ns/shacl#datatype": "http://www.w3.org/2001/XMLSchema#string",
    "http://www.w3.org/ns/shacl#maxLength": "90",
    "http://www.w3.org/ns/shacl#minLength": "1",
    "http://www.w3.org/ns/shacl#name": "schema",
    "http://www.w3.org/ns/shacl#pattern": "^[-\\w\\._\\(\\)]+$",
    "id": "file:///Users/abettati/sandbox/azure-rest-api-specs/specification/postgresql/resource-manager/Microsoft.DBforPostgreSQL/stable/2017-12-01/ServerSecurityAlertPolicies.json#/web-api/end-points/%2Fsubscriptions%2F%7BsubscriptionId%7D%2FresourceGroups%2F%7BresourceGroupName%7D%2Fproviders%2FMicrosoft.DBforPostgreSQL%2Fservers%2F%7BserverName%7D%2FsecurityAlertPolicies%2F%7BsecurityAlertPolicyName%7D/put/request/parameter/resourceGroupName/scalar/schema"
  },
  "id": "file:///Users/abettati/sandbox/azure-rest-api-specs/specification/postgresql/resource-manager/Microsoft.DBforPostgreSQL/stable/2017-12-01/ServerSecurityAlertPolicies.json#/web-api/end-points/%2Fsubscriptions%2F%7BsubscriptionId%7D%2FresourceGroups%2F%7BresourceGroupName%7D%2Fproviders%2FMicrosoft.DBforPostgreSQL%2Fservers%2F%7BserverName%7D%2FsecurityAlertPolicies%2F%7BsecurityAlertPolicyName%7D/put/request/parameter/resourceGroupName"
}, {
  "http://a.ml/vocabularies/apiContract#binding": "path",
  "http://a.ml/vocabularies/apiContract#paramName": "securityAlertPolicyName",
  "http://a.ml/vocabularies/apiContract#required": "true",
  "http://a.ml/vocabularies/core#description": "The name of the threat detection policy.",
  "http://a.ml/vocabularies/core#name": "securityAlertPolicyName",
  "http://a.ml/vocabularies/document#customDomainProperties": [{
    "http://a.ml/vocabularies/core#extensionName": "ms-enum",
    "http://a.ml/vocabularies/document#definedBy": {
      "http://a.ml/vocabularies/core#name": null,
      "id": "file:///Users/abettati/sandbox/azure-rest-api-specs/specification/postgresql/resource-manager/Microsoft.DBforPostgreSQL/stable/2017-12-01/ServerSecurityAlertPolicies.json#/web-api/end-points/%2Fsubscriptions%2F%7BsubscriptionId%7D%2FresourceGroups%2F%7BresourceGroupName%7D%2Fproviders%2FMicrosoft.DBforPostgreSQL%2Fservers%2F%7BserverName%7D%2FsecurityAlertPolicies%2F%7BsecurityAlertPolicyName%7D/put/request/parameter/securityAlertPolicyName/ms-enum"
    },
    "http://a.ml/vocabularies/document#extension": {
      "http://a.ml/vocabularies/core#name": null,
      "http://a.ml/vocabularies/data#modelAsString": null,
      "http://a.ml/vocabularies/data#name": null,
      "id": "file:///Users/abettati/sandbox/azure-rest-api-specs/specification/postgresql/resource-manager/Microsoft.DBforPostgreSQL/stable/2017-12-01/ServerSecurityAlertPolicies.json#/web-api/end-points/%2Fsubscriptions%2F%7BsubscriptionId%7D%2FresourceGroups%2F%7BresourceGroupName%7D%2Fproviders%2FMicrosoft.DBforPostgreSQL%2Fservers%2F%7BserverName%7D%2FsecurityAlertPolicies%2F%7BsecurityAlertPolicyName%7D/put/request/parameter/securityAlertPolicyName/ms-enum/object_1"
    },
    "id": "file:///Users/abettati/sandbox/azure-rest-api-specs/specification/postgresql/resource-manager/Microsoft.DBforPostgreSQL/stable/2017-12-01/ServerSecurityAlertPolicies.json#/web-api/end-points/%2Fsubscriptions%2F%7BsubscriptionId%7D%2FresourceGroups%2F%7BresourceGroupName%7D%2Fproviders%2FMicrosoft.DBforPostgreSQL%2Fservers%2F%7BserverName%7D%2FsecurityAlertPolicies%2F%7BsecurityAlertPolicyName%7D/put/request/parameter/securityAlertPolicyName/extension/ms-enum"
  }],
  "http://a.ml/vocabularies/shapes#schema": {
    "http://a.ml/vocabularies/core#description": "The name of the threat detection policy.",
    "http://a.ml/vocabularies/document#customDomainProperties": [{
      "http://a.ml/vocabularies/core#extensionName": null,
      "http://a.ml/vocabularies/document#definedBy": null,
      "http://a.ml/vocabularies/document#extension": null,
      "id": "file:///Users/abettati/sandbox/azure-rest-api-specs/specification/postgresql/resource-manager/Microsoft.DBforPostgreSQL/stable/2017-12-01/ServerSecurityAlertPolicies.json#/web-api/end-points/%2Fsubscriptions%2F%7BsubscriptionId%7D%2FresourceGroups%2F%7BresourceGroupName%7D%2Fproviders%2FMicrosoft.DBforPostgreSQL%2Fservers%2F%7BserverName%7D%2FsecurityAlertPolicies%2F%7BsecurityAlertPolicyName%7D/put/request/parameter/securityAlertPolicyName/scalar/schema/extension/ms-enum"
    }],
    "http://www.w3.org/ns/shacl#datatype": "http://www.w3.org/2001/XMLSchema#string",
    "http://www.w3.org/ns/shacl#in": [{
      "http://a.ml/vocabularies/core#name": null,
      "http://a.ml/vocabularies/data#value": null,
      "http://www.w3.org/ns/shacl#datatype": null,
      "id": "file:///Users/abettati/sandbox/azure-rest-api-specs/specification/postgresql/resource-manager/Microsoft.DBforPostgreSQL/stable/2017-12-01/ServerSecurityAlertPolicies.json#/web-api/end-points/%2Fsubscriptions%2F%7BsubscriptionId%7D%2FresourceGroups%2F%7BresourceGroupName%7D%2Fproviders%2FMicrosoft.DBforPostgreSQL%2Fservers%2F%7BserverName%7D%2FsecurityAlertPolicies%2F%7BsecurityAlertPolicyName%7D/put/request/parameter/securityAlertPolicyName/scalar/schema/enum/scalar_1"
    }],
    "http://www.w3.org/ns/shacl#name": "schema",
    "id": "file:///Users/abettati/sandbox/azure-rest-api-specs/specification/postgresql/resource-manager/Microsoft.DBforPostgreSQL/stable/2017-12-01/ServerSecurityAlertPolicies.json#/web-api/end-points/%2Fsubscriptions%2F%7BsubscriptionId%7D%2FresourceGroups%2F%7BresourceGroupName%7D%2Fproviders%2FMicrosoft.DBforPostgreSQL%2Fservers%2F%7BserverName%7D%2FsecurityAlertPolicies%2F%7BsecurityAlertPolicyName%7D/put/request/parameter/securityAlertPolicyName/scalar/schema"
  },
  "id": "file:///Users/abettati/sandbox/azure-rest-api-specs/specification/postgresql/resource-manager/Microsoft.DBforPostgreSQL/stable/2017-12-01/ServerSecurityAlertPolicies.json#/web-api/end-points/%2Fsubscriptions%2F%7BsubscriptionId%7D%2FresourceGroups%2F%7BresourceGroupName%7D%2Fproviders%2FMicrosoft.DBforPostgreSQL%2Fservers%2F%7BserverName%7D%2FsecurityAlertPolicies%2F%7BsecurityAlertPolicyName%7D/put/request/parameter/securityAlertPolicyName"
}, {
  "http://a.ml/vocabularies/apiContract#binding": "path",
  "http://a.ml/vocabularies/apiContract#paramName": "subscriptionId",
  "http://a.ml/vocabularies/apiContract#required": "true",
  "http://a.ml/vocabularies/core#description": "The ID of the target subscription.",
  "http://a.ml/vocabularies/core#name": "subscriptionId",
  "http://a.ml/vocabularies/shapes#schema": {
    "http://a.ml/vocabularies/core#description": "The ID of the target subscription.",
    "http://www.w3.org/ns/shacl#datatype": "http://www.w3.org/2001/XMLSchema#string",
    "http://www.w3.org/ns/shacl#minLength": "1",
    "http://www.w3.org/ns/shacl#name": "schema",
    "id": "file:///Users/abettati/sandbox/azure-rest-api-specs/specification/postgresql/resource-manager/Microsoft.DBforPostgreSQL/stable/2017-12-01/ServerSecurityAlertPolicies.json#/web-api/end-points/%2Fsubscriptions%2F%7BsubscriptionId%7D%2FresourceGroups%2F%7BresourceGroupName%7D%2Fproviders%2FMicrosoft.DBforPostgreSQL%2Fservers%2F%7BserverName%7D%2FsecurityAlertPolicies%2F%7BsecurityAlertPolicyName%7D/put/request/parameter/subscriptionId/scalar/schema"
  },
  "id": "file:///Users/abettati/sandbox/azure-rest-api-specs/specification/postgresql/resource-manager/Microsoft.DBforPostgreSQL/stable/2017-12-01/ServerSecurityAlertPolicies.json#/web-api/end-points/%2Fsubscriptions%2F%7BsubscriptionId%7D%2FresourceGroups%2F%7BresourceGroupName%7D%2Fproviders%2FMicrosoft.DBforPostgreSQL%2Fservers%2F%7BserverName%7D%2FsecurityAlertPolicies%2F%7BsecurityAlertPolicyName%7D/put/request/parameter/subscriptionId"
}, {
  "http://a.ml/vocabularies/apiContract#binding": "query",
  "http://a.ml/vocabularies/apiContract#paramName": "api-version",
  "http://a.ml/vocabularies/apiContract#required": "true",
  "http://a.ml/vocabularies/core#description": "The API version to use for this operation.",
  "http://a.ml/vocabularies/core#name": "api-version",
  "http://a.ml/vocabularies/shapes#schema": {
    "http://a.ml/vocabularies/core#description": "The API version to use for this operation.",
    "http://www.w3.org/ns/shacl#datatype": "http://www.w3.org/2001/XMLSchema#string",
    "http://www.w3.org/ns/shacl#minLength": "1",
    "http://www.w3.org/ns/shacl#name": "schema",
    "id": "file:///Users/abettati/sandbox/azure-rest-api-specs/specification/postgresql/resource-manager/Microsoft.DBforPostgreSQL/stable/2017-12-01/ServerSecurityAlertPolicies.json#/web-api/end-points/%2Fsubscriptions%2F%7BsubscriptionId%7D%2FresourceGroups%2F%7BresourceGroupName%7D%2Fproviders%2FMicrosoft.DBforPostgreSQL%2Fservers%2F%7BserverName%7D%2FsecurityAlertPolicies/get/request/parameter/api-version/scalar/schema"
  },
  "id": "file:///Users/abettati/sandbox/azure-rest-api-specs/specification/postgresql/resource-manager/Microsoft.DBforPostgreSQL/stable/2017-12-01/ServerSecurityAlertPolicies.json#/web-api/end-points/%2Fsubscriptions%2F%7BsubscriptionId%7D%2FresourceGroups%2F%7BresourceGroupName%7D%2Fproviders%2FMicrosoft.DBforPostgreSQL%2Fservers%2F%7BserverName%7D%2FsecurityAlertPolicies/get/request/parameter/api-version"
}, {
  "http://a.ml/vocabularies/apiContract#binding": "path",
  "http://a.ml/vocabularies/apiContract#paramName": "resourceGroupName",
  "http://a.ml/vocabularies/apiContract#required": "true",
  "http://a.ml/vocabularies/core#description": "The name of the resource group. The name is case insensitive.",
  "http://a.ml/vocabularies/core#name": "resourceGroupName",
  "http://a.ml/vocabularies/document#customDomainProperties": [{
    "http://a.ml/vocabularies/core#extensionName": "ms-parameter-location",
    "http://a.ml/vocabularies/document#definedBy": {
      "http://a.ml/vocabularies/core#name": null,
      "id": "file:///Users/abettati/sandbox/azure-rest-api-specs/specification/postgresql/resource-manager/Microsoft.DBforPostgreSQL/stable/2017-12-01/ServerSecurityAlertPolicies.json#/web-api/end-points/%2Fsubscriptions%2F%7BsubscriptionId%7D%2FresourceGroups%2F%7BresourceGroupName%7D%2Fproviders%2FMicrosoft.DBforPostgreSQL%2Fservers%2F%7BserverName%7D%2FsecurityAlertPolicies/get/request/parameter/resourceGroupName/ms-parameter-location"
    },
    "http://a.ml/vocabularies/document#extension": {
      "http://a.ml/vocabularies/core#name": null,
      "http://a.ml/vocabularies/data#value": null,
      "http://www.w3.org/ns/shacl#datatype": null,
      "id": "file:///Users/abettati/sandbox/azure-rest-api-specs/specification/postgresql/resource-manager/Microsoft.DBforPostgreSQL/stable/2017-12-01/ServerSecurityAlertPolicies.json#/web-api/end-points/%2Fsubscriptions%2F%7BsubscriptionId%7D%2FresourceGroups%2F%7BresourceGroupName%7D%2Fproviders%2FMicrosoft.DBforPostgreSQL%2Fservers%2F%7BserverName%7D%2FsecurityAlertPolicies/get/request/parameter/resourceGroupName/ms-parameter-location/scalar_1"
    },
    "id": "file:///Users/abettati/sandbox/azure-rest-api-specs/specification/postgresql/resource-manager/Microsoft.DBforPostgreSQL/stable/2017-12-01/ServerSecurityAlertPolicies.json#/web-api/end-points/%2Fsubscriptions%2F%7BsubscriptionId%7D%2FresourceGroups%2F%7BresourceGroupName%7D%2Fproviders%2FMicrosoft.DBforPostgreSQL%2Fservers%2F%7BserverName%7D%2FsecurityAlertPolicies/get/request/parameter/resourceGroupName/extension/ms-parameter-location"
  }],
  "http://a.ml/vocabularies/shapes#schema": {
    "http://a.ml/vocabularies/core#description": "The name of the resource group. The name is case insensitive.",
    "http://a.ml/vocabularies/document#customDomainProperties": [{
      "http://a.ml/vocabularies/core#extensionName": null,
      "http://a.ml/vocabularies/document#definedBy": null,
      "http://a.ml/vocabularies/document#extension": null,
      "id": "file:///Users/abettati/sandbox/azure-rest-api-specs/specification/postgresql/resource-manager/Microsoft.DBforPostgreSQL/stable/2017-12-01/ServerSecurityAlertPolicies.json#/web-api/end-points/%2Fsubscriptions%2F%7BsubscriptionId%7D%2FresourceGroups%2F%7BresourceGroupName%7D%2Fproviders%2FMicrosoft.DBforPostgreSQL%2Fservers%2F%7BserverName%7D%2FsecurityAlertPolicies/get/request/parameter/resourceGroupName/scalar/schema/extension/ms-parameter-location"
    }],
    "http://www.w3.org/ns/shacl#datatype": "http://www.w3.org/2001/XMLSchema#string",
    "http://www.w3.org/ns/shacl#maxLength": "90",
    "http://www.w3.org/ns/shacl#minLength": "1",
    "http://www.w3.org/ns/shacl#name": "schema",
    "http://www.w3.org/ns/shacl#pattern": "^[-\\w\\._\\(\\)]+$",
    "id": "file:///Users/abettati/sandbox/azure-rest-api-specs/specification/postgresql/resource-manager/Microsoft.DBforPostgreSQL/stable/2017-12-01/ServerSecurityAlertPolicies.json#/web-api/end-points/%2Fsubscriptions%2F%7BsubscriptionId%7D%2FresourceGroups%2F%7BresourceGroupName%7D%2Fproviders%2FMicrosoft.DBforPostgreSQL%2Fservers%2F%7BserverName%7D%2FsecurityAlertPolicies/get/request/parameter/resourceGroupName/scalar/schema"
  },
  "id": "file:///Users/abettati/sandbox/azure-rest-api-specs/specification/postgresql/resource-manager/Microsoft.DBforPostgreSQL/stable/2017-12-01/ServerSecurityAlertPolicies.json#/web-api/end-points/%2Fsubscriptions%2F%7BsubscriptionId%7D%2FresourceGroups%2F%7BresourceGroupName%7D%2Fproviders%2FMicrosoft.DBforPostgreSQL%2Fservers%2F%7BserverName%7D%2FsecurityAlertPolicies/get/request/parameter/resourceGroupName"
}, {
  "http://a.ml/vocabularies/apiContract#binding": "path",
  "http://a.ml/vocabularies/apiContract#paramName": "subscriptionId",
  "http://a.ml/vocabularies/apiContract#required": "true",
  "http://a.ml/vocabularies/core#description": "The ID of the target subscription.",
  "http://a.ml/vocabularies/core#name": "subscriptionId",
  "http://a.ml/vocabularies/shapes#schema": {
    "http://a.ml/vocabularies/core#description": "The ID of the target subscription.",
    "http://www.w3.org/ns/shacl#datatype": "http://www.w3.org/2001/XMLSchema#string",
    "http://www.w3.org/ns/shacl#minLength": "1",
    "http://www.w3.org/ns/shacl#name": "schema",
    "id": "file:///Users/abettati/sandbox/azure-rest-api-specs/specification/postgresql/resource-manager/Microsoft.DBforPostgreSQL/stable/2017-12-01/ServerSecurityAlertPolicies.json#/web-api/end-points/%2Fsubscriptions%2F%7BsubscriptionId%7D%2FresourceGroups%2F%7BresourceGroupName%7D%2Fproviders%2FMicrosoft.DBforPostgreSQL%2Fservers%2F%7BserverName%7D%2FsecurityAlertPolicies/get/request/parameter/subscriptionId/scalar/schema"
  },
  "id": "file:///Users/abettati/sandbox/azure-rest-api-specs/specification/postgresql/resource-manager/Microsoft.DBforPostgreSQL/stable/2017-12-01/ServerSecurityAlertPolicies.json#/web-api/end-points/%2Fsubscriptions%2F%7BsubscriptionId%7D%2FresourceGroups%2F%7BresourceGroupName%7D%2Fproviders%2FMicrosoft.DBforPostgreSQL%2Fservers%2F%7BserverName%7D%2FsecurityAlertPolicies/get/request/parameter/subscriptionId"
}]