[{
  "http://a.ml/vocabularies/apiContract#binding": "path",
  "http://a.ml/vocabularies/apiContract#paramName": "databaseName",
  "http://a.ml/vocabularies/apiContract#required": "true",
  "http://a.ml/vocabularies/core#description": "The name of the database.",
  "http://a.ml/vocabularies/core#name": "DatabaseNameParameter",
  "http://a.ml/vocabularies/document#customDomainProperties": [{
    "http://a.ml/vocabularies/core#extensionName": "ms-parameter-location",
    "http://a.ml/vocabularies/document#definedBy": {
      "http://a.ml/vocabularies/core#name": null,
      "id": "file:///Users/abettati/sandbox/azure-rest-api-specs/specification/sql/resource-manager/Microsoft.Sql/preview/2018-06-01-preview/DatabaseSchema.json#/declarations/parameters/parameter/DatabaseNameParameter/ms-parameter-location"
    },
    "http://a.ml/vocabularies/document#extension": {
      "http://a.ml/vocabularies/core#name": null,
      "http://a.ml/vocabularies/data#value": null,
      "http://www.w3.org/ns/shacl#datatype": null,
      "id": "file:///Users/abettati/sandbox/azure-rest-api-specs/specification/sql/resource-manager/Microsoft.Sql/preview/2018-06-01-preview/DatabaseSchema.json#/declarations/parameters/parameter/DatabaseNameParameter/ms-parameter-location/scalar_1"
    },
    "id": "file:///Users/abettati/sandbox/azure-rest-api-specs/specification/sql/resource-manager/Microsoft.Sql/preview/2018-06-01-preview/DatabaseSchema.json#/declarations/parameters/parameter/DatabaseNameParameter/extension/ms-parameter-location"
  }],
  "http://a.ml/vocabularies/shapes#schema": {
    "http://a.ml/vocabularies/core#description": "The name of the database.",
    "http://a.ml/vocabularies/document#customDomainProperties": [{
      "http://a.ml/vocabularies/core#extensionName": null,
      "http://a.ml/vocabularies/document#definedBy": null,
      "http://a.ml/vocabularies/document#extension": null,
      "id": "file:///Users/abettati/sandbox/azure-rest-api-specs/specification/sql/resource-manager/Microsoft.Sql/preview/2018-06-01-preview/DatabaseSchema.json#/declarations/parameters/parameter/DatabaseNameParameter/scalar/schema/extension/ms-parameter-location"
    }],
    "http://www.w3.org/ns/shacl#datatype": "http://www.w3.org/2001/XMLSchema#string",
    "http://www.w3.org/ns/shacl#name": "schema",
    "id": "file:///Users/abettati/sandbox/azure-rest-api-specs/specification/sql/resource-manager/Microsoft.Sql/preview/2018-06-01-preview/DatabaseSchema.json#/declarations/parameters/parameter/DatabaseNameParameter/scalar/schema"
  },
  "id": "file:///Users/abettati/sandbox/azure-rest-api-specs/specification/sql/resource-manager/Microsoft.Sql/preview/2018-06-01-preview/DatabaseSchema.json#/declarations/parameters/parameter/DatabaseNameParameter"
}, {
  "http://a.ml/vocabularies/apiContract#binding": "path",
  "http://a.ml/vocabularies/apiContract#paramName": "resourceGroupName",
  "http://a.ml/vocabularies/apiContract#required": "true",
  "http://a.ml/vocabularies/core#description": "The name of the resource group that contains the resource. You can obtain this value from the Azure Resource Manager API or the portal.",
  "http://a.ml/vocabularies/core#name": "ResourceGroupParameter",
  "http://a.ml/vocabularies/document#customDomainProperties": [{
    "http://a.ml/vocabularies/core#extensionName": "ms-parameter-location",
    "http://a.ml/vocabularies/document#definedBy": {
      "http://a.ml/vocabularies/core#name": null,
      "id": "file:///Users/abettati/sandbox/azure-rest-api-specs/specification/sql/resource-manager/Microsoft.Sql/preview/2018-06-01-preview/DatabaseSchema.json#/declarations/parameters/parameter/ResourceGroupParameter/ms-parameter-location"
    },
    "http://a.ml/vocabularies/document#extension": {
      "http://a.ml/vocabularies/core#name": null,
      "http://a.ml/vocabularies/data#value": null,
      "http://www.w3.org/ns/shacl#datatype": null,
      "id": "file:///Users/abettati/sandbox/azure-rest-api-specs/specification/sql/resource-manager/Microsoft.Sql/preview/2018-06-01-preview/DatabaseSchema.json#/declarations/parameters/parameter/ResourceGroupParameter/ms-parameter-location/scalar_1"
    },
    "id": "file:///Users/abettati/sandbox/azure-rest-api-specs/specification/sql/resource-manager/Microsoft.Sql/preview/2018-06-01-preview/DatabaseSchema.json#/declarations/parameters/parameter/ResourceGroupParameter/extension/ms-parameter-location"
  }],
  "http://a.ml/vocabularies/shapes#schema": {
    "http://a.ml/vocabularies/core#description": "The name of the resource group that contains the resource. You can obtain this value from the Azure Resource Manager API or the portal.",
    "http://a.ml/vocabularies/document#customDomainProperties": [{
      "http://a.ml/vocabularies/core#extensionName": null,
      "http://a.ml/vocabularies/document#definedBy": null,
      "http://a.ml/vocabularies/document#extension": null,
      "id": "file:///Users/abettati/sandbox/azure-rest-api-specs/specification/sql/resource-manager/Microsoft.Sql/preview/2018-06-01-preview/DatabaseSchema.json#/declarations/parameters/parameter/ResourceGroupParameter/scalar/schema/extension/ms-parameter-location"
    }],
    "http://www.w3.org/ns/shacl#datatype": "http://www.w3.org/2001/XMLSchema#string",
    "http://www.w3.org/ns/shacl#name": "schema",
    "id": "file:///Users/abettati/sandbox/azure-rest-api-specs/specification/sql/resource-manager/Microsoft.Sql/preview/2018-06-01-preview/DatabaseSchema.json#/declarations/parameters/parameter/ResourceGroupParameter/scalar/schema"
  },
  "id": "file:///Users/abettati/sandbox/azure-rest-api-specs/specification/sql/resource-manager/Microsoft.Sql/preview/2018-06-01-preview/DatabaseSchema.json#/declarations/parameters/parameter/ResourceGroupParameter"
}, {
  "http://a.ml/vocabularies/apiContract#binding": "path",
  "http://a.ml/vocabularies/apiContract#paramName": "serverName",
  "http://a.ml/vocabularies/apiContract#required": "true",
  "http://a.ml/vocabularies/core#description": "The name of the server.",
  "http://a.ml/vocabularies/core#name": "ServerNameParameter",
  "http://a.ml/vocabularies/document#customDomainProperties": [{
    "http://a.ml/vocabularies/core#extensionName": "ms-parameter-location",
    "http://a.ml/vocabularies/document#definedBy": {
      "http://a.ml/vocabularies/core#name": null,
      "id": "file:///Users/abettati/sandbox/azure-rest-api-specs/specification/sql/resource-manager/Microsoft.Sql/preview/2018-06-01-preview/DatabaseSchema.json#/declarations/parameters/parameter/ServerNameParameter/ms-parameter-location"
    },
    "http://a.ml/vocabularies/document#extension": {
      "http://a.ml/vocabularies/core#name": null,
      "http://a.ml/vocabularies/data#value": null,
      "http://www.w3.org/ns/shacl#datatype": null,
      "id": "file:///Users/abettati/sandbox/azure-rest-api-specs/specification/sql/resource-manager/Microsoft.Sql/preview/2018-06-01-preview/DatabaseSchema.json#/declarations/parameters/parameter/ServerNameParameter/ms-parameter-location/scalar_1"
    },
    "id": "file:///Users/abettati/sandbox/azure-rest-api-specs/specification/sql/resource-manager/Microsoft.Sql/preview/2018-06-01-preview/DatabaseSchema.json#/declarations/parameters/parameter/ServerNameParameter/extension/ms-parameter-location"
  }],
  "http://a.ml/vocabularies/shapes#schema": {
    "http://a.ml/vocabularies/core#description": "The name of the server.",
    "http://a.ml/vocabularies/document#customDomainProperties": [{
      "http://a.ml/vocabularies/core#extensionName": null,
      "http://a.ml/vocabularies/document#definedBy": null,
      "http://a.ml/vocabularies/document#extension": null,
      "id": "file:///Users/abettati/sandbox/azure-rest-api-specs/specification/sql/resource-manager/Microsoft.Sql/preview/2018-06-01-preview/DatabaseSchema.json#/declarations/parameters/parameter/ServerNameParameter/scalar/schema/extension/ms-parameter-location"
    }],
    "http://www.w3.org/ns/shacl#datatype": "http://www.w3.org/2001/XMLSchema#string",
    "http://www.w3.org/ns/shacl#name": "schema",
    "id": "file:///Users/abettati/sandbox/azure-rest-api-specs/specification/sql/resource-manager/Microsoft.Sql/preview/2018-06-01-preview/DatabaseSchema.json#/declarations/parameters/parameter/ServerNameParameter/scalar/schema"
  },
  "id": "file:///Users/abettati/sandbox/azure-rest-api-specs/specification/sql/resource-manager/Microsoft.Sql/preview/2018-06-01-preview/DatabaseSchema.json#/declarations/parameters/parameter/ServerNameParameter"
}, {
  "http://a.ml/vocabularies/apiContract#binding": "query",
  "http://a.ml/vocabularies/apiContract#paramName": "api-version",
  "http://a.ml/vocabularies/apiContract#required": "true",
  "http://a.ml/vocabularies/core#description": "The API version to use for the request.",
  "http://a.ml/vocabularies/core#name": "ApiVersionParameter",
  "http://a.ml/vocabularies/document#customDomainProperties": [{
    "http://a.ml/vocabularies/core#extensionName": "ms-parameter-location",
    "http://a.ml/vocabularies/document#definedBy": {
      "http://a.ml/vocabularies/core#name": null,
      "id": "file:///Users/abettati/sandbox/azure-rest-api-specs/specification/sql/resource-manager/Microsoft.Sql/preview/2018-06-01-preview/DatabaseSchema.json#/declarations/parameters/parameter/ApiVersionParameter/ms-parameter-location"
    },
    "http://a.ml/vocabularies/document#extension": {
      "http://a.ml/vocabularies/core#name": null,
      "http://a.ml/vocabularies/data#value": null,
      "http://www.w3.org/ns/shacl#datatype": null,
      "id": "file:///Users/abettati/sandbox/azure-rest-api-specs/specification/sql/resource-manager/Microsoft.Sql/preview/2018-06-01-preview/DatabaseSchema.json#/declarations/parameters/parameter/ApiVersionParameter/ms-parameter-location/scalar_1"
    },
    "id": "file:///Users/abettati/sandbox/azure-rest-api-specs/specification/sql/resource-manager/Microsoft.Sql/preview/2018-06-01-preview/DatabaseSchema.json#/declarations/parameters/parameter/ApiVersionParameter/extension/ms-parameter-location"
  }],
  "http://a.ml/vocabularies/shapes#schema": {
    "http://a.ml/vocabularies/core#description": "The API version to use for the request.",
    "http://a.ml/vocabularies/document#customDomainProperties": [{
      "http://a.ml/vocabularies/core#extensionName": null,
      "http://a.ml/vocabularies/document#definedBy": null,
      "http://a.ml/vocabularies/document#extension": null,
      "id": "file:///Users/abettati/sandbox/azure-rest-api-specs/specification/sql/resource-manager/Microsoft.Sql/preview/2018-06-01-preview/DatabaseSchema.json#/declarations/parameters/parameter/ApiVersionParameter/scalar/schema/extension/ms-parameter-location"
    }],
    "http://www.w3.org/ns/shacl#datatype": "http://www.w3.org/2001/XMLSchema#string",
    "http://www.w3.org/ns/shacl#name": "schema",
    "id": "file:///Users/abettati/sandbox/azure-rest-api-specs/specification/sql/resource-manager/Microsoft.Sql/preview/2018-06-01-preview/DatabaseSchema.json#/declarations/parameters/parameter/ApiVersionParameter/scalar/schema"
  },
  "id": "file:///Users/abettati/sandbox/azure-rest-api-specs/specification/sql/resource-manager/Microsoft.Sql/preview/2018-06-01-preview/DatabaseSchema.json#/declarations/parameters/parameter/ApiVersionParameter"
}, {
  "http://a.ml/vocabularies/apiContract#binding": "path",
  "http://a.ml/vocabularies/apiContract#paramName": "sqlVirtualMachineContainerName",
  "http://a.ml/vocabularies/apiContract#required": "true",
  "http://a.ml/vocabularies/core#description": "The name of the SqlVirtualMachineContainer.",
  "http://a.ml/vocabularies/core#name": "SqlVirtualMachineContainerNameParameter",
  "http://a.ml/vocabularies/document#customDomainProperties": [{
    "http://a.ml/vocabularies/core#extensionName": "ms-parameter-location",
    "http://a.ml/vocabularies/document#definedBy": {
      "http://a.ml/vocabularies/core#name": null,
      "id": "file:///Users/abettati/sandbox/azure-rest-api-specs/specification/sql/resource-manager/Microsoft.Sql/preview/2018-06-01-preview/DatabaseSchema.json#/declarations/parameters/parameter/SqlVirtualMachineContainerNameParameter/ms-parameter-location"
    },
    "http://a.ml/vocabularies/document#extension": {
      "http://a.ml/vocabularies/core#name": null,
      "http://a.ml/vocabularies/data#value": null,
      "http://www.w3.org/ns/shacl#datatype": null,
      "id": "file:///Users/abettati/sandbox/azure-rest-api-specs/specification/sql/resource-manager/Microsoft.Sql/preview/2018-06-01-preview/DatabaseSchema.json#/declarations/parameters/parameter/SqlVirtualMachineContainerNameParameter/ms-parameter-location/scalar_1"
    },
    "id": "file:///Users/abettati/sandbox/azure-rest-api-specs/specification/sql/resource-manager/Microsoft.Sql/preview/2018-06-01-preview/DatabaseSchema.json#/declarations/parameters/parameter/SqlVirtualMachineContainerNameParameter/extension/ms-parameter-location"
  }],
  "http://a.ml/vocabularies/shapes#schema": {
    "http://a.ml/vocabularies/core#description": "The name of the SqlVirtualMachineContainer.",
    "http://a.ml/vocabularies/document#customDomainProperties": [{
      "http://a.ml/vocabularies/core#extensionName": null,
      "http://a.ml/vocabularies/document#definedBy": null,
      "http://a.ml/vocabularies/document#extension": null,
      "id": "file:///Users/abettati/sandbox/azure-rest-api-specs/specification/sql/resource-manager/Microsoft.Sql/preview/2018-06-01-preview/DatabaseSchema.json#/declarations/parameters/parameter/SqlVirtualMachineContainerNameParameter/scalar/schema/extension/ms-parameter-location"
    }],
    "http://www.w3.org/ns/shacl#datatype": "http://www.w3.org/2001/XMLSchema#string",
    "http://www.w3.org/ns/shacl#name": "schema",
    "id": "file:///Users/abettati/sandbox/azure-rest-api-specs/specification/sql/resource-manager/Microsoft.Sql/preview/2018-06-01-preview/DatabaseSchema.json#/declarations/parameters/parameter/SqlVirtualMachineContainerNameParameter/scalar/schema"
  },
  "id": "file:///Users/abettati/sandbox/azure-rest-api-specs/specification/sql/resource-manager/Microsoft.Sql/preview/2018-06-01-preview/DatabaseSchema.json#/declarations/parameters/parameter/SqlVirtualMachineContainerNameParameter"
}, {
  "http://a.ml/vocabularies/apiContract#binding": "path",
  "http://a.ml/vocabularies/apiContract#paramName": "subscriptionId",
  "http://a.ml/vocabularies/apiContract#required": "true",
  "http://a.ml/vocabularies/core#description": "The subscription ID that identifies an Azure subscription.",
  "http://a.ml/vocabularies/core#name": "SubscriptionIdParameter",
  "http://a.ml/vocabularies/document#customDomainProperties": [{
    "http://a.ml/vocabularies/core#extensionName": "ms-parameter-location",
    "http://a.ml/vocabularies/document#definedBy": {
      "http://a.ml/vocabularies/core#name": null,
      "id": "file:///Users/abettati/sandbox/azure-rest-api-specs/specification/sql/resource-manager/Microsoft.Sql/preview/2018-06-01-preview/DatabaseSchema.json#/declarations/parameters/parameter/SubscriptionIdParameter/ms-parameter-location"
    },
    "http://a.ml/vocabularies/document#extension": {
      "http://a.ml/vocabularies/core#name": null,
      "http://a.ml/vocabularies/data#value": null,
      "http://www.w3.org/ns/shacl#datatype": null,
      "id": "file:///Users/abettati/sandbox/azure-rest-api-specs/specification/sql/resource-manager/Microsoft.Sql/preview/2018-06-01-preview/DatabaseSchema.json#/declarations/parameters/parameter/SubscriptionIdParameter/ms-parameter-location/scalar_1"
    },
    "id": "file:///Users/abettati/sandbox/azure-rest-api-specs/specification/sql/resource-manager/Microsoft.Sql/preview/2018-06-01-preview/DatabaseSchema.json#/declarations/parameters/parameter/SubscriptionIdParameter/extension/ms-parameter-location"
  }],
  "http://a.ml/vocabularies/shapes#schema": {
    "http://a.ml/vocabularies/core#description": "The subscription ID that identifies an Azure subscription.",
    "http://a.ml/vocabularies/document#customDomainProperties": [{
      "http://a.ml/vocabularies/core#extensionName": null,
      "http://a.ml/vocabularies/document#definedBy": null,
      "http://a.ml/vocabularies/document#extension": null,
      "id": "file:///Users/abettati/sandbox/azure-rest-api-specs/specification/sql/resource-manager/Microsoft.Sql/preview/2018-06-01-preview/DatabaseSchema.json#/declarations/parameters/parameter/SubscriptionIdParameter/scalar/schema/extension/ms-parameter-location"
    }],
    "http://www.w3.org/ns/shacl#datatype": "http://www.w3.org/2001/XMLSchema#string",
    "http://www.w3.org/ns/shacl#name": "schema",
    "id": "file:///Users/abettati/sandbox/azure-rest-api-specs/specification/sql/resource-manager/Microsoft.Sql/preview/2018-06-01-preview/DatabaseSchema.json#/declarations/parameters/parameter/SubscriptionIdParameter/scalar/schema"
  },
  "id": "file:///Users/abettati/sandbox/azure-rest-api-specs/specification/sql/resource-manager/Microsoft.Sql/preview/2018-06-01-preview/DatabaseSchema.json#/declarations/parameters/parameter/SubscriptionIdParameter"
}, {
  "http://a.ml/vocabularies/apiContract#binding": "path",
  "http://a.ml/vocabularies/apiContract#paramName": "virtualClusterName",
  "http://a.ml/vocabularies/apiContract#required": "true",
  "http://a.ml/vocabularies/core#description": "The name of the virtual cluster.",
  "http://a.ml/vocabularies/core#name": "VirtualClusterNameParameter",
  "http://a.ml/vocabularies/document#customDomainProperties": [{
    "http://a.ml/vocabularies/core#extensionName": "ms-parameter-location",
    "http://a.ml/vocabularies/document#definedBy": {
      "http://a.ml/vocabularies/core#name": null,
      "id": "file:///Users/abettati/sandbox/azure-rest-api-specs/specification/sql/resource-manager/Microsoft.Sql/preview/2018-06-01-preview/DatabaseSchema.json#/declarations/parameters/parameter/VirtualClusterNameParameter/ms-parameter-location"
    },
    "http://a.ml/vocabularies/document#extension": {
      "http://a.ml/vocabularies/core#name": null,
      "http://a.ml/vocabularies/data#value": null,
      "http://www.w3.org/ns/shacl#datatype": null,
      "id": "file:///Users/abettati/sandbox/azure-rest-api-specs/specification/sql/resource-manager/Microsoft.Sql/preview/2018-06-01-preview/DatabaseSchema.json#/declarations/parameters/parameter/VirtualClusterNameParameter/ms-parameter-location/scalar_1"
    },
    "id": "file:///Users/abettati/sandbox/azure-rest-api-specs/specification/sql/resource-manager/Microsoft.Sql/preview/2018-06-01-preview/DatabaseSchema.json#/declarations/parameters/parameter/VirtualClusterNameParameter/extension/ms-parameter-location"
  }],
  "http://a.ml/vocabularies/shapes#schema": {
    "http://a.ml/vocabularies/core#description": "The name of the virtual cluster.",
    "http://a.ml/vocabularies/document#customDomainProperties": [{
      "http://a.ml/vocabularies/core#extensionName": null,
      "http://a.ml/vocabularies/document#definedBy": null,
      "http://a.ml/vocabularies/document#extension": null,
      "id": "file:///Users/abettati/sandbox/azure-rest-api-specs/specification/sql/resource-manager/Microsoft.Sql/preview/2018-06-01-preview/DatabaseSchema.json#/declarations/parameters/parameter/VirtualClusterNameParameter/scalar/schema/extension/ms-parameter-location"
    }],
    "http://www.w3.org/ns/shacl#datatype": "http://www.w3.org/2001/XMLSchema#string",
    "http://www.w3.org/ns/shacl#name": "schema",
    "id": "file:///Users/abettati/sandbox/azure-rest-api-specs/specification/sql/resource-manager/Microsoft.Sql/preview/2018-06-01-preview/DatabaseSchema.json#/declarations/parameters/parameter/VirtualClusterNameParameter/scalar/schema"
  },
  "id": "file:///Users/abettati/sandbox/azure-rest-api-specs/specification/sql/resource-manager/Microsoft.Sql/preview/2018-06-01-preview/DatabaseSchema.json#/declarations/parameters/parameter/VirtualClusterNameParameter"
}, {
  "http://a.ml/vocabularies/apiContract#binding": "path",
  "http://a.ml/vocabularies/apiContract#paramName": "sqlVirtualMachineInstanceName",
  "http://a.ml/vocabularies/apiContract#required": "true",
  "http://a.ml/vocabularies/core#description": "The name of the SqlVirtualMachineInstance.",
  "http://a.ml/vocabularies/core#name": "SqlVirtualMachineInstanceNameParameter",
  "http://a.ml/vocabularies/document#customDomainProperties": [{
    "http://a.ml/vocabularies/core#extensionName": "ms-parameter-location",
    "http://a.ml/vocabularies/document#definedBy": {
      "http://a.ml/vocabularies/core#name": null,
      "id": "file:///Users/abettati/sandbox/azure-rest-api-specs/specification/sql/resource-manager/Microsoft.Sql/preview/2018-06-01-preview/DatabaseSchema.json#/declarations/parameters/parameter/SqlVirtualMachineInstanceNameParameter/ms-parameter-location"
    },
    "http://a.ml/vocabularies/document#extension": {
      "http://a.ml/vocabularies/core#name": null,
      "http://a.ml/vocabularies/data#value": null,
      "http://www.w3.org/ns/shacl#datatype": null,
      "id": "file:///Users/abettati/sandbox/azure-rest-api-specs/specification/sql/resource-manager/Microsoft.Sql/preview/2018-06-01-preview/DatabaseSchema.json#/declarations/parameters/parameter/SqlVirtualMachineInstanceNameParameter/ms-parameter-location/scalar_1"
    },
    "id": "file:///Users/abettati/sandbox/azure-rest-api-specs/specification/sql/resource-manager/Microsoft.Sql/preview/2018-06-01-preview/DatabaseSchema.json#/declarations/parameters/parameter/SqlVirtualMachineInstanceNameParameter/extension/ms-parameter-location"
  }],
  "http://a.ml/vocabularies/shapes#schema": {
    "http://a.ml/vocabularies/core#description": "The name of the SqlVirtualMachineInstance.",
    "http://a.ml/vocabularies/document#customDomainProperties": [{
      "http://a.ml/vocabularies/core#extensionName": null,
      "http://a.ml/vocabularies/document#definedBy": null,
      "http://a.ml/vocabularies/document#extension": null,
      "id": "file:///Users/abettati/sandbox/azure-rest-api-specs/specification/sql/resource-manager/Microsoft.Sql/preview/2018-06-01-preview/DatabaseSchema.json#/declarations/parameters/parameter/SqlVirtualMachineInstanceNameParameter/scalar/schema/extension/ms-parameter-location"
    }],
    "http://www.w3.org/ns/shacl#datatype": "http://www.w3.org/2001/XMLSchema#string",
    "http://www.w3.org/ns/shacl#name": "schema",
    "id": "file:///Users/abettati/sandbox/azure-rest-api-specs/specification/sql/resource-manager/Microsoft.Sql/preview/2018-06-01-preview/DatabaseSchema.json#/declarations/parameters/parameter/SqlVirtualMachineInstanceNameParameter/scalar/schema"
  },
  "id": "file:///Users/abettati/sandbox/azure-rest-api-specs/specification/sql/resource-manager/Microsoft.Sql/preview/2018-06-01-preview/DatabaseSchema.json#/declarations/parameters/parameter/SqlVirtualMachineInstanceNameParameter"
}, {
  "http://a.ml/vocabularies/apiContract#binding": "query",
  "http://a.ml/vocabularies/apiContract#paramName": "$filter",
  "http://a.ml/vocabularies/apiContract#required": "false",
  "http://a.ml/vocabularies/core#description": "An OData filter expression that filters elements in the collection.",
  "http://a.ml/vocabularies/core#name": "$filter",
  "http://a.ml/vocabularies/shapes#schema": {
    "http://a.ml/vocabularies/core#description": "An OData filter expression that filters elements in the collection.",
    "http://www.w3.org/ns/shacl#datatype": "http://www.w3.org/2001/XMLSchema#string",
    "http://www.w3.org/ns/shacl#name": "schema",
    "id": "file:///Users/abettati/sandbox/azure-rest-api-specs/specification/sql/resource-manager/Microsoft.Sql/preview/2018-06-01-preview/DatabaseSchema.json#/web-api/end-points/%2Fsubscriptions%2F%7BsubscriptionId%7D%2FresourceGroups%2F%7BresourceGroupName%7D%2Fproviders%2FMicrosoft.Sql%2Fservers%2F%7BserverName%7D%2Fdatabases%2F%7BdatabaseName%7D%2Fschemas%2F%7BschemaName%7D%2Ftables%2F%7BtableName%7D%2Fcolumns/get/request/parameter/%24filter/scalar/schema"
  },
  "id": "file:///Users/abettati/sandbox/azure-rest-api-specs/specification/sql/resource-manager/Microsoft.Sql/preview/2018-06-01-preview/DatabaseSchema.json#/web-api/end-points/%2Fsubscriptions%2F%7BsubscriptionId%7D%2FresourceGroups%2F%7BresourceGroupName%7D%2Fproviders%2FMicrosoft.Sql%2Fservers%2F%7BserverName%7D%2Fdatabases%2F%7BdatabaseName%7D%2Fschemas%2F%7BschemaName%7D%2Ftables%2F%7BtableName%7D%2Fcolumns/get/request/parameter/%24filter"
}, {
  "http://a.ml/vocabularies/apiContract#binding": "path",
  "http://a.ml/vocabularies/apiContract#paramName": "schemaName",
  "http://a.ml/vocabularies/apiContract#required": "true",
  "http://a.ml/vocabularies/core#description": "The name of the schema.",
  "http://a.ml/vocabularies/core#name": "schemaName",
  "http://a.ml/vocabularies/shapes#schema": {
    "http://a.ml/vocabularies/core#description": "The name of the schema.",
    "http://www.w3.org/ns/shacl#datatype": "http://www.w3.org/2001/XMLSchema#string",
    "http://www.w3.org/ns/shacl#name": "schema",
    "id": "file:///Users/abettati/sandbox/azure-rest-api-specs/specification/sql/resource-manager/Microsoft.Sql/preview/2018-06-01-preview/DatabaseSchema.json#/web-api/end-points/%2Fsubscriptions%2F%7BsubscriptionId%7D%2FresourceGroups%2F%7BresourceGroupName%7D%2Fproviders%2FMicrosoft.Sql%2Fservers%2F%7BserverName%7D%2Fdatabases%2F%7BdatabaseName%7D%2Fschemas%2F%7BschemaName%7D%2Ftables%2F%7BtableName%7D%2Fcolumns/get/request/parameter/schemaName/scalar/schema"
  },
  "id": "file:///Users/abettati/sandbox/azure-rest-api-specs/specification/sql/resource-manager/Microsoft.Sql/preview/2018-06-01-preview/DatabaseSchema.json#/web-api/end-points/%2Fsubscriptions%2F%7BsubscriptionId%7D%2FresourceGroups%2F%7BresourceGroupName%7D%2Fproviders%2FMicrosoft.Sql%2Fservers%2F%7BserverName%7D%2Fdatabases%2F%7BdatabaseName%7D%2Fschemas%2F%7BschemaName%7D%2Ftables%2F%7BtableName%7D%2Fcolumns/get/request/parameter/schemaName"
}, {
  "http://a.ml/vocabularies/apiContract#binding": "path",
  "http://a.ml/vocabularies/apiContract#paramName": "tableName",
  "http://a.ml/vocabularies/apiContract#required": "true",
  "http://a.ml/vocabularies/core#description": "The name of the table.",
  "http://a.ml/vocabularies/core#name": "tableName",
  "http://a.ml/vocabularies/shapes#schema": {
    "http://a.ml/vocabularies/core#description": "The name of the table.",
    "http://www.w3.org/ns/shacl#datatype": "http://www.w3.org/2001/XMLSchema#string",
    "http://www.w3.org/ns/shacl#name": "schema",
    "id": "file:///Users/abettati/sandbox/azure-rest-api-specs/specification/sql/resource-manager/Microsoft.Sql/preview/2018-06-01-preview/DatabaseSchema.json#/web-api/end-points/%2Fsubscriptions%2F%7BsubscriptionId%7D%2FresourceGroups%2F%7BresourceGroupName%7D%2Fproviders%2FMicrosoft.Sql%2Fservers%2F%7BserverName%7D%2Fdatabases%2F%7BdatabaseName%7D%2Fschemas%2F%7BschemaName%7D%2Ftables%2F%7BtableName%7D%2Fcolumns/get/request/parameter/tableName/scalar/schema"
  },
  "id": "file:///Users/abettati/sandbox/azure-rest-api-specs/specification/sql/resource-manager/Microsoft.Sql/preview/2018-06-01-preview/DatabaseSchema.json#/web-api/end-points/%2Fsubscriptions%2F%7BsubscriptionId%7D%2FresourceGroups%2F%7BresourceGroupName%7D%2Fproviders%2FMicrosoft.Sql%2Fservers%2F%7BserverName%7D%2Fdatabases%2F%7BdatabaseName%7D%2Fschemas%2F%7BschemaName%7D%2Ftables%2F%7BtableName%7D%2Fcolumns/get/request/parameter/tableName"
}, {
  "http://a.ml/vocabularies/apiContract#binding": "path",
  "http://a.ml/vocabularies/apiContract#paramName": "columnName",
  "http://a.ml/vocabularies/apiContract#required": "true",
  "http://a.ml/vocabularies/core#description": "The name of the column.",
  "http://a.ml/vocabularies/core#name": "columnName",
  "http://a.ml/vocabularies/shapes#schema": {
    "http://a.ml/vocabularies/core#description": "The name of the column.",
    "http://www.w3.org/ns/shacl#datatype": "http://www.w3.org/2001/XMLSchema#string",
    "http://www.w3.org/ns/shacl#name": "schema",
    "id": "file:///Users/abettati/sandbox/azure-rest-api-specs/specification/sql/resource-manager/Microsoft.Sql/preview/2018-06-01-preview/DatabaseSchema.json#/web-api/end-points/%2Fsubscriptions%2F%7BsubscriptionId%7D%2FresourceGroups%2F%7BresourceGroupName%7D%2Fproviders%2FMicrosoft.Sql%2Fservers%2F%7BserverName%7D%2Fdatabases%2F%7BdatabaseName%7D%2Fschemas%2F%7BschemaName%7D%2Ftables%2F%7BtableName%7D%2Fcolumns%2F%7BcolumnName%7D/get/request/parameter/columnName/scalar/schema"
  },
  "id": "file:///Users/abettati/sandbox/azure-rest-api-specs/specification/sql/resource-manager/Microsoft.Sql/preview/2018-06-01-preview/DatabaseSchema.json#/web-api/end-points/%2Fsubscriptions%2F%7BsubscriptionId%7D%2FresourceGroups%2F%7BresourceGroupName%7D%2Fproviders%2FMicrosoft.Sql%2Fservers%2F%7BserverName%7D%2Fdatabases%2F%7BdatabaseName%7D%2Fschemas%2F%7BschemaName%7D%2Ftables%2F%7BtableName%7D%2Fcolumns%2F%7BcolumnName%7D/get/request/parameter/columnName"
}, {
  "http://a.ml/vocabularies/apiContract#binding": "path",
  "http://a.ml/vocabularies/apiContract#paramName": "schemaName",
  "http://a.ml/vocabularies/apiContract#required": "true",
  "http://a.ml/vocabularies/core#description": "The name of the schema.",
  "http://a.ml/vocabularies/core#name": "schemaName",
  "http://a.ml/vocabularies/shapes#schema": {
    "http://a.ml/vocabularies/core#description": "The name of the schema.",
    "http://www.w3.org/ns/shacl#datatype": "http://www.w3.org/2001/XMLSchema#string",
    "http://www.w3.org/ns/shacl#name": "schema",
    "id": "file:///Users/abettati/sandbox/azure-rest-api-specs/specification/sql/resource-manager/Microsoft.Sql/preview/2018-06-01-preview/DatabaseSchema.json#/web-api/end-points/%2Fsubscriptions%2F%7BsubscriptionId%7D%2FresourceGroups%2F%7BresourceGroupName%7D%2Fproviders%2FMicrosoft.Sql%2Fservers%2F%7BserverName%7D%2Fdatabases%2F%7BdatabaseName%7D%2Fschemas%2F%7BschemaName%7D%2Ftables%2F%7BtableName%7D%2Fcolumns%2F%7BcolumnName%7D/get/request/parameter/schemaName/scalar/schema"
  },
  "id": "file:///Users/abettati/sandbox/azure-rest-api-specs/specification/sql/resource-manager/Microsoft.Sql/preview/2018-06-01-preview/DatabaseSchema.json#/web-api/end-points/%2Fsubscriptions%2F%7BsubscriptionId%7D%2FresourceGroups%2F%7BresourceGroupName%7D%2Fproviders%2FMicrosoft.Sql%2Fservers%2F%7BserverName%7D%2Fdatabases%2F%7BdatabaseName%7D%2Fschemas%2F%7BschemaName%7D%2Ftables%2F%7BtableName%7D%2Fcolumns%2F%7BcolumnName%7D/get/request/parameter/schemaName"
}, {
  "http://a.ml/vocabularies/apiContract#binding": "path",
  "http://a.ml/vocabularies/apiContract#paramName": "tableName",
  "http://a.ml/vocabularies/apiContract#required": "true",
  "http://a.ml/vocabularies/core#description": "The name of the table.",
  "http://a.ml/vocabularies/core#name": "tableName",
  "http://a.ml/vocabularies/shapes#schema": {
    "http://a.ml/vocabularies/core#description": "The name of the table.",
    "http://www.w3.org/ns/shacl#datatype": "http://www.w3.org/2001/XMLSchema#string",
    "http://www.w3.org/ns/shacl#name": "schema",
    "id": "file:///Users/abettati/sandbox/azure-rest-api-specs/specification/sql/resource-manager/Microsoft.Sql/preview/2018-06-01-preview/DatabaseSchema.json#/web-api/end-points/%2Fsubscriptions%2F%7BsubscriptionId%7D%2FresourceGroups%2F%7BresourceGroupName%7D%2Fproviders%2FMicrosoft.Sql%2Fservers%2F%7BserverName%7D%2Fdatabases%2F%7BdatabaseName%7D%2Fschemas%2F%7BschemaName%7D%2Ftables%2F%7BtableName%7D%2Fcolumns%2F%7BcolumnName%7D/get/request/parameter/tableName/scalar/schema"
  },
  "id": "file:///Users/abettati/sandbox/azure-rest-api-specs/specification/sql/resource-manager/Microsoft.Sql/preview/2018-06-01-preview/DatabaseSchema.json#/web-api/end-points/%2Fsubscriptions%2F%7BsubscriptionId%7D%2FresourceGroups%2F%7BresourceGroupName%7D%2Fproviders%2FMicrosoft.Sql%2Fservers%2F%7BserverName%7D%2Fdatabases%2F%7BdatabaseName%7D%2Fschemas%2F%7BschemaName%7D%2Ftables%2F%7BtableName%7D%2Fcolumns%2F%7BcolumnName%7D/get/request/parameter/tableName"
}, {
  "http://a.ml/vocabularies/apiContract#binding": "query",
  "http://a.ml/vocabularies/apiContract#paramName": "$filter",
  "http://a.ml/vocabularies/apiContract#required": "false",
  "http://a.ml/vocabularies/core#description": "An OData filter expression that filters elements in the collection.",
  "http://a.ml/vocabularies/core#name": "$filter",
  "http://a.ml/vocabularies/shapes#schema": {
    "http://a.ml/vocabularies/core#description": "An OData filter expression that filters elements in the collection.",
    "http://www.w3.org/ns/shacl#datatype": "http://www.w3.org/2001/XMLSchema#string",
    "http://www.w3.org/ns/shacl#name": "schema",
    "id": "file:///Users/abettati/sandbox/azure-rest-api-specs/specification/sql/resource-manager/Microsoft.Sql/preview/2018-06-01-preview/DatabaseSchema.json#/web-api/end-points/%2Fsubscriptions%2F%7BsubscriptionId%7D%2FresourceGroups%2F%7BresourceGroupName%7D%2Fproviders%2FMicrosoft.Sql%2Fservers%2F%7BserverName%7D%2Fdatabases%2F%7BdatabaseName%7D%2Fschemas/get/request/parameter/%24filter/scalar/schema"
  },
  "id": "file:///Users/abettati/sandbox/azure-rest-api-specs/specification/sql/resource-manager/Microsoft.Sql/preview/2018-06-01-preview/DatabaseSchema.json#/web-api/end-points/%2Fsubscriptions%2F%7BsubscriptionId%7D%2FresourceGroups%2F%7BresourceGroupName%7D%2Fproviders%2FMicrosoft.Sql%2Fservers%2F%7BserverName%7D%2Fdatabases%2F%7BdatabaseName%7D%2Fschemas/get/request/parameter/%24filter"
}, {
  "http://a.ml/vocabularies/apiContract#binding": "path",
  "http://a.ml/vocabularies/apiContract#paramName": "schemaName",
  "http://a.ml/vocabularies/apiContract#required": "true",
  "http://a.ml/vocabularies/core#description": "The name of the schema.",
  "http://a.ml/vocabularies/core#name": "schemaName",
  "http://a.ml/vocabularies/shapes#schema": {
    "http://a.ml/vocabularies/core#description": "The name of the schema.",
    "http://www.w3.org/ns/shacl#datatype": "http://www.w3.org/2001/XMLSchema#string",
    "http://www.w3.org/ns/shacl#name": "schema",
    "id": "file:///Users/abettati/sandbox/azure-rest-api-specs/specification/sql/resource-manager/Microsoft.Sql/preview/2018-06-01-preview/DatabaseSchema.json#/web-api/end-points/%2Fsubscriptions%2F%7BsubscriptionId%7D%2FresourceGroups%2F%7BresourceGroupName%7D%2Fproviders%2FMicrosoft.Sql%2Fservers%2F%7BserverName%7D%2Fdatabases%2F%7BdatabaseName%7D%2Fschemas%2F%7BschemaName%7D/get/request/parameter/schemaName/scalar/schema"
  },
  "id": "file:///Users/abettati/sandbox/azure-rest-api-specs/specification/sql/resource-manager/Microsoft.Sql/preview/2018-06-01-preview/DatabaseSchema.json#/web-api/end-points/%2Fsubscriptions%2F%7BsubscriptionId%7D%2FresourceGroups%2F%7BresourceGroupName%7D%2Fproviders%2FMicrosoft.Sql%2Fservers%2F%7BserverName%7D%2Fdatabases%2F%7BdatabaseName%7D%2Fschemas%2F%7BschemaName%7D/get/request/parameter/schemaName"
}, {
  "http://a.ml/vocabularies/apiContract#binding": "query",
  "http://a.ml/vocabularies/apiContract#paramName": "$filter",
  "http://a.ml/vocabularies/apiContract#required": "false",
  "http://a.ml/vocabularies/core#description": "An OData filter expression that filters elements in the collection.",
  "http://a.ml/vocabularies/core#name": "$filter",
  "http://a.ml/vocabularies/shapes#schema": {
    "http://a.ml/vocabularies/core#description": "An OData filter expression that filters elements in the collection.",
    "http://www.w3.org/ns/shacl#datatype": "http://www.w3.org/2001/XMLSchema#string",
    "http://www.w3.org/ns/shacl#name": "schema",
    "id": "file:///Users/abettati/sandbox/azure-rest-api-specs/specification/sql/resource-manager/Microsoft.Sql/preview/2018-06-01-preview/DatabaseSchema.json#/web-api/end-points/%2Fsubscriptions%2F%7BsubscriptionId%7D%2FresourceGroups%2F%7BresourceGroupName%7D%2Fproviders%2FMicrosoft.Sql%2Fservers%2F%7BserverName%7D%2Fdatabases%2F%7BdatabaseName%7D%2Fschemas%2F%7BschemaName%7D%2Ftables/get/request/parameter/%24filter/scalar/schema"
  },
  "id": "file:///Users/abettati/sandbox/azure-rest-api-specs/specification/sql/resource-manager/Microsoft.Sql/preview/2018-06-01-preview/DatabaseSchema.json#/web-api/end-points/%2Fsubscriptions%2F%7BsubscriptionId%7D%2FresourceGroups%2F%7BresourceGroupName%7D%2Fproviders%2FMicrosoft.Sql%2Fservers%2F%7BserverName%7D%2Fdatabases%2F%7BdatabaseName%7D%2Fschemas%2F%7BschemaName%7D%2Ftables/get/request/parameter/%24filter"
}, {
  "http://a.ml/vocabularies/apiContract#binding": "path",
  "http://a.ml/vocabularies/apiContract#paramName": "schemaName",
  "http://a.ml/vocabularies/apiContract#required": "true",
  "http://a.ml/vocabularies/core#description": "The name of the schema.",
  "http://a.ml/vocabularies/core#name": "schemaName",
  "http://a.ml/vocabularies/shapes#schema": {
    "http://a.ml/vocabularies/core#description": "The name of the schema.",
    "http://www.w3.org/ns/shacl#datatype": "http://www.w3.org/2001/XMLSchema#string",
    "http://www.w3.org/ns/shacl#name": "schema",
    "id": "file:///Users/abettati/sandbox/azure-rest-api-specs/specification/sql/resource-manager/Microsoft.Sql/preview/2018-06-01-preview/DatabaseSchema.json#/web-api/end-points/%2Fsubscriptions%2F%7BsubscriptionId%7D%2FresourceGroups%2F%7BresourceGroupName%7D%2Fproviders%2FMicrosoft.Sql%2Fservers%2F%7BserverName%7D%2Fdatabases%2F%7BdatabaseName%7D%2Fschemas%2F%7BschemaName%7D%2Ftables/get/request/parameter/schemaName/scalar/schema"
  },
  "id": "file:///Users/abettati/sandbox/azure-rest-api-specs/specification/sql/resource-manager/Microsoft.Sql/preview/2018-06-01-preview/DatabaseSchema.json#/web-api/end-points/%2Fsubscriptions%2F%7BsubscriptionId%7D%2FresourceGroups%2F%7BresourceGroupName%7D%2Fproviders%2FMicrosoft.Sql%2Fservers%2F%7BserverName%7D%2Fdatabases%2F%7BdatabaseName%7D%2Fschemas%2F%7BschemaName%7D%2Ftables/get/request/parameter/schemaName"
}, {
  "http://a.ml/vocabularies/apiContract#binding": "path",
  "http://a.ml/vocabularies/apiContract#paramName": "schemaName",
  "http://a.ml/vocabularies/apiContract#required": "true",
  "http://a.ml/vocabularies/core#description": "The name of the schema.",
  "http://a.ml/vocabularies/core#name": "schemaName",
  "http://a.ml/vocabularies/shapes#schema": {
    "http://a.ml/vocabularies/core#description": "The name of the schema.",
    "http://www.w3.org/ns/shacl#datatype": "http://www.w3.org/2001/XMLSchema#string",
    "http://www.w3.org/ns/shacl#name": "schema",
    "id": "file:///Users/abettati/sandbox/azure-rest-api-specs/specification/sql/resource-manager/Microsoft.Sql/preview/2018-06-01-preview/DatabaseSchema.json#/web-api/end-points/%2Fsubscriptions%2F%7BsubscriptionId%7D%2FresourceGroups%2F%7BresourceGroupName%7D%2Fproviders%2FMicrosoft.Sql%2Fservers%2F%7BserverName%7D%2Fdatabases%2F%7BdatabaseName%7D%2Fschemas%2F%7BschemaName%7D%2Ftables%2F%7BtableName%7D/get/request/parameter/schemaName/scalar/schema"
  },
  "id": "file:///Users/abettati/sandbox/azure-rest-api-specs/specification/sql/resource-manager/Microsoft.Sql/preview/2018-06-01-preview/DatabaseSchema.json#/web-api/end-points/%2Fsubscriptions%2F%7BsubscriptionId%7D%2FresourceGroups%2F%7BresourceGroupName%7D%2Fproviders%2FMicrosoft.Sql%2Fservers%2F%7BserverName%7D%2Fdatabases%2F%7BdatabaseName%7D%2Fschemas%2F%7BschemaName%7D%2Ftables%2F%7BtableName%7D/get/request/parameter/schemaName"
}, {
  "http://a.ml/vocabularies/apiContract#binding": "path",
  "http://a.ml/vocabularies/apiContract#paramName": "tableName",
  "http://a.ml/vocabularies/apiContract#required": "true",
  "http://a.ml/vocabularies/core#description": "The name of the table.",
  "http://a.ml/vocabularies/core#name": "tableName",
  "http://a.ml/vocabularies/shapes#schema": {
    "http://a.ml/vocabularies/core#description": "The name of the table.",
    "http://www.w3.org/ns/shacl#datatype": "http://www.w3.org/2001/XMLSchema#string",
    "http://www.w3.org/ns/shacl#name": "schema",
    "id": "file:///Users/abettati/sandbox/azure-rest-api-specs/specification/sql/resource-manager/Microsoft.Sql/preview/2018-06-01-preview/DatabaseSchema.json#/web-api/end-points/%2Fsubscriptions%2F%7BsubscriptionId%7D%2FresourceGroups%2F%7BresourceGroupName%7D%2Fproviders%2FMicrosoft.Sql%2Fservers%2F%7BserverName%7D%2Fdatabases%2F%7BdatabaseName%7D%2Fschemas%2F%7BschemaName%7D%2Ftables%2F%7BtableName%7D/get/request/parameter/tableName/scalar/schema"
  },
  "id": "file:///Users/abettati/sandbox/azure-rest-api-specs/specification/sql/resource-manager/Microsoft.Sql/preview/2018-06-01-preview/DatabaseSchema.json#/web-api/end-points/%2Fsubscriptions%2F%7BsubscriptionId%7D%2FresourceGroups%2F%7BresourceGroupName%7D%2Fproviders%2FMicrosoft.Sql%2Fservers%2F%7BserverName%7D%2Fdatabases%2F%7BdatabaseName%7D%2Fschemas%2F%7BschemaName%7D%2Ftables%2F%7BtableName%7D/get/request/parameter/tableName"
}]