[{
  "http://a.ml/vocabularies/apiContract#binding": "path",
  "http://a.ml/vocabularies/apiContract#paramName": "resourceGroupName",
  "http://a.ml/vocabularies/apiContract#required": "true",
  "http://a.ml/vocabularies/core#description": "The name of the resource group.",
  "http://a.ml/vocabularies/core#name": "ResourceGroupNameParameter",
  "http://a.ml/vocabularies/document#customDomainProperties": [{
    "http://a.ml/vocabularies/core#extensionName": "ms-parameter-location",
    "http://a.ml/vocabularies/document#definedBy": {
      "http://a.ml/vocabularies/core#name": null,
      "id": "file:///Users/abettati/sandbox/azure-rest-api-specs/specification/monitor/resource-manager/Microsoft.Insights/preview/2020-05-01-preview/scheduledQueryRule_API.json#/declarations/parameters/parameter/ResourceGroupNameParameter/ms-parameter-location"
    },
    "http://a.ml/vocabularies/document#extension": {
      "http://a.ml/vocabularies/core#name": null,
      "http://a.ml/vocabularies/data#value": null,
      "http://www.w3.org/ns/shacl#datatype": null,
      "id": "file:///Users/abettati/sandbox/azure-rest-api-specs/specification/monitor/resource-manager/Microsoft.Insights/preview/2020-05-01-preview/scheduledQueryRule_API.json#/declarations/parameters/parameter/ResourceGroupNameParameter/ms-parameter-location/scalar_1"
    },
    "id": "file:///Users/abettati/sandbox/azure-rest-api-specs/specification/monitor/resource-manager/Microsoft.Insights/preview/2020-05-01-preview/scheduledQueryRule_API.json#/declarations/parameters/parameter/ResourceGroupNameParameter/extension/ms-parameter-location"
  }],
  "http://a.ml/vocabularies/shapes#schema": {
    "http://a.ml/vocabularies/core#description": "The name of the resource group.",
    "http://a.ml/vocabularies/document#customDomainProperties": [{
      "http://a.ml/vocabularies/core#extensionName": null,
      "http://a.ml/vocabularies/document#definedBy": null,
      "http://a.ml/vocabularies/document#extension": null,
      "id": "file:///Users/abettati/sandbox/azure-rest-api-specs/specification/monitor/resource-manager/Microsoft.Insights/preview/2020-05-01-preview/scheduledQueryRule_API.json#/declarations/parameters/parameter/ResourceGroupNameParameter/scalar/schema/extension/ms-parameter-location"
    }],
    "http://www.w3.org/ns/shacl#datatype": "http://www.w3.org/2001/XMLSchema#string",
    "http://www.w3.org/ns/shacl#name": "schema",
    "id": "file:///Users/abettati/sandbox/azure-rest-api-specs/specification/monitor/resource-manager/Microsoft.Insights/preview/2020-05-01-preview/scheduledQueryRule_API.json#/declarations/parameters/parameter/ResourceGroupNameParameter/scalar/schema"
  },
  "id": "file:///Users/abettati/sandbox/azure-rest-api-specs/specification/monitor/resource-manager/Microsoft.Insights/preview/2020-05-01-preview/scheduledQueryRule_API.json#/declarations/parameters/parameter/ResourceGroupNameParameter"
}, {
  "http://a.ml/vocabularies/apiContract#binding": "path",
  "http://a.ml/vocabularies/apiContract#paramName": "ruleName",
  "http://a.ml/vocabularies/apiContract#required": "true",
  "http://a.ml/vocabularies/core#description": "The name of the rule.",
  "http://a.ml/vocabularies/core#name": "RuleNameParameter",
  "http://a.ml/vocabularies/document#customDomainProperties": [{
    "http://a.ml/vocabularies/core#extensionName": "ms-parameter-location",
    "http://a.ml/vocabularies/document#definedBy": {
      "http://a.ml/vocabularies/core#name": null,
      "id": "file:///Users/abettati/sandbox/azure-rest-api-specs/specification/monitor/resource-manager/Microsoft.Insights/preview/2020-05-01-preview/scheduledQueryRule_API.json#/declarations/parameters/parameter/RuleNameParameter/ms-parameter-location"
    },
    "http://a.ml/vocabularies/document#extension": {
      "http://a.ml/vocabularies/core#name": null,
      "http://a.ml/vocabularies/data#value": null,
      "http://www.w3.org/ns/shacl#datatype": null,
      "id": "file:///Users/abettati/sandbox/azure-rest-api-specs/specification/monitor/resource-manager/Microsoft.Insights/preview/2020-05-01-preview/scheduledQueryRule_API.json#/declarations/parameters/parameter/RuleNameParameter/ms-parameter-location/scalar_1"
    },
    "id": "file:///Users/abettati/sandbox/azure-rest-api-specs/specification/monitor/resource-manager/Microsoft.Insights/preview/2020-05-01-preview/scheduledQueryRule_API.json#/declarations/parameters/parameter/RuleNameParameter/extension/ms-parameter-location"
  }],
  "http://a.ml/vocabularies/shapes#schema": {
    "http://a.ml/vocabularies/core#description": "The name of the rule.",
    "http://a.ml/vocabularies/document#customDomainProperties": [{
      "http://a.ml/vocabularies/core#extensionName": null,
      "http://a.ml/vocabularies/document#definedBy": null,
      "http://a.ml/vocabularies/document#extension": null,
      "id": "file:///Users/abettati/sandbox/azure-rest-api-specs/specification/monitor/resource-manager/Microsoft.Insights/preview/2020-05-01-preview/scheduledQueryRule_API.json#/declarations/parameters/parameter/RuleNameParameter/scalar/schema/extension/ms-parameter-location"
    }],
    "http://www.w3.org/ns/shacl#datatype": "http://www.w3.org/2001/XMLSchema#string",
    "http://www.w3.org/ns/shacl#name": "schema",
    "id": "file:///Users/abettati/sandbox/azure-rest-api-specs/specification/monitor/resource-manager/Microsoft.Insights/preview/2020-05-01-preview/scheduledQueryRule_API.json#/declarations/parameters/parameter/RuleNameParameter/scalar/schema"
  },
  "id": "file:///Users/abettati/sandbox/azure-rest-api-specs/specification/monitor/resource-manager/Microsoft.Insights/preview/2020-05-01-preview/scheduledQueryRule_API.json#/declarations/parameters/parameter/RuleNameParameter"
}, {
  "http://a.ml/vocabularies/apiContract#binding": "query",
  "http://a.ml/vocabularies/apiContract#paramName": "api-version",
  "http://a.ml/vocabularies/apiContract#required": "true",
  "http://a.ml/vocabularies/core#description": "The API version to use for this operation.",
  "http://a.ml/vocabularies/core#name": "api-version",
  "http://a.ml/vocabularies/shapes#schema": {
    "http://a.ml/vocabularies/core#description": "The API version to use for this operation.",
    "http://www.w3.org/ns/shacl#datatype": "http://www.w3.org/2001/XMLSchema#string",
    "http://www.w3.org/ns/shacl#minLength": "1",
    "http://www.w3.org/ns/shacl#name": "schema",
    "id": "file:///Users/abettati/sandbox/azure-rest-api-specs/specification/monitor/resource-manager/Microsoft.Insights/preview/2020-05-01-preview/scheduledQueryRule_API.json#/web-api/end-points/%2Fsubscriptions%2F%7BsubscriptionId%7D%2Fproviders%2FMicrosoft.Insights%2FscheduledQueryRules/get/request/parameter/api-version/scalar/schema"
  },
  "id": "file:///Users/abettati/sandbox/azure-rest-api-specs/specification/monitor/resource-manager/Microsoft.Insights/preview/2020-05-01-preview/scheduledQueryRule_API.json#/web-api/end-points/%2Fsubscriptions%2F%7BsubscriptionId%7D%2Fproviders%2FMicrosoft.Insights%2FscheduledQueryRules/get/request/parameter/api-version"
}, {
  "http://a.ml/vocabularies/apiContract#binding": "path",
  "http://a.ml/vocabularies/apiContract#paramName": "subscriptionId",
  "http://a.ml/vocabularies/apiContract#required": "true",
  "http://a.ml/vocabularies/core#description": "The ID of the target subscription.",
  "http://a.ml/vocabularies/core#name": "subscriptionId",
  "http://a.ml/vocabularies/shapes#schema": {
    "http://a.ml/vocabularies/core#description": "The ID of the target subscription.",
    "http://www.w3.org/ns/shacl#datatype": "http://www.w3.org/2001/XMLSchema#string",
    "http://www.w3.org/ns/shacl#minLength": "1",
    "http://www.w3.org/ns/shacl#name": "schema",
    "id": "file:///Users/abettati/sandbox/azure-rest-api-specs/specification/monitor/resource-manager/Microsoft.Insights/preview/2020-05-01-preview/scheduledQueryRule_API.json#/web-api/end-points/%2Fsubscriptions%2F%7BsubscriptionId%7D%2Fproviders%2FMicrosoft.Insights%2FscheduledQueryRules/get/request/parameter/subscriptionId/scalar/schema"
  },
  "id": "file:///Users/abettati/sandbox/azure-rest-api-specs/specification/monitor/resource-manager/Microsoft.Insights/preview/2020-05-01-preview/scheduledQueryRule_API.json#/web-api/end-points/%2Fsubscriptions%2F%7BsubscriptionId%7D%2Fproviders%2FMicrosoft.Insights%2FscheduledQueryRules/get/request/parameter/subscriptionId"
}, {
  "http://a.ml/vocabularies/apiContract#binding": "query",
  "http://a.ml/vocabularies/apiContract#paramName": "api-version",
  "http://a.ml/vocabularies/apiContract#required": "true",
  "http://a.ml/vocabularies/core#description": "The API version to use for this operation.",
  "http://a.ml/vocabularies/core#name": "api-version",
  "http://a.ml/vocabularies/shapes#schema": {
    "http://a.ml/vocabularies/core#description": "The API version to use for this operation.",
    "http://www.w3.org/ns/shacl#datatype": "http://www.w3.org/2001/XMLSchema#string",
    "http://www.w3.org/ns/shacl#minLength": "1",
    "http://www.w3.org/ns/shacl#name": "schema",
    "id": "file:///Users/abettati/sandbox/azure-rest-api-specs/specification/monitor/resource-manager/Microsoft.Insights/preview/2020-05-01-preview/scheduledQueryRule_API.json#/web-api/end-points/%2Fsubscriptions%2F%7BsubscriptionId%7D%2FresourceGroups%2F%7BresourceGroupName%7D%2Fproviders%2FMicrosoft.Insights%2FscheduledQueryRules/get/request/parameter/api-version/scalar/schema"
  },
  "id": "file:///Users/abettati/sandbox/azure-rest-api-specs/specification/monitor/resource-manager/Microsoft.Insights/preview/2020-05-01-preview/scheduledQueryRule_API.json#/web-api/end-points/%2Fsubscriptions%2F%7BsubscriptionId%7D%2FresourceGroups%2F%7BresourceGroupName%7D%2Fproviders%2FMicrosoft.Insights%2FscheduledQueryRules/get/request/parameter/api-version"
}, {
  "http://a.ml/vocabularies/apiContract#binding": "path",
  "http://a.ml/vocabularies/apiContract#paramName": "subscriptionId",
  "http://a.ml/vocabularies/apiContract#required": "true",
  "http://a.ml/vocabularies/core#description": "The ID of the target subscription.",
  "http://a.ml/vocabularies/core#name": "subscriptionId",
  "http://a.ml/vocabularies/shapes#schema": {
    "http://a.ml/vocabularies/core#description": "The ID of the target subscription.",
    "http://www.w3.org/ns/shacl#datatype": "http://www.w3.org/2001/XMLSchema#string",
    "http://www.w3.org/ns/shacl#minLength": "1",
    "http://www.w3.org/ns/shacl#name": "schema",
    "id": "file:///Users/abettati/sandbox/azure-rest-api-specs/specification/monitor/resource-manager/Microsoft.Insights/preview/2020-05-01-preview/scheduledQueryRule_API.json#/web-api/end-points/%2Fsubscriptions%2F%7BsubscriptionId%7D%2FresourceGroups%2F%7BresourceGroupName%7D%2Fproviders%2FMicrosoft.Insights%2FscheduledQueryRules/get/request/parameter/subscriptionId/scalar/schema"
  },
  "id": "file:///Users/abettati/sandbox/azure-rest-api-specs/specification/monitor/resource-manager/Microsoft.Insights/preview/2020-05-01-preview/scheduledQueryRule_API.json#/web-api/end-points/%2Fsubscriptions%2F%7BsubscriptionId%7D%2FresourceGroups%2F%7BresourceGroupName%7D%2Fproviders%2FMicrosoft.Insights%2FscheduledQueryRules/get/request/parameter/subscriptionId"
}, {
  "http://a.ml/vocabularies/apiContract#binding": "query",
  "http://a.ml/vocabularies/apiContract#paramName": "api-version",
  "http://a.ml/vocabularies/apiContract#required": "true",
  "http://a.ml/vocabularies/core#description": "The API version to use for this operation.",
  "http://a.ml/vocabularies/core#name": "api-version",
  "http://a.ml/vocabularies/shapes#schema": {
    "http://a.ml/vocabularies/core#description": "The API version to use for this operation.",
    "http://www.w3.org/ns/shacl#datatype": "http://www.w3.org/2001/XMLSchema#string",
    "http://www.w3.org/ns/shacl#minLength": "1",
    "http://www.w3.org/ns/shacl#name": "schema",
    "id": "file:///Users/abettati/sandbox/azure-rest-api-specs/specification/monitor/resource-manager/Microsoft.Insights/preview/2020-05-01-preview/scheduledQueryRule_API.json#/web-api/end-points/%2Fsubscriptions%2F%7BsubscriptionId%7D%2FresourceGroups%2F%7BresourceGroupName%7D%2Fproviders%2FMicrosoft.Insights%2FscheduledQueryRules%2F%7BruleName%7D/get/request/parameter/api-version/scalar/schema"
  },
  "id": "file:///Users/abettati/sandbox/azure-rest-api-specs/specification/monitor/resource-manager/Microsoft.Insights/preview/2020-05-01-preview/scheduledQueryRule_API.json#/web-api/end-points/%2Fsubscriptions%2F%7BsubscriptionId%7D%2FresourceGroups%2F%7BresourceGroupName%7D%2Fproviders%2FMicrosoft.Insights%2FscheduledQueryRules%2F%7BruleName%7D/get/request/parameter/api-version"
}, {
  "http://a.ml/vocabularies/apiContract#binding": "path",
  "http://a.ml/vocabularies/apiContract#paramName": "subscriptionId",
  "http://a.ml/vocabularies/apiContract#required": "true",
  "http://a.ml/vocabularies/core#description": "The ID of the target subscription.",
  "http://a.ml/vocabularies/core#name": "subscriptionId",
  "http://a.ml/vocabularies/shapes#schema": {
    "http://a.ml/vocabularies/core#description": "The ID of the target subscription.",
    "http://www.w3.org/ns/shacl#datatype": "http://www.w3.org/2001/XMLSchema#string",
    "http://www.w3.org/ns/shacl#minLength": "1",
    "http://www.w3.org/ns/shacl#name": "schema",
    "id": "file:///Users/abettati/sandbox/azure-rest-api-specs/specification/monitor/resource-manager/Microsoft.Insights/preview/2020-05-01-preview/scheduledQueryRule_API.json#/web-api/end-points/%2Fsubscriptions%2F%7BsubscriptionId%7D%2FresourceGroups%2F%7BresourceGroupName%7D%2Fproviders%2FMicrosoft.Insights%2FscheduledQueryRules%2F%7BruleName%7D/get/request/parameter/subscriptionId/scalar/schema"
  },
  "id": "file:///Users/abettati/sandbox/azure-rest-api-specs/specification/monitor/resource-manager/Microsoft.Insights/preview/2020-05-01-preview/scheduledQueryRule_API.json#/web-api/end-points/%2Fsubscriptions%2F%7BsubscriptionId%7D%2FresourceGroups%2F%7BresourceGroupName%7D%2Fproviders%2FMicrosoft.Insights%2FscheduledQueryRules%2F%7BruleName%7D/get/request/parameter/subscriptionId"
}, {
  "http://a.ml/vocabularies/apiContract#binding": "query",
  "http://a.ml/vocabularies/apiContract#paramName": "api-version",
  "http://a.ml/vocabularies/apiContract#required": "true",
  "http://a.ml/vocabularies/core#description": "The API version to use for this operation.",
  "http://a.ml/vocabularies/core#name": "api-version",
  "http://a.ml/vocabularies/shapes#schema": {
    "http://a.ml/vocabularies/core#description": "The API version to use for this operation.",
    "http://www.w3.org/ns/shacl#datatype": "http://www.w3.org/2001/XMLSchema#string",
    "http://www.w3.org/ns/shacl#minLength": "1",
    "http://www.w3.org/ns/shacl#name": "schema",
    "id": "file:///Users/abettati/sandbox/azure-rest-api-specs/specification/monitor/resource-manager/Microsoft.Insights/preview/2020-05-01-preview/scheduledQueryRule_API.json#/web-api/end-points/%2Fsubscriptions%2F%7BsubscriptionId%7D%2FresourceGroups%2F%7BresourceGroupName%7D%2Fproviders%2FMicrosoft.Insights%2FscheduledQueryRules%2F%7BruleName%7D/put/request/parameter/api-version/scalar/schema"
  },
  "id": "file:///Users/abettati/sandbox/azure-rest-api-specs/specification/monitor/resource-manager/Microsoft.Insights/preview/2020-05-01-preview/scheduledQueryRule_API.json#/web-api/end-points/%2Fsubscriptions%2F%7BsubscriptionId%7D%2FresourceGroups%2F%7BresourceGroupName%7D%2Fproviders%2FMicrosoft.Insights%2FscheduledQueryRules%2F%7BruleName%7D/put/request/parameter/api-version"
}, {
  "http://a.ml/vocabularies/apiContract#binding": "path",
  "http://a.ml/vocabularies/apiContract#paramName": "subscriptionId",
  "http://a.ml/vocabularies/apiContract#required": "true",
  "http://a.ml/vocabularies/core#description": "The ID of the target subscription.",
  "http://a.ml/vocabularies/core#name": "subscriptionId",
  "http://a.ml/vocabularies/shapes#schema": {
    "http://a.ml/vocabularies/core#description": "The ID of the target subscription.",
    "http://www.w3.org/ns/shacl#datatype": "http://www.w3.org/2001/XMLSchema#string",
    "http://www.w3.org/ns/shacl#minLength": "1",
    "http://www.w3.org/ns/shacl#name": "schema",
    "id": "file:///Users/abettati/sandbox/azure-rest-api-specs/specification/monitor/resource-manager/Microsoft.Insights/preview/2020-05-01-preview/scheduledQueryRule_API.json#/web-api/end-points/%2Fsubscriptions%2F%7BsubscriptionId%7D%2FresourceGroups%2F%7BresourceGroupName%7D%2Fproviders%2FMicrosoft.Insights%2FscheduledQueryRules%2F%7BruleName%7D/put/request/parameter/subscriptionId/scalar/schema"
  },
  "id": "file:///Users/abettati/sandbox/azure-rest-api-specs/specification/monitor/resource-manager/Microsoft.Insights/preview/2020-05-01-preview/scheduledQueryRule_API.json#/web-api/end-points/%2Fsubscriptions%2F%7BsubscriptionId%7D%2FresourceGroups%2F%7BresourceGroupName%7D%2Fproviders%2FMicrosoft.Insights%2FscheduledQueryRules%2F%7BruleName%7D/put/request/parameter/subscriptionId"
}, {
  "http://a.ml/vocabularies/apiContract#binding": "query",
  "http://a.ml/vocabularies/apiContract#paramName": "api-version",
  "http://a.ml/vocabularies/apiContract#required": "true",
  "http://a.ml/vocabularies/core#description": "The API version to use for this operation.",
  "http://a.ml/vocabularies/core#name": "api-version",
  "http://a.ml/vocabularies/shapes#schema": {
    "http://a.ml/vocabularies/core#description": "The API version to use for this operation.",
    "http://www.w3.org/ns/shacl#datatype": "http://www.w3.org/2001/XMLSchema#string",
    "http://www.w3.org/ns/shacl#minLength": "1",
    "http://www.w3.org/ns/shacl#name": "schema",
    "id": "file:///Users/abettati/sandbox/azure-rest-api-specs/specification/monitor/resource-manager/Microsoft.Insights/preview/2020-05-01-preview/scheduledQueryRule_API.json#/web-api/end-points/%2Fsubscriptions%2F%7BsubscriptionId%7D%2FresourceGroups%2F%7BresourceGroupName%7D%2Fproviders%2FMicrosoft.Insights%2FscheduledQueryRules%2F%7BruleName%7D/patch/request/parameter/api-version/scalar/schema"
  },
  "id": "file:///Users/abettati/sandbox/azure-rest-api-specs/specification/monitor/resource-manager/Microsoft.Insights/preview/2020-05-01-preview/scheduledQueryRule_API.json#/web-api/end-points/%2Fsubscriptions%2F%7BsubscriptionId%7D%2FresourceGroups%2F%7BresourceGroupName%7D%2Fproviders%2FMicrosoft.Insights%2FscheduledQueryRules%2F%7BruleName%7D/patch/request/parameter/api-version"
}, {
  "http://a.ml/vocabularies/apiContract#binding": "path",
  "http://a.ml/vocabularies/apiContract#paramName": "subscriptionId",
  "http://a.ml/vocabularies/apiContract#required": "true",
  "http://a.ml/vocabularies/core#description": "The ID of the target subscription.",
  "http://a.ml/vocabularies/core#name": "subscriptionId",
  "http://a.ml/vocabularies/shapes#schema": {
    "http://a.ml/vocabularies/core#description": "The ID of the target subscription.",
    "http://www.w3.org/ns/shacl#datatype": "http://www.w3.org/2001/XMLSchema#string",
    "http://www.w3.org/ns/shacl#minLength": "1",
    "http://www.w3.org/ns/shacl#name": "schema",
    "id": "file:///Users/abettati/sandbox/azure-rest-api-specs/specification/monitor/resource-manager/Microsoft.Insights/preview/2020-05-01-preview/scheduledQueryRule_API.json#/web-api/end-points/%2Fsubscriptions%2F%7BsubscriptionId%7D%2FresourceGroups%2F%7BresourceGroupName%7D%2Fproviders%2FMicrosoft.Insights%2FscheduledQueryRules%2F%7BruleName%7D/patch/request/parameter/subscriptionId/scalar/schema"
  },
  "id": "file:///Users/abettati/sandbox/azure-rest-api-specs/specification/monitor/resource-manager/Microsoft.Insights/preview/2020-05-01-preview/scheduledQueryRule_API.json#/web-api/end-points/%2Fsubscriptions%2F%7BsubscriptionId%7D%2FresourceGroups%2F%7BresourceGroupName%7D%2Fproviders%2FMicrosoft.Insights%2FscheduledQueryRules%2F%7BruleName%7D/patch/request/parameter/subscriptionId"
}, {
  "http://a.ml/vocabularies/apiContract#binding": "query",
  "http://a.ml/vocabularies/apiContract#paramName": "api-version",
  "http://a.ml/vocabularies/apiContract#required": "true",
  "http://a.ml/vocabularies/core#description": "The API version to use for this operation.",
  "http://a.ml/vocabularies/core#name": "api-version",
  "http://a.ml/vocabularies/shapes#schema": {
    "http://a.ml/vocabularies/core#description": "The API version to use for this operation.",
    "http://www.w3.org/ns/shacl#datatype": "http://www.w3.org/2001/XMLSchema#string",
    "http://www.w3.org/ns/shacl#minLength": "1",
    "http://www.w3.org/ns/shacl#name": "schema",
    "id": "file:///Users/abettati/sandbox/azure-rest-api-specs/specification/monitor/resource-manager/Microsoft.Insights/preview/2020-05-01-preview/scheduledQueryRule_API.json#/web-api/end-points/%2Fsubscriptions%2F%7BsubscriptionId%7D%2FresourceGroups%2F%7BresourceGroupName%7D%2Fproviders%2FMicrosoft.Insights%2FscheduledQueryRules%2F%7BruleName%7D/delete/request/parameter/api-version/scalar/schema"
  },
  "id": "file:///Users/abettati/sandbox/azure-rest-api-specs/specification/monitor/resource-manager/Microsoft.Insights/preview/2020-05-01-preview/scheduledQueryRule_API.json#/web-api/end-points/%2Fsubscriptions%2F%7BsubscriptionId%7D%2FresourceGroups%2F%7BresourceGroupName%7D%2Fproviders%2FMicrosoft.Insights%2FscheduledQueryRules%2F%7BruleName%7D/delete/request/parameter/api-version"
}, {
  "http://a.ml/vocabularies/apiContract#binding": "path",
  "http://a.ml/vocabularies/apiContract#paramName": "subscriptionId",
  "http://a.ml/vocabularies/apiContract#required": "true",
  "http://a.ml/vocabularies/core#description": "The ID of the target subscription.",
  "http://a.ml/vocabularies/core#name": "subscriptionId",
  "http://a.ml/vocabularies/shapes#schema": {
    "http://a.ml/vocabularies/core#description": "The ID of the target subscription.",
    "http://www.w3.org/ns/shacl#datatype": "http://www.w3.org/2001/XMLSchema#string",
    "http://www.w3.org/ns/shacl#minLength": "1",
    "http://www.w3.org/ns/shacl#name": "schema",
    "id": "file:///Users/abettati/sandbox/azure-rest-api-specs/specification/monitor/resource-manager/Microsoft.Insights/preview/2020-05-01-preview/scheduledQueryRule_API.json#/web-api/end-points/%2Fsubscriptions%2F%7BsubscriptionId%7D%2FresourceGroups%2F%7BresourceGroupName%7D%2Fproviders%2FMicrosoft.Insights%2FscheduledQueryRules%2F%7BruleName%7D/delete/request/parameter/subscriptionId/scalar/schema"
  },
  "id": "file:///Users/abettati/sandbox/azure-rest-api-specs/specification/monitor/resource-manager/Microsoft.Insights/preview/2020-05-01-preview/scheduledQueryRule_API.json#/web-api/end-points/%2Fsubscriptions%2F%7BsubscriptionId%7D%2FresourceGroups%2F%7BresourceGroupName%7D%2Fproviders%2FMicrosoft.Insights%2FscheduledQueryRules%2F%7BruleName%7D/delete/request/parameter/subscriptionId"
}]