[{
  "http://a.ml/vocabularies/apiContract#binding": "path",
  "http://a.ml/vocabularies/apiContract#paramName": "subscriptionId",
  "http://a.ml/vocabularies/apiContract#required": "true",
  "http://a.ml/vocabularies/core#description": "The Subscription Id",
  "http://a.ml/vocabularies/core#name": "subscriptionIdParameter",
  "http://a.ml/vocabularies/shapes#schema": {
    "http://a.ml/vocabularies/core#description": "The Subscription Id",
    "http://www.w3.org/ns/shacl#datatype": "http://www.w3.org/2001/XMLSchema#string",
    "http://www.w3.org/ns/shacl#name": "schema",
    "id": "file:///Users/abettati/sandbox/azure-rest-api-specs/specification/databox/resource-manager/Microsoft.DataBox/stable/2018-01-01/databox.json#/declarations/parameters/parameter/subscriptionIdParameter/scalar/schema"
  },
  "id": "file:///Users/abettati/sandbox/azure-rest-api-specs/specification/databox/resource-manager/Microsoft.DataBox/stable/2018-01-01/databox.json#/declarations/parameters/parameter/subscriptionIdParameter"
}, {
  "http://a.ml/vocabularies/apiContract#binding": "query",
  "http://a.ml/vocabularies/apiContract#paramName": "api-version",
  "http://a.ml/vocabularies/apiContract#required": "true",
  "http://a.ml/vocabularies/core#description": "The API Version",
  "http://a.ml/vocabularies/core#name": "apiVersionParameter",
  "http://a.ml/vocabularies/shapes#schema": {
    "http://a.ml/vocabularies/core#description": "The API Version",
    "http://www.w3.org/ns/shacl#datatype": "http://www.w3.org/2001/XMLSchema#string",
    "http://www.w3.org/ns/shacl#name": "schema",
    "id": "file:///Users/abettati/sandbox/azure-rest-api-specs/specification/databox/resource-manager/Microsoft.DataBox/stable/2018-01-01/databox.json#/declarations/parameters/parameter/apiVersionParameter/scalar/schema"
  },
  "id": "file:///Users/abettati/sandbox/azure-rest-api-specs/specification/databox/resource-manager/Microsoft.DataBox/stable/2018-01-01/databox.json#/declarations/parameters/parameter/apiVersionParameter"
}, {
  "http://a.ml/vocabularies/apiContract#binding": "path",
  "http://a.ml/vocabularies/apiContract#paramName": "jobName",
  "http://a.ml/vocabularies/apiContract#required": "true",
  "http://a.ml/vocabularies/core#description": "The name of the job Resource within the specified resource group. job names must be between 3 and 24 characters in length and use any alphanumeric and underscore only",
  "http://a.ml/vocabularies/core#name": "jobNameParameter",
  "http://a.ml/vocabularies/document#customDomainProperties": [{
    "http://a.ml/vocabularies/core#extensionName": "ms-parameter-location",
    "http://a.ml/vocabularies/document#definedBy": {
      "http://a.ml/vocabularies/core#name": null,
      "id": "file:///Users/abettati/sandbox/azure-rest-api-specs/specification/databox/resource-manager/Microsoft.DataBox/stable/2018-01-01/databox.json#/declarations/parameters/parameter/jobNameParameter/ms-parameter-location"
    },
    "http://a.ml/vocabularies/document#extension": {
      "http://a.ml/vocabularies/core#name": null,
      "http://a.ml/vocabularies/data#value": null,
      "http://www.w3.org/ns/shacl#datatype": null,
      "id": "file:///Users/abettati/sandbox/azure-rest-api-specs/specification/databox/resource-manager/Microsoft.DataBox/stable/2018-01-01/databox.json#/declarations/parameters/parameter/jobNameParameter/ms-parameter-location/scalar_1"
    },
    "id": "file:///Users/abettati/sandbox/azure-rest-api-specs/specification/databox/resource-manager/Microsoft.DataBox/stable/2018-01-01/databox.json#/declarations/parameters/parameter/jobNameParameter/extension/ms-parameter-location"
  }],
  "http://a.ml/vocabularies/shapes#schema": {
    "http://a.ml/vocabularies/core#description": "The name of the job Resource within the specified resource group. job names must be between 3 and 24 characters in length and use any alphanumeric and underscore only",
    "http://a.ml/vocabularies/document#customDomainProperties": [{
      "http://a.ml/vocabularies/core#extensionName": null,
      "http://a.ml/vocabularies/document#definedBy": null,
      "http://a.ml/vocabularies/document#extension": null,
      "id": "file:///Users/abettati/sandbox/azure-rest-api-specs/specification/databox/resource-manager/Microsoft.DataBox/stable/2018-01-01/databox.json#/declarations/parameters/parameter/jobNameParameter/scalar/schema/extension/ms-parameter-location"
    }],
    "http://www.w3.org/ns/shacl#datatype": "http://www.w3.org/2001/XMLSchema#string",
    "http://www.w3.org/ns/shacl#maxLength": "24",
    "http://www.w3.org/ns/shacl#minLength": "3",
    "http://www.w3.org/ns/shacl#name": "schema",
    "http://www.w3.org/ns/shacl#pattern": "^[-\\w\\.]+$",
    "id": "file:///Users/abettati/sandbox/azure-rest-api-specs/specification/databox/resource-manager/Microsoft.DataBox/stable/2018-01-01/databox.json#/declarations/parameters/parameter/jobNameParameter/scalar/schema"
  },
  "id": "file:///Users/abettati/sandbox/azure-rest-api-specs/specification/databox/resource-manager/Microsoft.DataBox/stable/2018-01-01/databox.json#/declarations/parameters/parameter/jobNameParameter"
}, {
  "http://a.ml/vocabularies/apiContract#binding": "path",
  "http://a.ml/vocabularies/apiContract#paramName": "location",
  "http://a.ml/vocabularies/apiContract#required": "true",
  "http://a.ml/vocabularies/core#description": "The location of the resource",
  "http://a.ml/vocabularies/core#name": "locationParameter",
  "http://a.ml/vocabularies/document#customDomainProperties": [{
    "http://a.ml/vocabularies/core#extensionName": "ms-parameter-location",
    "http://a.ml/vocabularies/document#definedBy": {
      "http://a.ml/vocabularies/core#name": null,
      "id": "file:///Users/abettati/sandbox/azure-rest-api-specs/specification/databox/resource-manager/Microsoft.DataBox/stable/2018-01-01/databox.json#/declarations/parameters/parameter/locationParameter/ms-parameter-location"
    },
    "http://a.ml/vocabularies/document#extension": {
      "http://a.ml/vocabularies/core#name": null,
      "http://a.ml/vocabularies/data#value": null,
      "http://www.w3.org/ns/shacl#datatype": null,
      "id": "file:///Users/abettati/sandbox/azure-rest-api-specs/specification/databox/resource-manager/Microsoft.DataBox/stable/2018-01-01/databox.json#/declarations/parameters/parameter/locationParameter/ms-parameter-location/scalar_1"
    },
    "id": "file:///Users/abettati/sandbox/azure-rest-api-specs/specification/databox/resource-manager/Microsoft.DataBox/stable/2018-01-01/databox.json#/declarations/parameters/parameter/locationParameter/extension/ms-parameter-location"
  }],
  "http://a.ml/vocabularies/shapes#schema": {
    "http://a.ml/vocabularies/core#description": "The location of the resource",
    "http://a.ml/vocabularies/document#customDomainProperties": [{
      "http://a.ml/vocabularies/core#extensionName": null,
      "http://a.ml/vocabularies/document#definedBy": null,
      "http://a.ml/vocabularies/document#extension": null,
      "id": "file:///Users/abettati/sandbox/azure-rest-api-specs/specification/databox/resource-manager/Microsoft.DataBox/stable/2018-01-01/databox.json#/declarations/parameters/parameter/locationParameter/scalar/schema/extension/ms-parameter-location"
    }],
    "http://www.w3.org/ns/shacl#datatype": "http://www.w3.org/2001/XMLSchema#string",
    "http://www.w3.org/ns/shacl#name": "schema",
    "id": "file:///Users/abettati/sandbox/azure-rest-api-specs/specification/databox/resource-manager/Microsoft.DataBox/stable/2018-01-01/databox.json#/declarations/parameters/parameter/locationParameter/scalar/schema"
  },
  "id": "file:///Users/abettati/sandbox/azure-rest-api-specs/specification/databox/resource-manager/Microsoft.DataBox/stable/2018-01-01/databox.json#/declarations/parameters/parameter/locationParameter"
}, {
  "http://a.ml/vocabularies/apiContract#binding": "path",
  "http://a.ml/vocabularies/apiContract#paramName": "resourceGroupName",
  "http://a.ml/vocabularies/apiContract#required": "true",
  "http://a.ml/vocabularies/core#description": "The Resource Group Name",
  "http://a.ml/vocabularies/core#name": "resourceGroupNameParameter",
  "http://a.ml/vocabularies/document#customDomainProperties": [{
    "http://a.ml/vocabularies/core#extensionName": "ms-parameter-location",
    "http://a.ml/vocabularies/document#definedBy": {
      "http://a.ml/vocabularies/core#name": null,
      "id": "file:///Users/abettati/sandbox/azure-rest-api-specs/specification/databox/resource-manager/Microsoft.DataBox/stable/2018-01-01/databox.json#/declarations/parameters/parameter/resourceGroupNameParameter/ms-parameter-location"
    },
    "http://a.ml/vocabularies/document#extension": {
      "http://a.ml/vocabularies/core#name": null,
      "http://a.ml/vocabularies/data#value": null,
      "http://www.w3.org/ns/shacl#datatype": null,
      "id": "file:///Users/abettati/sandbox/azure-rest-api-specs/specification/databox/resource-manager/Microsoft.DataBox/stable/2018-01-01/databox.json#/declarations/parameters/parameter/resourceGroupNameParameter/ms-parameter-location/scalar_1"
    },
    "id": "file:///Users/abettati/sandbox/azure-rest-api-specs/specification/databox/resource-manager/Microsoft.DataBox/stable/2018-01-01/databox.json#/declarations/parameters/parameter/resourceGroupNameParameter/extension/ms-parameter-location"
  }],
  "http://a.ml/vocabularies/shapes#schema": {
    "http://a.ml/vocabularies/core#description": "The Resource Group Name",
    "http://a.ml/vocabularies/document#customDomainProperties": [{
      "http://a.ml/vocabularies/core#extensionName": null,
      "http://a.ml/vocabularies/document#definedBy": null,
      "http://a.ml/vocabularies/document#extension": null,
      "id": "file:///Users/abettati/sandbox/azure-rest-api-specs/specification/databox/resource-manager/Microsoft.DataBox/stable/2018-01-01/databox.json#/declarations/parameters/parameter/resourceGroupNameParameter/scalar/schema/extension/ms-parameter-location"
    }],
    "http://www.w3.org/ns/shacl#datatype": "http://www.w3.org/2001/XMLSchema#string",
    "http://www.w3.org/ns/shacl#name": "schema",
    "id": "file:///Users/abettati/sandbox/azure-rest-api-specs/specification/databox/resource-manager/Microsoft.DataBox/stable/2018-01-01/databox.json#/declarations/parameters/parameter/resourceGroupNameParameter/scalar/schema"
  },
  "id": "file:///Users/abettati/sandbox/azure-rest-api-specs/specification/databox/resource-manager/Microsoft.DataBox/stable/2018-01-01/databox.json#/declarations/parameters/parameter/resourceGroupNameParameter"
}, {
  "http://a.ml/vocabularies/apiContract#binding": "query",
  "http://a.ml/vocabularies/apiContract#paramName": "$skipToken",
  "http://a.ml/vocabularies/apiContract#required": "false",
  "http://a.ml/vocabularies/core#description": "$skipToken is supported on Get list of jobs, which provides the next page in the list of jobs.",
  "http://a.ml/vocabularies/core#name": "$skipToken",
  "http://a.ml/vocabularies/shapes#schema": {
    "http://a.ml/vocabularies/core#description": "$skipToken is supported on Get list of jobs, which provides the next page in the list of jobs.",
    "http://www.w3.org/ns/shacl#datatype": "http://www.w3.org/2001/XMLSchema#string",
    "http://www.w3.org/ns/shacl#name": "schema",
    "id": "file:///Users/abettati/sandbox/azure-rest-api-specs/specification/databox/resource-manager/Microsoft.DataBox/stable/2018-01-01/databox.json#/web-api/end-points/%2Fsubscriptions%2F%7BsubscriptionId%7D%2Fproviders%2FMicrosoft.DataBox%2Fjobs/get/request/parameter/%24skipToken/scalar/schema"
  },
  "id": "file:///Users/abettati/sandbox/azure-rest-api-specs/specification/databox/resource-manager/Microsoft.DataBox/stable/2018-01-01/databox.json#/web-api/end-points/%2Fsubscriptions%2F%7BsubscriptionId%7D%2Fproviders%2FMicrosoft.DataBox%2Fjobs/get/request/parameter/%24skipToken"
}, {
  "http://a.ml/vocabularies/apiContract#binding": "query",
  "http://a.ml/vocabularies/apiContract#paramName": "$skipToken",
  "http://a.ml/vocabularies/apiContract#required": "false",
  "http://a.ml/vocabularies/core#description": "$skipToken is supported on Get list of jobs, which provides the next page in the list of jobs.",
  "http://a.ml/vocabularies/core#name": "$skipToken",
  "http://a.ml/vocabularies/shapes#schema": {
    "http://a.ml/vocabularies/core#description": "$skipToken is supported on Get list of jobs, which provides the next page in the list of jobs.",
    "http://www.w3.org/ns/shacl#datatype": "http://www.w3.org/2001/XMLSchema#string",
    "http://www.w3.org/ns/shacl#name": "schema",
    "id": "file:///Users/abettati/sandbox/azure-rest-api-specs/specification/databox/resource-manager/Microsoft.DataBox/stable/2018-01-01/databox.json#/web-api/end-points/%2Fsubscriptions%2F%7BsubscriptionId%7D%2FresourceGroups%2F%7BresourceGroupName%7D%2Fproviders%2FMicrosoft.DataBox%2Fjobs/get/request/parameter/%24skipToken/scalar/schema"
  },
  "id": "file:///Users/abettati/sandbox/azure-rest-api-specs/specification/databox/resource-manager/Microsoft.DataBox/stable/2018-01-01/databox.json#/web-api/end-points/%2Fsubscriptions%2F%7BsubscriptionId%7D%2FresourceGroups%2F%7BresourceGroupName%7D%2Fproviders%2FMicrosoft.DataBox%2Fjobs/get/request/parameter/%24skipToken"
}, {
  "http://a.ml/vocabularies/apiContract#binding": "query",
  "http://a.ml/vocabularies/apiContract#paramName": "$expand",
  "http://a.ml/vocabularies/apiContract#required": "false",
  "http://a.ml/vocabularies/core#description": "$expand is supported on details parameter for job, which provides details on the job stages.",
  "http://a.ml/vocabularies/core#name": "$expand",
  "http://a.ml/vocabularies/shapes#schema": {
    "http://a.ml/vocabularies/core#description": "$expand is supported on details parameter for job, which provides details on the job stages.",
    "http://www.w3.org/ns/shacl#datatype": "http://www.w3.org/2001/XMLSchema#string",
    "http://www.w3.org/ns/shacl#name": "schema",
    "id": "file:///Users/abettati/sandbox/azure-rest-api-specs/specification/databox/resource-manager/Microsoft.DataBox/stable/2018-01-01/databox.json#/web-api/end-points/%2Fsubscriptions%2F%7BsubscriptionId%7D%2FresourceGroups%2F%7BresourceGroupName%7D%2Fproviders%2FMicrosoft.DataBox%2Fjobs%2F%7BjobName%7D/get/request/parameter/%24expand/scalar/schema"
  },
  "id": "file:///Users/abettati/sandbox/azure-rest-api-specs/specification/databox/resource-manager/Microsoft.DataBox/stable/2018-01-01/databox.json#/web-api/end-points/%2Fsubscriptions%2F%7BsubscriptionId%7D%2FresourceGroups%2F%7BresourceGroupName%7D%2Fproviders%2FMicrosoft.DataBox%2Fjobs%2F%7BjobName%7D/get/request/parameter/%24expand"
}, {
  "http://a.ml/vocabularies/apiContract#binding": "header",
  "http://a.ml/vocabularies/apiContract#paramName": "If-Match",
  "http://a.ml/vocabularies/apiContract#required": "false",
  "http://a.ml/vocabularies/core#description": "Defines the If-Match condition. The patch will be performed only if the ETag of the job on the server matches this value.",
  "http://a.ml/vocabularies/core#name": "If-Match",
  "http://a.ml/vocabularies/shapes#schema": {
    "http://a.ml/vocabularies/core#description": "Defines the If-Match condition. The patch will be performed only if the ETag of the job on the server matches this value.",
    "http://www.w3.org/ns/shacl#datatype": "http://www.w3.org/2001/XMLSchema#string",
    "http://www.w3.org/ns/shacl#name": "schema",
    "id": "file:///Users/abettati/sandbox/azure-rest-api-specs/specification/databox/resource-manager/Microsoft.DataBox/stable/2018-01-01/databox.json#/web-api/end-points/%2Fsubscriptions%2F%7BsubscriptionId%7D%2FresourceGroups%2F%7BresourceGroupName%7D%2Fproviders%2FMicrosoft.DataBox%2Fjobs%2F%7BjobName%7D/patch/request/parameter/If-Match/scalar/schema"
  },
  "id": "file:///Users/abettati/sandbox/azure-rest-api-specs/specification/databox/resource-manager/Microsoft.DataBox/stable/2018-01-01/databox.json#/web-api/end-points/%2Fsubscriptions%2F%7BsubscriptionId%7D%2FresourceGroups%2F%7BresourceGroupName%7D%2Fproviders%2FMicrosoft.DataBox%2Fjobs%2F%7BjobName%7D/patch/request/parameter/If-Match"
}]