[{
  "http://a.ml/vocabularies/apiContract#binding": "query",
  "http://a.ml/vocabularies/apiContract#paramName": "api-version",
  "http://a.ml/vocabularies/apiContract#required": "true",
  "http://a.ml/vocabularies/core#description": "Version of the API to be used with the client request (e.g. '2020-06-01').",
  "http://a.ml/vocabularies/core#name": "apiVersionParameter",
  "http://a.ml/vocabularies/shapes#schema": {
    "http://a.ml/vocabularies/core#description": "Version of the API to be used with the client request (e.g. '2020-06-01').",
    "http://www.w3.org/ns/shacl#datatype": "http://www.w3.org/2001/XMLSchema#string",
    "http://www.w3.org/ns/shacl#name": "schema",
    "id": "file:///Users/abettati/sandbox/azure-rest-api-specs/specification/cost-management/resource-manager/Microsoft.CostManagement/preview/2020-03-01-preview/costallocation.json#/declarations/parameters/parameter/apiVersionParameter/scalar/schema"
  },
  "id": "file:///Users/abettati/sandbox/azure-rest-api-specs/specification/cost-management/resource-manager/Microsoft.CostManagement/preview/2020-03-01-preview/costallocation.json#/declarations/parameters/parameter/apiVersionParameter"
}, {
  "http://a.ml/vocabularies/apiContract#binding": "path",
  "http://a.ml/vocabularies/apiContract#paramName": "billingAccountId",
  "http://a.ml/vocabularies/apiContract#required": "true",
  "http://a.ml/vocabularies/core#description": "BillingAccount ID",
  "http://a.ml/vocabularies/core#name": "billingAccountIdParameter",
  "http://a.ml/vocabularies/document#customDomainProperties": [{
    "http://a.ml/vocabularies/core#extensionName": "ms-parameter-location",
    "http://a.ml/vocabularies/document#definedBy": {
      "http://a.ml/vocabularies/core#name": null,
      "id": "file:///Users/abettati/sandbox/azure-rest-api-specs/specification/cost-management/resource-manager/Microsoft.CostManagement/preview/2020-03-01-preview/costallocation.json#/declarations/parameters/parameter/billingAccountIdParameter/ms-parameter-location"
    },
    "http://a.ml/vocabularies/document#extension": {
      "http://a.ml/vocabularies/core#name": null,
      "http://a.ml/vocabularies/data#value": null,
      "http://www.w3.org/ns/shacl#datatype": null,
      "id": "file:///Users/abettati/sandbox/azure-rest-api-specs/specification/cost-management/resource-manager/Microsoft.CostManagement/preview/2020-03-01-preview/costallocation.json#/declarations/parameters/parameter/billingAccountIdParameter/ms-parameter-location/scalar_1"
    },
    "id": "file:///Users/abettati/sandbox/azure-rest-api-specs/specification/cost-management/resource-manager/Microsoft.CostManagement/preview/2020-03-01-preview/costallocation.json#/declarations/parameters/parameter/billingAccountIdParameter/extension/ms-parameter-location"
  }],
  "http://a.ml/vocabularies/shapes#schema": {
    "http://a.ml/vocabularies/core#description": "BillingAccount ID",
    "http://a.ml/vocabularies/document#customDomainProperties": [{
      "http://a.ml/vocabularies/core#extensionName": null,
      "http://a.ml/vocabularies/document#definedBy": null,
      "http://a.ml/vocabularies/document#extension": null,
      "id": "file:///Users/abettati/sandbox/azure-rest-api-specs/specification/cost-management/resource-manager/Microsoft.CostManagement/preview/2020-03-01-preview/costallocation.json#/declarations/parameters/parameter/billingAccountIdParameter/scalar/schema/extension/ms-parameter-location"
    }],
    "http://www.w3.org/ns/shacl#datatype": "http://www.w3.org/2001/XMLSchema#string",
    "http://www.w3.org/ns/shacl#name": "schema",
    "id": "file:///Users/abettati/sandbox/azure-rest-api-specs/specification/cost-management/resource-manager/Microsoft.CostManagement/preview/2020-03-01-preview/costallocation.json#/declarations/parameters/parameter/billingAccountIdParameter/scalar/schema"
  },
  "id": "file:///Users/abettati/sandbox/azure-rest-api-specs/specification/cost-management/resource-manager/Microsoft.CostManagement/preview/2020-03-01-preview/costallocation.json#/declarations/parameters/parameter/billingAccountIdParameter"
}, {
  "http://a.ml/vocabularies/apiContract#binding": "path",
  "http://a.ml/vocabularies/apiContract#paramName": "ruleName",
  "http://a.ml/vocabularies/apiContract#required": "true",
  "http://a.ml/vocabularies/core#description": "Cost allocation rule name. The name cannot include spaces or any non alphanumeric characters other than '_' and '-'. The max length is 260 characters.",
  "http://a.ml/vocabularies/core#name": "ruleNameParameter",
  "http://a.ml/vocabularies/document#customDomainProperties": [{
    "http://a.ml/vocabularies/core#extensionName": "ms-parameter-location",
    "http://a.ml/vocabularies/document#definedBy": {
      "http://a.ml/vocabularies/core#name": null,
      "id": "file:///Users/abettati/sandbox/azure-rest-api-specs/specification/cost-management/resource-manager/Microsoft.CostManagement/preview/2020-03-01-preview/costallocation.json#/declarations/parameters/parameter/ruleNameParameter/ms-parameter-location"
    },
    "http://a.ml/vocabularies/document#extension": {
      "http://a.ml/vocabularies/core#name": null,
      "http://a.ml/vocabularies/data#value": null,
      "http://www.w3.org/ns/shacl#datatype": null,
      "id": "file:///Users/abettati/sandbox/azure-rest-api-specs/specification/cost-management/resource-manager/Microsoft.CostManagement/preview/2020-03-01-preview/costallocation.json#/declarations/parameters/parameter/ruleNameParameter/ms-parameter-location/scalar_1"
    },
    "id": "file:///Users/abettati/sandbox/azure-rest-api-specs/specification/cost-management/resource-manager/Microsoft.CostManagement/preview/2020-03-01-preview/costallocation.json#/declarations/parameters/parameter/ruleNameParameter/extension/ms-parameter-location"
  }],
  "http://a.ml/vocabularies/shapes#schema": {
    "http://a.ml/vocabularies/core#description": "Cost allocation rule name. The name cannot include spaces or any non alphanumeric characters other than '_' and '-'. The max length is 260 characters.",
    "http://a.ml/vocabularies/document#customDomainProperties": [{
      "http://a.ml/vocabularies/core#extensionName": null,
      "http://a.ml/vocabularies/document#definedBy": null,
      "http://a.ml/vocabularies/document#extension": null,
      "id": "file:///Users/abettati/sandbox/azure-rest-api-specs/specification/cost-management/resource-manager/Microsoft.CostManagement/preview/2020-03-01-preview/costallocation.json#/declarations/parameters/parameter/ruleNameParameter/scalar/schema/extension/ms-parameter-location"
    }],
    "http://www.w3.org/ns/shacl#datatype": "http://www.w3.org/2001/XMLSchema#string",
    "http://www.w3.org/ns/shacl#name": "schema",
    "id": "file:///Users/abettati/sandbox/azure-rest-api-specs/specification/cost-management/resource-manager/Microsoft.CostManagement/preview/2020-03-01-preview/costallocation.json#/declarations/parameters/parameter/ruleNameParameter/scalar/schema"
  },
  "id": "file:///Users/abettati/sandbox/azure-rest-api-specs/specification/cost-management/resource-manager/Microsoft.CostManagement/preview/2020-03-01-preview/costallocation.json#/declarations/parameters/parameter/ruleNameParameter"
}]