[{
  "http://a.ml/vocabularies/apiContract#binding": "path",
  "http://a.ml/vocabularies/apiContract#paramName": "subscriptionId",
  "http://a.ml/vocabularies/apiContract#required": "true",
  "http://a.ml/vocabularies/core#description": "The subscription Id.",
  "http://a.ml/vocabularies/core#name": "SubscriptionId",
  "http://a.ml/vocabularies/shapes#schema": {
    "http://a.ml/vocabularies/core#description": "The subscription Id.",
    "http://www.w3.org/ns/shacl#datatype": "http://www.w3.org/2001/XMLSchema#string",
    "http://www.w3.org/ns/shacl#name": "schema",
    "id": "file:///Users/abettati/sandbox/azure-rest-api-specs/specification/recoveryservicesbackup/resource-manager/Microsoft.RecoveryServices/stable/2020-02-02/bms.json#/declarations/parameters/parameter/SubscriptionId/scalar/schema"
  },
  "id": "file:///Users/abettati/sandbox/azure-rest-api-specs/specification/recoveryservicesbackup/resource-manager/Microsoft.RecoveryServices/stable/2020-02-02/bms.json#/declarations/parameters/parameter/SubscriptionId"
}, {
  "http://a.ml/vocabularies/apiContract#binding": "path",
  "http://a.ml/vocabularies/apiContract#paramName": "resourceGroupName",
  "http://a.ml/vocabularies/apiContract#required": "true",
  "http://a.ml/vocabularies/core#description": "The name of the resource group where the recovery services vault is present.",
  "http://a.ml/vocabularies/core#name": "ResourceGroupName",
  "http://a.ml/vocabularies/document#customDomainProperties": [{
    "http://a.ml/vocabularies/core#extensionName": "ms-parameter-location",
    "http://a.ml/vocabularies/document#definedBy": {
      "http://a.ml/vocabularies/core#name": null,
      "id": "file:///Users/abettati/sandbox/azure-rest-api-specs/specification/recoveryservicesbackup/resource-manager/Microsoft.RecoveryServices/stable/2020-02-02/bms.json#/declarations/parameters/parameter/ResourceGroupName/ms-parameter-location"
    },
    "http://a.ml/vocabularies/document#extension": {
      "http://a.ml/vocabularies/core#name": null,
      "http://a.ml/vocabularies/data#value": null,
      "http://www.w3.org/ns/shacl#datatype": null,
      "id": "file:///Users/abettati/sandbox/azure-rest-api-specs/specification/recoveryservicesbackup/resource-manager/Microsoft.RecoveryServices/stable/2020-02-02/bms.json#/declarations/parameters/parameter/ResourceGroupName/ms-parameter-location/scalar_1"
    },
    "id": "file:///Users/abettati/sandbox/azure-rest-api-specs/specification/recoveryservicesbackup/resource-manager/Microsoft.RecoveryServices/stable/2020-02-02/bms.json#/declarations/parameters/parameter/ResourceGroupName/extension/ms-parameter-location"
  }],
  "http://a.ml/vocabularies/shapes#schema": {
    "http://a.ml/vocabularies/core#description": "The name of the resource group where the recovery services vault is present.",
    "http://a.ml/vocabularies/document#customDomainProperties": [{
      "http://a.ml/vocabularies/core#extensionName": null,
      "http://a.ml/vocabularies/document#definedBy": null,
      "http://a.ml/vocabularies/document#extension": null,
      "id": "file:///Users/abettati/sandbox/azure-rest-api-specs/specification/recoveryservicesbackup/resource-manager/Microsoft.RecoveryServices/stable/2020-02-02/bms.json#/declarations/parameters/parameter/ResourceGroupName/scalar/schema/extension/ms-parameter-location"
    }],
    "http://www.w3.org/ns/shacl#datatype": "http://www.w3.org/2001/XMLSchema#string",
    "http://www.w3.org/ns/shacl#name": "schema",
    "id": "file:///Users/abettati/sandbox/azure-rest-api-specs/specification/recoveryservicesbackup/resource-manager/Microsoft.RecoveryServices/stable/2020-02-02/bms.json#/declarations/parameters/parameter/ResourceGroupName/scalar/schema"
  },
  "id": "file:///Users/abettati/sandbox/azure-rest-api-specs/specification/recoveryservicesbackup/resource-manager/Microsoft.RecoveryServices/stable/2020-02-02/bms.json#/declarations/parameters/parameter/ResourceGroupName"
}, {
  "http://a.ml/vocabularies/apiContract#binding": "path",
  "http://a.ml/vocabularies/apiContract#paramName": "vaultName",
  "http://a.ml/vocabularies/apiContract#required": "true",
  "http://a.ml/vocabularies/core#description": "The name of the recovery services vault.",
  "http://a.ml/vocabularies/core#name": "VaultName",
  "http://a.ml/vocabularies/document#customDomainProperties": [{
    "http://a.ml/vocabularies/core#extensionName": "ms-parameter-location",
    "http://a.ml/vocabularies/document#definedBy": {
      "http://a.ml/vocabularies/core#name": null,
      "id": "file:///Users/abettati/sandbox/azure-rest-api-specs/specification/recoveryservicesbackup/resource-manager/Microsoft.RecoveryServices/stable/2020-02-02/bms.json#/declarations/parameters/parameter/VaultName/ms-parameter-location"
    },
    "http://a.ml/vocabularies/document#extension": {
      "http://a.ml/vocabularies/core#name": null,
      "http://a.ml/vocabularies/data#value": null,
      "http://www.w3.org/ns/shacl#datatype": null,
      "id": "file:///Users/abettati/sandbox/azure-rest-api-specs/specification/recoveryservicesbackup/resource-manager/Microsoft.RecoveryServices/stable/2020-02-02/bms.json#/declarations/parameters/parameter/VaultName/ms-parameter-location/scalar_1"
    },
    "id": "file:///Users/abettati/sandbox/azure-rest-api-specs/specification/recoveryservicesbackup/resource-manager/Microsoft.RecoveryServices/stable/2020-02-02/bms.json#/declarations/parameters/parameter/VaultName/extension/ms-parameter-location"
  }],
  "http://a.ml/vocabularies/shapes#schema": {
    "http://a.ml/vocabularies/core#description": "The name of the recovery services vault.",
    "http://a.ml/vocabularies/document#customDomainProperties": [{
      "http://a.ml/vocabularies/core#extensionName": null,
      "http://a.ml/vocabularies/document#definedBy": null,
      "http://a.ml/vocabularies/document#extension": null,
      "id": "file:///Users/abettati/sandbox/azure-rest-api-specs/specification/recoveryservicesbackup/resource-manager/Microsoft.RecoveryServices/stable/2020-02-02/bms.json#/declarations/parameters/parameter/VaultName/scalar/schema/extension/ms-parameter-location"
    }],
    "http://www.w3.org/ns/shacl#datatype": "http://www.w3.org/2001/XMLSchema#string",
    "http://www.w3.org/ns/shacl#name": "schema",
    "id": "file:///Users/abettati/sandbox/azure-rest-api-specs/specification/recoveryservicesbackup/resource-manager/Microsoft.RecoveryServices/stable/2020-02-02/bms.json#/declarations/parameters/parameter/VaultName/scalar/schema"
  },
  "id": "file:///Users/abettati/sandbox/azure-rest-api-specs/specification/recoveryservicesbackup/resource-manager/Microsoft.RecoveryServices/stable/2020-02-02/bms.json#/declarations/parameters/parameter/VaultName"
}, {
  "http://a.ml/vocabularies/apiContract#binding": "query",
  "http://a.ml/vocabularies/apiContract#paramName": "api-version",
  "http://a.ml/vocabularies/apiContract#required": "true",
  "http://a.ml/vocabularies/core#description": "Client Api Version.",
  "http://a.ml/vocabularies/core#name": "ApiVersion",
  "http://a.ml/vocabularies/shapes#schema": {
    "http://a.ml/vocabularies/core#description": "Client Api Version.",
    "http://www.w3.org/ns/shacl#datatype": "http://www.w3.org/2001/XMLSchema#string",
    "http://www.w3.org/ns/shacl#name": "schema",
    "id": "file:///Users/abettati/sandbox/azure-rest-api-specs/specification/recoveryservicesbackup/resource-manager/Microsoft.RecoveryServices/stable/2020-02-02/bms.json#/declarations/parameters/parameter/ApiVersion/scalar/schema"
  },
  "id": "file:///Users/abettati/sandbox/azure-rest-api-specs/specification/recoveryservicesbackup/resource-manager/Microsoft.RecoveryServices/stable/2020-02-02/bms.json#/declarations/parameters/parameter/ApiVersion"
}, {
  "http://a.ml/vocabularies/apiContract#binding": "path",
  "http://a.ml/vocabularies/apiContract#paramName": "privateEndpointConnectionName",
  "http://a.ml/vocabularies/apiContract#required": "true",
  "http://a.ml/vocabularies/core#description": "The name of the private endpoint connection.",
  "http://a.ml/vocabularies/core#name": "privateEndpointConnectionName",
  "http://a.ml/vocabularies/shapes#schema": {
    "http://a.ml/vocabularies/core#description": "The name of the private endpoint connection.",
    "http://www.w3.org/ns/shacl#datatype": "http://www.w3.org/2001/XMLSchema#string",
    "http://www.w3.org/ns/shacl#name": "schema",
    "id": "file:///Users/abettati/sandbox/azure-rest-api-specs/specification/recoveryservicesbackup/resource-manager/Microsoft.RecoveryServices/stable/2020-02-02/bms.json#/web-api/end-points/%2FSubscriptions%2F%7BsubscriptionId%7D%2FresourceGroups%2F%7BresourceGroupName%7D%2Fproviders%2FMicrosoft.RecoveryServices%2Fvaults%2F%7BvaultName%7D%2FprivateEndpointConnections%2F%7BprivateEndpointConnectionName%7D/get/request/parameter/privateEndpointConnectionName/scalar/schema"
  },
  "id": "file:///Users/abettati/sandbox/azure-rest-api-specs/specification/recoveryservicesbackup/resource-manager/Microsoft.RecoveryServices/stable/2020-02-02/bms.json#/web-api/end-points/%2FSubscriptions%2F%7BsubscriptionId%7D%2FresourceGroups%2F%7BresourceGroupName%7D%2Fproviders%2FMicrosoft.RecoveryServices%2Fvaults%2F%7BvaultName%7D%2FprivateEndpointConnections%2F%7BprivateEndpointConnectionName%7D/get/request/parameter/privateEndpointConnectionName"
}, {
  "http://a.ml/vocabularies/apiContract#binding": "path",
  "http://a.ml/vocabularies/apiContract#paramName": "privateEndpointConnectionName",
  "http://a.ml/vocabularies/apiContract#required": "true",
  "http://a.ml/vocabularies/core#description": "The name of the private endpoint connection.",
  "http://a.ml/vocabularies/core#name": "privateEndpointConnectionName",
  "http://a.ml/vocabularies/shapes#schema": {
    "http://a.ml/vocabularies/core#description": "The name of the private endpoint connection.",
    "http://www.w3.org/ns/shacl#datatype": "http://www.w3.org/2001/XMLSchema#string",
    "http://www.w3.org/ns/shacl#name": "schema",
    "id": "file:///Users/abettati/sandbox/azure-rest-api-specs/specification/recoveryservicesbackup/resource-manager/Microsoft.RecoveryServices/stable/2020-02-02/bms.json#/web-api/end-points/%2FSubscriptions%2F%7BsubscriptionId%7D%2FresourceGroups%2F%7BresourceGroupName%7D%2Fproviders%2FMicrosoft.RecoveryServices%2Fvaults%2F%7BvaultName%7D%2FprivateEndpointConnections%2F%7BprivateEndpointConnectionName%7D/put/request/parameter/privateEndpointConnectionName/scalar/schema"
  },
  "id": "file:///Users/abettati/sandbox/azure-rest-api-specs/specification/recoveryservicesbackup/resource-manager/Microsoft.RecoveryServices/stable/2020-02-02/bms.json#/web-api/end-points/%2FSubscriptions%2F%7BsubscriptionId%7D%2FresourceGroups%2F%7BresourceGroupName%7D%2Fproviders%2FMicrosoft.RecoveryServices%2Fvaults%2F%7BvaultName%7D%2FprivateEndpointConnections%2F%7BprivateEndpointConnectionName%7D/put/request/parameter/privateEndpointConnectionName"
}, {
  "http://a.ml/vocabularies/apiContract#binding": "path",
  "http://a.ml/vocabularies/apiContract#paramName": "privateEndpointConnectionName",
  "http://a.ml/vocabularies/apiContract#required": "true",
  "http://a.ml/vocabularies/core#description": "The name of the private endpoint connection.",
  "http://a.ml/vocabularies/core#name": "privateEndpointConnectionName",
  "http://a.ml/vocabularies/shapes#schema": {
    "http://a.ml/vocabularies/core#description": "The name of the private endpoint connection.",
    "http://www.w3.org/ns/shacl#datatype": "http://www.w3.org/2001/XMLSchema#string",
    "http://www.w3.org/ns/shacl#name": "schema",
    "id": "file:///Users/abettati/sandbox/azure-rest-api-specs/specification/recoveryservicesbackup/resource-manager/Microsoft.RecoveryServices/stable/2020-02-02/bms.json#/web-api/end-points/%2FSubscriptions%2F%7BsubscriptionId%7D%2FresourceGroups%2F%7BresourceGroupName%7D%2Fproviders%2FMicrosoft.RecoveryServices%2Fvaults%2F%7BvaultName%7D%2FprivateEndpointConnections%2F%7BprivateEndpointConnectionName%7D/delete/request/parameter/privateEndpointConnectionName/scalar/schema"
  },
  "id": "file:///Users/abettati/sandbox/azure-rest-api-specs/specification/recoveryservicesbackup/resource-manager/Microsoft.RecoveryServices/stable/2020-02-02/bms.json#/web-api/end-points/%2FSubscriptions%2F%7BsubscriptionId%7D%2FresourceGroups%2F%7BresourceGroupName%7D%2Fproviders%2FMicrosoft.RecoveryServices%2Fvaults%2F%7BvaultName%7D%2FprivateEndpointConnections%2F%7BprivateEndpointConnectionName%7D/delete/request/parameter/privateEndpointConnectionName"
}, {
  "http://a.ml/vocabularies/apiContract#binding": "path",
  "http://a.ml/vocabularies/apiContract#paramName": "operationId",
  "http://a.ml/vocabularies/apiContract#required": "true",
  "http://a.ml/vocabularies/core#description": "Operation id",
  "http://a.ml/vocabularies/core#name": "operationId",
  "http://a.ml/vocabularies/shapes#schema": {
    "http://a.ml/vocabularies/core#description": "Operation id",
    "http://www.w3.org/ns/shacl#datatype": "http://www.w3.org/2001/XMLSchema#string",
    "http://www.w3.org/ns/shacl#name": "schema",
    "id": "file:///Users/abettati/sandbox/azure-rest-api-specs/specification/recoveryservicesbackup/resource-manager/Microsoft.RecoveryServices/stable/2020-02-02/bms.json#/web-api/end-points/%2FSubscriptions%2F%7BsubscriptionId%7D%2FresourceGroups%2F%7BresourceGroupName%7D%2Fproviders%2FMicrosoft.RecoveryServices%2Fvaults%2F%7BvaultName%7D%2FprivateEndpointConnections%2F%7BprivateEndpointConnectionName%7D%2FoperationsStatus%2F%7BoperationId%7D/get/request/parameter/operationId/scalar/schema"
  },
  "id": "file:///Users/abettati/sandbox/azure-rest-api-specs/specification/recoveryservicesbackup/resource-manager/Microsoft.RecoveryServices/stable/2020-02-02/bms.json#/web-api/end-points/%2FSubscriptions%2F%7BsubscriptionId%7D%2FresourceGroups%2F%7BresourceGroupName%7D%2Fproviders%2FMicrosoft.RecoveryServices%2Fvaults%2F%7BvaultName%7D%2FprivateEndpointConnections%2F%7BprivateEndpointConnectionName%7D%2FoperationsStatus%2F%7BoperationId%7D/get/request/parameter/operationId"
}, {
  "http://a.ml/vocabularies/apiContract#binding": "path",
  "http://a.ml/vocabularies/apiContract#paramName": "privateEndpointConnectionName",
  "http://a.ml/vocabularies/apiContract#required": "true",
  "http://a.ml/vocabularies/core#description": "The name of the private endpoint connection.",
  "http://a.ml/vocabularies/core#name": "privateEndpointConnectionName",
  "http://a.ml/vocabularies/shapes#schema": {
    "http://a.ml/vocabularies/core#description": "The name of the private endpoint connection.",
    "http://www.w3.org/ns/shacl#datatype": "http://www.w3.org/2001/XMLSchema#string",
    "http://www.w3.org/ns/shacl#name": "schema",
    "id": "file:///Users/abettati/sandbox/azure-rest-api-specs/specification/recoveryservicesbackup/resource-manager/Microsoft.RecoveryServices/stable/2020-02-02/bms.json#/web-api/end-points/%2FSubscriptions%2F%7BsubscriptionId%7D%2FresourceGroups%2F%7BresourceGroupName%7D%2Fproviders%2FMicrosoft.RecoveryServices%2Fvaults%2F%7BvaultName%7D%2FprivateEndpointConnections%2F%7BprivateEndpointConnectionName%7D%2FoperationsStatus%2F%7BoperationId%7D/get/request/parameter/privateEndpointConnectionName/scalar/schema"
  },
  "id": "file:///Users/abettati/sandbox/azure-rest-api-specs/specification/recoveryservicesbackup/resource-manager/Microsoft.RecoveryServices/stable/2020-02-02/bms.json#/web-api/end-points/%2FSubscriptions%2F%7BsubscriptionId%7D%2FresourceGroups%2F%7BresourceGroupName%7D%2Fproviders%2FMicrosoft.RecoveryServices%2Fvaults%2F%7BvaultName%7D%2FprivateEndpointConnections%2F%7BprivateEndpointConnectionName%7D%2FoperationsStatus%2F%7BoperationId%7D/get/request/parameter/privateEndpointConnectionName"
}]