[{
  "http://a.ml/vocabularies/apiContract#binding": "path",
  "http://a.ml/vocabularies/apiContract#paramName": "subscriptionId",
  "http://a.ml/vocabularies/apiContract#required": "true",
  "http://a.ml/vocabularies/core#description": "Subscription credentials which uniquely identify Microsoft Azure subscription. The subscription ID forms part of the URI for every service call.",
  "http://a.ml/vocabularies/core#name": "SubscriptionIdParameter",
  "http://a.ml/vocabularies/shapes#schema": {
    "http://a.ml/vocabularies/core#description": "Subscription credentials which uniquely identify Microsoft Azure subscription. The subscription ID forms part of the URI for every service call.",
    "http://www.w3.org/ns/shacl#datatype": "http://www.w3.org/2001/XMLSchema#string",
    "http://www.w3.org/ns/shacl#name": "schema",
    "id": "file:///Users/abettati/sandbox/azure-rest-api-specs/specification/compute/resource-manager/Microsoft.Compute/stable/2020-06-01/runCommands.json#/declarations/parameters/parameter/SubscriptionIdParameter/scalar/schema"
  },
  "id": "file:///Users/abettati/sandbox/azure-rest-api-specs/specification/compute/resource-manager/Microsoft.Compute/stable/2020-06-01/runCommands.json#/declarations/parameters/parameter/SubscriptionIdParameter"
}, {
  "http://a.ml/vocabularies/apiContract#binding": "query",
  "http://a.ml/vocabularies/apiContract#paramName": "api-version",
  "http://a.ml/vocabularies/apiContract#required": "true",
  "http://a.ml/vocabularies/core#description": "Client Api Version.",
  "http://a.ml/vocabularies/core#name": "ApiVersionParameter",
  "http://a.ml/vocabularies/shapes#schema": {
    "http://a.ml/vocabularies/core#description": "Client Api Version.",
    "http://www.w3.org/ns/shacl#datatype": "http://www.w3.org/2001/XMLSchema#string",
    "http://www.w3.org/ns/shacl#name": "schema",
    "id": "file:///Users/abettati/sandbox/azure-rest-api-specs/specification/compute/resource-manager/Microsoft.Compute/stable/2020-06-01/runCommands.json#/declarations/parameters/parameter/ApiVersionParameter/scalar/schema"
  },
  "id": "file:///Users/abettati/sandbox/azure-rest-api-specs/specification/compute/resource-manager/Microsoft.Compute/stable/2020-06-01/runCommands.json#/declarations/parameters/parameter/ApiVersionParameter"
}, {
  "http://a.ml/vocabularies/apiContract#binding": "path",
  "http://a.ml/vocabularies/apiContract#paramName": "location",
  "http://a.ml/vocabularies/apiContract#required": "true",
  "http://a.ml/vocabularies/core#description": "The location upon which run commands is queried.",
  "http://a.ml/vocabularies/core#name": "location",
  "http://a.ml/vocabularies/shapes#schema": {
    "http://a.ml/vocabularies/core#description": "The location upon which run commands is queried.",
    "http://www.w3.org/ns/shacl#datatype": "http://www.w3.org/2001/XMLSchema#string",
    "http://www.w3.org/ns/shacl#name": "schema",
    "http://www.w3.org/ns/shacl#pattern": "^[-\\w\\._]+$",
    "id": "file:///Users/abettati/sandbox/azure-rest-api-specs/specification/compute/resource-manager/Microsoft.Compute/stable/2020-06-01/runCommands.json#/web-api/end-points/%2Fsubscriptions%2F%7BsubscriptionId%7D%2Fproviders%2FMicrosoft.Compute%2Flocations%2F%7Blocation%7D%2FrunCommands/get/request/parameter/location/scalar/schema"
  },
  "id": "file:///Users/abettati/sandbox/azure-rest-api-specs/specification/compute/resource-manager/Microsoft.Compute/stable/2020-06-01/runCommands.json#/web-api/end-points/%2Fsubscriptions%2F%7BsubscriptionId%7D%2Fproviders%2FMicrosoft.Compute%2Flocations%2F%7Blocation%7D%2FrunCommands/get/request/parameter/location"
}, {
  "http://a.ml/vocabularies/apiContract#binding": "path",
  "http://a.ml/vocabularies/apiContract#paramName": "location",
  "http://a.ml/vocabularies/apiContract#required": "true",
  "http://a.ml/vocabularies/core#description": "The location upon which run commands is queried.",
  "http://a.ml/vocabularies/core#name": "location",
  "http://a.ml/vocabularies/shapes#schema": {
    "http://a.ml/vocabularies/core#description": "The location upon which run commands is queried.",
    "http://www.w3.org/ns/shacl#datatype": "http://www.w3.org/2001/XMLSchema#string",
    "http://www.w3.org/ns/shacl#name": "schema",
    "http://www.w3.org/ns/shacl#pattern": "^[-\\w\\._]+$",
    "id": "file:///Users/abettati/sandbox/azure-rest-api-specs/specification/compute/resource-manager/Microsoft.Compute/stable/2020-06-01/runCommands.json#/web-api/end-points/%2Fsubscriptions%2F%7BsubscriptionId%7D%2Fproviders%2FMicrosoft.Compute%2Flocations%2F%7Blocation%7D%2FrunCommands%2F%7BcommandId%7D/get/request/parameter/location/scalar/schema"
  },
  "id": "file:///Users/abettati/sandbox/azure-rest-api-specs/specification/compute/resource-manager/Microsoft.Compute/stable/2020-06-01/runCommands.json#/web-api/end-points/%2Fsubscriptions%2F%7BsubscriptionId%7D%2Fproviders%2FMicrosoft.Compute%2Flocations%2F%7Blocation%7D%2FrunCommands%2F%7BcommandId%7D/get/request/parameter/location"
}, {
  "http://a.ml/vocabularies/apiContract#binding": "path",
  "http://a.ml/vocabularies/apiContract#paramName": "commandId",
  "http://a.ml/vocabularies/apiContract#required": "true",
  "http://a.ml/vocabularies/core#description": "The command id.",
  "http://a.ml/vocabularies/core#name": "commandId",
  "http://a.ml/vocabularies/shapes#schema": {
    "http://a.ml/vocabularies/core#description": "The command id.",
    "http://www.w3.org/ns/shacl#datatype": "http://www.w3.org/2001/XMLSchema#string",
    "http://www.w3.org/ns/shacl#name": "schema",
    "id": "file:///Users/abettati/sandbox/azure-rest-api-specs/specification/compute/resource-manager/Microsoft.Compute/stable/2020-06-01/runCommands.json#/web-api/end-points/%2Fsubscriptions%2F%7BsubscriptionId%7D%2Fproviders%2FMicrosoft.Compute%2Flocations%2F%7Blocation%7D%2FrunCommands%2F%7BcommandId%7D/get/request/parameter/commandId/scalar/schema"
  },
  "id": "file:///Users/abettati/sandbox/azure-rest-api-specs/specification/compute/resource-manager/Microsoft.Compute/stable/2020-06-01/runCommands.json#/web-api/end-points/%2Fsubscriptions%2F%7BsubscriptionId%7D%2Fproviders%2FMicrosoft.Compute%2Flocations%2F%7Blocation%7D%2FrunCommands%2F%7BcommandId%7D/get/request/parameter/commandId"
}, {
  "http://a.ml/vocabularies/apiContract#binding": "path",
  "http://a.ml/vocabularies/apiContract#paramName": "resourceGroupName",
  "http://a.ml/vocabularies/apiContract#required": "true",
  "http://a.ml/vocabularies/core#description": "The name of the resource group.",
  "http://a.ml/vocabularies/core#name": "resourceGroupName",
  "http://a.ml/vocabularies/shapes#schema": {
    "http://a.ml/vocabularies/core#description": "The name of the resource group.",
    "http://www.w3.org/ns/shacl#datatype": "http://www.w3.org/2001/XMLSchema#string",
    "http://www.w3.org/ns/shacl#name": "schema",
    "id": "file:///Users/abettati/sandbox/azure-rest-api-specs/specification/compute/resource-manager/Microsoft.Compute/stable/2020-06-01/runCommands.json#/web-api/end-points/%2Fsubscriptions%2F%7BsubscriptionId%7D%2FresourceGroups%2F%7BresourceGroupName%7D%2Fproviders%2FMicrosoft.Compute%2FvirtualMachines%2F%7BvmName%7D%2FrunCommand/post/request/parameter/resourceGroupName/scalar/schema"
  },
  "id": "file:///Users/abettati/sandbox/azure-rest-api-specs/specification/compute/resource-manager/Microsoft.Compute/stable/2020-06-01/runCommands.json#/web-api/end-points/%2Fsubscriptions%2F%7BsubscriptionId%7D%2FresourceGroups%2F%7BresourceGroupName%7D%2Fproviders%2FMicrosoft.Compute%2FvirtualMachines%2F%7BvmName%7D%2FrunCommand/post/request/parameter/resourceGroupName"
}, {
  "http://a.ml/vocabularies/apiContract#binding": "path",
  "http://a.ml/vocabularies/apiContract#paramName": "vmName",
  "http://a.ml/vocabularies/apiContract#required": "true",
  "http://a.ml/vocabularies/core#description": "The name of the virtual machine.",
  "http://a.ml/vocabularies/core#name": "vmName",
  "http://a.ml/vocabularies/shapes#schema": {
    "http://a.ml/vocabularies/core#description": "The name of the virtual machine.",
    "http://www.w3.org/ns/shacl#datatype": "http://www.w3.org/2001/XMLSchema#string",
    "http://www.w3.org/ns/shacl#name": "schema",
    "id": "file:///Users/abettati/sandbox/azure-rest-api-specs/specification/compute/resource-manager/Microsoft.Compute/stable/2020-06-01/runCommands.json#/web-api/end-points/%2Fsubscriptions%2F%7BsubscriptionId%7D%2FresourceGroups%2F%7BresourceGroupName%7D%2Fproviders%2FMicrosoft.Compute%2FvirtualMachines%2F%7BvmName%7D%2FrunCommand/post/request/parameter/vmName/scalar/schema"
  },
  "id": "file:///Users/abettati/sandbox/azure-rest-api-specs/specification/compute/resource-manager/Microsoft.Compute/stable/2020-06-01/runCommands.json#/web-api/end-points/%2Fsubscriptions%2F%7BsubscriptionId%7D%2FresourceGroups%2F%7BresourceGroupName%7D%2Fproviders%2FMicrosoft.Compute%2FvirtualMachines%2F%7BvmName%7D%2FrunCommand/post/request/parameter/vmName"
}, {
  "http://a.ml/vocabularies/apiContract#binding": "path",
  "http://a.ml/vocabularies/apiContract#paramName": "resourceGroupName",
  "http://a.ml/vocabularies/apiContract#required": "true",
  "http://a.ml/vocabularies/core#description": "The name of the resource group.",
  "http://a.ml/vocabularies/core#name": "resourceGroupName",
  "http://a.ml/vocabularies/shapes#schema": {
    "http://a.ml/vocabularies/core#description": "The name of the resource group.",
    "http://www.w3.org/ns/shacl#datatype": "http://www.w3.org/2001/XMLSchema#string",
    "http://www.w3.org/ns/shacl#name": "schema",
    "id": "file:///Users/abettati/sandbox/azure-rest-api-specs/specification/compute/resource-manager/Microsoft.Compute/stable/2020-06-01/runCommands.json#/web-api/end-points/%2Fsubscriptions%2F%7BsubscriptionId%7D%2FresourceGroups%2F%7BresourceGroupName%7D%2Fproviders%2FMicrosoft.Compute%2FvirtualMachineScaleSets%2F%7BvmScaleSetName%7D%2Fvirtualmachines%2F%7BinstanceId%7D%2FrunCommand/post/request/parameter/resourceGroupName/scalar/schema"
  },
  "id": "file:///Users/abettati/sandbox/azure-rest-api-specs/specification/compute/resource-manager/Microsoft.Compute/stable/2020-06-01/runCommands.json#/web-api/end-points/%2Fsubscriptions%2F%7BsubscriptionId%7D%2FresourceGroups%2F%7BresourceGroupName%7D%2Fproviders%2FMicrosoft.Compute%2FvirtualMachineScaleSets%2F%7BvmScaleSetName%7D%2Fvirtualmachines%2F%7BinstanceId%7D%2FrunCommand/post/request/parameter/resourceGroupName"
}, {
  "http://a.ml/vocabularies/apiContract#binding": "path",
  "http://a.ml/vocabularies/apiContract#paramName": "vmScaleSetName",
  "http://a.ml/vocabularies/apiContract#required": "true",
  "http://a.ml/vocabularies/core#description": "The name of the VM scale set.",
  "http://a.ml/vocabularies/core#name": "vmScaleSetName",
  "http://a.ml/vocabularies/shapes#schema": {
    "http://a.ml/vocabularies/core#description": "The name of the VM scale set.",
    "http://www.w3.org/ns/shacl#datatype": "http://www.w3.org/2001/XMLSchema#string",
    "http://www.w3.org/ns/shacl#name": "schema",
    "id": "file:///Users/abettati/sandbox/azure-rest-api-specs/specification/compute/resource-manager/Microsoft.Compute/stable/2020-06-01/runCommands.json#/web-api/end-points/%2Fsubscriptions%2F%7BsubscriptionId%7D%2FresourceGroups%2F%7BresourceGroupName%7D%2Fproviders%2FMicrosoft.Compute%2FvirtualMachineScaleSets%2F%7BvmScaleSetName%7D%2Fvirtualmachines%2F%7BinstanceId%7D%2FrunCommand/post/request/parameter/vmScaleSetName/scalar/schema"
  },
  "id": "file:///Users/abettati/sandbox/azure-rest-api-specs/specification/compute/resource-manager/Microsoft.Compute/stable/2020-06-01/runCommands.json#/web-api/end-points/%2Fsubscriptions%2F%7BsubscriptionId%7D%2FresourceGroups%2F%7BresourceGroupName%7D%2Fproviders%2FMicrosoft.Compute%2FvirtualMachineScaleSets%2F%7BvmScaleSetName%7D%2Fvirtualmachines%2F%7BinstanceId%7D%2FrunCommand/post/request/parameter/vmScaleSetName"
}, {
  "http://a.ml/vocabularies/apiContract#binding": "path",
  "http://a.ml/vocabularies/apiContract#paramName": "instanceId",
  "http://a.ml/vocabularies/apiContract#required": "true",
  "http://a.ml/vocabularies/core#description": "The instance ID of the virtual machine.",
  "http://a.ml/vocabularies/core#name": "instanceId",
  "http://a.ml/vocabularies/shapes#schema": {
    "http://a.ml/vocabularies/core#description": "The instance ID of the virtual machine.",
    "http://www.w3.org/ns/shacl#datatype": "http://www.w3.org/2001/XMLSchema#string",
    "http://www.w3.org/ns/shacl#name": "schema",
    "id": "file:///Users/abettati/sandbox/azure-rest-api-specs/specification/compute/resource-manager/Microsoft.Compute/stable/2020-06-01/runCommands.json#/web-api/end-points/%2Fsubscriptions%2F%7BsubscriptionId%7D%2FresourceGroups%2F%7BresourceGroupName%7D%2Fproviders%2FMicrosoft.Compute%2FvirtualMachineScaleSets%2F%7BvmScaleSetName%7D%2Fvirtualmachines%2F%7BinstanceId%7D%2FrunCommand/post/request/parameter/instanceId/scalar/schema"
  },
  "id": "file:///Users/abettati/sandbox/azure-rest-api-specs/specification/compute/resource-manager/Microsoft.Compute/stable/2020-06-01/runCommands.json#/web-api/end-points/%2Fsubscriptions%2F%7BsubscriptionId%7D%2FresourceGroups%2F%7BresourceGroupName%7D%2Fproviders%2FMicrosoft.Compute%2FvirtualMachineScaleSets%2F%7BvmScaleSetName%7D%2Fvirtualmachines%2F%7BinstanceId%7D%2FrunCommand/post/request/parameter/instanceId"
}, {
  "http://a.ml/vocabularies/apiContract#binding": "path",
  "http://a.ml/vocabularies/apiContract#paramName": "resourceGroupName",
  "http://a.ml/vocabularies/apiContract#required": "true",
  "http://a.ml/vocabularies/core#description": "The name of the resource group.",
  "http://a.ml/vocabularies/core#name": "resourceGroupName",
  "http://a.ml/vocabularies/shapes#schema": {
    "http://a.ml/vocabularies/core#description": "The name of the resource group.",
    "http://www.w3.org/ns/shacl#datatype": "http://www.w3.org/2001/XMLSchema#string",
    "http://www.w3.org/ns/shacl#name": "schema",
    "id": "file:///Users/abettati/sandbox/azure-rest-api-specs/specification/compute/resource-manager/Microsoft.Compute/stable/2020-06-01/runCommands.json#/web-api/end-points/%2Fsubscriptions%2F%7BsubscriptionId%7D%2FresourceGroups%2F%7BresourceGroupName%7D%2Fproviders%2FMicrosoft.Compute%2FvirtualMachines%2F%7BvmName%7D%2FrunCommands%2F%7BrunCommandName%7D/put/request/parameter/resourceGroupName/scalar/schema"
  },
  "id": "file:///Users/abettati/sandbox/azure-rest-api-specs/specification/compute/resource-manager/Microsoft.Compute/stable/2020-06-01/runCommands.json#/web-api/end-points/%2Fsubscriptions%2F%7BsubscriptionId%7D%2FresourceGroups%2F%7BresourceGroupName%7D%2Fproviders%2FMicrosoft.Compute%2FvirtualMachines%2F%7BvmName%7D%2FrunCommands%2F%7BrunCommandName%7D/put/request/parameter/resourceGroupName"
}, {
  "http://a.ml/vocabularies/apiContract#binding": "path",
  "http://a.ml/vocabularies/apiContract#paramName": "vmName",
  "http://a.ml/vocabularies/apiContract#required": "true",
  "http://a.ml/vocabularies/core#description": "The name of the virtual machine where the run command should be created or updated.",
  "http://a.ml/vocabularies/core#name": "vmName",
  "http://a.ml/vocabularies/shapes#schema": {
    "http://a.ml/vocabularies/core#description": "The name of the virtual machine where the run command should be created or updated.",
    "http://www.w3.org/ns/shacl#datatype": "http://www.w3.org/2001/XMLSchema#string",
    "http://www.w3.org/ns/shacl#name": "schema",
    "id": "file:///Users/abettati/sandbox/azure-rest-api-specs/specification/compute/resource-manager/Microsoft.Compute/stable/2020-06-01/runCommands.json#/web-api/end-points/%2Fsubscriptions%2F%7BsubscriptionId%7D%2FresourceGroups%2F%7BresourceGroupName%7D%2Fproviders%2FMicrosoft.Compute%2FvirtualMachines%2F%7BvmName%7D%2FrunCommands%2F%7BrunCommandName%7D/put/request/parameter/vmName/scalar/schema"
  },
  "id": "file:///Users/abettati/sandbox/azure-rest-api-specs/specification/compute/resource-manager/Microsoft.Compute/stable/2020-06-01/runCommands.json#/web-api/end-points/%2Fsubscriptions%2F%7BsubscriptionId%7D%2FresourceGroups%2F%7BresourceGroupName%7D%2Fproviders%2FMicrosoft.Compute%2FvirtualMachines%2F%7BvmName%7D%2FrunCommands%2F%7BrunCommandName%7D/put/request/parameter/vmName"
}, {
  "http://a.ml/vocabularies/apiContract#binding": "path",
  "http://a.ml/vocabularies/apiContract#paramName": "runCommandName",
  "http://a.ml/vocabularies/apiContract#required": "true",
  "http://a.ml/vocabularies/core#description": "The name of the virtual machine run command.",
  "http://a.ml/vocabularies/core#name": "runCommandName",
  "http://a.ml/vocabularies/shapes#schema": {
    "http://a.ml/vocabularies/core#description": "The name of the virtual machine run command.",
    "http://www.w3.org/ns/shacl#datatype": "http://www.w3.org/2001/XMLSchema#string",
    "http://www.w3.org/ns/shacl#name": "schema",
    "id": "file:///Users/abettati/sandbox/azure-rest-api-specs/specification/compute/resource-manager/Microsoft.Compute/stable/2020-06-01/runCommands.json#/web-api/end-points/%2Fsubscriptions%2F%7BsubscriptionId%7D%2FresourceGroups%2F%7BresourceGroupName%7D%2Fproviders%2FMicrosoft.Compute%2FvirtualMachines%2F%7BvmName%7D%2FrunCommands%2F%7BrunCommandName%7D/put/request/parameter/runCommandName/scalar/schema"
  },
  "id": "file:///Users/abettati/sandbox/azure-rest-api-specs/specification/compute/resource-manager/Microsoft.Compute/stable/2020-06-01/runCommands.json#/web-api/end-points/%2Fsubscriptions%2F%7BsubscriptionId%7D%2FresourceGroups%2F%7BresourceGroupName%7D%2Fproviders%2FMicrosoft.Compute%2FvirtualMachines%2F%7BvmName%7D%2FrunCommands%2F%7BrunCommandName%7D/put/request/parameter/runCommandName"
}, {
  "http://a.ml/vocabularies/apiContract#binding": "path",
  "http://a.ml/vocabularies/apiContract#paramName": "resourceGroupName",
  "http://a.ml/vocabularies/apiContract#required": "true",
  "http://a.ml/vocabularies/core#description": "The name of the resource group.",
  "http://a.ml/vocabularies/core#name": "resourceGroupName",
  "http://a.ml/vocabularies/shapes#schema": {
    "http://a.ml/vocabularies/core#description": "The name of the resource group.",
    "http://www.w3.org/ns/shacl#datatype": "http://www.w3.org/2001/XMLSchema#string",
    "http://www.w3.org/ns/shacl#name": "schema",
    "id": "file:///Users/abettati/sandbox/azure-rest-api-specs/specification/compute/resource-manager/Microsoft.Compute/stable/2020-06-01/runCommands.json#/web-api/end-points/%2Fsubscriptions%2F%7BsubscriptionId%7D%2FresourceGroups%2F%7BresourceGroupName%7D%2Fproviders%2FMicrosoft.Compute%2FvirtualMachines%2F%7BvmName%7D%2FrunCommands%2F%7BrunCommandName%7D/patch/request/parameter/resourceGroupName/scalar/schema"
  },
  "id": "file:///Users/abettati/sandbox/azure-rest-api-specs/specification/compute/resource-manager/Microsoft.Compute/stable/2020-06-01/runCommands.json#/web-api/end-points/%2Fsubscriptions%2F%7BsubscriptionId%7D%2FresourceGroups%2F%7BresourceGroupName%7D%2Fproviders%2FMicrosoft.Compute%2FvirtualMachines%2F%7BvmName%7D%2FrunCommands%2F%7BrunCommandName%7D/patch/request/parameter/resourceGroupName"
}, {
  "http://a.ml/vocabularies/apiContract#binding": "path",
  "http://a.ml/vocabularies/apiContract#paramName": "vmName",
  "http://a.ml/vocabularies/apiContract#required": "true",
  "http://a.ml/vocabularies/core#description": "The name of the virtual machine where the run command should be updated.",
  "http://a.ml/vocabularies/core#name": "vmName",
  "http://a.ml/vocabularies/shapes#schema": {
    "http://a.ml/vocabularies/core#description": "The name of the virtual machine where the run command should be updated.",
    "http://www.w3.org/ns/shacl#datatype": "http://www.w3.org/2001/XMLSchema#string",
    "http://www.w3.org/ns/shacl#name": "schema",
    "id": "file:///Users/abettati/sandbox/azure-rest-api-specs/specification/compute/resource-manager/Microsoft.Compute/stable/2020-06-01/runCommands.json#/web-api/end-points/%2Fsubscriptions%2F%7BsubscriptionId%7D%2FresourceGroups%2F%7BresourceGroupName%7D%2Fproviders%2FMicrosoft.Compute%2FvirtualMachines%2F%7BvmName%7D%2FrunCommands%2F%7BrunCommandName%7D/patch/request/parameter/vmName/scalar/schema"
  },
  "id": "file:///Users/abettati/sandbox/azure-rest-api-specs/specification/compute/resource-manager/Microsoft.Compute/stable/2020-06-01/runCommands.json#/web-api/end-points/%2Fsubscriptions%2F%7BsubscriptionId%7D%2FresourceGroups%2F%7BresourceGroupName%7D%2Fproviders%2FMicrosoft.Compute%2FvirtualMachines%2F%7BvmName%7D%2FrunCommands%2F%7BrunCommandName%7D/patch/request/parameter/vmName"
}, {
  "http://a.ml/vocabularies/apiContract#binding": "path",
  "http://a.ml/vocabularies/apiContract#paramName": "runCommandName",
  "http://a.ml/vocabularies/apiContract#required": "true",
  "http://a.ml/vocabularies/core#description": "The name of the virtual machine run command.",
  "http://a.ml/vocabularies/core#name": "runCommandName",
  "http://a.ml/vocabularies/shapes#schema": {
    "http://a.ml/vocabularies/core#description": "The name of the virtual machine run command.",
    "http://www.w3.org/ns/shacl#datatype": "http://www.w3.org/2001/XMLSchema#string",
    "http://www.w3.org/ns/shacl#name": "schema",
    "id": "file:///Users/abettati/sandbox/azure-rest-api-specs/specification/compute/resource-manager/Microsoft.Compute/stable/2020-06-01/runCommands.json#/web-api/end-points/%2Fsubscriptions%2F%7BsubscriptionId%7D%2FresourceGroups%2F%7BresourceGroupName%7D%2Fproviders%2FMicrosoft.Compute%2FvirtualMachines%2F%7BvmName%7D%2FrunCommands%2F%7BrunCommandName%7D/patch/request/parameter/runCommandName/scalar/schema"
  },
  "id": "file:///Users/abettati/sandbox/azure-rest-api-specs/specification/compute/resource-manager/Microsoft.Compute/stable/2020-06-01/runCommands.json#/web-api/end-points/%2Fsubscriptions%2F%7BsubscriptionId%7D%2FresourceGroups%2F%7BresourceGroupName%7D%2Fproviders%2FMicrosoft.Compute%2FvirtualMachines%2F%7BvmName%7D%2FrunCommands%2F%7BrunCommandName%7D/patch/request/parameter/runCommandName"
}, {
  "http://a.ml/vocabularies/apiContract#binding": "path",
  "http://a.ml/vocabularies/apiContract#paramName": "resourceGroupName",
  "http://a.ml/vocabularies/apiContract#required": "true",
  "http://a.ml/vocabularies/core#description": "The name of the resource group.",
  "http://a.ml/vocabularies/core#name": "resourceGroupName",
  "http://a.ml/vocabularies/shapes#schema": {
    "http://a.ml/vocabularies/core#description": "The name of the resource group.",
    "http://www.w3.org/ns/shacl#datatype": "http://www.w3.org/2001/XMLSchema#string",
    "http://www.w3.org/ns/shacl#name": "schema",
    "id": "file:///Users/abettati/sandbox/azure-rest-api-specs/specification/compute/resource-manager/Microsoft.Compute/stable/2020-06-01/runCommands.json#/web-api/end-points/%2Fsubscriptions%2F%7BsubscriptionId%7D%2FresourceGroups%2F%7BresourceGroupName%7D%2Fproviders%2FMicrosoft.Compute%2FvirtualMachines%2F%7BvmName%7D%2FrunCommands%2F%7BrunCommandName%7D/delete/request/parameter/resourceGroupName/scalar/schema"
  },
  "id": "file:///Users/abettati/sandbox/azure-rest-api-specs/specification/compute/resource-manager/Microsoft.Compute/stable/2020-06-01/runCommands.json#/web-api/end-points/%2Fsubscriptions%2F%7BsubscriptionId%7D%2FresourceGroups%2F%7BresourceGroupName%7D%2Fproviders%2FMicrosoft.Compute%2FvirtualMachines%2F%7BvmName%7D%2FrunCommands%2F%7BrunCommandName%7D/delete/request/parameter/resourceGroupName"
}, {
  "http://a.ml/vocabularies/apiContract#binding": "path",
  "http://a.ml/vocabularies/apiContract#paramName": "vmName",
  "http://a.ml/vocabularies/apiContract#required": "true",
  "http://a.ml/vocabularies/core#description": "The name of the virtual machine where the run command should be deleted.",
  "http://a.ml/vocabularies/core#name": "vmName",
  "http://a.ml/vocabularies/shapes#schema": {
    "http://a.ml/vocabularies/core#description": "The name of the virtual machine where the run command should be deleted.",
    "http://www.w3.org/ns/shacl#datatype": "http://www.w3.org/2001/XMLSchema#string",
    "http://www.w3.org/ns/shacl#name": "schema",
    "id": "file:///Users/abettati/sandbox/azure-rest-api-specs/specification/compute/resource-manager/Microsoft.Compute/stable/2020-06-01/runCommands.json#/web-api/end-points/%2Fsubscriptions%2F%7BsubscriptionId%7D%2FresourceGroups%2F%7BresourceGroupName%7D%2Fproviders%2FMicrosoft.Compute%2FvirtualMachines%2F%7BvmName%7D%2FrunCommands%2F%7BrunCommandName%7D/delete/request/parameter/vmName/scalar/schema"
  },
  "id": "file:///Users/abettati/sandbox/azure-rest-api-specs/specification/compute/resource-manager/Microsoft.Compute/stable/2020-06-01/runCommands.json#/web-api/end-points/%2Fsubscriptions%2F%7BsubscriptionId%7D%2FresourceGroups%2F%7BresourceGroupName%7D%2Fproviders%2FMicrosoft.Compute%2FvirtualMachines%2F%7BvmName%7D%2FrunCommands%2F%7BrunCommandName%7D/delete/request/parameter/vmName"
}, {
  "http://a.ml/vocabularies/apiContract#binding": "path",
  "http://a.ml/vocabularies/apiContract#paramName": "runCommandName",
  "http://a.ml/vocabularies/apiContract#required": "true",
  "http://a.ml/vocabularies/core#description": "The name of the virtual machine run command.",
  "http://a.ml/vocabularies/core#name": "runCommandName",
  "http://a.ml/vocabularies/shapes#schema": {
    "http://a.ml/vocabularies/core#description": "The name of the virtual machine run command.",
    "http://www.w3.org/ns/shacl#datatype": "http://www.w3.org/2001/XMLSchema#string",
    "http://www.w3.org/ns/shacl#name": "schema",
    "id": "file:///Users/abettati/sandbox/azure-rest-api-specs/specification/compute/resource-manager/Microsoft.Compute/stable/2020-06-01/runCommands.json#/web-api/end-points/%2Fsubscriptions%2F%7BsubscriptionId%7D%2FresourceGroups%2F%7BresourceGroupName%7D%2Fproviders%2FMicrosoft.Compute%2FvirtualMachines%2F%7BvmName%7D%2FrunCommands%2F%7BrunCommandName%7D/delete/request/parameter/runCommandName/scalar/schema"
  },
  "id": "file:///Users/abettati/sandbox/azure-rest-api-specs/specification/compute/resource-manager/Microsoft.Compute/stable/2020-06-01/runCommands.json#/web-api/end-points/%2Fsubscriptions%2F%7BsubscriptionId%7D%2FresourceGroups%2F%7BresourceGroupName%7D%2Fproviders%2FMicrosoft.Compute%2FvirtualMachines%2F%7BvmName%7D%2FrunCommands%2F%7BrunCommandName%7D/delete/request/parameter/runCommandName"
}, {
  "http://a.ml/vocabularies/apiContract#binding": "query",
  "http://a.ml/vocabularies/apiContract#paramName": "$expand",
  "http://a.ml/vocabularies/apiContract#required": "false",
  "http://a.ml/vocabularies/core#description": "The expand expression to apply on the operation.",
  "http://a.ml/vocabularies/core#name": "$expand",
  "http://a.ml/vocabularies/shapes#schema": {
    "http://a.ml/vocabularies/core#description": "The expand expression to apply on the operation.",
    "http://www.w3.org/ns/shacl#datatype": "http://www.w3.org/2001/XMLSchema#string",
    "http://www.w3.org/ns/shacl#name": "schema",
    "id": "file:///Users/abettati/sandbox/azure-rest-api-specs/specification/compute/resource-manager/Microsoft.Compute/stable/2020-06-01/runCommands.json#/web-api/end-points/%2Fsubscriptions%2F%7BsubscriptionId%7D%2FresourceGroups%2F%7BresourceGroupName%7D%2Fproviders%2FMicrosoft.Compute%2FvirtualMachines%2F%7BvmName%7D%2FrunCommands%2F%7BrunCommandName%7D/get/request/parameter/%24expand/scalar/schema"
  },
  "id": "file:///Users/abettati/sandbox/azure-rest-api-specs/specification/compute/resource-manager/Microsoft.Compute/stable/2020-06-01/runCommands.json#/web-api/end-points/%2Fsubscriptions%2F%7BsubscriptionId%7D%2FresourceGroups%2F%7BresourceGroupName%7D%2Fproviders%2FMicrosoft.Compute%2FvirtualMachines%2F%7BvmName%7D%2FrunCommands%2F%7BrunCommandName%7D/get/request/parameter/%24expand"
}, {
  "http://a.ml/vocabularies/apiContract#binding": "path",
  "http://a.ml/vocabularies/apiContract#paramName": "resourceGroupName",
  "http://a.ml/vocabularies/apiContract#required": "true",
  "http://a.ml/vocabularies/core#description": "The name of the resource group.",
  "http://a.ml/vocabularies/core#name": "resourceGroupName",
  "http://a.ml/vocabularies/shapes#schema": {
    "http://a.ml/vocabularies/core#description": "The name of the resource group.",
    "http://www.w3.org/ns/shacl#datatype": "http://www.w3.org/2001/XMLSchema#string",
    "http://www.w3.org/ns/shacl#name": "schema",
    "id": "file:///Users/abettati/sandbox/azure-rest-api-specs/specification/compute/resource-manager/Microsoft.Compute/stable/2020-06-01/runCommands.json#/web-api/end-points/%2Fsubscriptions%2F%7BsubscriptionId%7D%2FresourceGroups%2F%7BresourceGroupName%7D%2Fproviders%2FMicrosoft.Compute%2FvirtualMachines%2F%7BvmName%7D%2FrunCommands%2F%7BrunCommandName%7D/get/request/parameter/resourceGroupName/scalar/schema"
  },
  "id": "file:///Users/abettati/sandbox/azure-rest-api-specs/specification/compute/resource-manager/Microsoft.Compute/stable/2020-06-01/runCommands.json#/web-api/end-points/%2Fsubscriptions%2F%7BsubscriptionId%7D%2FresourceGroups%2F%7BresourceGroupName%7D%2Fproviders%2FMicrosoft.Compute%2FvirtualMachines%2F%7BvmName%7D%2FrunCommands%2F%7BrunCommandName%7D/get/request/parameter/resourceGroupName"
}, {
  "http://a.ml/vocabularies/apiContract#binding": "path",
  "http://a.ml/vocabularies/apiContract#paramName": "vmName",
  "http://a.ml/vocabularies/apiContract#required": "true",
  "http://a.ml/vocabularies/core#description": "The name of the virtual machine containing the run command.",
  "http://a.ml/vocabularies/core#name": "vmName",
  "http://a.ml/vocabularies/shapes#schema": {
    "http://a.ml/vocabularies/core#description": "The name of the virtual machine containing the run command.",
    "http://www.w3.org/ns/shacl#datatype": "http://www.w3.org/2001/XMLSchema#string",
    "http://www.w3.org/ns/shacl#name": "schema",
    "id": "file:///Users/abettati/sandbox/azure-rest-api-specs/specification/compute/resource-manager/Microsoft.Compute/stable/2020-06-01/runCommands.json#/web-api/end-points/%2Fsubscriptions%2F%7BsubscriptionId%7D%2FresourceGroups%2F%7BresourceGroupName%7D%2Fproviders%2FMicrosoft.Compute%2FvirtualMachines%2F%7BvmName%7D%2FrunCommands%2F%7BrunCommandName%7D/get/request/parameter/vmName/scalar/schema"
  },
  "id": "file:///Users/abettati/sandbox/azure-rest-api-specs/specification/compute/resource-manager/Microsoft.Compute/stable/2020-06-01/runCommands.json#/web-api/end-points/%2Fsubscriptions%2F%7BsubscriptionId%7D%2FresourceGroups%2F%7BresourceGroupName%7D%2Fproviders%2FMicrosoft.Compute%2FvirtualMachines%2F%7BvmName%7D%2FrunCommands%2F%7BrunCommandName%7D/get/request/parameter/vmName"
}, {
  "http://a.ml/vocabularies/apiContract#binding": "path",
  "http://a.ml/vocabularies/apiContract#paramName": "runCommandName",
  "http://a.ml/vocabularies/apiContract#required": "true",
  "http://a.ml/vocabularies/core#description": "The name of the virtual machine run command.",
  "http://a.ml/vocabularies/core#name": "runCommandName",
  "http://a.ml/vocabularies/shapes#schema": {
    "http://a.ml/vocabularies/core#description": "The name of the virtual machine run command.",
    "http://www.w3.org/ns/shacl#datatype": "http://www.w3.org/2001/XMLSchema#string",
    "http://www.w3.org/ns/shacl#name": "schema",
    "id": "file:///Users/abettati/sandbox/azure-rest-api-specs/specification/compute/resource-manager/Microsoft.Compute/stable/2020-06-01/runCommands.json#/web-api/end-points/%2Fsubscriptions%2F%7BsubscriptionId%7D%2FresourceGroups%2F%7BresourceGroupName%7D%2Fproviders%2FMicrosoft.Compute%2FvirtualMachines%2F%7BvmName%7D%2FrunCommands%2F%7BrunCommandName%7D/get/request/parameter/runCommandName/scalar/schema"
  },
  "id": "file:///Users/abettati/sandbox/azure-rest-api-specs/specification/compute/resource-manager/Microsoft.Compute/stable/2020-06-01/runCommands.json#/web-api/end-points/%2Fsubscriptions%2F%7BsubscriptionId%7D%2FresourceGroups%2F%7BresourceGroupName%7D%2Fproviders%2FMicrosoft.Compute%2FvirtualMachines%2F%7BvmName%7D%2FrunCommands%2F%7BrunCommandName%7D/get/request/parameter/runCommandName"
}, {
  "http://a.ml/vocabularies/apiContract#binding": "query",
  "http://a.ml/vocabularies/apiContract#paramName": "$expand",
  "http://a.ml/vocabularies/apiContract#required": "false",
  "http://a.ml/vocabularies/core#description": "The expand expression to apply on the operation.",
  "http://a.ml/vocabularies/core#name": "$expand",
  "http://a.ml/vocabularies/shapes#schema": {
    "http://a.ml/vocabularies/core#description": "The expand expression to apply on the operation.",
    "http://www.w3.org/ns/shacl#datatype": "http://www.w3.org/2001/XMLSchema#string",
    "http://www.w3.org/ns/shacl#name": "schema",
    "id": "file:///Users/abettati/sandbox/azure-rest-api-specs/specification/compute/resource-manager/Microsoft.Compute/stable/2020-06-01/runCommands.json#/web-api/end-points/%2Fsubscriptions%2F%7BsubscriptionId%7D%2FresourceGroups%2F%7BresourceGroupName%7D%2Fproviders%2FMicrosoft.Compute%2FvirtualMachines%2F%7BvmName%7D%2FrunCommands/get/request/parameter/%24expand/scalar/schema"
  },
  "id": "file:///Users/abettati/sandbox/azure-rest-api-specs/specification/compute/resource-manager/Microsoft.Compute/stable/2020-06-01/runCommands.json#/web-api/end-points/%2Fsubscriptions%2F%7BsubscriptionId%7D%2FresourceGroups%2F%7BresourceGroupName%7D%2Fproviders%2FMicrosoft.Compute%2FvirtualMachines%2F%7BvmName%7D%2FrunCommands/get/request/parameter/%24expand"
}, {
  "http://a.ml/vocabularies/apiContract#binding": "path",
  "http://a.ml/vocabularies/apiContract#paramName": "resourceGroupName",
  "http://a.ml/vocabularies/apiContract#required": "true",
  "http://a.ml/vocabularies/core#description": "The name of the resource group.",
  "http://a.ml/vocabularies/core#name": "resourceGroupName",
  "http://a.ml/vocabularies/shapes#schema": {
    "http://a.ml/vocabularies/core#description": "The name of the resource group.",
    "http://www.w3.org/ns/shacl#datatype": "http://www.w3.org/2001/XMLSchema#string",
    "http://www.w3.org/ns/shacl#name": "schema",
    "id": "file:///Users/abettati/sandbox/azure-rest-api-specs/specification/compute/resource-manager/Microsoft.Compute/stable/2020-06-01/runCommands.json#/web-api/end-points/%2Fsubscriptions%2F%7BsubscriptionId%7D%2FresourceGroups%2F%7BresourceGroupName%7D%2Fproviders%2FMicrosoft.Compute%2FvirtualMachines%2F%7BvmName%7D%2FrunCommands/get/request/parameter/resourceGroupName/scalar/schema"
  },
  "id": "file:///Users/abettati/sandbox/azure-rest-api-specs/specification/compute/resource-manager/Microsoft.Compute/stable/2020-06-01/runCommands.json#/web-api/end-points/%2Fsubscriptions%2F%7BsubscriptionId%7D%2FresourceGroups%2F%7BresourceGroupName%7D%2Fproviders%2FMicrosoft.Compute%2FvirtualMachines%2F%7BvmName%7D%2FrunCommands/get/request/parameter/resourceGroupName"
}, {
  "http://a.ml/vocabularies/apiContract#binding": "path",
  "http://a.ml/vocabularies/apiContract#paramName": "vmName",
  "http://a.ml/vocabularies/apiContract#required": "true",
  "http://a.ml/vocabularies/core#description": "The name of the virtual machine containing the run command.",
  "http://a.ml/vocabularies/core#name": "vmName",
  "http://a.ml/vocabularies/shapes#schema": {
    "http://a.ml/vocabularies/core#description": "The name of the virtual machine containing the run command.",
    "http://www.w3.org/ns/shacl#datatype": "http://www.w3.org/2001/XMLSchema#string",
    "http://www.w3.org/ns/shacl#name": "schema",
    "id": "file:///Users/abettati/sandbox/azure-rest-api-specs/specification/compute/resource-manager/Microsoft.Compute/stable/2020-06-01/runCommands.json#/web-api/end-points/%2Fsubscriptions%2F%7BsubscriptionId%7D%2FresourceGroups%2F%7BresourceGroupName%7D%2Fproviders%2FMicrosoft.Compute%2FvirtualMachines%2F%7BvmName%7D%2FrunCommands/get/request/parameter/vmName/scalar/schema"
  },
  "id": "file:///Users/abettati/sandbox/azure-rest-api-specs/specification/compute/resource-manager/Microsoft.Compute/stable/2020-06-01/runCommands.json#/web-api/end-points/%2Fsubscriptions%2F%7BsubscriptionId%7D%2FresourceGroups%2F%7BresourceGroupName%7D%2Fproviders%2FMicrosoft.Compute%2FvirtualMachines%2F%7BvmName%7D%2FrunCommands/get/request/parameter/vmName"
}, {
  "http://a.ml/vocabularies/apiContract#binding": "path",
  "http://a.ml/vocabularies/apiContract#paramName": "instanceId",
  "http://a.ml/vocabularies/apiContract#required": "true",
  "http://a.ml/vocabularies/core#description": "The instance ID of the virtual machine.",
  "http://a.ml/vocabularies/core#name": "instanceId",
  "http://a.ml/vocabularies/shapes#schema": {
    "http://a.ml/vocabularies/core#description": "The instance ID of the virtual machine.",
    "http://www.w3.org/ns/shacl#datatype": "http://www.w3.org/2001/XMLSchema#string",
    "http://www.w3.org/ns/shacl#name": "schema",
    "id": "file:///Users/abettati/sandbox/azure-rest-api-specs/specification/compute/resource-manager/Microsoft.Compute/stable/2020-06-01/runCommands.json#/web-api/end-points/%2Fsubscriptions%2F%7BsubscriptionId%7D%2FresourceGroups%2F%7BresourceGroupName%7D%2Fproviders%2FMicrosoft.Compute%2FvirtualMachineScaleSets%2F%7BvmScaleSetName%7D%2FvirtualMachines%2F%7BinstanceId%7D%2FrunCommands%2F%7BrunCommandName%7D/put/request/parameter/instanceId/scalar/schema"
  },
  "id": "file:///Users/abettati/sandbox/azure-rest-api-specs/specification/compute/resource-manager/Microsoft.Compute/stable/2020-06-01/runCommands.json#/web-api/end-points/%2Fsubscriptions%2F%7BsubscriptionId%7D%2FresourceGroups%2F%7BresourceGroupName%7D%2Fproviders%2FMicrosoft.Compute%2FvirtualMachineScaleSets%2F%7BvmScaleSetName%7D%2FvirtualMachines%2F%7BinstanceId%7D%2FrunCommands%2F%7BrunCommandName%7D/put/request/parameter/instanceId"
}, {
  "http://a.ml/vocabularies/apiContract#binding": "path",
  "http://a.ml/vocabularies/apiContract#paramName": "runCommandName",
  "http://a.ml/vocabularies/apiContract#required": "true",
  "http://a.ml/vocabularies/core#description": "The name of the virtual machine run command.",
  "http://a.ml/vocabularies/core#name": "runCommandName",
  "http://a.ml/vocabularies/shapes#schema": {
    "http://a.ml/vocabularies/core#description": "The name of the virtual machine run command.",
    "http://www.w3.org/ns/shacl#datatype": "http://www.w3.org/2001/XMLSchema#string",
    "http://www.w3.org/ns/shacl#name": "schema",
    "id": "file:///Users/abettati/sandbox/azure-rest-api-specs/specification/compute/resource-manager/Microsoft.Compute/stable/2020-06-01/runCommands.json#/web-api/end-points/%2Fsubscriptions%2F%7BsubscriptionId%7D%2FresourceGroups%2F%7BresourceGroupName%7D%2Fproviders%2FMicrosoft.Compute%2FvirtualMachineScaleSets%2F%7BvmScaleSetName%7D%2FvirtualMachines%2F%7BinstanceId%7D%2FrunCommands%2F%7BrunCommandName%7D/put/request/parameter/runCommandName/scalar/schema"
  },
  "id": "file:///Users/abettati/sandbox/azure-rest-api-specs/specification/compute/resource-manager/Microsoft.Compute/stable/2020-06-01/runCommands.json#/web-api/end-points/%2Fsubscriptions%2F%7BsubscriptionId%7D%2FresourceGroups%2F%7BresourceGroupName%7D%2Fproviders%2FMicrosoft.Compute%2FvirtualMachineScaleSets%2F%7BvmScaleSetName%7D%2FvirtualMachines%2F%7BinstanceId%7D%2FrunCommands%2F%7BrunCommandName%7D/put/request/parameter/runCommandName"
}, {
  "http://a.ml/vocabularies/apiContract#binding": "path",
  "http://a.ml/vocabularies/apiContract#paramName": "vmScaleSetName",
  "http://a.ml/vocabularies/apiContract#required": "true",
  "http://a.ml/vocabularies/core#description": "The name of the VM scale set.",
  "http://a.ml/vocabularies/core#name": "vmScaleSetName",
  "http://a.ml/vocabularies/shapes#schema": {
    "http://a.ml/vocabularies/core#description": "The name of the VM scale set.",
    "http://www.w3.org/ns/shacl#datatype": "http://www.w3.org/2001/XMLSchema#string",
    "http://www.w3.org/ns/shacl#name": "schema",
    "id": "file:///Users/abettati/sandbox/azure-rest-api-specs/specification/compute/resource-manager/Microsoft.Compute/stable/2020-06-01/runCommands.json#/web-api/end-points/%2Fsubscriptions%2F%7BsubscriptionId%7D%2FresourceGroups%2F%7BresourceGroupName%7D%2Fproviders%2FMicrosoft.Compute%2FvirtualMachineScaleSets%2F%7BvmScaleSetName%7D%2FvirtualMachines%2F%7BinstanceId%7D%2FrunCommands%2F%7BrunCommandName%7D/put/request/parameter/vmScaleSetName/scalar/schema"
  },
  "id": "file:///Users/abettati/sandbox/azure-rest-api-specs/specification/compute/resource-manager/Microsoft.Compute/stable/2020-06-01/runCommands.json#/web-api/end-points/%2Fsubscriptions%2F%7BsubscriptionId%7D%2FresourceGroups%2F%7BresourceGroupName%7D%2Fproviders%2FMicrosoft.Compute%2FvirtualMachineScaleSets%2F%7BvmScaleSetName%7D%2FvirtualMachines%2F%7BinstanceId%7D%2FrunCommands%2F%7BrunCommandName%7D/put/request/parameter/vmScaleSetName"
}, {
  "http://a.ml/vocabularies/apiContract#binding": "path",
  "http://a.ml/vocabularies/apiContract#paramName": "resourceGroupName",
  "http://a.ml/vocabularies/apiContract#required": "true",
  "http://a.ml/vocabularies/core#description": "The name of the resource group.",
  "http://a.ml/vocabularies/core#name": "resourceGroupName",
  "http://a.ml/vocabularies/shapes#schema": {
    "http://a.ml/vocabularies/core#description": "The name of the resource group.",
    "http://www.w3.org/ns/shacl#datatype": "http://www.w3.org/2001/XMLSchema#string",
    "http://www.w3.org/ns/shacl#name": "schema",
    "id": "file:///Users/abettati/sandbox/azure-rest-api-specs/specification/compute/resource-manager/Microsoft.Compute/stable/2020-06-01/runCommands.json#/web-api/end-points/%2Fsubscriptions%2F%7BsubscriptionId%7D%2FresourceGroups%2F%7BresourceGroupName%7D%2Fproviders%2FMicrosoft.Compute%2FvirtualMachineScaleSets%2F%7BvmScaleSetName%7D%2FvirtualMachines%2F%7BinstanceId%7D%2FrunCommands%2F%7BrunCommandName%7D/put/request/parameter/resourceGroupName/scalar/schema"
  },
  "id": "file:///Users/abettati/sandbox/azure-rest-api-specs/specification/compute/resource-manager/Microsoft.Compute/stable/2020-06-01/runCommands.json#/web-api/end-points/%2Fsubscriptions%2F%7BsubscriptionId%7D%2FresourceGroups%2F%7BresourceGroupName%7D%2Fproviders%2FMicrosoft.Compute%2FvirtualMachineScaleSets%2F%7BvmScaleSetName%7D%2FvirtualMachines%2F%7BinstanceId%7D%2FrunCommands%2F%7BrunCommandName%7D/put/request/parameter/resourceGroupName"
}, {
  "http://a.ml/vocabularies/apiContract#binding": "path",
  "http://a.ml/vocabularies/apiContract#paramName": "instanceId",
  "http://a.ml/vocabularies/apiContract#required": "true",
  "http://a.ml/vocabularies/core#description": "The instance ID of the virtual machine.",
  "http://a.ml/vocabularies/core#name": "instanceId",
  "http://a.ml/vocabularies/shapes#schema": {
    "http://a.ml/vocabularies/core#description": "The instance ID of the virtual machine.",
    "http://www.w3.org/ns/shacl#datatype": "http://www.w3.org/2001/XMLSchema#string",
    "http://www.w3.org/ns/shacl#name": "schema",
    "id": "file:///Users/abettati/sandbox/azure-rest-api-specs/specification/compute/resource-manager/Microsoft.Compute/stable/2020-06-01/runCommands.json#/web-api/end-points/%2Fsubscriptions%2F%7BsubscriptionId%7D%2FresourceGroups%2F%7BresourceGroupName%7D%2Fproviders%2FMicrosoft.Compute%2FvirtualMachineScaleSets%2F%7BvmScaleSetName%7D%2FvirtualMachines%2F%7BinstanceId%7D%2FrunCommands%2F%7BrunCommandName%7D/patch/request/parameter/instanceId/scalar/schema"
  },
  "id": "file:///Users/abettati/sandbox/azure-rest-api-specs/specification/compute/resource-manager/Microsoft.Compute/stable/2020-06-01/runCommands.json#/web-api/end-points/%2Fsubscriptions%2F%7BsubscriptionId%7D%2FresourceGroups%2F%7BresourceGroupName%7D%2Fproviders%2FMicrosoft.Compute%2FvirtualMachineScaleSets%2F%7BvmScaleSetName%7D%2FvirtualMachines%2F%7BinstanceId%7D%2FrunCommands%2F%7BrunCommandName%7D/patch/request/parameter/instanceId"
}, {
  "http://a.ml/vocabularies/apiContract#binding": "path",
  "http://a.ml/vocabularies/apiContract#paramName": "runCommandName",
  "http://a.ml/vocabularies/apiContract#required": "true",
  "http://a.ml/vocabularies/core#description": "The name of the virtual machine run command.",
  "http://a.ml/vocabularies/core#name": "runCommandName",
  "http://a.ml/vocabularies/shapes#schema": {
    "http://a.ml/vocabularies/core#description": "The name of the virtual machine run command.",
    "http://www.w3.org/ns/shacl#datatype": "http://www.w3.org/2001/XMLSchema#string",
    "http://www.w3.org/ns/shacl#name": "schema",
    "id": "file:///Users/abettati/sandbox/azure-rest-api-specs/specification/compute/resource-manager/Microsoft.Compute/stable/2020-06-01/runCommands.json#/web-api/end-points/%2Fsubscriptions%2F%7BsubscriptionId%7D%2FresourceGroups%2F%7BresourceGroupName%7D%2Fproviders%2FMicrosoft.Compute%2FvirtualMachineScaleSets%2F%7BvmScaleSetName%7D%2FvirtualMachines%2F%7BinstanceId%7D%2FrunCommands%2F%7BrunCommandName%7D/patch/request/parameter/runCommandName/scalar/schema"
  },
  "id": "file:///Users/abettati/sandbox/azure-rest-api-specs/specification/compute/resource-manager/Microsoft.Compute/stable/2020-06-01/runCommands.json#/web-api/end-points/%2Fsubscriptions%2F%7BsubscriptionId%7D%2FresourceGroups%2F%7BresourceGroupName%7D%2Fproviders%2FMicrosoft.Compute%2FvirtualMachineScaleSets%2F%7BvmScaleSetName%7D%2FvirtualMachines%2F%7BinstanceId%7D%2FrunCommands%2F%7BrunCommandName%7D/patch/request/parameter/runCommandName"
}, {
  "http://a.ml/vocabularies/apiContract#binding": "path",
  "http://a.ml/vocabularies/apiContract#paramName": "vmScaleSetName",
  "http://a.ml/vocabularies/apiContract#required": "true",
  "http://a.ml/vocabularies/core#description": "The name of the VM scale set.",
  "http://a.ml/vocabularies/core#name": "vmScaleSetName",
  "http://a.ml/vocabularies/shapes#schema": {
    "http://a.ml/vocabularies/core#description": "The name of the VM scale set.",
    "http://www.w3.org/ns/shacl#datatype": "http://www.w3.org/2001/XMLSchema#string",
    "http://www.w3.org/ns/shacl#name": "schema",
    "id": "file:///Users/abettati/sandbox/azure-rest-api-specs/specification/compute/resource-manager/Microsoft.Compute/stable/2020-06-01/runCommands.json#/web-api/end-points/%2Fsubscriptions%2F%7BsubscriptionId%7D%2FresourceGroups%2F%7BresourceGroupName%7D%2Fproviders%2FMicrosoft.Compute%2FvirtualMachineScaleSets%2F%7BvmScaleSetName%7D%2FvirtualMachines%2F%7BinstanceId%7D%2FrunCommands%2F%7BrunCommandName%7D/patch/request/parameter/vmScaleSetName/scalar/schema"
  },
  "id": "file:///Users/abettati/sandbox/azure-rest-api-specs/specification/compute/resource-manager/Microsoft.Compute/stable/2020-06-01/runCommands.json#/web-api/end-points/%2Fsubscriptions%2F%7BsubscriptionId%7D%2FresourceGroups%2F%7BresourceGroupName%7D%2Fproviders%2FMicrosoft.Compute%2FvirtualMachineScaleSets%2F%7BvmScaleSetName%7D%2FvirtualMachines%2F%7BinstanceId%7D%2FrunCommands%2F%7BrunCommandName%7D/patch/request/parameter/vmScaleSetName"
}, {
  "http://a.ml/vocabularies/apiContract#binding": "path",
  "http://a.ml/vocabularies/apiContract#paramName": "resourceGroupName",
  "http://a.ml/vocabularies/apiContract#required": "true",
  "http://a.ml/vocabularies/core#description": "The name of the resource group.",
  "http://a.ml/vocabularies/core#name": "resourceGroupName",
  "http://a.ml/vocabularies/shapes#schema": {
    "http://a.ml/vocabularies/core#description": "The name of the resource group.",
    "http://www.w3.org/ns/shacl#datatype": "http://www.w3.org/2001/XMLSchema#string",
    "http://www.w3.org/ns/shacl#name": "schema",
    "id": "file:///Users/abettati/sandbox/azure-rest-api-specs/specification/compute/resource-manager/Microsoft.Compute/stable/2020-06-01/runCommands.json#/web-api/end-points/%2Fsubscriptions%2F%7BsubscriptionId%7D%2FresourceGroups%2F%7BresourceGroupName%7D%2Fproviders%2FMicrosoft.Compute%2FvirtualMachineScaleSets%2F%7BvmScaleSetName%7D%2FvirtualMachines%2F%7BinstanceId%7D%2FrunCommands%2F%7BrunCommandName%7D/patch/request/parameter/resourceGroupName/scalar/schema"
  },
  "id": "file:///Users/abettati/sandbox/azure-rest-api-specs/specification/compute/resource-manager/Microsoft.Compute/stable/2020-06-01/runCommands.json#/web-api/end-points/%2Fsubscriptions%2F%7BsubscriptionId%7D%2FresourceGroups%2F%7BresourceGroupName%7D%2Fproviders%2FMicrosoft.Compute%2FvirtualMachineScaleSets%2F%7BvmScaleSetName%7D%2FvirtualMachines%2F%7BinstanceId%7D%2FrunCommands%2F%7BrunCommandName%7D/patch/request/parameter/resourceGroupName"
}, {
  "http://a.ml/vocabularies/apiContract#binding": "path",
  "http://a.ml/vocabularies/apiContract#paramName": "instanceId",
  "http://a.ml/vocabularies/apiContract#required": "true",
  "http://a.ml/vocabularies/core#description": "The instance ID of the virtual machine.",
  "http://a.ml/vocabularies/core#name": "instanceId",
  "http://a.ml/vocabularies/shapes#schema": {
    "http://a.ml/vocabularies/core#description": "The instance ID of the virtual machine.",
    "http://www.w3.org/ns/shacl#datatype": "http://www.w3.org/2001/XMLSchema#string",
    "http://www.w3.org/ns/shacl#name": "schema",
    "id": "file:///Users/abettati/sandbox/azure-rest-api-specs/specification/compute/resource-manager/Microsoft.Compute/stable/2020-06-01/runCommands.json#/web-api/end-points/%2Fsubscriptions%2F%7BsubscriptionId%7D%2FresourceGroups%2F%7BresourceGroupName%7D%2Fproviders%2FMicrosoft.Compute%2FvirtualMachineScaleSets%2F%7BvmScaleSetName%7D%2FvirtualMachines%2F%7BinstanceId%7D%2FrunCommands%2F%7BrunCommandName%7D/delete/request/parameter/instanceId/scalar/schema"
  },
  "id": "file:///Users/abettati/sandbox/azure-rest-api-specs/specification/compute/resource-manager/Microsoft.Compute/stable/2020-06-01/runCommands.json#/web-api/end-points/%2Fsubscriptions%2F%7BsubscriptionId%7D%2FresourceGroups%2F%7BresourceGroupName%7D%2Fproviders%2FMicrosoft.Compute%2FvirtualMachineScaleSets%2F%7BvmScaleSetName%7D%2FvirtualMachines%2F%7BinstanceId%7D%2FrunCommands%2F%7BrunCommandName%7D/delete/request/parameter/instanceId"
}, {
  "http://a.ml/vocabularies/apiContract#binding": "path",
  "http://a.ml/vocabularies/apiContract#paramName": "runCommandName",
  "http://a.ml/vocabularies/apiContract#required": "true",
  "http://a.ml/vocabularies/core#description": "The name of the virtual machine run command.",
  "http://a.ml/vocabularies/core#name": "runCommandName",
  "http://a.ml/vocabularies/shapes#schema": {
    "http://a.ml/vocabularies/core#description": "The name of the virtual machine run command.",
    "http://www.w3.org/ns/shacl#datatype": "http://www.w3.org/2001/XMLSchema#string",
    "http://www.w3.org/ns/shacl#name": "schema",
    "id": "file:///Users/abettati/sandbox/azure-rest-api-specs/specification/compute/resource-manager/Microsoft.Compute/stable/2020-06-01/runCommands.json#/web-api/end-points/%2Fsubscriptions%2F%7BsubscriptionId%7D%2FresourceGroups%2F%7BresourceGroupName%7D%2Fproviders%2FMicrosoft.Compute%2FvirtualMachineScaleSets%2F%7BvmScaleSetName%7D%2FvirtualMachines%2F%7BinstanceId%7D%2FrunCommands%2F%7BrunCommandName%7D/delete/request/parameter/runCommandName/scalar/schema"
  },
  "id": "file:///Users/abettati/sandbox/azure-rest-api-specs/specification/compute/resource-manager/Microsoft.Compute/stable/2020-06-01/runCommands.json#/web-api/end-points/%2Fsubscriptions%2F%7BsubscriptionId%7D%2FresourceGroups%2F%7BresourceGroupName%7D%2Fproviders%2FMicrosoft.Compute%2FvirtualMachineScaleSets%2F%7BvmScaleSetName%7D%2FvirtualMachines%2F%7BinstanceId%7D%2FrunCommands%2F%7BrunCommandName%7D/delete/request/parameter/runCommandName"
}, {
  "http://a.ml/vocabularies/apiContract#binding": "path",
  "http://a.ml/vocabularies/apiContract#paramName": "vmScaleSetName",
  "http://a.ml/vocabularies/apiContract#required": "true",
  "http://a.ml/vocabularies/core#description": "The name of the VM scale set.",
  "http://a.ml/vocabularies/core#name": "vmScaleSetName",
  "http://a.ml/vocabularies/shapes#schema": {
    "http://a.ml/vocabularies/core#description": "The name of the VM scale set.",
    "http://www.w3.org/ns/shacl#datatype": "http://www.w3.org/2001/XMLSchema#string",
    "http://www.w3.org/ns/shacl#name": "schema",
    "id": "file:///Users/abettati/sandbox/azure-rest-api-specs/specification/compute/resource-manager/Microsoft.Compute/stable/2020-06-01/runCommands.json#/web-api/end-points/%2Fsubscriptions%2F%7BsubscriptionId%7D%2FresourceGroups%2F%7BresourceGroupName%7D%2Fproviders%2FMicrosoft.Compute%2FvirtualMachineScaleSets%2F%7BvmScaleSetName%7D%2FvirtualMachines%2F%7BinstanceId%7D%2FrunCommands%2F%7BrunCommandName%7D/delete/request/parameter/vmScaleSetName/scalar/schema"
  },
  "id": "file:///Users/abettati/sandbox/azure-rest-api-specs/specification/compute/resource-manager/Microsoft.Compute/stable/2020-06-01/runCommands.json#/web-api/end-points/%2Fsubscriptions%2F%7BsubscriptionId%7D%2FresourceGroups%2F%7BresourceGroupName%7D%2Fproviders%2FMicrosoft.Compute%2FvirtualMachineScaleSets%2F%7BvmScaleSetName%7D%2FvirtualMachines%2F%7BinstanceId%7D%2FrunCommands%2F%7BrunCommandName%7D/delete/request/parameter/vmScaleSetName"
}, {
  "http://a.ml/vocabularies/apiContract#binding": "path",
  "http://a.ml/vocabularies/apiContract#paramName": "resourceGroupName",
  "http://a.ml/vocabularies/apiContract#required": "true",
  "http://a.ml/vocabularies/core#description": "The name of the resource group.",
  "http://a.ml/vocabularies/core#name": "resourceGroupName",
  "http://a.ml/vocabularies/shapes#schema": {
    "http://a.ml/vocabularies/core#description": "The name of the resource group.",
    "http://www.w3.org/ns/shacl#datatype": "http://www.w3.org/2001/XMLSchema#string",
    "http://www.w3.org/ns/shacl#name": "schema",
    "id": "file:///Users/abettati/sandbox/azure-rest-api-specs/specification/compute/resource-manager/Microsoft.Compute/stable/2020-06-01/runCommands.json#/web-api/end-points/%2Fsubscriptions%2F%7BsubscriptionId%7D%2FresourceGroups%2F%7BresourceGroupName%7D%2Fproviders%2FMicrosoft.Compute%2FvirtualMachineScaleSets%2F%7BvmScaleSetName%7D%2FvirtualMachines%2F%7BinstanceId%7D%2FrunCommands%2F%7BrunCommandName%7D/delete/request/parameter/resourceGroupName/scalar/schema"
  },
  "id": "file:///Users/abettati/sandbox/azure-rest-api-specs/specification/compute/resource-manager/Microsoft.Compute/stable/2020-06-01/runCommands.json#/web-api/end-points/%2Fsubscriptions%2F%7BsubscriptionId%7D%2FresourceGroups%2F%7BresourceGroupName%7D%2Fproviders%2FMicrosoft.Compute%2FvirtualMachineScaleSets%2F%7BvmScaleSetName%7D%2FvirtualMachines%2F%7BinstanceId%7D%2FrunCommands%2F%7BrunCommandName%7D/delete/request/parameter/resourceGroupName"
}, {
  "http://a.ml/vocabularies/apiContract#binding": "query",
  "http://a.ml/vocabularies/apiContract#paramName": "$expand",
  "http://a.ml/vocabularies/apiContract#required": "false",
  "http://a.ml/vocabularies/core#description": "The expand expression to apply on the operation.",
  "http://a.ml/vocabularies/core#name": "$expand",
  "http://a.ml/vocabularies/shapes#schema": {
    "http://a.ml/vocabularies/core#description": "The expand expression to apply on the operation.",
    "http://www.w3.org/ns/shacl#datatype": "http://www.w3.org/2001/XMLSchema#string",
    "http://www.w3.org/ns/shacl#name": "schema",
    "id": "file:///Users/abettati/sandbox/azure-rest-api-specs/specification/compute/resource-manager/Microsoft.Compute/stable/2020-06-01/runCommands.json#/web-api/end-points/%2Fsubscriptions%2F%7BsubscriptionId%7D%2FresourceGroups%2F%7BresourceGroupName%7D%2Fproviders%2FMicrosoft.Compute%2FvirtualMachineScaleSets%2F%7BvmScaleSetName%7D%2FvirtualMachines%2F%7BinstanceId%7D%2FrunCommands%2F%7BrunCommandName%7D/get/request/parameter/%24expand/scalar/schema"
  },
  "id": "file:///Users/abettati/sandbox/azure-rest-api-specs/specification/compute/resource-manager/Microsoft.Compute/stable/2020-06-01/runCommands.json#/web-api/end-points/%2Fsubscriptions%2F%7BsubscriptionId%7D%2FresourceGroups%2F%7BresourceGroupName%7D%2Fproviders%2FMicrosoft.Compute%2FvirtualMachineScaleSets%2F%7BvmScaleSetName%7D%2FvirtualMachines%2F%7BinstanceId%7D%2FrunCommands%2F%7BrunCommandName%7D/get/request/parameter/%24expand"
}, {
  "http://a.ml/vocabularies/apiContract#binding": "path",
  "http://a.ml/vocabularies/apiContract#paramName": "instanceId",
  "http://a.ml/vocabularies/apiContract#required": "true",
  "http://a.ml/vocabularies/core#description": "The instance ID of the virtual machine.",
  "http://a.ml/vocabularies/core#name": "instanceId",
  "http://a.ml/vocabularies/shapes#schema": {
    "http://a.ml/vocabularies/core#description": "The instance ID of the virtual machine.",
    "http://www.w3.org/ns/shacl#datatype": "http://www.w3.org/2001/XMLSchema#string",
    "http://www.w3.org/ns/shacl#name": "schema",
    "id": "file:///Users/abettati/sandbox/azure-rest-api-specs/specification/compute/resource-manager/Microsoft.Compute/stable/2020-06-01/runCommands.json#/web-api/end-points/%2Fsubscriptions%2F%7BsubscriptionId%7D%2FresourceGroups%2F%7BresourceGroupName%7D%2Fproviders%2FMicrosoft.Compute%2FvirtualMachineScaleSets%2F%7BvmScaleSetName%7D%2FvirtualMachines%2F%7BinstanceId%7D%2FrunCommands%2F%7BrunCommandName%7D/get/request/parameter/instanceId/scalar/schema"
  },
  "id": "file:///Users/abettati/sandbox/azure-rest-api-specs/specification/compute/resource-manager/Microsoft.Compute/stable/2020-06-01/runCommands.json#/web-api/end-points/%2Fsubscriptions%2F%7BsubscriptionId%7D%2FresourceGroups%2F%7BresourceGroupName%7D%2Fproviders%2FMicrosoft.Compute%2FvirtualMachineScaleSets%2F%7BvmScaleSetName%7D%2FvirtualMachines%2F%7BinstanceId%7D%2FrunCommands%2F%7BrunCommandName%7D/get/request/parameter/instanceId"
}, {
  "http://a.ml/vocabularies/apiContract#binding": "path",
  "http://a.ml/vocabularies/apiContract#paramName": "runCommandName",
  "http://a.ml/vocabularies/apiContract#required": "true",
  "http://a.ml/vocabularies/core#description": "The name of the virtual machine run command.",
  "http://a.ml/vocabularies/core#name": "runCommandName",
  "http://a.ml/vocabularies/shapes#schema": {
    "http://a.ml/vocabularies/core#description": "The name of the virtual machine run command.",
    "http://www.w3.org/ns/shacl#datatype": "http://www.w3.org/2001/XMLSchema#string",
    "http://www.w3.org/ns/shacl#name": "schema",
    "id": "file:///Users/abettati/sandbox/azure-rest-api-specs/specification/compute/resource-manager/Microsoft.Compute/stable/2020-06-01/runCommands.json#/web-api/end-points/%2Fsubscriptions%2F%7BsubscriptionId%7D%2FresourceGroups%2F%7BresourceGroupName%7D%2Fproviders%2FMicrosoft.Compute%2FvirtualMachineScaleSets%2F%7BvmScaleSetName%7D%2FvirtualMachines%2F%7BinstanceId%7D%2FrunCommands%2F%7BrunCommandName%7D/get/request/parameter/runCommandName/scalar/schema"
  },
  "id": "file:///Users/abettati/sandbox/azure-rest-api-specs/specification/compute/resource-manager/Microsoft.Compute/stable/2020-06-01/runCommands.json#/web-api/end-points/%2Fsubscriptions%2F%7BsubscriptionId%7D%2FresourceGroups%2F%7BresourceGroupName%7D%2Fproviders%2FMicrosoft.Compute%2FvirtualMachineScaleSets%2F%7BvmScaleSetName%7D%2FvirtualMachines%2F%7BinstanceId%7D%2FrunCommands%2F%7BrunCommandName%7D/get/request/parameter/runCommandName"
}, {
  "http://a.ml/vocabularies/apiContract#binding": "path",
  "http://a.ml/vocabularies/apiContract#paramName": "vmScaleSetName",
  "http://a.ml/vocabularies/apiContract#required": "true",
  "http://a.ml/vocabularies/core#description": "The name of the VM scale set.",
  "http://a.ml/vocabularies/core#name": "vmScaleSetName",
  "http://a.ml/vocabularies/shapes#schema": {
    "http://a.ml/vocabularies/core#description": "The name of the VM scale set.",
    "http://www.w3.org/ns/shacl#datatype": "http://www.w3.org/2001/XMLSchema#string",
    "http://www.w3.org/ns/shacl#name": "schema",
    "id": "file:///Users/abettati/sandbox/azure-rest-api-specs/specification/compute/resource-manager/Microsoft.Compute/stable/2020-06-01/runCommands.json#/web-api/end-points/%2Fsubscriptions%2F%7BsubscriptionId%7D%2FresourceGroups%2F%7BresourceGroupName%7D%2Fproviders%2FMicrosoft.Compute%2FvirtualMachineScaleSets%2F%7BvmScaleSetName%7D%2FvirtualMachines%2F%7BinstanceId%7D%2FrunCommands%2F%7BrunCommandName%7D/get/request/parameter/vmScaleSetName/scalar/schema"
  },
  "id": "file:///Users/abettati/sandbox/azure-rest-api-specs/specification/compute/resource-manager/Microsoft.Compute/stable/2020-06-01/runCommands.json#/web-api/end-points/%2Fsubscriptions%2F%7BsubscriptionId%7D%2FresourceGroups%2F%7BresourceGroupName%7D%2Fproviders%2FMicrosoft.Compute%2FvirtualMachineScaleSets%2F%7BvmScaleSetName%7D%2FvirtualMachines%2F%7BinstanceId%7D%2FrunCommands%2F%7BrunCommandName%7D/get/request/parameter/vmScaleSetName"
}, {
  "http://a.ml/vocabularies/apiContract#binding": "path",
  "http://a.ml/vocabularies/apiContract#paramName": "resourceGroupName",
  "http://a.ml/vocabularies/apiContract#required": "true",
  "http://a.ml/vocabularies/core#description": "The name of the resource group.",
  "http://a.ml/vocabularies/core#name": "resourceGroupName",
  "http://a.ml/vocabularies/shapes#schema": {
    "http://a.ml/vocabularies/core#description": "The name of the resource group.",
    "http://www.w3.org/ns/shacl#datatype": "http://www.w3.org/2001/XMLSchema#string",
    "http://www.w3.org/ns/shacl#name": "schema",
    "id": "file:///Users/abettati/sandbox/azure-rest-api-specs/specification/compute/resource-manager/Microsoft.Compute/stable/2020-06-01/runCommands.json#/web-api/end-points/%2Fsubscriptions%2F%7BsubscriptionId%7D%2FresourceGroups%2F%7BresourceGroupName%7D%2Fproviders%2FMicrosoft.Compute%2FvirtualMachineScaleSets%2F%7BvmScaleSetName%7D%2FvirtualMachines%2F%7BinstanceId%7D%2FrunCommands%2F%7BrunCommandName%7D/get/request/parameter/resourceGroupName/scalar/schema"
  },
  "id": "file:///Users/abettati/sandbox/azure-rest-api-specs/specification/compute/resource-manager/Microsoft.Compute/stable/2020-06-01/runCommands.json#/web-api/end-points/%2Fsubscriptions%2F%7BsubscriptionId%7D%2FresourceGroups%2F%7BresourceGroupName%7D%2Fproviders%2FMicrosoft.Compute%2FvirtualMachineScaleSets%2F%7BvmScaleSetName%7D%2FvirtualMachines%2F%7BinstanceId%7D%2FrunCommands%2F%7BrunCommandName%7D/get/request/parameter/resourceGroupName"
}, {
  "http://a.ml/vocabularies/apiContract#binding": "query",
  "http://a.ml/vocabularies/apiContract#paramName": "$expand",
  "http://a.ml/vocabularies/apiContract#required": "false",
  "http://a.ml/vocabularies/core#description": "The expand expression to apply on the operation.",
  "http://a.ml/vocabularies/core#name": "$expand",
  "http://a.ml/vocabularies/shapes#schema": {
    "http://a.ml/vocabularies/core#description": "The expand expression to apply on the operation.",
    "http://www.w3.org/ns/shacl#datatype": "http://www.w3.org/2001/XMLSchema#string",
    "http://www.w3.org/ns/shacl#name": "schema",
    "id": "file:///Users/abettati/sandbox/azure-rest-api-specs/specification/compute/resource-manager/Microsoft.Compute/stable/2020-06-01/runCommands.json#/web-api/end-points/%2Fsubscriptions%2F%7BsubscriptionId%7D%2FresourceGroups%2F%7BresourceGroupName%7D%2Fproviders%2FMicrosoft.Compute%2FvirtualMachineScaleSets%2F%7BvmScaleSetName%7D%2FvirtualMachines%2F%7BinstanceId%7D%2FrunCommands/get/request/parameter/%24expand/scalar/schema"
  },
  "id": "file:///Users/abettati/sandbox/azure-rest-api-specs/specification/compute/resource-manager/Microsoft.Compute/stable/2020-06-01/runCommands.json#/web-api/end-points/%2Fsubscriptions%2F%7BsubscriptionId%7D%2FresourceGroups%2F%7BresourceGroupName%7D%2Fproviders%2FMicrosoft.Compute%2FvirtualMachineScaleSets%2F%7BvmScaleSetName%7D%2FvirtualMachines%2F%7BinstanceId%7D%2FrunCommands/get/request/parameter/%24expand"
}, {
  "http://a.ml/vocabularies/apiContract#binding": "path",
  "http://a.ml/vocabularies/apiContract#paramName": "resourceGroupName",
  "http://a.ml/vocabularies/apiContract#required": "true",
  "http://a.ml/vocabularies/core#description": "The name of the resource group.",
  "http://a.ml/vocabularies/core#name": "resourceGroupName",
  "http://a.ml/vocabularies/shapes#schema": {
    "http://a.ml/vocabularies/core#description": "The name of the resource group.",
    "http://www.w3.org/ns/shacl#datatype": "http://www.w3.org/2001/XMLSchema#string",
    "http://www.w3.org/ns/shacl#name": "schema",
    "id": "file:///Users/abettati/sandbox/azure-rest-api-specs/specification/compute/resource-manager/Microsoft.Compute/stable/2020-06-01/runCommands.json#/web-api/end-points/%2Fsubscriptions%2F%7BsubscriptionId%7D%2FresourceGroups%2F%7BresourceGroupName%7D%2Fproviders%2FMicrosoft.Compute%2FvirtualMachineScaleSets%2F%7BvmScaleSetName%7D%2FvirtualMachines%2F%7BinstanceId%7D%2FrunCommands/get/request/parameter/resourceGroupName/scalar/schema"
  },
  "id": "file:///Users/abettati/sandbox/azure-rest-api-specs/specification/compute/resource-manager/Microsoft.Compute/stable/2020-06-01/runCommands.json#/web-api/end-points/%2Fsubscriptions%2F%7BsubscriptionId%7D%2FresourceGroups%2F%7BresourceGroupName%7D%2Fproviders%2FMicrosoft.Compute%2FvirtualMachineScaleSets%2F%7BvmScaleSetName%7D%2FvirtualMachines%2F%7BinstanceId%7D%2FrunCommands/get/request/parameter/resourceGroupName"
}, {
  "http://a.ml/vocabularies/apiContract#binding": "path",
  "http://a.ml/vocabularies/apiContract#paramName": "vmScaleSetName",
  "http://a.ml/vocabularies/apiContract#required": "true",
  "http://a.ml/vocabularies/core#description": "The name of the VM scale set.",
  "http://a.ml/vocabularies/core#name": "vmScaleSetName",
  "http://a.ml/vocabularies/shapes#schema": {
    "http://a.ml/vocabularies/core#description": "The name of the VM scale set.",
    "http://www.w3.org/ns/shacl#datatype": "http://www.w3.org/2001/XMLSchema#string",
    "http://www.w3.org/ns/shacl#name": "schema",
    "id": "file:///Users/abettati/sandbox/azure-rest-api-specs/specification/compute/resource-manager/Microsoft.Compute/stable/2020-06-01/runCommands.json#/web-api/end-points/%2Fsubscriptions%2F%7BsubscriptionId%7D%2FresourceGroups%2F%7BresourceGroupName%7D%2Fproviders%2FMicrosoft.Compute%2FvirtualMachineScaleSets%2F%7BvmScaleSetName%7D%2FvirtualMachines%2F%7BinstanceId%7D%2FrunCommands/get/request/parameter/vmScaleSetName/scalar/schema"
  },
  "id": "file:///Users/abettati/sandbox/azure-rest-api-specs/specification/compute/resource-manager/Microsoft.Compute/stable/2020-06-01/runCommands.json#/web-api/end-points/%2Fsubscriptions%2F%7BsubscriptionId%7D%2FresourceGroups%2F%7BresourceGroupName%7D%2Fproviders%2FMicrosoft.Compute%2FvirtualMachineScaleSets%2F%7BvmScaleSetName%7D%2FvirtualMachines%2F%7BinstanceId%7D%2FrunCommands/get/request/parameter/vmScaleSetName"
}, {
  "http://a.ml/vocabularies/apiContract#binding": "path",
  "http://a.ml/vocabularies/apiContract#paramName": "instanceId",
  "http://a.ml/vocabularies/apiContract#required": "true",
  "http://a.ml/vocabularies/core#description": "The instance ID of the virtual machine.",
  "http://a.ml/vocabularies/core#name": "instanceId",
  "http://a.ml/vocabularies/shapes#schema": {
    "http://a.ml/vocabularies/core#description": "The instance ID of the virtual machine.",
    "http://www.w3.org/ns/shacl#datatype": "http://www.w3.org/2001/XMLSchema#string",
    "http://www.w3.org/ns/shacl#name": "schema",
    "id": "file:///Users/abettati/sandbox/azure-rest-api-specs/specification/compute/resource-manager/Microsoft.Compute/stable/2020-06-01/runCommands.json#/web-api/end-points/%2Fsubscriptions%2F%7BsubscriptionId%7D%2FresourceGroups%2F%7BresourceGroupName%7D%2Fproviders%2FMicrosoft.Compute%2FvirtualMachineScaleSets%2F%7BvmScaleSetName%7D%2FvirtualMachines%2F%7BinstanceId%7D%2FrunCommands/get/request/parameter/instanceId/scalar/schema"
  },
  "id": "file:///Users/abettati/sandbox/azure-rest-api-specs/specification/compute/resource-manager/Microsoft.Compute/stable/2020-06-01/runCommands.json#/web-api/end-points/%2Fsubscriptions%2F%7BsubscriptionId%7D%2FresourceGroups%2F%7BresourceGroupName%7D%2Fproviders%2FMicrosoft.Compute%2FvirtualMachineScaleSets%2F%7BvmScaleSetName%7D%2FvirtualMachines%2F%7BinstanceId%7D%2FrunCommands/get/request/parameter/instanceId"
}]