[{
  "http://a.ml/vocabularies/apiContract#binding": "query",
  "http://a.ml/vocabularies/apiContract#paramName": "api-version",
  "http://a.ml/vocabularies/apiContract#required": "true",
  "http://a.ml/vocabularies/core#description": "Client API version.",
  "http://a.ml/vocabularies/core#name": "api-version",
  "http://a.ml/vocabularies/document#customDomainProperties": [{
    "http://a.ml/vocabularies/core#extensionName": "ms-enum",
    "http://a.ml/vocabularies/document#definedBy": {
      "http://a.ml/vocabularies/core#name": null,
      "id": "file:///Users/abettati/sandbox/azure-rest-api-specs/specification/network/resource-manager/Microsoft.Network/stable/2018-04-01/vmssPublicIpAddress.json#/web-api/end-points/%2Fsubscriptions%2F%7BsubscriptionId%7D%2FresourceGroups%2F%7BresourceGroupName%7D%2Fproviders%2FMicrosoft.Compute%2FvirtualMachineScaleSets%2F%7BvirtualMachineScaleSetName%7D%2Fpublicipaddresses/get/request/parameter/api-version/ms-enum"
    },
    "http://a.ml/vocabularies/document#extension": {
      "http://a.ml/vocabularies/core#name": null,
      "http://a.ml/vocabularies/data#modelAsString": null,
      "http://a.ml/vocabularies/data#name": null,
      "id": "file:///Users/abettati/sandbox/azure-rest-api-specs/specification/network/resource-manager/Microsoft.Network/stable/2018-04-01/vmssPublicIpAddress.json#/web-api/end-points/%2Fsubscriptions%2F%7BsubscriptionId%7D%2FresourceGroups%2F%7BresourceGroupName%7D%2Fproviders%2FMicrosoft.Compute%2FvirtualMachineScaleSets%2F%7BvirtualMachineScaleSetName%7D%2Fpublicipaddresses/get/request/parameter/api-version/ms-enum/object_1"
    },
    "id": "file:///Users/abettati/sandbox/azure-rest-api-specs/specification/network/resource-manager/Microsoft.Network/stable/2018-04-01/vmssPublicIpAddress.json#/web-api/end-points/%2Fsubscriptions%2F%7BsubscriptionId%7D%2FresourceGroups%2F%7BresourceGroupName%7D%2Fproviders%2FMicrosoft.Compute%2FvirtualMachineScaleSets%2F%7BvirtualMachineScaleSetName%7D%2Fpublicipaddresses/get/request/parameter/api-version/extension/ms-enum"
  }],
  "http://a.ml/vocabularies/shapes#schema": {
    "http://a.ml/vocabularies/core#description": "Client API version.",
    "http://a.ml/vocabularies/document#customDomainProperties": [{
      "http://a.ml/vocabularies/core#extensionName": null,
      "http://a.ml/vocabularies/document#definedBy": null,
      "http://a.ml/vocabularies/document#extension": null,
      "id": "file:///Users/abettati/sandbox/azure-rest-api-specs/specification/network/resource-manager/Microsoft.Network/stable/2018-04-01/vmssPublicIpAddress.json#/web-api/end-points/%2Fsubscriptions%2F%7BsubscriptionId%7D%2FresourceGroups%2F%7BresourceGroupName%7D%2Fproviders%2FMicrosoft.Compute%2FvirtualMachineScaleSets%2F%7BvirtualMachineScaleSetName%7D%2Fpublicipaddresses/get/request/parameter/api-version/scalar/schema/extension/ms-enum"
    }],
    "http://www.w3.org/ns/shacl#datatype": "http://www.w3.org/2001/XMLSchema#string",
    "http://www.w3.org/ns/shacl#in": [{
      "http://a.ml/vocabularies/core#name": null,
      "http://a.ml/vocabularies/data#value": null,
      "http://www.w3.org/ns/shacl#datatype": null,
      "id": "file:///Users/abettati/sandbox/azure-rest-api-specs/specification/network/resource-manager/Microsoft.Network/stable/2018-04-01/vmssPublicIpAddress.json#/web-api/end-points/%2Fsubscriptions%2F%7BsubscriptionId%7D%2FresourceGroups%2F%7BresourceGroupName%7D%2Fproviders%2FMicrosoft.Compute%2FvirtualMachineScaleSets%2F%7BvirtualMachineScaleSetName%7D%2Fpublicipaddresses/get/request/parameter/api-version/scalar/schema/enum/scalar_1"
    }],
    "http://www.w3.org/ns/shacl#name": "schema",
    "id": "file:///Users/abettati/sandbox/azure-rest-api-specs/specification/network/resource-manager/Microsoft.Network/stable/2018-04-01/vmssPublicIpAddress.json#/web-api/end-points/%2Fsubscriptions%2F%7BsubscriptionId%7D%2FresourceGroups%2F%7BresourceGroupName%7D%2Fproviders%2FMicrosoft.Compute%2FvirtualMachineScaleSets%2F%7BvirtualMachineScaleSetName%7D%2Fpublicipaddresses/get/request/parameter/api-version/scalar/schema"
  },
  "id": "file:///Users/abettati/sandbox/azure-rest-api-specs/specification/network/resource-manager/Microsoft.Network/stable/2018-04-01/vmssPublicIpAddress.json#/web-api/end-points/%2Fsubscriptions%2F%7BsubscriptionId%7D%2FresourceGroups%2F%7BresourceGroupName%7D%2Fproviders%2FMicrosoft.Compute%2FvirtualMachineScaleSets%2F%7BvirtualMachineScaleSetName%7D%2Fpublicipaddresses/get/request/parameter/api-version"
}, {
  "http://a.ml/vocabularies/apiContract#binding": "path",
  "http://a.ml/vocabularies/apiContract#paramName": "resourceGroupName",
  "http://a.ml/vocabularies/apiContract#required": "true",
  "http://a.ml/vocabularies/core#description": "The name of the resource group.",
  "http://a.ml/vocabularies/core#name": "resourceGroupName",
  "http://a.ml/vocabularies/shapes#schema": {
    "http://a.ml/vocabularies/core#description": "The name of the resource group.",
    "http://www.w3.org/ns/shacl#datatype": "http://www.w3.org/2001/XMLSchema#string",
    "http://www.w3.org/ns/shacl#name": "schema",
    "id": "file:///Users/abettati/sandbox/azure-rest-api-specs/specification/network/resource-manager/Microsoft.Network/stable/2018-04-01/vmssPublicIpAddress.json#/web-api/end-points/%2Fsubscriptions%2F%7BsubscriptionId%7D%2FresourceGroups%2F%7BresourceGroupName%7D%2Fproviders%2FMicrosoft.Compute%2FvirtualMachineScaleSets%2F%7BvirtualMachineScaleSetName%7D%2Fpublicipaddresses/get/request/parameter/resourceGroupName/scalar/schema"
  },
  "id": "file:///Users/abettati/sandbox/azure-rest-api-specs/specification/network/resource-manager/Microsoft.Network/stable/2018-04-01/vmssPublicIpAddress.json#/web-api/end-points/%2Fsubscriptions%2F%7BsubscriptionId%7D%2FresourceGroups%2F%7BresourceGroupName%7D%2Fproviders%2FMicrosoft.Compute%2FvirtualMachineScaleSets%2F%7BvirtualMachineScaleSetName%7D%2Fpublicipaddresses/get/request/parameter/resourceGroupName"
}, {
  "http://a.ml/vocabularies/apiContract#binding": "path",
  "http://a.ml/vocabularies/apiContract#paramName": "virtualMachineScaleSetName",
  "http://a.ml/vocabularies/apiContract#required": "true",
  "http://a.ml/vocabularies/core#description": "The name of the virtual machine scale set.",
  "http://a.ml/vocabularies/core#name": "virtualMachineScaleSetName",
  "http://a.ml/vocabularies/shapes#schema": {
    "http://a.ml/vocabularies/core#description": "The name of the virtual machine scale set.",
    "http://www.w3.org/ns/shacl#datatype": "http://www.w3.org/2001/XMLSchema#string",
    "http://www.w3.org/ns/shacl#name": "schema",
    "id": "file:///Users/abettati/sandbox/azure-rest-api-specs/specification/network/resource-manager/Microsoft.Network/stable/2018-04-01/vmssPublicIpAddress.json#/web-api/end-points/%2Fsubscriptions%2F%7BsubscriptionId%7D%2FresourceGroups%2F%7BresourceGroupName%7D%2Fproviders%2FMicrosoft.Compute%2FvirtualMachineScaleSets%2F%7BvirtualMachineScaleSetName%7D%2Fpublicipaddresses/get/request/parameter/virtualMachineScaleSetName/scalar/schema"
  },
  "id": "file:///Users/abettati/sandbox/azure-rest-api-specs/specification/network/resource-manager/Microsoft.Network/stable/2018-04-01/vmssPublicIpAddress.json#/web-api/end-points/%2Fsubscriptions%2F%7BsubscriptionId%7D%2FresourceGroups%2F%7BresourceGroupName%7D%2Fproviders%2FMicrosoft.Compute%2FvirtualMachineScaleSets%2F%7BvirtualMachineScaleSetName%7D%2Fpublicipaddresses/get/request/parameter/virtualMachineScaleSetName"
}, {
  "http://a.ml/vocabularies/apiContract#binding": "path",
  "http://a.ml/vocabularies/apiContract#paramName": "subscriptionId",
  "http://a.ml/vocabularies/apiContract#required": "true",
  "http://a.ml/vocabularies/core#description": "The subscription credentials which uniquely identify the Microsoft Azure subscription. The subscription ID forms part of the URI for every service call.",
  "http://a.ml/vocabularies/core#name": "subscriptionId",
  "http://a.ml/vocabularies/shapes#schema": {
    "http://a.ml/vocabularies/core#description": "The subscription credentials which uniquely identify the Microsoft Azure subscription. The subscription ID forms part of the URI for every service call.",
    "http://www.w3.org/ns/shacl#datatype": "http://www.w3.org/2001/XMLSchema#string",
    "http://www.w3.org/ns/shacl#name": "schema",
    "id": "file:///Users/abettati/sandbox/azure-rest-api-specs/specification/network/resource-manager/Microsoft.Network/stable/2018-04-01/vmssPublicIpAddress.json#/web-api/end-points/%2Fsubscriptions%2F%7BsubscriptionId%7D%2FresourceGroups%2F%7BresourceGroupName%7D%2Fproviders%2FMicrosoft.Compute%2FvirtualMachineScaleSets%2F%7BvirtualMachineScaleSetName%7D%2Fpublicipaddresses/get/request/parameter/subscriptionId/scalar/schema"
  },
  "id": "file:///Users/abettati/sandbox/azure-rest-api-specs/specification/network/resource-manager/Microsoft.Network/stable/2018-04-01/vmssPublicIpAddress.json#/web-api/end-points/%2Fsubscriptions%2F%7BsubscriptionId%7D%2FresourceGroups%2F%7BresourceGroupName%7D%2Fproviders%2FMicrosoft.Compute%2FvirtualMachineScaleSets%2F%7BvirtualMachineScaleSetName%7D%2Fpublicipaddresses/get/request/parameter/subscriptionId"
}, {
  "http://a.ml/vocabularies/apiContract#binding": "query",
  "http://a.ml/vocabularies/apiContract#paramName": "api-version",
  "http://a.ml/vocabularies/apiContract#required": "true",
  "http://a.ml/vocabularies/core#description": "Client API version.",
  "http://a.ml/vocabularies/core#name": "api-version",
  "http://a.ml/vocabularies/document#customDomainProperties": [{
    "http://a.ml/vocabularies/core#extensionName": "ms-enum",
    "http://a.ml/vocabularies/document#definedBy": {
      "http://a.ml/vocabularies/core#name": null,
      "id": "file:///Users/abettati/sandbox/azure-rest-api-specs/specification/network/resource-manager/Microsoft.Network/stable/2018-04-01/vmssPublicIpAddress.json#/web-api/end-points/%2Fsubscriptions%2F%7BsubscriptionId%7D%2FresourceGroups%2F%7BresourceGroupName%7D%2Fproviders%2FMicrosoft.Compute%2FvirtualMachineScaleSets%2F%7BvirtualMachineScaleSetName%7D%2FvirtualMachines%2F%7BvirtualmachineIndex%7D%2FnetworkInterfaces%2F%7BnetworkInterfaceName%7D%2Fipconfigurations%2F%7BipConfigurationName%7D%2Fpublicipaddresses/get/request/parameter/api-version/ms-enum"
    },
    "http://a.ml/vocabularies/document#extension": {
      "http://a.ml/vocabularies/core#name": null,
      "http://a.ml/vocabularies/data#modelAsString": null,
      "http://a.ml/vocabularies/data#name": null,
      "id": "file:///Users/abettati/sandbox/azure-rest-api-specs/specification/network/resource-manager/Microsoft.Network/stable/2018-04-01/vmssPublicIpAddress.json#/web-api/end-points/%2Fsubscriptions%2F%7BsubscriptionId%7D%2FresourceGroups%2F%7BresourceGroupName%7D%2Fproviders%2FMicrosoft.Compute%2FvirtualMachineScaleSets%2F%7BvirtualMachineScaleSetName%7D%2FvirtualMachines%2F%7BvirtualmachineIndex%7D%2FnetworkInterfaces%2F%7BnetworkInterfaceName%7D%2Fipconfigurations%2F%7BipConfigurationName%7D%2Fpublicipaddresses/get/request/parameter/api-version/ms-enum/object_1"
    },
    "id": "file:///Users/abettati/sandbox/azure-rest-api-specs/specification/network/resource-manager/Microsoft.Network/stable/2018-04-01/vmssPublicIpAddress.json#/web-api/end-points/%2Fsubscriptions%2F%7BsubscriptionId%7D%2FresourceGroups%2F%7BresourceGroupName%7D%2Fproviders%2FMicrosoft.Compute%2FvirtualMachineScaleSets%2F%7BvirtualMachineScaleSetName%7D%2FvirtualMachines%2F%7BvirtualmachineIndex%7D%2FnetworkInterfaces%2F%7BnetworkInterfaceName%7D%2Fipconfigurations%2F%7BipConfigurationName%7D%2Fpublicipaddresses/get/request/parameter/api-version/extension/ms-enum"
  }],
  "http://a.ml/vocabularies/shapes#schema": {
    "http://a.ml/vocabularies/core#description": "Client API version.",
    "http://a.ml/vocabularies/document#customDomainProperties": [{
      "http://a.ml/vocabularies/core#extensionName": null,
      "http://a.ml/vocabularies/document#definedBy": null,
      "http://a.ml/vocabularies/document#extension": null,
      "id": "file:///Users/abettati/sandbox/azure-rest-api-specs/specification/network/resource-manager/Microsoft.Network/stable/2018-04-01/vmssPublicIpAddress.json#/web-api/end-points/%2Fsubscriptions%2F%7BsubscriptionId%7D%2FresourceGroups%2F%7BresourceGroupName%7D%2Fproviders%2FMicrosoft.Compute%2FvirtualMachineScaleSets%2F%7BvirtualMachineScaleSetName%7D%2FvirtualMachines%2F%7BvirtualmachineIndex%7D%2FnetworkInterfaces%2F%7BnetworkInterfaceName%7D%2Fipconfigurations%2F%7BipConfigurationName%7D%2Fpublicipaddresses/get/request/parameter/api-version/scalar/schema/extension/ms-enum"
    }],
    "http://www.w3.org/ns/shacl#datatype": "http://www.w3.org/2001/XMLSchema#string",
    "http://www.w3.org/ns/shacl#in": [{
      "http://a.ml/vocabularies/core#name": null,
      "http://a.ml/vocabularies/data#value": null,
      "http://www.w3.org/ns/shacl#datatype": null,
      "id": "file:///Users/abettati/sandbox/azure-rest-api-specs/specification/network/resource-manager/Microsoft.Network/stable/2018-04-01/vmssPublicIpAddress.json#/web-api/end-points/%2Fsubscriptions%2F%7BsubscriptionId%7D%2FresourceGroups%2F%7BresourceGroupName%7D%2Fproviders%2FMicrosoft.Compute%2FvirtualMachineScaleSets%2F%7BvirtualMachineScaleSetName%7D%2FvirtualMachines%2F%7BvirtualmachineIndex%7D%2FnetworkInterfaces%2F%7BnetworkInterfaceName%7D%2Fipconfigurations%2F%7BipConfigurationName%7D%2Fpublicipaddresses/get/request/parameter/api-version/scalar/schema/enum/scalar_1"
    }],
    "http://www.w3.org/ns/shacl#name": "schema",
    "id": "file:///Users/abettati/sandbox/azure-rest-api-specs/specification/network/resource-manager/Microsoft.Network/stable/2018-04-01/vmssPublicIpAddress.json#/web-api/end-points/%2Fsubscriptions%2F%7BsubscriptionId%7D%2FresourceGroups%2F%7BresourceGroupName%7D%2Fproviders%2FMicrosoft.Compute%2FvirtualMachineScaleSets%2F%7BvirtualMachineScaleSetName%7D%2FvirtualMachines%2F%7BvirtualmachineIndex%7D%2FnetworkInterfaces%2F%7BnetworkInterfaceName%7D%2Fipconfigurations%2F%7BipConfigurationName%7D%2Fpublicipaddresses/get/request/parameter/api-version/scalar/schema"
  },
  "id": "file:///Users/abettati/sandbox/azure-rest-api-specs/specification/network/resource-manager/Microsoft.Network/stable/2018-04-01/vmssPublicIpAddress.json#/web-api/end-points/%2Fsubscriptions%2F%7BsubscriptionId%7D%2FresourceGroups%2F%7BresourceGroupName%7D%2Fproviders%2FMicrosoft.Compute%2FvirtualMachineScaleSets%2F%7BvirtualMachineScaleSetName%7D%2FvirtualMachines%2F%7BvirtualmachineIndex%7D%2FnetworkInterfaces%2F%7BnetworkInterfaceName%7D%2Fipconfigurations%2F%7BipConfigurationName%7D%2Fpublicipaddresses/get/request/parameter/api-version"
}, {
  "http://a.ml/vocabularies/apiContract#binding": "path",
  "http://a.ml/vocabularies/apiContract#paramName": "virtualMachineScaleSetName",
  "http://a.ml/vocabularies/apiContract#required": "true",
  "http://a.ml/vocabularies/core#description": "The name of the virtual machine scale set.",
  "http://a.ml/vocabularies/core#name": "virtualMachineScaleSetName",
  "http://a.ml/vocabularies/shapes#schema": {
    "http://a.ml/vocabularies/core#description": "The name of the virtual machine scale set.",
    "http://www.w3.org/ns/shacl#datatype": "http://www.w3.org/2001/XMLSchema#string",
    "http://www.w3.org/ns/shacl#name": "schema",
    "id": "file:///Users/abettati/sandbox/azure-rest-api-specs/specification/network/resource-manager/Microsoft.Network/stable/2018-04-01/vmssPublicIpAddress.json#/web-api/end-points/%2Fsubscriptions%2F%7BsubscriptionId%7D%2FresourceGroups%2F%7BresourceGroupName%7D%2Fproviders%2FMicrosoft.Compute%2FvirtualMachineScaleSets%2F%7BvirtualMachineScaleSetName%7D%2FvirtualMachines%2F%7BvirtualmachineIndex%7D%2FnetworkInterfaces%2F%7BnetworkInterfaceName%7D%2Fipconfigurations%2F%7BipConfigurationName%7D%2Fpublicipaddresses/get/request/parameter/virtualMachineScaleSetName/scalar/schema"
  },
  "id": "file:///Users/abettati/sandbox/azure-rest-api-specs/specification/network/resource-manager/Microsoft.Network/stable/2018-04-01/vmssPublicIpAddress.json#/web-api/end-points/%2Fsubscriptions%2F%7BsubscriptionId%7D%2FresourceGroups%2F%7BresourceGroupName%7D%2Fproviders%2FMicrosoft.Compute%2FvirtualMachineScaleSets%2F%7BvirtualMachineScaleSetName%7D%2FvirtualMachines%2F%7BvirtualmachineIndex%7D%2FnetworkInterfaces%2F%7BnetworkInterfaceName%7D%2Fipconfigurations%2F%7BipConfigurationName%7D%2Fpublicipaddresses/get/request/parameter/virtualMachineScaleSetName"
}, {
  "http://a.ml/vocabularies/apiContract#binding": "path",
  "http://a.ml/vocabularies/apiContract#paramName": "subscriptionId",
  "http://a.ml/vocabularies/apiContract#required": "true",
  "http://a.ml/vocabularies/core#description": "The subscription credentials which uniquely identify the Microsoft Azure subscription. The subscription ID forms part of the URI for every service call.",
  "http://a.ml/vocabularies/core#name": "subscriptionId",
  "http://a.ml/vocabularies/shapes#schema": {
    "http://a.ml/vocabularies/core#description": "The subscription credentials which uniquely identify the Microsoft Azure subscription. The subscription ID forms part of the URI for every service call.",
    "http://www.w3.org/ns/shacl#datatype": "http://www.w3.org/2001/XMLSchema#string",
    "http://www.w3.org/ns/shacl#name": "schema",
    "id": "file:///Users/abettati/sandbox/azure-rest-api-specs/specification/network/resource-manager/Microsoft.Network/stable/2018-04-01/vmssPublicIpAddress.json#/web-api/end-points/%2Fsubscriptions%2F%7BsubscriptionId%7D%2FresourceGroups%2F%7BresourceGroupName%7D%2Fproviders%2FMicrosoft.Compute%2FvirtualMachineScaleSets%2F%7BvirtualMachineScaleSetName%7D%2FvirtualMachines%2F%7BvirtualmachineIndex%7D%2FnetworkInterfaces%2F%7BnetworkInterfaceName%7D%2Fipconfigurations%2F%7BipConfigurationName%7D%2Fpublicipaddresses/get/request/parameter/subscriptionId/scalar/schema"
  },
  "id": "file:///Users/abettati/sandbox/azure-rest-api-specs/specification/network/resource-manager/Microsoft.Network/stable/2018-04-01/vmssPublicIpAddress.json#/web-api/end-points/%2Fsubscriptions%2F%7BsubscriptionId%7D%2FresourceGroups%2F%7BresourceGroupName%7D%2Fproviders%2FMicrosoft.Compute%2FvirtualMachineScaleSets%2F%7BvirtualMachineScaleSetName%7D%2FvirtualMachines%2F%7BvirtualmachineIndex%7D%2FnetworkInterfaces%2F%7BnetworkInterfaceName%7D%2Fipconfigurations%2F%7BipConfigurationName%7D%2Fpublicipaddresses/get/request/parameter/subscriptionId"
}, {
  "http://a.ml/vocabularies/apiContract#binding": "path",
  "http://a.ml/vocabularies/apiContract#paramName": "networkInterfaceName",
  "http://a.ml/vocabularies/apiContract#required": "true",
  "http://a.ml/vocabularies/core#description": "The network interface name.",
  "http://a.ml/vocabularies/core#name": "networkInterfaceName",
  "http://a.ml/vocabularies/shapes#schema": {
    "http://a.ml/vocabularies/core#description": "The network interface name.",
    "http://www.w3.org/ns/shacl#datatype": "http://www.w3.org/2001/XMLSchema#string",
    "http://www.w3.org/ns/shacl#name": "schema",
    "id": "file:///Users/abettati/sandbox/azure-rest-api-specs/specification/network/resource-manager/Microsoft.Network/stable/2018-04-01/vmssPublicIpAddress.json#/web-api/end-points/%2Fsubscriptions%2F%7BsubscriptionId%7D%2FresourceGroups%2F%7BresourceGroupName%7D%2Fproviders%2FMicrosoft.Compute%2FvirtualMachineScaleSets%2F%7BvirtualMachineScaleSetName%7D%2FvirtualMachines%2F%7BvirtualmachineIndex%7D%2FnetworkInterfaces%2F%7BnetworkInterfaceName%7D%2Fipconfigurations%2F%7BipConfigurationName%7D%2Fpublicipaddresses/get/request/parameter/networkInterfaceName/scalar/schema"
  },
  "id": "file:///Users/abettati/sandbox/azure-rest-api-specs/specification/network/resource-manager/Microsoft.Network/stable/2018-04-01/vmssPublicIpAddress.json#/web-api/end-points/%2Fsubscriptions%2F%7BsubscriptionId%7D%2FresourceGroups%2F%7BresourceGroupName%7D%2Fproviders%2FMicrosoft.Compute%2FvirtualMachineScaleSets%2F%7BvirtualMachineScaleSetName%7D%2FvirtualMachines%2F%7BvirtualmachineIndex%7D%2FnetworkInterfaces%2F%7BnetworkInterfaceName%7D%2Fipconfigurations%2F%7BipConfigurationName%7D%2Fpublicipaddresses/get/request/parameter/networkInterfaceName"
}, {
  "http://a.ml/vocabularies/apiContract#binding": "path",
  "http://a.ml/vocabularies/apiContract#paramName": "ipConfigurationName",
  "http://a.ml/vocabularies/apiContract#required": "true",
  "http://a.ml/vocabularies/core#description": "The IP configuration name.",
  "http://a.ml/vocabularies/core#name": "ipConfigurationName",
  "http://a.ml/vocabularies/shapes#schema": {
    "http://a.ml/vocabularies/core#description": "The IP configuration name.",
    "http://www.w3.org/ns/shacl#datatype": "http://www.w3.org/2001/XMLSchema#string",
    "http://www.w3.org/ns/shacl#name": "schema",
    "id": "file:///Users/abettati/sandbox/azure-rest-api-specs/specification/network/resource-manager/Microsoft.Network/stable/2018-04-01/vmssPublicIpAddress.json#/web-api/end-points/%2Fsubscriptions%2F%7BsubscriptionId%7D%2FresourceGroups%2F%7BresourceGroupName%7D%2Fproviders%2FMicrosoft.Compute%2FvirtualMachineScaleSets%2F%7BvirtualMachineScaleSetName%7D%2FvirtualMachines%2F%7BvirtualmachineIndex%7D%2FnetworkInterfaces%2F%7BnetworkInterfaceName%7D%2Fipconfigurations%2F%7BipConfigurationName%7D%2Fpublicipaddresses/get/request/parameter/ipConfigurationName/scalar/schema"
  },
  "id": "file:///Users/abettati/sandbox/azure-rest-api-specs/specification/network/resource-manager/Microsoft.Network/stable/2018-04-01/vmssPublicIpAddress.json#/web-api/end-points/%2Fsubscriptions%2F%7BsubscriptionId%7D%2FresourceGroups%2F%7BresourceGroupName%7D%2Fproviders%2FMicrosoft.Compute%2FvirtualMachineScaleSets%2F%7BvirtualMachineScaleSetName%7D%2FvirtualMachines%2F%7BvirtualmachineIndex%7D%2FnetworkInterfaces%2F%7BnetworkInterfaceName%7D%2Fipconfigurations%2F%7BipConfigurationName%7D%2Fpublicipaddresses/get/request/parameter/ipConfigurationName"
}, {
  "http://a.ml/vocabularies/apiContract#binding": "path",
  "http://a.ml/vocabularies/apiContract#paramName": "resourceGroupName",
  "http://a.ml/vocabularies/apiContract#required": "true",
  "http://a.ml/vocabularies/core#description": "The name of the resource group.",
  "http://a.ml/vocabularies/core#name": "resourceGroupName",
  "http://a.ml/vocabularies/shapes#schema": {
    "http://a.ml/vocabularies/core#description": "The name of the resource group.",
    "http://www.w3.org/ns/shacl#datatype": "http://www.w3.org/2001/XMLSchema#string",
    "http://www.w3.org/ns/shacl#name": "schema",
    "id": "file:///Users/abettati/sandbox/azure-rest-api-specs/specification/network/resource-manager/Microsoft.Network/stable/2018-04-01/vmssPublicIpAddress.json#/web-api/end-points/%2Fsubscriptions%2F%7BsubscriptionId%7D%2FresourceGroups%2F%7BresourceGroupName%7D%2Fproviders%2FMicrosoft.Compute%2FvirtualMachineScaleSets%2F%7BvirtualMachineScaleSetName%7D%2FvirtualMachines%2F%7BvirtualmachineIndex%7D%2FnetworkInterfaces%2F%7BnetworkInterfaceName%7D%2Fipconfigurations%2F%7BipConfigurationName%7D%2Fpublicipaddresses/get/request/parameter/resourceGroupName/scalar/schema"
  },
  "id": "file:///Users/abettati/sandbox/azure-rest-api-specs/specification/network/resource-manager/Microsoft.Network/stable/2018-04-01/vmssPublicIpAddress.json#/web-api/end-points/%2Fsubscriptions%2F%7BsubscriptionId%7D%2FresourceGroups%2F%7BresourceGroupName%7D%2Fproviders%2FMicrosoft.Compute%2FvirtualMachineScaleSets%2F%7BvirtualMachineScaleSetName%7D%2FvirtualMachines%2F%7BvirtualmachineIndex%7D%2FnetworkInterfaces%2F%7BnetworkInterfaceName%7D%2Fipconfigurations%2F%7BipConfigurationName%7D%2Fpublicipaddresses/get/request/parameter/resourceGroupName"
}, {
  "http://a.ml/vocabularies/apiContract#binding": "path",
  "http://a.ml/vocabularies/apiContract#paramName": "virtualmachineIndex",
  "http://a.ml/vocabularies/apiContract#required": "true",
  "http://a.ml/vocabularies/core#description": "The virtual machine index.",
  "http://a.ml/vocabularies/core#name": "virtualmachineIndex",
  "http://a.ml/vocabularies/shapes#schema": {
    "http://a.ml/vocabularies/core#description": "The virtual machine index.",
    "http://www.w3.org/ns/shacl#datatype": "http://www.w3.org/2001/XMLSchema#string",
    "http://www.w3.org/ns/shacl#name": "schema",
    "id": "file:///Users/abettati/sandbox/azure-rest-api-specs/specification/network/resource-manager/Microsoft.Network/stable/2018-04-01/vmssPublicIpAddress.json#/web-api/end-points/%2Fsubscriptions%2F%7BsubscriptionId%7D%2FresourceGroups%2F%7BresourceGroupName%7D%2Fproviders%2FMicrosoft.Compute%2FvirtualMachineScaleSets%2F%7BvirtualMachineScaleSetName%7D%2FvirtualMachines%2F%7BvirtualmachineIndex%7D%2FnetworkInterfaces%2F%7BnetworkInterfaceName%7D%2Fipconfigurations%2F%7BipConfigurationName%7D%2Fpublicipaddresses/get/request/parameter/virtualmachineIndex/scalar/schema"
  },
  "id": "file:///Users/abettati/sandbox/azure-rest-api-specs/specification/network/resource-manager/Microsoft.Network/stable/2018-04-01/vmssPublicIpAddress.json#/web-api/end-points/%2Fsubscriptions%2F%7BsubscriptionId%7D%2FresourceGroups%2F%7BresourceGroupName%7D%2Fproviders%2FMicrosoft.Compute%2FvirtualMachineScaleSets%2F%7BvirtualMachineScaleSetName%7D%2FvirtualMachines%2F%7BvirtualmachineIndex%7D%2FnetworkInterfaces%2F%7BnetworkInterfaceName%7D%2Fipconfigurations%2F%7BipConfigurationName%7D%2Fpublicipaddresses/get/request/parameter/virtualmachineIndex"
}, {
  "http://a.ml/vocabularies/apiContract#binding": "query",
  "http://a.ml/vocabularies/apiContract#paramName": "api-version",
  "http://a.ml/vocabularies/apiContract#required": "true",
  "http://a.ml/vocabularies/core#description": "Client API version.",
  "http://a.ml/vocabularies/core#name": "api-version",
  "http://a.ml/vocabularies/document#customDomainProperties": [{
    "http://a.ml/vocabularies/core#extensionName": "ms-enum",
    "http://a.ml/vocabularies/document#definedBy": {
      "http://a.ml/vocabularies/core#name": null,
      "id": "file:///Users/abettati/sandbox/azure-rest-api-specs/specification/network/resource-manager/Microsoft.Network/stable/2018-04-01/vmssPublicIpAddress.json#/web-api/end-points/%2Fsubscriptions%2F%7BsubscriptionId%7D%2FresourceGroups%2F%7BresourceGroupName%7D%2Fproviders%2FMicrosoft.Compute%2FvirtualMachineScaleSets%2F%7BvirtualMachineScaleSetName%7D%2FvirtualMachines%2F%7BvirtualmachineIndex%7D%2FnetworkInterfaces%2F%7BnetworkInterfaceName%7D%2Fipconfigurations%2F%7BipConfigurationName%7D%2Fpublicipaddresses%2F%7BpublicIpAddressName%7D/get/request/parameter/api-version/ms-enum"
    },
    "http://a.ml/vocabularies/document#extension": {
      "http://a.ml/vocabularies/core#name": null,
      "http://a.ml/vocabularies/data#modelAsString": null,
      "http://a.ml/vocabularies/data#name": null,
      "id": "file:///Users/abettati/sandbox/azure-rest-api-specs/specification/network/resource-manager/Microsoft.Network/stable/2018-04-01/vmssPublicIpAddress.json#/web-api/end-points/%2Fsubscriptions%2F%7BsubscriptionId%7D%2FresourceGroups%2F%7BresourceGroupName%7D%2Fproviders%2FMicrosoft.Compute%2FvirtualMachineScaleSets%2F%7BvirtualMachineScaleSetName%7D%2FvirtualMachines%2F%7BvirtualmachineIndex%7D%2FnetworkInterfaces%2F%7BnetworkInterfaceName%7D%2Fipconfigurations%2F%7BipConfigurationName%7D%2Fpublicipaddresses%2F%7BpublicIpAddressName%7D/get/request/parameter/api-version/ms-enum/object_1"
    },
    "id": "file:///Users/abettati/sandbox/azure-rest-api-specs/specification/network/resource-manager/Microsoft.Network/stable/2018-04-01/vmssPublicIpAddress.json#/web-api/end-points/%2Fsubscriptions%2F%7BsubscriptionId%7D%2FresourceGroups%2F%7BresourceGroupName%7D%2Fproviders%2FMicrosoft.Compute%2FvirtualMachineScaleSets%2F%7BvirtualMachineScaleSetName%7D%2FvirtualMachines%2F%7BvirtualmachineIndex%7D%2FnetworkInterfaces%2F%7BnetworkInterfaceName%7D%2Fipconfigurations%2F%7BipConfigurationName%7D%2Fpublicipaddresses%2F%7BpublicIpAddressName%7D/get/request/parameter/api-version/extension/ms-enum"
  }],
  "http://a.ml/vocabularies/shapes#schema": {
    "http://a.ml/vocabularies/core#description": "Client API version.",
    "http://a.ml/vocabularies/document#customDomainProperties": [{
      "http://a.ml/vocabularies/core#extensionName": null,
      "http://a.ml/vocabularies/document#definedBy": null,
      "http://a.ml/vocabularies/document#extension": null,
      "id": "file:///Users/abettati/sandbox/azure-rest-api-specs/specification/network/resource-manager/Microsoft.Network/stable/2018-04-01/vmssPublicIpAddress.json#/web-api/end-points/%2Fsubscriptions%2F%7BsubscriptionId%7D%2FresourceGroups%2F%7BresourceGroupName%7D%2Fproviders%2FMicrosoft.Compute%2FvirtualMachineScaleSets%2F%7BvirtualMachineScaleSetName%7D%2FvirtualMachines%2F%7BvirtualmachineIndex%7D%2FnetworkInterfaces%2F%7BnetworkInterfaceName%7D%2Fipconfigurations%2F%7BipConfigurationName%7D%2Fpublicipaddresses%2F%7BpublicIpAddressName%7D/get/request/parameter/api-version/scalar/schema/extension/ms-enum"
    }],
    "http://www.w3.org/ns/shacl#datatype": "http://www.w3.org/2001/XMLSchema#string",
    "http://www.w3.org/ns/shacl#in": [{
      "http://a.ml/vocabularies/core#name": null,
      "http://a.ml/vocabularies/data#value": null,
      "http://www.w3.org/ns/shacl#datatype": null,
      "id": "file:///Users/abettati/sandbox/azure-rest-api-specs/specification/network/resource-manager/Microsoft.Network/stable/2018-04-01/vmssPublicIpAddress.json#/web-api/end-points/%2Fsubscriptions%2F%7BsubscriptionId%7D%2FresourceGroups%2F%7BresourceGroupName%7D%2Fproviders%2FMicrosoft.Compute%2FvirtualMachineScaleSets%2F%7BvirtualMachineScaleSetName%7D%2FvirtualMachines%2F%7BvirtualmachineIndex%7D%2FnetworkInterfaces%2F%7BnetworkInterfaceName%7D%2Fipconfigurations%2F%7BipConfigurationName%7D%2Fpublicipaddresses%2F%7BpublicIpAddressName%7D/get/request/parameter/api-version/scalar/schema/enum/scalar_1"
    }],
    "http://www.w3.org/ns/shacl#name": "schema",
    "id": "file:///Users/abettati/sandbox/azure-rest-api-specs/specification/network/resource-manager/Microsoft.Network/stable/2018-04-01/vmssPublicIpAddress.json#/web-api/end-points/%2Fsubscriptions%2F%7BsubscriptionId%7D%2FresourceGroups%2F%7BresourceGroupName%7D%2Fproviders%2FMicrosoft.Compute%2FvirtualMachineScaleSets%2F%7BvirtualMachineScaleSetName%7D%2FvirtualMachines%2F%7BvirtualmachineIndex%7D%2FnetworkInterfaces%2F%7BnetworkInterfaceName%7D%2Fipconfigurations%2F%7BipConfigurationName%7D%2Fpublicipaddresses%2F%7BpublicIpAddressName%7D/get/request/parameter/api-version/scalar/schema"
  },
  "id": "file:///Users/abettati/sandbox/azure-rest-api-specs/specification/network/resource-manager/Microsoft.Network/stable/2018-04-01/vmssPublicIpAddress.json#/web-api/end-points/%2Fsubscriptions%2F%7BsubscriptionId%7D%2FresourceGroups%2F%7BresourceGroupName%7D%2Fproviders%2FMicrosoft.Compute%2FvirtualMachineScaleSets%2F%7BvirtualMachineScaleSetName%7D%2FvirtualMachines%2F%7BvirtualmachineIndex%7D%2FnetworkInterfaces%2F%7BnetworkInterfaceName%7D%2Fipconfigurations%2F%7BipConfigurationName%7D%2Fpublicipaddresses%2F%7BpublicIpAddressName%7D/get/request/parameter/api-version"
}, {
  "http://a.ml/vocabularies/apiContract#binding": "query",
  "http://a.ml/vocabularies/apiContract#paramName": "$expand",
  "http://a.ml/vocabularies/apiContract#required": "false",
  "http://a.ml/vocabularies/core#description": "Expands referenced resources.",
  "http://a.ml/vocabularies/core#name": "$expand",
  "http://a.ml/vocabularies/shapes#schema": {
    "http://a.ml/vocabularies/core#description": "Expands referenced resources.",
    "http://www.w3.org/ns/shacl#datatype": "http://www.w3.org/2001/XMLSchema#string",
    "http://www.w3.org/ns/shacl#name": "schema",
    "id": "file:///Users/abettati/sandbox/azure-rest-api-specs/specification/network/resource-manager/Microsoft.Network/stable/2018-04-01/vmssPublicIpAddress.json#/web-api/end-points/%2Fsubscriptions%2F%7BsubscriptionId%7D%2FresourceGroups%2F%7BresourceGroupName%7D%2Fproviders%2FMicrosoft.Compute%2FvirtualMachineScaleSets%2F%7BvirtualMachineScaleSetName%7D%2FvirtualMachines%2F%7BvirtualmachineIndex%7D%2FnetworkInterfaces%2F%7BnetworkInterfaceName%7D%2Fipconfigurations%2F%7BipConfigurationName%7D%2Fpublicipaddresses%2F%7BpublicIpAddressName%7D/get/request/parameter/%24expand/scalar/schema"
  },
  "id": "file:///Users/abettati/sandbox/azure-rest-api-specs/specification/network/resource-manager/Microsoft.Network/stable/2018-04-01/vmssPublicIpAddress.json#/web-api/end-points/%2Fsubscriptions%2F%7BsubscriptionId%7D%2FresourceGroups%2F%7BresourceGroupName%7D%2Fproviders%2FMicrosoft.Compute%2FvirtualMachineScaleSets%2F%7BvirtualMachineScaleSetName%7D%2FvirtualMachines%2F%7BvirtualmachineIndex%7D%2FnetworkInterfaces%2F%7BnetworkInterfaceName%7D%2Fipconfigurations%2F%7BipConfigurationName%7D%2Fpublicipaddresses%2F%7BpublicIpAddressName%7D/get/request/parameter/%24expand"
}, {
  "http://a.ml/vocabularies/apiContract#binding": "path",
  "http://a.ml/vocabularies/apiContract#paramName": "publicIpAddressName",
  "http://a.ml/vocabularies/apiContract#required": "true",
  "http://a.ml/vocabularies/core#description": "The name of the public IP Address.",
  "http://a.ml/vocabularies/core#name": "publicIpAddressName",
  "http://a.ml/vocabularies/shapes#schema": {
    "http://a.ml/vocabularies/core#description": "The name of the public IP Address.",
    "http://www.w3.org/ns/shacl#datatype": "http://www.w3.org/2001/XMLSchema#string",
    "http://www.w3.org/ns/shacl#name": "schema",
    "id": "file:///Users/abettati/sandbox/azure-rest-api-specs/specification/network/resource-manager/Microsoft.Network/stable/2018-04-01/vmssPublicIpAddress.json#/web-api/end-points/%2Fsubscriptions%2F%7BsubscriptionId%7D%2FresourceGroups%2F%7BresourceGroupName%7D%2Fproviders%2FMicrosoft.Compute%2FvirtualMachineScaleSets%2F%7BvirtualMachineScaleSetName%7D%2FvirtualMachines%2F%7BvirtualmachineIndex%7D%2FnetworkInterfaces%2F%7BnetworkInterfaceName%7D%2Fipconfigurations%2F%7BipConfigurationName%7D%2Fpublicipaddresses%2F%7BpublicIpAddressName%7D/get/request/parameter/publicIpAddressName/scalar/schema"
  },
  "id": "file:///Users/abettati/sandbox/azure-rest-api-specs/specification/network/resource-manager/Microsoft.Network/stable/2018-04-01/vmssPublicIpAddress.json#/web-api/end-points/%2Fsubscriptions%2F%7BsubscriptionId%7D%2FresourceGroups%2F%7BresourceGroupName%7D%2Fproviders%2FMicrosoft.Compute%2FvirtualMachineScaleSets%2F%7BvirtualMachineScaleSetName%7D%2FvirtualMachines%2F%7BvirtualmachineIndex%7D%2FnetworkInterfaces%2F%7BnetworkInterfaceName%7D%2Fipconfigurations%2F%7BipConfigurationName%7D%2Fpublicipaddresses%2F%7BpublicIpAddressName%7D/get/request/parameter/publicIpAddressName"
}, {
  "http://a.ml/vocabularies/apiContract#binding": "path",
  "http://a.ml/vocabularies/apiContract#paramName": "virtualMachineScaleSetName",
  "http://a.ml/vocabularies/apiContract#required": "true",
  "http://a.ml/vocabularies/core#description": "The name of the virtual machine scale set.",
  "http://a.ml/vocabularies/core#name": "virtualMachineScaleSetName",
  "http://a.ml/vocabularies/shapes#schema": {
    "http://a.ml/vocabularies/core#description": "The name of the virtual machine scale set.",
    "http://www.w3.org/ns/shacl#datatype": "http://www.w3.org/2001/XMLSchema#string",
    "http://www.w3.org/ns/shacl#name": "schema",
    "id": "file:///Users/abettati/sandbox/azure-rest-api-specs/specification/network/resource-manager/Microsoft.Network/stable/2018-04-01/vmssPublicIpAddress.json#/web-api/end-points/%2Fsubscriptions%2F%7BsubscriptionId%7D%2FresourceGroups%2F%7BresourceGroupName%7D%2Fproviders%2FMicrosoft.Compute%2FvirtualMachineScaleSets%2F%7BvirtualMachineScaleSetName%7D%2FvirtualMachines%2F%7BvirtualmachineIndex%7D%2FnetworkInterfaces%2F%7BnetworkInterfaceName%7D%2Fipconfigurations%2F%7BipConfigurationName%7D%2Fpublicipaddresses%2F%7BpublicIpAddressName%7D/get/request/parameter/virtualMachineScaleSetName/scalar/schema"
  },
  "id": "file:///Users/abettati/sandbox/azure-rest-api-specs/specification/network/resource-manager/Microsoft.Network/stable/2018-04-01/vmssPublicIpAddress.json#/web-api/end-points/%2Fsubscriptions%2F%7BsubscriptionId%7D%2FresourceGroups%2F%7BresourceGroupName%7D%2Fproviders%2FMicrosoft.Compute%2FvirtualMachineScaleSets%2F%7BvirtualMachineScaleSetName%7D%2FvirtualMachines%2F%7BvirtualmachineIndex%7D%2FnetworkInterfaces%2F%7BnetworkInterfaceName%7D%2Fipconfigurations%2F%7BipConfigurationName%7D%2Fpublicipaddresses%2F%7BpublicIpAddressName%7D/get/request/parameter/virtualMachineScaleSetName"
}, {
  "http://a.ml/vocabularies/apiContract#binding": "path",
  "http://a.ml/vocabularies/apiContract#paramName": "subscriptionId",
  "http://a.ml/vocabularies/apiContract#required": "true",
  "http://a.ml/vocabularies/core#description": "The subscription credentials which uniquely identify the Microsoft Azure subscription. The subscription ID forms part of the URI for every service call.",
  "http://a.ml/vocabularies/core#name": "subscriptionId",
  "http://a.ml/vocabularies/shapes#schema": {
    "http://a.ml/vocabularies/core#description": "The subscription credentials which uniquely identify the Microsoft Azure subscription. The subscription ID forms part of the URI for every service call.",
    "http://www.w3.org/ns/shacl#datatype": "http://www.w3.org/2001/XMLSchema#string",
    "http://www.w3.org/ns/shacl#name": "schema",
    "id": "file:///Users/abettati/sandbox/azure-rest-api-specs/specification/network/resource-manager/Microsoft.Network/stable/2018-04-01/vmssPublicIpAddress.json#/web-api/end-points/%2Fsubscriptions%2F%7BsubscriptionId%7D%2FresourceGroups%2F%7BresourceGroupName%7D%2Fproviders%2FMicrosoft.Compute%2FvirtualMachineScaleSets%2F%7BvirtualMachineScaleSetName%7D%2FvirtualMachines%2F%7BvirtualmachineIndex%7D%2FnetworkInterfaces%2F%7BnetworkInterfaceName%7D%2Fipconfigurations%2F%7BipConfigurationName%7D%2Fpublicipaddresses%2F%7BpublicIpAddressName%7D/get/request/parameter/subscriptionId/scalar/schema"
  },
  "id": "file:///Users/abettati/sandbox/azure-rest-api-specs/specification/network/resource-manager/Microsoft.Network/stable/2018-04-01/vmssPublicIpAddress.json#/web-api/end-points/%2Fsubscriptions%2F%7BsubscriptionId%7D%2FresourceGroups%2F%7BresourceGroupName%7D%2Fproviders%2FMicrosoft.Compute%2FvirtualMachineScaleSets%2F%7BvirtualMachineScaleSetName%7D%2FvirtualMachines%2F%7BvirtualmachineIndex%7D%2FnetworkInterfaces%2F%7BnetworkInterfaceName%7D%2Fipconfigurations%2F%7BipConfigurationName%7D%2Fpublicipaddresses%2F%7BpublicIpAddressName%7D/get/request/parameter/subscriptionId"
}, {
  "http://a.ml/vocabularies/apiContract#binding": "path",
  "http://a.ml/vocabularies/apiContract#paramName": "networkInterfaceName",
  "http://a.ml/vocabularies/apiContract#required": "true",
  "http://a.ml/vocabularies/core#description": "The name of the network interface.",
  "http://a.ml/vocabularies/core#name": "networkInterfaceName",
  "http://a.ml/vocabularies/shapes#schema": {
    "http://a.ml/vocabularies/core#description": "The name of the network interface.",
    "http://www.w3.org/ns/shacl#datatype": "http://www.w3.org/2001/XMLSchema#string",
    "http://www.w3.org/ns/shacl#name": "schema",
    "id": "file:///Users/abettati/sandbox/azure-rest-api-specs/specification/network/resource-manager/Microsoft.Network/stable/2018-04-01/vmssPublicIpAddress.json#/web-api/end-points/%2Fsubscriptions%2F%7BsubscriptionId%7D%2FresourceGroups%2F%7BresourceGroupName%7D%2Fproviders%2FMicrosoft.Compute%2FvirtualMachineScaleSets%2F%7BvirtualMachineScaleSetName%7D%2FvirtualMachines%2F%7BvirtualmachineIndex%7D%2FnetworkInterfaces%2F%7BnetworkInterfaceName%7D%2Fipconfigurations%2F%7BipConfigurationName%7D%2Fpublicipaddresses%2F%7BpublicIpAddressName%7D/get/request/parameter/networkInterfaceName/scalar/schema"
  },
  "id": "file:///Users/abettati/sandbox/azure-rest-api-specs/specification/network/resource-manager/Microsoft.Network/stable/2018-04-01/vmssPublicIpAddress.json#/web-api/end-points/%2Fsubscriptions%2F%7BsubscriptionId%7D%2FresourceGroups%2F%7BresourceGroupName%7D%2Fproviders%2FMicrosoft.Compute%2FvirtualMachineScaleSets%2F%7BvirtualMachineScaleSetName%7D%2FvirtualMachines%2F%7BvirtualmachineIndex%7D%2FnetworkInterfaces%2F%7BnetworkInterfaceName%7D%2Fipconfigurations%2F%7BipConfigurationName%7D%2Fpublicipaddresses%2F%7BpublicIpAddressName%7D/get/request/parameter/networkInterfaceName"
}, {
  "http://a.ml/vocabularies/apiContract#binding": "path",
  "http://a.ml/vocabularies/apiContract#paramName": "ipConfigurationName",
  "http://a.ml/vocabularies/apiContract#required": "true",
  "http://a.ml/vocabularies/core#description": "The name of the IP configuration.",
  "http://a.ml/vocabularies/core#name": "ipConfigurationName",
  "http://a.ml/vocabularies/shapes#schema": {
    "http://a.ml/vocabularies/core#description": "The name of the IP configuration.",
    "http://www.w3.org/ns/shacl#datatype": "http://www.w3.org/2001/XMLSchema#string",
    "http://www.w3.org/ns/shacl#name": "schema",
    "id": "file:///Users/abettati/sandbox/azure-rest-api-specs/specification/network/resource-manager/Microsoft.Network/stable/2018-04-01/vmssPublicIpAddress.json#/web-api/end-points/%2Fsubscriptions%2F%7BsubscriptionId%7D%2FresourceGroups%2F%7BresourceGroupName%7D%2Fproviders%2FMicrosoft.Compute%2FvirtualMachineScaleSets%2F%7BvirtualMachineScaleSetName%7D%2FvirtualMachines%2F%7BvirtualmachineIndex%7D%2FnetworkInterfaces%2F%7BnetworkInterfaceName%7D%2Fipconfigurations%2F%7BipConfigurationName%7D%2Fpublicipaddresses%2F%7BpublicIpAddressName%7D/get/request/parameter/ipConfigurationName/scalar/schema"
  },
  "id": "file:///Users/abettati/sandbox/azure-rest-api-specs/specification/network/resource-manager/Microsoft.Network/stable/2018-04-01/vmssPublicIpAddress.json#/web-api/end-points/%2Fsubscriptions%2F%7BsubscriptionId%7D%2FresourceGroups%2F%7BresourceGroupName%7D%2Fproviders%2FMicrosoft.Compute%2FvirtualMachineScaleSets%2F%7BvirtualMachineScaleSetName%7D%2FvirtualMachines%2F%7BvirtualmachineIndex%7D%2FnetworkInterfaces%2F%7BnetworkInterfaceName%7D%2Fipconfigurations%2F%7BipConfigurationName%7D%2Fpublicipaddresses%2F%7BpublicIpAddressName%7D/get/request/parameter/ipConfigurationName"
}, {
  "http://a.ml/vocabularies/apiContract#binding": "path",
  "http://a.ml/vocabularies/apiContract#paramName": "resourceGroupName",
  "http://a.ml/vocabularies/apiContract#required": "true",
  "http://a.ml/vocabularies/core#description": "The name of the resource group.",
  "http://a.ml/vocabularies/core#name": "resourceGroupName",
  "http://a.ml/vocabularies/shapes#schema": {
    "http://a.ml/vocabularies/core#description": "The name of the resource group.",
    "http://www.w3.org/ns/shacl#datatype": "http://www.w3.org/2001/XMLSchema#string",
    "http://www.w3.org/ns/shacl#name": "schema",
    "id": "file:///Users/abettati/sandbox/azure-rest-api-specs/specification/network/resource-manager/Microsoft.Network/stable/2018-04-01/vmssPublicIpAddress.json#/web-api/end-points/%2Fsubscriptions%2F%7BsubscriptionId%7D%2FresourceGroups%2F%7BresourceGroupName%7D%2Fproviders%2FMicrosoft.Compute%2FvirtualMachineScaleSets%2F%7BvirtualMachineScaleSetName%7D%2FvirtualMachines%2F%7BvirtualmachineIndex%7D%2FnetworkInterfaces%2F%7BnetworkInterfaceName%7D%2Fipconfigurations%2F%7BipConfigurationName%7D%2Fpublicipaddresses%2F%7BpublicIpAddressName%7D/get/request/parameter/resourceGroupName/scalar/schema"
  },
  "id": "file:///Users/abettati/sandbox/azure-rest-api-specs/specification/network/resource-manager/Microsoft.Network/stable/2018-04-01/vmssPublicIpAddress.json#/web-api/end-points/%2Fsubscriptions%2F%7BsubscriptionId%7D%2FresourceGroups%2F%7BresourceGroupName%7D%2Fproviders%2FMicrosoft.Compute%2FvirtualMachineScaleSets%2F%7BvirtualMachineScaleSetName%7D%2FvirtualMachines%2F%7BvirtualmachineIndex%7D%2FnetworkInterfaces%2F%7BnetworkInterfaceName%7D%2Fipconfigurations%2F%7BipConfigurationName%7D%2Fpublicipaddresses%2F%7BpublicIpAddressName%7D/get/request/parameter/resourceGroupName"
}, {
  "http://a.ml/vocabularies/apiContract#binding": "path",
  "http://a.ml/vocabularies/apiContract#paramName": "virtualmachineIndex",
  "http://a.ml/vocabularies/apiContract#required": "true",
  "http://a.ml/vocabularies/core#description": "The virtual machine index.",
  "http://a.ml/vocabularies/core#name": "virtualmachineIndex",
  "http://a.ml/vocabularies/shapes#schema": {
    "http://a.ml/vocabularies/core#description": "The virtual machine index.",
    "http://www.w3.org/ns/shacl#datatype": "http://www.w3.org/2001/XMLSchema#string",
    "http://www.w3.org/ns/shacl#name": "schema",
    "id": "file:///Users/abettati/sandbox/azure-rest-api-specs/specification/network/resource-manager/Microsoft.Network/stable/2018-04-01/vmssPublicIpAddress.json#/web-api/end-points/%2Fsubscriptions%2F%7BsubscriptionId%7D%2FresourceGroups%2F%7BresourceGroupName%7D%2Fproviders%2FMicrosoft.Compute%2FvirtualMachineScaleSets%2F%7BvirtualMachineScaleSetName%7D%2FvirtualMachines%2F%7BvirtualmachineIndex%7D%2FnetworkInterfaces%2F%7BnetworkInterfaceName%7D%2Fipconfigurations%2F%7BipConfigurationName%7D%2Fpublicipaddresses%2F%7BpublicIpAddressName%7D/get/request/parameter/virtualmachineIndex/scalar/schema"
  },
  "id": "file:///Users/abettati/sandbox/azure-rest-api-specs/specification/network/resource-manager/Microsoft.Network/stable/2018-04-01/vmssPublicIpAddress.json#/web-api/end-points/%2Fsubscriptions%2F%7BsubscriptionId%7D%2FresourceGroups%2F%7BresourceGroupName%7D%2Fproviders%2FMicrosoft.Compute%2FvirtualMachineScaleSets%2F%7BvirtualMachineScaleSetName%7D%2FvirtualMachines%2F%7BvirtualmachineIndex%7D%2FnetworkInterfaces%2F%7BnetworkInterfaceName%7D%2Fipconfigurations%2F%7BipConfigurationName%7D%2Fpublicipaddresses%2F%7BpublicIpAddressName%7D/get/request/parameter/virtualmachineIndex"
}]