[{
  "http://a.ml/vocabularies/apiContract#binding": "path",
  "http://a.ml/vocabularies/apiContract#paramName": "searchServiceName",
  "http://a.ml/vocabularies/apiContract#required": "true",
  "http://a.ml/vocabularies/core#description": "The name of the Azure Cognitive Search service associated with the specified resource group.",
  "http://a.ml/vocabularies/core#name": "SearchServiceNameParameter",
  "http://a.ml/vocabularies/document#customDomainProperties": [{
    "http://a.ml/vocabularies/core#extensionName": "ms-parameter-location",
    "http://a.ml/vocabularies/document#definedBy": {
      "http://a.ml/vocabularies/core#name": null,
      "id": "file:///Users/abettati/sandbox/azure-rest-api-specs/specification/search/resource-manager/Microsoft.Search/stable/2020-08-01/search.json#/declarations/parameters/parameter/SearchServiceNameParameter/ms-parameter-location"
    },
    "http://a.ml/vocabularies/document#extension": {
      "http://a.ml/vocabularies/core#name": null,
      "http://a.ml/vocabularies/data#value": null,
      "http://www.w3.org/ns/shacl#datatype": null,
      "id": "file:///Users/abettati/sandbox/azure-rest-api-specs/specification/search/resource-manager/Microsoft.Search/stable/2020-08-01/search.json#/declarations/parameters/parameter/SearchServiceNameParameter/ms-parameter-location/scalar_1"
    },
    "id": "file:///Users/abettati/sandbox/azure-rest-api-specs/specification/search/resource-manager/Microsoft.Search/stable/2020-08-01/search.json#/declarations/parameters/parameter/SearchServiceNameParameter/extension/ms-parameter-location"
  }],
  "http://a.ml/vocabularies/shapes#schema": {
    "http://a.ml/vocabularies/core#description": "The name of the Azure Cognitive Search service associated with the specified resource group.",
    "http://a.ml/vocabularies/document#customDomainProperties": [{
      "http://a.ml/vocabularies/core#extensionName": null,
      "http://a.ml/vocabularies/document#definedBy": null,
      "http://a.ml/vocabularies/document#extension": null,
      "id": "file:///Users/abettati/sandbox/azure-rest-api-specs/specification/search/resource-manager/Microsoft.Search/stable/2020-08-01/search.json#/declarations/parameters/parameter/SearchServiceNameParameter/scalar/schema/extension/ms-parameter-location"
    }],
    "http://www.w3.org/ns/shacl#datatype": "http://www.w3.org/2001/XMLSchema#string",
    "http://www.w3.org/ns/shacl#name": "schema",
    "id": "file:///Users/abettati/sandbox/azure-rest-api-specs/specification/search/resource-manager/Microsoft.Search/stable/2020-08-01/search.json#/declarations/parameters/parameter/SearchServiceNameParameter/scalar/schema"
  },
  "id": "file:///Users/abettati/sandbox/azure-rest-api-specs/specification/search/resource-manager/Microsoft.Search/stable/2020-08-01/search.json#/declarations/parameters/parameter/SearchServiceNameParameter"
}, {
  "http://a.ml/vocabularies/apiContract#binding": "header",
  "http://a.ml/vocabularies/apiContract#paramName": "x-ms-client-request-id",
  "http://a.ml/vocabularies/apiContract#required": "false",
  "http://a.ml/vocabularies/core#description": "A client-generated GUID value that identifies this request. If specified, this will be included in response information as a way to track the request.",
  "http://a.ml/vocabularies/core#name": "ClientRequestIdParameter",
  "http://a.ml/vocabularies/document#customDomainProperties": [{
    "http://a.ml/vocabularies/core#extensionName": "ms-client-name",
    "http://a.ml/vocabularies/document#definedBy": {
      "http://a.ml/vocabularies/core#name": null,
      "id": "file:///Users/abettati/sandbox/azure-rest-api-specs/specification/search/resource-manager/Microsoft.Search/stable/2020-08-01/search.json#/declarations/parameters/parameter/ClientRequestIdParameter/ms-client-name"
    },
    "http://a.ml/vocabularies/document#extension": {
      "http://a.ml/vocabularies/core#name": null,
      "http://a.ml/vocabularies/data#value": null,
      "http://www.w3.org/ns/shacl#datatype": null,
      "id": "file:///Users/abettati/sandbox/azure-rest-api-specs/specification/search/resource-manager/Microsoft.Search/stable/2020-08-01/search.json#/declarations/parameters/parameter/ClientRequestIdParameter/ms-client-name/scalar_1"
    },
    "id": "file:///Users/abettati/sandbox/azure-rest-api-specs/specification/search/resource-manager/Microsoft.Search/stable/2020-08-01/search.json#/declarations/parameters/parameter/ClientRequestIdParameter/extension/ms-client-name"
  }, {
    "http://a.ml/vocabularies/core#extensionName": "ms-client-request-id",
    "http://a.ml/vocabularies/document#definedBy": {
      "http://a.ml/vocabularies/core#name": null,
      "id": "file:///Users/abettati/sandbox/azure-rest-api-specs/specification/search/resource-manager/Microsoft.Search/stable/2020-08-01/search.json#/declarations/parameters/parameter/ClientRequestIdParameter/ms-client-request-id"
    },
    "http://a.ml/vocabularies/document#extension": {
      "http://a.ml/vocabularies/core#name": null,
      "http://a.ml/vocabularies/data#value": null,
      "http://www.w3.org/ns/shacl#datatype": null,
      "id": "file:///Users/abettati/sandbox/azure-rest-api-specs/specification/search/resource-manager/Microsoft.Search/stable/2020-08-01/search.json#/declarations/parameters/parameter/ClientRequestIdParameter/ms-client-request-id/scalar_1"
    },
    "id": "file:///Users/abettati/sandbox/azure-rest-api-specs/specification/search/resource-manager/Microsoft.Search/stable/2020-08-01/search.json#/declarations/parameters/parameter/ClientRequestIdParameter/extension/ms-client-request-id"
  }, {
    "http://a.ml/vocabularies/core#extensionName": "ms-parameter-grouping",
    "http://a.ml/vocabularies/document#definedBy": {
      "http://a.ml/vocabularies/core#name": null,
      "id": "file:///Users/abettati/sandbox/azure-rest-api-specs/specification/search/resource-manager/Microsoft.Search/stable/2020-08-01/search.json#/declarations/parameters/parameter/ClientRequestIdParameter/ms-parameter-grouping"
    },
    "http://a.ml/vocabularies/document#extension": {
      "http://a.ml/vocabularies/core#name": null,
      "http://a.ml/vocabularies/data#name": null,
      "id": "file:///Users/abettati/sandbox/azure-rest-api-specs/specification/search/resource-manager/Microsoft.Search/stable/2020-08-01/search.json#/declarations/parameters/parameter/ClientRequestIdParameter/ms-parameter-grouping/object_1"
    },
    "id": "file:///Users/abettati/sandbox/azure-rest-api-specs/specification/search/resource-manager/Microsoft.Search/stable/2020-08-01/search.json#/declarations/parameters/parameter/ClientRequestIdParameter/extension/ms-parameter-grouping"
  }, {
    "http://a.ml/vocabularies/core#extensionName": "ms-parameter-location",
    "http://a.ml/vocabularies/document#definedBy": {
      "http://a.ml/vocabularies/core#name": null,
      "id": "file:///Users/abettati/sandbox/azure-rest-api-specs/specification/search/resource-manager/Microsoft.Search/stable/2020-08-01/search.json#/declarations/parameters/parameter/ClientRequestIdParameter/ms-parameter-location"
    },
    "http://a.ml/vocabularies/document#extension": {
      "http://a.ml/vocabularies/core#name": null,
      "http://a.ml/vocabularies/data#value": null,
      "http://www.w3.org/ns/shacl#datatype": null,
      "id": "file:///Users/abettati/sandbox/azure-rest-api-specs/specification/search/resource-manager/Microsoft.Search/stable/2020-08-01/search.json#/declarations/parameters/parameter/ClientRequestIdParameter/ms-parameter-location/scalar_1"
    },
    "id": "file:///Users/abettati/sandbox/azure-rest-api-specs/specification/search/resource-manager/Microsoft.Search/stable/2020-08-01/search.json#/declarations/parameters/parameter/ClientRequestIdParameter/extension/ms-parameter-location"
  }],
  "http://a.ml/vocabularies/shapes#schema": {
    "http://a.ml/vocabularies/core#description": "A client-generated GUID value that identifies this request. If specified, this will be included in response information as a way to track the request.",
    "http://a.ml/vocabularies/document#customDomainProperties": [{
      "http://a.ml/vocabularies/core#extensionName": null,
      "http://a.ml/vocabularies/document#definedBy": null,
      "http://a.ml/vocabularies/document#extension": null,
      "id": "file:///Users/abettati/sandbox/azure-rest-api-specs/specification/search/resource-manager/Microsoft.Search/stable/2020-08-01/search.json#/declarations/parameters/parameter/ClientRequestIdParameter/scalar/schema/extension/ms-client-name"
    }, {
      "http://a.ml/vocabularies/core#extensionName": null,
      "http://a.ml/vocabularies/document#definedBy": null,
      "http://a.ml/vocabularies/document#extension": null,
      "id": "file:///Users/abettati/sandbox/azure-rest-api-specs/specification/search/resource-manager/Microsoft.Search/stable/2020-08-01/search.json#/declarations/parameters/parameter/ClientRequestIdParameter/scalar/schema/extension/ms-client-request-id"
    }, {
      "http://a.ml/vocabularies/core#extensionName": null,
      "http://a.ml/vocabularies/document#definedBy": null,
      "http://a.ml/vocabularies/document#extension": null,
      "id": "file:///Users/abettati/sandbox/azure-rest-api-specs/specification/search/resource-manager/Microsoft.Search/stable/2020-08-01/search.json#/declarations/parameters/parameter/ClientRequestIdParameter/scalar/schema/extension/ms-parameter-grouping"
    }, {
      "http://a.ml/vocabularies/core#extensionName": null,
      "http://a.ml/vocabularies/document#definedBy": null,
      "http://a.ml/vocabularies/document#extension": null,
      "id": "file:///Users/abettati/sandbox/azure-rest-api-specs/specification/search/resource-manager/Microsoft.Search/stable/2020-08-01/search.json#/declarations/parameters/parameter/ClientRequestIdParameter/scalar/schema/extension/ms-parameter-location"
    }],
    "http://a.ml/vocabularies/shapes#format": "uuid",
    "http://www.w3.org/ns/shacl#datatype": "http://www.w3.org/2001/XMLSchema#string",
    "http://www.w3.org/ns/shacl#name": "schema",
    "id": "file:///Users/abettati/sandbox/azure-rest-api-specs/specification/search/resource-manager/Microsoft.Search/stable/2020-08-01/search.json#/declarations/parameters/parameter/ClientRequestIdParameter/scalar/schema"
  },
  "id": "file:///Users/abettati/sandbox/azure-rest-api-specs/specification/search/resource-manager/Microsoft.Search/stable/2020-08-01/search.json#/declarations/parameters/parameter/ClientRequestIdParameter"
}, {
  "http://a.ml/vocabularies/apiContract#binding": "query",
  "http://a.ml/vocabularies/apiContract#paramName": "api-version",
  "http://a.ml/vocabularies/apiContract#required": "true",
  "http://a.ml/vocabularies/core#description": "The API version to use for each request.",
  "http://a.ml/vocabularies/core#name": "ApiVersionParameter",
  "http://a.ml/vocabularies/shapes#schema": {
    "http://a.ml/vocabularies/core#description": "The API version to use for each request.",
    "http://www.w3.org/ns/shacl#datatype": "http://www.w3.org/2001/XMLSchema#string",
    "http://www.w3.org/ns/shacl#name": "schema",
    "id": "file:///Users/abettati/sandbox/azure-rest-api-specs/specification/search/resource-manager/Microsoft.Search/stable/2020-08-01/search.json#/declarations/parameters/parameter/ApiVersionParameter/scalar/schema"
  },
  "id": "file:///Users/abettati/sandbox/azure-rest-api-specs/specification/search/resource-manager/Microsoft.Search/stable/2020-08-01/search.json#/declarations/parameters/parameter/ApiVersionParameter"
}, {
  "http://a.ml/vocabularies/apiContract#binding": "path",
  "http://a.ml/vocabularies/apiContract#paramName": "subscriptionId",
  "http://a.ml/vocabularies/apiContract#required": "true",
  "http://a.ml/vocabularies/core#description": "The unique identifier for a Microsoft Azure subscription. You can obtain this value from the Azure Resource Manager API or the portal.",
  "http://a.ml/vocabularies/core#name": "SubscriptionIdParameter",
  "http://a.ml/vocabularies/shapes#schema": {
    "http://a.ml/vocabularies/core#description": "The unique identifier for a Microsoft Azure subscription. You can obtain this value from the Azure Resource Manager API or the portal.",
    "http://www.w3.org/ns/shacl#datatype": "http://www.w3.org/2001/XMLSchema#string",
    "http://www.w3.org/ns/shacl#name": "schema",
    "id": "file:///Users/abettati/sandbox/azure-rest-api-specs/specification/search/resource-manager/Microsoft.Search/stable/2020-08-01/search.json#/declarations/parameters/parameter/SubscriptionIdParameter/scalar/schema"
  },
  "id": "file:///Users/abettati/sandbox/azure-rest-api-specs/specification/search/resource-manager/Microsoft.Search/stable/2020-08-01/search.json#/declarations/parameters/parameter/SubscriptionIdParameter"
}, {
  "http://a.ml/vocabularies/apiContract#binding": "path",
  "http://a.ml/vocabularies/apiContract#paramName": "operationName",
  "http://a.ml/vocabularies/apiContract#required": "true",
  "http://a.ml/vocabularies/core#description": "The name of a shared private link resource operation.",
  "http://a.ml/vocabularies/core#name": "OperationNameParameter",
  "http://a.ml/vocabularies/document#customDomainProperties": [{
    "http://a.ml/vocabularies/core#extensionName": "ms-parameter-location",
    "http://a.ml/vocabularies/document#definedBy": {
      "http://a.ml/vocabularies/core#name": null,
      "id": "file:///Users/abettati/sandbox/azure-rest-api-specs/specification/search/resource-manager/Microsoft.Search/stable/2020-08-01/search.json#/declarations/parameters/parameter/OperationNameParameter/ms-parameter-location"
    },
    "http://a.ml/vocabularies/document#extension": {
      "http://a.ml/vocabularies/core#name": null,
      "http://a.ml/vocabularies/data#value": null,
      "http://www.w3.org/ns/shacl#datatype": null,
      "id": "file:///Users/abettati/sandbox/azure-rest-api-specs/specification/search/resource-manager/Microsoft.Search/stable/2020-08-01/search.json#/declarations/parameters/parameter/OperationNameParameter/ms-parameter-location/scalar_1"
    },
    "id": "file:///Users/abettati/sandbox/azure-rest-api-specs/specification/search/resource-manager/Microsoft.Search/stable/2020-08-01/search.json#/declarations/parameters/parameter/OperationNameParameter/extension/ms-parameter-location"
  }],
  "http://a.ml/vocabularies/shapes#schema": {
    "http://a.ml/vocabularies/core#description": "The name of a shared private link resource operation.",
    "http://a.ml/vocabularies/document#customDomainProperties": [{
      "http://a.ml/vocabularies/core#extensionName": null,
      "http://a.ml/vocabularies/document#definedBy": null,
      "http://a.ml/vocabularies/document#extension": null,
      "id": "file:///Users/abettati/sandbox/azure-rest-api-specs/specification/search/resource-manager/Microsoft.Search/stable/2020-08-01/search.json#/declarations/parameters/parameter/OperationNameParameter/scalar/schema/extension/ms-parameter-location"
    }],
    "http://www.w3.org/ns/shacl#datatype": "http://www.w3.org/2001/XMLSchema#string",
    "http://www.w3.org/ns/shacl#name": "schema",
    "id": "file:///Users/abettati/sandbox/azure-rest-api-specs/specification/search/resource-manager/Microsoft.Search/stable/2020-08-01/search.json#/declarations/parameters/parameter/OperationNameParameter/scalar/schema"
  },
  "id": "file:///Users/abettati/sandbox/azure-rest-api-specs/specification/search/resource-manager/Microsoft.Search/stable/2020-08-01/search.json#/declarations/parameters/parameter/OperationNameParameter"
}, {
  "http://a.ml/vocabularies/apiContract#binding": "path",
  "http://a.ml/vocabularies/apiContract#paramName": "privateEndpointConnectionName",
  "http://a.ml/vocabularies/apiContract#required": "true",
  "http://a.ml/vocabularies/core#description": "The name of the private endpoint connection to the Azure Cognitive Search service with the specified resource group.",
  "http://a.ml/vocabularies/core#name": "PrivateEndpointConnectionNameParameter",
  "http://a.ml/vocabularies/document#customDomainProperties": [{
    "http://a.ml/vocabularies/core#extensionName": "ms-parameter-location",
    "http://a.ml/vocabularies/document#definedBy": {
      "http://a.ml/vocabularies/core#name": null,
      "id": "file:///Users/abettati/sandbox/azure-rest-api-specs/specification/search/resource-manager/Microsoft.Search/stable/2020-08-01/search.json#/declarations/parameters/parameter/PrivateEndpointConnectionNameParameter/ms-parameter-location"
    },
    "http://a.ml/vocabularies/document#extension": {
      "http://a.ml/vocabularies/core#name": null,
      "http://a.ml/vocabularies/data#value": null,
      "http://www.w3.org/ns/shacl#datatype": null,
      "id": "file:///Users/abettati/sandbox/azure-rest-api-specs/specification/search/resource-manager/Microsoft.Search/stable/2020-08-01/search.json#/declarations/parameters/parameter/PrivateEndpointConnectionNameParameter/ms-parameter-location/scalar_1"
    },
    "id": "file:///Users/abettati/sandbox/azure-rest-api-specs/specification/search/resource-manager/Microsoft.Search/stable/2020-08-01/search.json#/declarations/parameters/parameter/PrivateEndpointConnectionNameParameter/extension/ms-parameter-location"
  }],
  "http://a.ml/vocabularies/shapes#schema": {
    "http://a.ml/vocabularies/core#description": "The name of the private endpoint connection to the Azure Cognitive Search service with the specified resource group.",
    "http://a.ml/vocabularies/document#customDomainProperties": [{
      "http://a.ml/vocabularies/core#extensionName": null,
      "http://a.ml/vocabularies/document#definedBy": null,
      "http://a.ml/vocabularies/document#extension": null,
      "id": "file:///Users/abettati/sandbox/azure-rest-api-specs/specification/search/resource-manager/Microsoft.Search/stable/2020-08-01/search.json#/declarations/parameters/parameter/PrivateEndpointConnectionNameParameter/scalar/schema/extension/ms-parameter-location"
    }],
    "http://www.w3.org/ns/shacl#datatype": "http://www.w3.org/2001/XMLSchema#string",
    "http://www.w3.org/ns/shacl#name": "schema",
    "id": "file:///Users/abettati/sandbox/azure-rest-api-specs/specification/search/resource-manager/Microsoft.Search/stable/2020-08-01/search.json#/declarations/parameters/parameter/PrivateEndpointConnectionNameParameter/scalar/schema"
  },
  "id": "file:///Users/abettati/sandbox/azure-rest-api-specs/specification/search/resource-manager/Microsoft.Search/stable/2020-08-01/search.json#/declarations/parameters/parameter/PrivateEndpointConnectionNameParameter"
}, {
  "http://a.ml/vocabularies/apiContract#binding": "path",
  "http://a.ml/vocabularies/apiContract#paramName": "sharedPrivateLinkResourceName",
  "http://a.ml/vocabularies/apiContract#required": "true",
  "http://a.ml/vocabularies/core#description": "The name of the shared private link resource managed by the Azure Cognitive Search service within the specified resource group.",
  "http://a.ml/vocabularies/core#name": "SharedPrivateLinkResourceNameParameter",
  "http://a.ml/vocabularies/document#customDomainProperties": [{
    "http://a.ml/vocabularies/core#extensionName": "ms-parameter-location",
    "http://a.ml/vocabularies/document#definedBy": {
      "http://a.ml/vocabularies/core#name": null,
      "id": "file:///Users/abettati/sandbox/azure-rest-api-specs/specification/search/resource-manager/Microsoft.Search/stable/2020-08-01/search.json#/declarations/parameters/parameter/SharedPrivateLinkResourceNameParameter/ms-parameter-location"
    },
    "http://a.ml/vocabularies/document#extension": {
      "http://a.ml/vocabularies/core#name": null,
      "http://a.ml/vocabularies/data#value": null,
      "http://www.w3.org/ns/shacl#datatype": null,
      "id": "file:///Users/abettati/sandbox/azure-rest-api-specs/specification/search/resource-manager/Microsoft.Search/stable/2020-08-01/search.json#/declarations/parameters/parameter/SharedPrivateLinkResourceNameParameter/ms-parameter-location/scalar_1"
    },
    "id": "file:///Users/abettati/sandbox/azure-rest-api-specs/specification/search/resource-manager/Microsoft.Search/stable/2020-08-01/search.json#/declarations/parameters/parameter/SharedPrivateLinkResourceNameParameter/extension/ms-parameter-location"
  }],
  "http://a.ml/vocabularies/shapes#schema": {
    "http://a.ml/vocabularies/core#description": "The name of the shared private link resource managed by the Azure Cognitive Search service within the specified resource group.",
    "http://a.ml/vocabularies/document#customDomainProperties": [{
      "http://a.ml/vocabularies/core#extensionName": null,
      "http://a.ml/vocabularies/document#definedBy": null,
      "http://a.ml/vocabularies/document#extension": null,
      "id": "file:///Users/abettati/sandbox/azure-rest-api-specs/specification/search/resource-manager/Microsoft.Search/stable/2020-08-01/search.json#/declarations/parameters/parameter/SharedPrivateLinkResourceNameParameter/scalar/schema/extension/ms-parameter-location"
    }],
    "http://www.w3.org/ns/shacl#datatype": "http://www.w3.org/2001/XMLSchema#string",
    "http://www.w3.org/ns/shacl#name": "schema",
    "id": "file:///Users/abettati/sandbox/azure-rest-api-specs/specification/search/resource-manager/Microsoft.Search/stable/2020-08-01/search.json#/declarations/parameters/parameter/SharedPrivateLinkResourceNameParameter/scalar/schema"
  },
  "id": "file:///Users/abettati/sandbox/azure-rest-api-specs/specification/search/resource-manager/Microsoft.Search/stable/2020-08-01/search.json#/declarations/parameters/parameter/SharedPrivateLinkResourceNameParameter"
}, {
  "http://a.ml/vocabularies/apiContract#binding": "path",
  "http://a.ml/vocabularies/apiContract#paramName": "resourceGroupName",
  "http://a.ml/vocabularies/apiContract#required": "true",
  "http://a.ml/vocabularies/core#description": "The name of the resource group within the current subscription. You can obtain this value from the Azure Resource Manager API or the portal.",
  "http://a.ml/vocabularies/core#name": "ResourceGroupNameParameter",
  "http://a.ml/vocabularies/document#customDomainProperties": [{
    "http://a.ml/vocabularies/core#extensionName": "ms-parameter-location",
    "http://a.ml/vocabularies/document#definedBy": {
      "http://a.ml/vocabularies/core#name": null,
      "id": "file:///Users/abettati/sandbox/azure-rest-api-specs/specification/search/resource-manager/Microsoft.Search/stable/2020-08-01/search.json#/declarations/parameters/parameter/ResourceGroupNameParameter/ms-parameter-location"
    },
    "http://a.ml/vocabularies/document#extension": {
      "http://a.ml/vocabularies/core#name": null,
      "http://a.ml/vocabularies/data#value": null,
      "http://www.w3.org/ns/shacl#datatype": null,
      "id": "file:///Users/abettati/sandbox/azure-rest-api-specs/specification/search/resource-manager/Microsoft.Search/stable/2020-08-01/search.json#/declarations/parameters/parameter/ResourceGroupNameParameter/ms-parameter-location/scalar_1"
    },
    "id": "file:///Users/abettati/sandbox/azure-rest-api-specs/specification/search/resource-manager/Microsoft.Search/stable/2020-08-01/search.json#/declarations/parameters/parameter/ResourceGroupNameParameter/extension/ms-parameter-location"
  }],
  "http://a.ml/vocabularies/shapes#schema": {
    "http://a.ml/vocabularies/core#description": "The name of the resource group within the current subscription. You can obtain this value from the Azure Resource Manager API or the portal.",
    "http://a.ml/vocabularies/document#customDomainProperties": [{
      "http://a.ml/vocabularies/core#extensionName": null,
      "http://a.ml/vocabularies/document#definedBy": null,
      "http://a.ml/vocabularies/document#extension": null,
      "id": "file:///Users/abettati/sandbox/azure-rest-api-specs/specification/search/resource-manager/Microsoft.Search/stable/2020-08-01/search.json#/declarations/parameters/parameter/ResourceGroupNameParameter/scalar/schema/extension/ms-parameter-location"
    }],
    "http://www.w3.org/ns/shacl#datatype": "http://www.w3.org/2001/XMLSchema#string",
    "http://www.w3.org/ns/shacl#name": "schema",
    "id": "file:///Users/abettati/sandbox/azure-rest-api-specs/specification/search/resource-manager/Microsoft.Search/stable/2020-08-01/search.json#/declarations/parameters/parameter/ResourceGroupNameParameter/scalar/schema"
  },
  "id": "file:///Users/abettati/sandbox/azure-rest-api-specs/specification/search/resource-manager/Microsoft.Search/stable/2020-08-01/search.json#/declarations/parameters/parameter/ResourceGroupNameParameter"
}, {
  "http://a.ml/vocabularies/apiContract#binding": "path",
  "http://a.ml/vocabularies/apiContract#paramName": "keyKind",
  "http://a.ml/vocabularies/apiContract#required": "true",
  "http://a.ml/vocabularies/core#description": "Specifies which key to regenerate. Valid values include 'primary' and 'secondary'.",
  "http://a.ml/vocabularies/core#name": "keyKind",
  "http://a.ml/vocabularies/document#customDomainProperties": [{
    "http://a.ml/vocabularies/core#extensionName": "ms-enum",
    "http://a.ml/vocabularies/document#definedBy": {
      "http://a.ml/vocabularies/core#name": null,
      "id": "file:///Users/abettati/sandbox/azure-rest-api-specs/specification/search/resource-manager/Microsoft.Search/stable/2020-08-01/search.json#/web-api/end-points/%2Fsubscriptions%2F%7BsubscriptionId%7D%2FresourceGroups%2F%7BresourceGroupName%7D%2Fproviders%2FMicrosoft.Search%2FsearchServices%2F%7BsearchServiceName%7D%2FregenerateAdminKey%2F%7BkeyKind%7D/post/request/parameter/keyKind/ms-enum"
    },
    "http://a.ml/vocabularies/document#extension": {
      "http://a.ml/vocabularies/core#name": null,
      "http://a.ml/vocabularies/data#modelAsString": null,
      "http://a.ml/vocabularies/data#name": null,
      "id": "file:///Users/abettati/sandbox/azure-rest-api-specs/specification/search/resource-manager/Microsoft.Search/stable/2020-08-01/search.json#/web-api/end-points/%2Fsubscriptions%2F%7BsubscriptionId%7D%2FresourceGroups%2F%7BresourceGroupName%7D%2Fproviders%2FMicrosoft.Search%2FsearchServices%2F%7BsearchServiceName%7D%2FregenerateAdminKey%2F%7BkeyKind%7D/post/request/parameter/keyKind/ms-enum/object_1"
    },
    "id": "file:///Users/abettati/sandbox/azure-rest-api-specs/specification/search/resource-manager/Microsoft.Search/stable/2020-08-01/search.json#/web-api/end-points/%2Fsubscriptions%2F%7BsubscriptionId%7D%2FresourceGroups%2F%7BresourceGroupName%7D%2Fproviders%2FMicrosoft.Search%2FsearchServices%2F%7BsearchServiceName%7D%2FregenerateAdminKey%2F%7BkeyKind%7D/post/request/parameter/keyKind/extension/ms-enum"
  }],
  "http://a.ml/vocabularies/shapes#schema": {
    "http://a.ml/vocabularies/core#description": "Specifies which key to regenerate. Valid values include 'primary' and 'secondary'.",
    "http://a.ml/vocabularies/document#customDomainProperties": [{
      "http://a.ml/vocabularies/core#extensionName": null,
      "http://a.ml/vocabularies/document#definedBy": null,
      "http://a.ml/vocabularies/document#extension": null,
      "id": "file:///Users/abettati/sandbox/azure-rest-api-specs/specification/search/resource-manager/Microsoft.Search/stable/2020-08-01/search.json#/web-api/end-points/%2Fsubscriptions%2F%7BsubscriptionId%7D%2FresourceGroups%2F%7BresourceGroupName%7D%2Fproviders%2FMicrosoft.Search%2FsearchServices%2F%7BsearchServiceName%7D%2FregenerateAdminKey%2F%7BkeyKind%7D/post/request/parameter/keyKind/scalar/schema/extension/ms-enum"
    }],
    "http://www.w3.org/ns/shacl#datatype": "http://www.w3.org/2001/XMLSchema#string",
    "http://www.w3.org/ns/shacl#in": [{
      "http://a.ml/vocabularies/core#name": null,
      "http://a.ml/vocabularies/data#value": null,
      "http://www.w3.org/ns/shacl#datatype": null,
      "id": "file:///Users/abettati/sandbox/azure-rest-api-specs/specification/search/resource-manager/Microsoft.Search/stable/2020-08-01/search.json#/web-api/end-points/%2Fsubscriptions%2F%7BsubscriptionId%7D%2FresourceGroups%2F%7BresourceGroupName%7D%2Fproviders%2FMicrosoft.Search%2FsearchServices%2F%7BsearchServiceName%7D%2FregenerateAdminKey%2F%7BkeyKind%7D/post/request/parameter/keyKind/scalar/schema/enum/scalar_1"
    }, {
      "http://a.ml/vocabularies/core#name": null,
      "http://a.ml/vocabularies/data#value": null,
      "http://www.w3.org/ns/shacl#datatype": null,
      "id": "file:///Users/abettati/sandbox/azure-rest-api-specs/specification/search/resource-manager/Microsoft.Search/stable/2020-08-01/search.json#/web-api/end-points/%2Fsubscriptions%2F%7BsubscriptionId%7D%2FresourceGroups%2F%7BresourceGroupName%7D%2Fproviders%2FMicrosoft.Search%2FsearchServices%2F%7BsearchServiceName%7D%2FregenerateAdminKey%2F%7BkeyKind%7D/post/request/parameter/keyKind/scalar/schema/enum/scalar_2"
    }],
    "http://www.w3.org/ns/shacl#name": "schema",
    "id": "file:///Users/abettati/sandbox/azure-rest-api-specs/specification/search/resource-manager/Microsoft.Search/stable/2020-08-01/search.json#/web-api/end-points/%2Fsubscriptions%2F%7BsubscriptionId%7D%2FresourceGroups%2F%7BresourceGroupName%7D%2Fproviders%2FMicrosoft.Search%2FsearchServices%2F%7BsearchServiceName%7D%2FregenerateAdminKey%2F%7BkeyKind%7D/post/request/parameter/keyKind/scalar/schema"
  },
  "id": "file:///Users/abettati/sandbox/azure-rest-api-specs/specification/search/resource-manager/Microsoft.Search/stable/2020-08-01/search.json#/web-api/end-points/%2Fsubscriptions%2F%7BsubscriptionId%7D%2FresourceGroups%2F%7BresourceGroupName%7D%2Fproviders%2FMicrosoft.Search%2FsearchServices%2F%7BsearchServiceName%7D%2FregenerateAdminKey%2F%7BkeyKind%7D/post/request/parameter/keyKind"
}, {
  "http://a.ml/vocabularies/apiContract#binding": "path",
  "http://a.ml/vocabularies/apiContract#paramName": "name",
  "http://a.ml/vocabularies/apiContract#required": "true",
  "http://a.ml/vocabularies/core#description": "The name of the new query API key.",
  "http://a.ml/vocabularies/core#name": "name",
  "http://a.ml/vocabularies/shapes#schema": {
    "http://a.ml/vocabularies/core#description": "The name of the new query API key.",
    "http://www.w3.org/ns/shacl#datatype": "http://www.w3.org/2001/XMLSchema#string",
    "http://www.w3.org/ns/shacl#name": "schema",
    "id": "file:///Users/abettati/sandbox/azure-rest-api-specs/specification/search/resource-manager/Microsoft.Search/stable/2020-08-01/search.json#/web-api/end-points/%2Fsubscriptions%2F%7BsubscriptionId%7D%2FresourceGroups%2F%7BresourceGroupName%7D%2Fproviders%2FMicrosoft.Search%2FsearchServices%2F%7BsearchServiceName%7D%2FcreateQueryKey%2F%7Bname%7D/post/request/parameter/name/scalar/schema"
  },
  "id": "file:///Users/abettati/sandbox/azure-rest-api-specs/specification/search/resource-manager/Microsoft.Search/stable/2020-08-01/search.json#/web-api/end-points/%2Fsubscriptions%2F%7BsubscriptionId%7D%2FresourceGroups%2F%7BresourceGroupName%7D%2Fproviders%2FMicrosoft.Search%2FsearchServices%2F%7BsearchServiceName%7D%2FcreateQueryKey%2F%7Bname%7D/post/request/parameter/name"
}, {
  "http://a.ml/vocabularies/apiContract#binding": "path",
  "http://a.ml/vocabularies/apiContract#paramName": "key",
  "http://a.ml/vocabularies/apiContract#required": "true",
  "http://a.ml/vocabularies/core#description": "The query key to be deleted. Query keys are identified by value, not by name.",
  "http://a.ml/vocabularies/core#name": "key",
  "http://a.ml/vocabularies/shapes#schema": {
    "http://a.ml/vocabularies/core#description": "The query key to be deleted. Query keys are identified by value, not by name.",
    "http://www.w3.org/ns/shacl#datatype": "http://www.w3.org/2001/XMLSchema#string",
    "http://www.w3.org/ns/shacl#name": "schema",
    "id": "file:///Users/abettati/sandbox/azure-rest-api-specs/specification/search/resource-manager/Microsoft.Search/stable/2020-08-01/search.json#/web-api/end-points/%2Fsubscriptions%2F%7BsubscriptionId%7D%2FresourceGroups%2F%7BresourceGroupName%7D%2Fproviders%2FMicrosoft.Search%2FsearchServices%2F%7BsearchServiceName%7D%2FdeleteQueryKey%2F%7Bkey%7D/delete/request/parameter/key/scalar/schema"
  },
  "id": "file:///Users/abettati/sandbox/azure-rest-api-specs/specification/search/resource-manager/Microsoft.Search/stable/2020-08-01/search.json#/web-api/end-points/%2Fsubscriptions%2F%7BsubscriptionId%7D%2FresourceGroups%2F%7BresourceGroupName%7D%2Fproviders%2FMicrosoft.Search%2FsearchServices%2F%7BsearchServiceName%7D%2FdeleteQueryKey%2F%7Bkey%7D/delete/request/parameter/key"
}, {
  "http://a.ml/vocabularies/apiContract#binding": "path",
  "http://a.ml/vocabularies/apiContract#paramName": "searchServiceName",
  "http://a.ml/vocabularies/apiContract#required": "true",
  "http://a.ml/vocabularies/core#description": "The name of the Azure Cognitive Search service to create or update. Search service names must only contain lowercase letters, digits or dashes, cannot use dash as the first two or last one characters, cannot contain consecutive dashes, and must be between 2 and 60 characters in length. Search service names must be globally unique since they are part of the service URI (https://<name>.search.windows.net). You cannot change the service name after the service is created.",
  "http://a.ml/vocabularies/core#name": "searchServiceName",
  "http://a.ml/vocabularies/shapes#schema": {
    "http://a.ml/vocabularies/core#description": "The name of the Azure Cognitive Search service to create or update. Search service names must only contain lowercase letters, digits or dashes, cannot use dash as the first two or last one characters, cannot contain consecutive dashes, and must be between 2 and 60 characters in length. Search service names must be globally unique since they are part of the service URI (https://<name>.search.windows.net). You cannot change the service name after the service is created.",
    "http://www.w3.org/ns/shacl#datatype": "http://www.w3.org/2001/XMLSchema#string",
    "http://www.w3.org/ns/shacl#name": "schema",
    "id": "file:///Users/abettati/sandbox/azure-rest-api-specs/specification/search/resource-manager/Microsoft.Search/stable/2020-08-01/search.json#/web-api/end-points/%2Fsubscriptions%2F%7BsubscriptionId%7D%2FresourceGroups%2F%7BresourceGroupName%7D%2Fproviders%2FMicrosoft.Search%2FsearchServices%2F%7BsearchServiceName%7D/put/request/parameter/searchServiceName/scalar/schema"
  },
  "id": "file:///Users/abettati/sandbox/azure-rest-api-specs/specification/search/resource-manager/Microsoft.Search/stable/2020-08-01/search.json#/web-api/end-points/%2Fsubscriptions%2F%7BsubscriptionId%7D%2FresourceGroups%2F%7BresourceGroupName%7D%2Fproviders%2FMicrosoft.Search%2FsearchServices%2F%7BsearchServiceName%7D/put/request/parameter/searchServiceName"
}, {
  "http://a.ml/vocabularies/apiContract#binding": "path",
  "http://a.ml/vocabularies/apiContract#paramName": "searchServiceName",
  "http://a.ml/vocabularies/apiContract#required": "true",
  "http://a.ml/vocabularies/core#description": "The name of the Azure Cognitive Search service to update.",
  "http://a.ml/vocabularies/core#name": "searchServiceName",
  "http://a.ml/vocabularies/shapes#schema": {
    "http://a.ml/vocabularies/core#description": "The name of the Azure Cognitive Search service to update.",
    "http://www.w3.org/ns/shacl#datatype": "http://www.w3.org/2001/XMLSchema#string",
    "http://www.w3.org/ns/shacl#name": "schema",
    "id": "file:///Users/abettati/sandbox/azure-rest-api-specs/specification/search/resource-manager/Microsoft.Search/stable/2020-08-01/search.json#/web-api/end-points/%2Fsubscriptions%2F%7BsubscriptionId%7D%2FresourceGroups%2F%7BresourceGroupName%7D%2Fproviders%2FMicrosoft.Search%2FsearchServices%2F%7BsearchServiceName%7D/patch/request/parameter/searchServiceName/scalar/schema"
  },
  "id": "file:///Users/abettati/sandbox/azure-rest-api-specs/specification/search/resource-manager/Microsoft.Search/stable/2020-08-01/search.json#/web-api/end-points/%2Fsubscriptions%2F%7BsubscriptionId%7D%2FresourceGroups%2F%7BresourceGroupName%7D%2Fproviders%2FMicrosoft.Search%2FsearchServices%2F%7BsearchServiceName%7D/patch/request/parameter/searchServiceName"
}]