[{
  "http://a.ml/vocabularies/apiContract#binding": "query",
  "http://a.ml/vocabularies/apiContract#paramName": "api-version",
  "http://a.ml/vocabularies/apiContract#required": "true",
  "http://a.ml/vocabularies/core#description": "The API version to use for this operation.",
  "http://a.ml/vocabularies/core#name": "api-version",
  "http://a.ml/vocabularies/shapes#schema": {
    "http://a.ml/vocabularies/core#description": "The API version to use for this operation.",
    "http://www.w3.org/ns/shacl#datatype": "http://www.w3.org/2001/XMLSchema#string",
    "http://www.w3.org/ns/shacl#minLength": "1",
    "http://www.w3.org/ns/shacl#name": "schema",
    "id": "file:///Users/abettati/sandbox/azure-rest-api-specs/specification/hybridnetwork/resource-manager/Microsoft.HybridNetwork/preview/2020-01-01-preview/vendorNetworkFunction.json#/web-api/end-points/%2Fsubscriptions%2F%7BsubscriptionId%7D%2Fproviders%2FMicrosoft.HybridNetwork%2Flocations%2F%7BlocationName%7D%2Fvendors%2F%7BvendorName%7D%2FnetworkFunctions%2F%7BserviceKey%7D/get/request/parameter/api-version/scalar/schema"
  },
  "id": "file:///Users/abettati/sandbox/azure-rest-api-specs/specification/hybridnetwork/resource-manager/Microsoft.HybridNetwork/preview/2020-01-01-preview/vendorNetworkFunction.json#/web-api/end-points/%2Fsubscriptions%2F%7BsubscriptionId%7D%2Fproviders%2FMicrosoft.HybridNetwork%2Flocations%2F%7BlocationName%7D%2Fvendors%2F%7BvendorName%7D%2FnetworkFunctions%2F%7BserviceKey%7D/get/request/parameter/api-version"
}, {
  "http://a.ml/vocabularies/apiContract#binding": "path",
  "http://a.ml/vocabularies/apiContract#paramName": "locationName",
  "http://a.ml/vocabularies/apiContract#required": "true",
  "http://a.ml/vocabularies/core#description": "The Azure region where the network function resource was created by the customer.",
  "http://a.ml/vocabularies/core#name": "locationName",
  "http://a.ml/vocabularies/shapes#schema": {
    "http://a.ml/vocabularies/core#description": "The Azure region where the network function resource was created by the customer.",
    "http://www.w3.org/ns/shacl#datatype": "http://www.w3.org/2001/XMLSchema#string",
    "http://www.w3.org/ns/shacl#name": "schema",
    "id": "file:///Users/abettati/sandbox/azure-rest-api-specs/specification/hybridnetwork/resource-manager/Microsoft.HybridNetwork/preview/2020-01-01-preview/vendorNetworkFunction.json#/web-api/end-points/%2Fsubscriptions%2F%7BsubscriptionId%7D%2Fproviders%2FMicrosoft.HybridNetwork%2Flocations%2F%7BlocationName%7D%2Fvendors%2F%7BvendorName%7D%2FnetworkFunctions%2F%7BserviceKey%7D/get/request/parameter/locationName/scalar/schema"
  },
  "id": "file:///Users/abettati/sandbox/azure-rest-api-specs/specification/hybridnetwork/resource-manager/Microsoft.HybridNetwork/preview/2020-01-01-preview/vendorNetworkFunction.json#/web-api/end-points/%2Fsubscriptions%2F%7BsubscriptionId%7D%2Fproviders%2FMicrosoft.HybridNetwork%2Flocations%2F%7BlocationName%7D%2Fvendors%2F%7BvendorName%7D%2FnetworkFunctions%2F%7BserviceKey%7D/get/request/parameter/locationName"
}, {
  "http://a.ml/vocabularies/apiContract#binding": "path",
  "http://a.ml/vocabularies/apiContract#paramName": "vendorName",
  "http://a.ml/vocabularies/apiContract#required": "true",
  "http://a.ml/vocabularies/core#description": "The name of the vendor.",
  "http://a.ml/vocabularies/core#name": "vendorName",
  "http://a.ml/vocabularies/shapes#schema": {
    "http://a.ml/vocabularies/core#description": "The name of the vendor.",
    "http://www.w3.org/ns/shacl#datatype": "http://www.w3.org/2001/XMLSchema#string",
    "http://www.w3.org/ns/shacl#name": "schema",
    "id": "file:///Users/abettati/sandbox/azure-rest-api-specs/specification/hybridnetwork/resource-manager/Microsoft.HybridNetwork/preview/2020-01-01-preview/vendorNetworkFunction.json#/web-api/end-points/%2Fsubscriptions%2F%7BsubscriptionId%7D%2Fproviders%2FMicrosoft.HybridNetwork%2Flocations%2F%7BlocationName%7D%2Fvendors%2F%7BvendorName%7D%2FnetworkFunctions%2F%7BserviceKey%7D/get/request/parameter/vendorName/scalar/schema"
  },
  "id": "file:///Users/abettati/sandbox/azure-rest-api-specs/specification/hybridnetwork/resource-manager/Microsoft.HybridNetwork/preview/2020-01-01-preview/vendorNetworkFunction.json#/web-api/end-points/%2Fsubscriptions%2F%7BsubscriptionId%7D%2Fproviders%2FMicrosoft.HybridNetwork%2Flocations%2F%7BlocationName%7D%2Fvendors%2F%7BvendorName%7D%2FnetworkFunctions%2F%7BserviceKey%7D/get/request/parameter/vendorName"
}, {
  "http://a.ml/vocabularies/apiContract#binding": "path",
  "http://a.ml/vocabularies/apiContract#paramName": "serviceKey",
  "http://a.ml/vocabularies/apiContract#required": "true",
  "http://a.ml/vocabularies/core#description": "The GUID for the vendor network function.",
  "http://a.ml/vocabularies/core#name": "serviceKey",
  "http://a.ml/vocabularies/shapes#schema": {
    "http://a.ml/vocabularies/core#description": "The GUID for the vendor network function.",
    "http://www.w3.org/ns/shacl#datatype": "http://www.w3.org/2001/XMLSchema#string",
    "http://www.w3.org/ns/shacl#name": "schema",
    "id": "file:///Users/abettati/sandbox/azure-rest-api-specs/specification/hybridnetwork/resource-manager/Microsoft.HybridNetwork/preview/2020-01-01-preview/vendorNetworkFunction.json#/web-api/end-points/%2Fsubscriptions%2F%7BsubscriptionId%7D%2Fproviders%2FMicrosoft.HybridNetwork%2Flocations%2F%7BlocationName%7D%2Fvendors%2F%7BvendorName%7D%2FnetworkFunctions%2F%7BserviceKey%7D/get/request/parameter/serviceKey/scalar/schema"
  },
  "id": "file:///Users/abettati/sandbox/azure-rest-api-specs/specification/hybridnetwork/resource-manager/Microsoft.HybridNetwork/preview/2020-01-01-preview/vendorNetworkFunction.json#/web-api/end-points/%2Fsubscriptions%2F%7BsubscriptionId%7D%2Fproviders%2FMicrosoft.HybridNetwork%2Flocations%2F%7BlocationName%7D%2Fvendors%2F%7BvendorName%7D%2FnetworkFunctions%2F%7BserviceKey%7D/get/request/parameter/serviceKey"
}, {
  "http://a.ml/vocabularies/apiContract#binding": "path",
  "http://a.ml/vocabularies/apiContract#paramName": "subscriptionId",
  "http://a.ml/vocabularies/apiContract#required": "true",
  "http://a.ml/vocabularies/core#description": "The ID of the target subscription.",
  "http://a.ml/vocabularies/core#name": "subscriptionId",
  "http://a.ml/vocabularies/shapes#schema": {
    "http://a.ml/vocabularies/core#description": "The ID of the target subscription.",
    "http://www.w3.org/ns/shacl#datatype": "http://www.w3.org/2001/XMLSchema#string",
    "http://www.w3.org/ns/shacl#minLength": "1",
    "http://www.w3.org/ns/shacl#name": "schema",
    "id": "file:///Users/abettati/sandbox/azure-rest-api-specs/specification/hybridnetwork/resource-manager/Microsoft.HybridNetwork/preview/2020-01-01-preview/vendorNetworkFunction.json#/web-api/end-points/%2Fsubscriptions%2F%7BsubscriptionId%7D%2Fproviders%2FMicrosoft.HybridNetwork%2Flocations%2F%7BlocationName%7D%2Fvendors%2F%7BvendorName%7D%2FnetworkFunctions%2F%7BserviceKey%7D/get/request/parameter/subscriptionId/scalar/schema"
  },
  "id": "file:///Users/abettati/sandbox/azure-rest-api-specs/specification/hybridnetwork/resource-manager/Microsoft.HybridNetwork/preview/2020-01-01-preview/vendorNetworkFunction.json#/web-api/end-points/%2Fsubscriptions%2F%7BsubscriptionId%7D%2Fproviders%2FMicrosoft.HybridNetwork%2Flocations%2F%7BlocationName%7D%2Fvendors%2F%7BvendorName%7D%2FnetworkFunctions%2F%7BserviceKey%7D/get/request/parameter/subscriptionId"
}, {
  "http://a.ml/vocabularies/apiContract#binding": "query",
  "http://a.ml/vocabularies/apiContract#paramName": "api-version",
  "http://a.ml/vocabularies/apiContract#required": "true",
  "http://a.ml/vocabularies/core#description": "The API version to use for this operation.",
  "http://a.ml/vocabularies/core#name": "api-version",
  "http://a.ml/vocabularies/shapes#schema": {
    "http://a.ml/vocabularies/core#description": "The API version to use for this operation.",
    "http://www.w3.org/ns/shacl#datatype": "http://www.w3.org/2001/XMLSchema#string",
    "http://www.w3.org/ns/shacl#minLength": "1",
    "http://www.w3.org/ns/shacl#name": "schema",
    "id": "file:///Users/abettati/sandbox/azure-rest-api-specs/specification/hybridnetwork/resource-manager/Microsoft.HybridNetwork/preview/2020-01-01-preview/vendorNetworkFunction.json#/web-api/end-points/%2Fsubscriptions%2F%7BsubscriptionId%7D%2Fproviders%2FMicrosoft.HybridNetwork%2Flocations%2F%7BlocationName%7D%2Fvendors%2F%7BvendorName%7D%2FnetworkFunctions%2F%7BserviceKey%7D/put/request/parameter/api-version/scalar/schema"
  },
  "id": "file:///Users/abettati/sandbox/azure-rest-api-specs/specification/hybridnetwork/resource-manager/Microsoft.HybridNetwork/preview/2020-01-01-preview/vendorNetworkFunction.json#/web-api/end-points/%2Fsubscriptions%2F%7BsubscriptionId%7D%2Fproviders%2FMicrosoft.HybridNetwork%2Flocations%2F%7BlocationName%7D%2Fvendors%2F%7BvendorName%7D%2FnetworkFunctions%2F%7BserviceKey%7D/put/request/parameter/api-version"
}, {
  "http://a.ml/vocabularies/apiContract#binding": "path",
  "http://a.ml/vocabularies/apiContract#paramName": "locationName",
  "http://a.ml/vocabularies/apiContract#required": "true",
  "http://a.ml/vocabularies/core#description": "The Azure region where the network function resource was created by the customer.",
  "http://a.ml/vocabularies/core#name": "locationName",
  "http://a.ml/vocabularies/shapes#schema": {
    "http://a.ml/vocabularies/core#description": "The Azure region where the network function resource was created by the customer.",
    "http://www.w3.org/ns/shacl#datatype": "http://www.w3.org/2001/XMLSchema#string",
    "http://www.w3.org/ns/shacl#name": "schema",
    "id": "file:///Users/abettati/sandbox/azure-rest-api-specs/specification/hybridnetwork/resource-manager/Microsoft.HybridNetwork/preview/2020-01-01-preview/vendorNetworkFunction.json#/web-api/end-points/%2Fsubscriptions%2F%7BsubscriptionId%7D%2Fproviders%2FMicrosoft.HybridNetwork%2Flocations%2F%7BlocationName%7D%2Fvendors%2F%7BvendorName%7D%2FnetworkFunctions%2F%7BserviceKey%7D/put/request/parameter/locationName/scalar/schema"
  },
  "id": "file:///Users/abettati/sandbox/azure-rest-api-specs/specification/hybridnetwork/resource-manager/Microsoft.HybridNetwork/preview/2020-01-01-preview/vendorNetworkFunction.json#/web-api/end-points/%2Fsubscriptions%2F%7BsubscriptionId%7D%2Fproviders%2FMicrosoft.HybridNetwork%2Flocations%2F%7BlocationName%7D%2Fvendors%2F%7BvendorName%7D%2FnetworkFunctions%2F%7BserviceKey%7D/put/request/parameter/locationName"
}, {
  "http://a.ml/vocabularies/apiContract#binding": "path",
  "http://a.ml/vocabularies/apiContract#paramName": "vendorName",
  "http://a.ml/vocabularies/apiContract#required": "true",
  "http://a.ml/vocabularies/core#description": "The name of the vendor.",
  "http://a.ml/vocabularies/core#name": "vendorName",
  "http://a.ml/vocabularies/shapes#schema": {
    "http://a.ml/vocabularies/core#description": "The name of the vendor.",
    "http://www.w3.org/ns/shacl#datatype": "http://www.w3.org/2001/XMLSchema#string",
    "http://www.w3.org/ns/shacl#name": "schema",
    "id": "file:///Users/abettati/sandbox/azure-rest-api-specs/specification/hybridnetwork/resource-manager/Microsoft.HybridNetwork/preview/2020-01-01-preview/vendorNetworkFunction.json#/web-api/end-points/%2Fsubscriptions%2F%7BsubscriptionId%7D%2Fproviders%2FMicrosoft.HybridNetwork%2Flocations%2F%7BlocationName%7D%2Fvendors%2F%7BvendorName%7D%2FnetworkFunctions%2F%7BserviceKey%7D/put/request/parameter/vendorName/scalar/schema"
  },
  "id": "file:///Users/abettati/sandbox/azure-rest-api-specs/specification/hybridnetwork/resource-manager/Microsoft.HybridNetwork/preview/2020-01-01-preview/vendorNetworkFunction.json#/web-api/end-points/%2Fsubscriptions%2F%7BsubscriptionId%7D%2Fproviders%2FMicrosoft.HybridNetwork%2Flocations%2F%7BlocationName%7D%2Fvendors%2F%7BvendorName%7D%2FnetworkFunctions%2F%7BserviceKey%7D/put/request/parameter/vendorName"
}, {
  "http://a.ml/vocabularies/apiContract#binding": "path",
  "http://a.ml/vocabularies/apiContract#paramName": "serviceKey",
  "http://a.ml/vocabularies/apiContract#required": "true",
  "http://a.ml/vocabularies/core#description": "The GUID for the vendor network function.",
  "http://a.ml/vocabularies/core#name": "serviceKey",
  "http://a.ml/vocabularies/shapes#schema": {
    "http://a.ml/vocabularies/core#description": "The GUID for the vendor network function.",
    "http://www.w3.org/ns/shacl#datatype": "http://www.w3.org/2001/XMLSchema#string",
    "http://www.w3.org/ns/shacl#name": "schema",
    "id": "file:///Users/abettati/sandbox/azure-rest-api-specs/specification/hybridnetwork/resource-manager/Microsoft.HybridNetwork/preview/2020-01-01-preview/vendorNetworkFunction.json#/web-api/end-points/%2Fsubscriptions%2F%7BsubscriptionId%7D%2Fproviders%2FMicrosoft.HybridNetwork%2Flocations%2F%7BlocationName%7D%2Fvendors%2F%7BvendorName%7D%2FnetworkFunctions%2F%7BserviceKey%7D/put/request/parameter/serviceKey/scalar/schema"
  },
  "id": "file:///Users/abettati/sandbox/azure-rest-api-specs/specification/hybridnetwork/resource-manager/Microsoft.HybridNetwork/preview/2020-01-01-preview/vendorNetworkFunction.json#/web-api/end-points/%2Fsubscriptions%2F%7BsubscriptionId%7D%2Fproviders%2FMicrosoft.HybridNetwork%2Flocations%2F%7BlocationName%7D%2Fvendors%2F%7BvendorName%7D%2FnetworkFunctions%2F%7BserviceKey%7D/put/request/parameter/serviceKey"
}, {
  "http://a.ml/vocabularies/apiContract#binding": "path",
  "http://a.ml/vocabularies/apiContract#paramName": "subscriptionId",
  "http://a.ml/vocabularies/apiContract#required": "true",
  "http://a.ml/vocabularies/core#description": "The ID of the target subscription.",
  "http://a.ml/vocabularies/core#name": "subscriptionId",
  "http://a.ml/vocabularies/shapes#schema": {
    "http://a.ml/vocabularies/core#description": "The ID of the target subscription.",
    "http://www.w3.org/ns/shacl#datatype": "http://www.w3.org/2001/XMLSchema#string",
    "http://www.w3.org/ns/shacl#minLength": "1",
    "http://www.w3.org/ns/shacl#name": "schema",
    "id": "file:///Users/abettati/sandbox/azure-rest-api-specs/specification/hybridnetwork/resource-manager/Microsoft.HybridNetwork/preview/2020-01-01-preview/vendorNetworkFunction.json#/web-api/end-points/%2Fsubscriptions%2F%7BsubscriptionId%7D%2Fproviders%2FMicrosoft.HybridNetwork%2Flocations%2F%7BlocationName%7D%2Fvendors%2F%7BvendorName%7D%2FnetworkFunctions%2F%7BserviceKey%7D/put/request/parameter/subscriptionId/scalar/schema"
  },
  "id": "file:///Users/abettati/sandbox/azure-rest-api-specs/specification/hybridnetwork/resource-manager/Microsoft.HybridNetwork/preview/2020-01-01-preview/vendorNetworkFunction.json#/web-api/end-points/%2Fsubscriptions%2F%7BsubscriptionId%7D%2Fproviders%2FMicrosoft.HybridNetwork%2Flocations%2F%7BlocationName%7D%2Fvendors%2F%7BvendorName%7D%2FnetworkFunctions%2F%7BserviceKey%7D/put/request/parameter/subscriptionId"
}, {
  "http://a.ml/vocabularies/apiContract#binding": "query",
  "http://a.ml/vocabularies/apiContract#paramName": "api-version",
  "http://a.ml/vocabularies/apiContract#required": "true",
  "http://a.ml/vocabularies/core#description": "The API version to use for this operation.",
  "http://a.ml/vocabularies/core#name": "api-version",
  "http://a.ml/vocabularies/shapes#schema": {
    "http://a.ml/vocabularies/core#description": "The API version to use for this operation.",
    "http://www.w3.org/ns/shacl#datatype": "http://www.w3.org/2001/XMLSchema#string",
    "http://www.w3.org/ns/shacl#minLength": "1",
    "http://www.w3.org/ns/shacl#name": "schema",
    "id": "file:///Users/abettati/sandbox/azure-rest-api-specs/specification/hybridnetwork/resource-manager/Microsoft.HybridNetwork/preview/2020-01-01-preview/vendorNetworkFunction.json#/web-api/end-points/%2Fsubscriptions%2F%7BsubscriptionId%7D%2Fproviders%2FMicrosoft.HybridNetwork%2Flocations%2F%7BlocationName%7D%2Fvendors%2F%7BvendorName%7D%2FnetworkFunctions%2F%7BserviceKey%7D%2FroleInstances%2F%7BroleInstanceName%7D%2Fstart/post/request/parameter/api-version/scalar/schema"
  },
  "id": "file:///Users/abettati/sandbox/azure-rest-api-specs/specification/hybridnetwork/resource-manager/Microsoft.HybridNetwork/preview/2020-01-01-preview/vendorNetworkFunction.json#/web-api/end-points/%2Fsubscriptions%2F%7BsubscriptionId%7D%2Fproviders%2FMicrosoft.HybridNetwork%2Flocations%2F%7BlocationName%7D%2Fvendors%2F%7BvendorName%7D%2FnetworkFunctions%2F%7BserviceKey%7D%2FroleInstances%2F%7BroleInstanceName%7D%2Fstart/post/request/parameter/api-version"
}, {
  "http://a.ml/vocabularies/apiContract#binding": "path",
  "http://a.ml/vocabularies/apiContract#paramName": "subscriptionId",
  "http://a.ml/vocabularies/apiContract#required": "true",
  "http://a.ml/vocabularies/core#description": "The ID of the target subscription.",
  "http://a.ml/vocabularies/core#name": "subscriptionId",
  "http://a.ml/vocabularies/shapes#schema": {
    "http://a.ml/vocabularies/core#description": "The ID of the target subscription.",
    "http://www.w3.org/ns/shacl#datatype": "http://www.w3.org/2001/XMLSchema#string",
    "http://www.w3.org/ns/shacl#minLength": "1",
    "http://www.w3.org/ns/shacl#name": "schema",
    "id": "file:///Users/abettati/sandbox/azure-rest-api-specs/specification/hybridnetwork/resource-manager/Microsoft.HybridNetwork/preview/2020-01-01-preview/vendorNetworkFunction.json#/web-api/end-points/%2Fsubscriptions%2F%7BsubscriptionId%7D%2Fproviders%2FMicrosoft.HybridNetwork%2Flocations%2F%7BlocationName%7D%2Fvendors%2F%7BvendorName%7D%2FnetworkFunctions%2F%7BserviceKey%7D%2FroleInstances%2F%7BroleInstanceName%7D%2Fstart/post/request/parameter/subscriptionId/scalar/schema"
  },
  "id": "file:///Users/abettati/sandbox/azure-rest-api-specs/specification/hybridnetwork/resource-manager/Microsoft.HybridNetwork/preview/2020-01-01-preview/vendorNetworkFunction.json#/web-api/end-points/%2Fsubscriptions%2F%7BsubscriptionId%7D%2Fproviders%2FMicrosoft.HybridNetwork%2Flocations%2F%7BlocationName%7D%2Fvendors%2F%7BvendorName%7D%2FnetworkFunctions%2F%7BserviceKey%7D%2FroleInstances%2F%7BroleInstanceName%7D%2Fstart/post/request/parameter/subscriptionId"
}, {
  "http://a.ml/vocabularies/apiContract#binding": "path",
  "http://a.ml/vocabularies/apiContract#paramName": "vendorName",
  "http://a.ml/vocabularies/apiContract#required": "true",
  "http://a.ml/vocabularies/core#description": "The name of the vendor.",
  "http://a.ml/vocabularies/core#name": "vendorName",
  "http://a.ml/vocabularies/shapes#schema": {
    "http://a.ml/vocabularies/core#description": "The name of the vendor.",
    "http://www.w3.org/ns/shacl#datatype": "http://www.w3.org/2001/XMLSchema#string",
    "http://www.w3.org/ns/shacl#name": "schema",
    "id": "file:///Users/abettati/sandbox/azure-rest-api-specs/specification/hybridnetwork/resource-manager/Microsoft.HybridNetwork/preview/2020-01-01-preview/vendorNetworkFunction.json#/web-api/end-points/%2Fsubscriptions%2F%7BsubscriptionId%7D%2Fproviders%2FMicrosoft.HybridNetwork%2Flocations%2F%7BlocationName%7D%2Fvendors%2F%7BvendorName%7D%2FnetworkFunctions%2F%7BserviceKey%7D%2FroleInstances%2F%7BroleInstanceName%7D%2Fstart/post/request/parameter/vendorName/scalar/schema"
  },
  "id": "file:///Users/abettati/sandbox/azure-rest-api-specs/specification/hybridnetwork/resource-manager/Microsoft.HybridNetwork/preview/2020-01-01-preview/vendorNetworkFunction.json#/web-api/end-points/%2Fsubscriptions%2F%7BsubscriptionId%7D%2Fproviders%2FMicrosoft.HybridNetwork%2Flocations%2F%7BlocationName%7D%2Fvendors%2F%7BvendorName%7D%2FnetworkFunctions%2F%7BserviceKey%7D%2FroleInstances%2F%7BroleInstanceName%7D%2Fstart/post/request/parameter/vendorName"
}, {
  "http://a.ml/vocabularies/apiContract#binding": "path",
  "http://a.ml/vocabularies/apiContract#paramName": "serviceKey",
  "http://a.ml/vocabularies/apiContract#required": "true",
  "http://a.ml/vocabularies/core#description": "The GUID for the vendor network function.",
  "http://a.ml/vocabularies/core#name": "serviceKey",
  "http://a.ml/vocabularies/shapes#schema": {
    "http://a.ml/vocabularies/core#description": "The GUID for the vendor network function.",
    "http://www.w3.org/ns/shacl#datatype": "http://www.w3.org/2001/XMLSchema#string",
    "http://www.w3.org/ns/shacl#name": "schema",
    "id": "file:///Users/abettati/sandbox/azure-rest-api-specs/specification/hybridnetwork/resource-manager/Microsoft.HybridNetwork/preview/2020-01-01-preview/vendorNetworkFunction.json#/web-api/end-points/%2Fsubscriptions%2F%7BsubscriptionId%7D%2Fproviders%2FMicrosoft.HybridNetwork%2Flocations%2F%7BlocationName%7D%2Fvendors%2F%7BvendorName%7D%2FnetworkFunctions%2F%7BserviceKey%7D%2FroleInstances%2F%7BroleInstanceName%7D%2Fstart/post/request/parameter/serviceKey/scalar/schema"
  },
  "id": "file:///Users/abettati/sandbox/azure-rest-api-specs/specification/hybridnetwork/resource-manager/Microsoft.HybridNetwork/preview/2020-01-01-preview/vendorNetworkFunction.json#/web-api/end-points/%2Fsubscriptions%2F%7BsubscriptionId%7D%2Fproviders%2FMicrosoft.HybridNetwork%2Flocations%2F%7BlocationName%7D%2Fvendors%2F%7BvendorName%7D%2FnetworkFunctions%2F%7BserviceKey%7D%2FroleInstances%2F%7BroleInstanceName%7D%2Fstart/post/request/parameter/serviceKey"
}, {
  "http://a.ml/vocabularies/apiContract#binding": "path",
  "http://a.ml/vocabularies/apiContract#paramName": "roleInstanceName",
  "http://a.ml/vocabularies/apiContract#required": "true",
  "http://a.ml/vocabularies/core#description": "The name of the role instance of the vendor network function.",
  "http://a.ml/vocabularies/core#name": "roleInstanceName",
  "http://a.ml/vocabularies/shapes#schema": {
    "http://a.ml/vocabularies/core#description": "The name of the role instance of the vendor network function.",
    "http://www.w3.org/ns/shacl#datatype": "http://www.w3.org/2001/XMLSchema#string",
    "http://www.w3.org/ns/shacl#name": "schema",
    "id": "file:///Users/abettati/sandbox/azure-rest-api-specs/specification/hybridnetwork/resource-manager/Microsoft.HybridNetwork/preview/2020-01-01-preview/vendorNetworkFunction.json#/web-api/end-points/%2Fsubscriptions%2F%7BsubscriptionId%7D%2Fproviders%2FMicrosoft.HybridNetwork%2Flocations%2F%7BlocationName%7D%2Fvendors%2F%7BvendorName%7D%2FnetworkFunctions%2F%7BserviceKey%7D%2FroleInstances%2F%7BroleInstanceName%7D%2Fstart/post/request/parameter/roleInstanceName/scalar/schema"
  },
  "id": "file:///Users/abettati/sandbox/azure-rest-api-specs/specification/hybridnetwork/resource-manager/Microsoft.HybridNetwork/preview/2020-01-01-preview/vendorNetworkFunction.json#/web-api/end-points/%2Fsubscriptions%2F%7BsubscriptionId%7D%2Fproviders%2FMicrosoft.HybridNetwork%2Flocations%2F%7BlocationName%7D%2Fvendors%2F%7BvendorName%7D%2FnetworkFunctions%2F%7BserviceKey%7D%2FroleInstances%2F%7BroleInstanceName%7D%2Fstart/post/request/parameter/roleInstanceName"
}, {
  "http://a.ml/vocabularies/apiContract#binding": "path",
  "http://a.ml/vocabularies/apiContract#paramName": "locationName",
  "http://a.ml/vocabularies/apiContract#required": "true",
  "http://a.ml/vocabularies/core#description": "The Azure region where the network function resource was created by customer.",
  "http://a.ml/vocabularies/core#name": "locationName",
  "http://a.ml/vocabularies/shapes#schema": {
    "http://a.ml/vocabularies/core#description": "The Azure region where the network function resource was created by customer.",
    "http://www.w3.org/ns/shacl#datatype": "http://www.w3.org/2001/XMLSchema#string",
    "http://www.w3.org/ns/shacl#name": "schema",
    "id": "file:///Users/abettati/sandbox/azure-rest-api-specs/specification/hybridnetwork/resource-manager/Microsoft.HybridNetwork/preview/2020-01-01-preview/vendorNetworkFunction.json#/web-api/end-points/%2Fsubscriptions%2F%7BsubscriptionId%7D%2Fproviders%2FMicrosoft.HybridNetwork%2Flocations%2F%7BlocationName%7D%2Fvendors%2F%7BvendorName%7D%2FnetworkFunctions%2F%7BserviceKey%7D%2FroleInstances%2F%7BroleInstanceName%7D%2Fstart/post/request/parameter/locationName/scalar/schema"
  },
  "id": "file:///Users/abettati/sandbox/azure-rest-api-specs/specification/hybridnetwork/resource-manager/Microsoft.HybridNetwork/preview/2020-01-01-preview/vendorNetworkFunction.json#/web-api/end-points/%2Fsubscriptions%2F%7BsubscriptionId%7D%2Fproviders%2FMicrosoft.HybridNetwork%2Flocations%2F%7BlocationName%7D%2Fvendors%2F%7BvendorName%7D%2FnetworkFunctions%2F%7BserviceKey%7D%2FroleInstances%2F%7BroleInstanceName%7D%2Fstart/post/request/parameter/locationName"
}, {
  "http://a.ml/vocabularies/apiContract#binding": "query",
  "http://a.ml/vocabularies/apiContract#paramName": "api-version",
  "http://a.ml/vocabularies/apiContract#required": "true",
  "http://a.ml/vocabularies/core#description": "The API version to use for this operation.",
  "http://a.ml/vocabularies/core#name": "api-version",
  "http://a.ml/vocabularies/shapes#schema": {
    "http://a.ml/vocabularies/core#description": "The API version to use for this operation.",
    "http://www.w3.org/ns/shacl#datatype": "http://www.w3.org/2001/XMLSchema#string",
    "http://www.w3.org/ns/shacl#minLength": "1",
    "http://www.w3.org/ns/shacl#name": "schema",
    "id": "file:///Users/abettati/sandbox/azure-rest-api-specs/specification/hybridnetwork/resource-manager/Microsoft.HybridNetwork/preview/2020-01-01-preview/vendorNetworkFunction.json#/web-api/end-points/%2Fsubscriptions%2F%7BsubscriptionId%7D%2Fproviders%2FMicrosoft.HybridNetwork%2Flocations%2F%7BlocationName%7D%2Fvendors%2F%7BvendorName%7D%2FnetworkFunctions%2F%7BserviceKey%7D%2FroleInstances%2F%7BroleInstanceName%7D%2Fstop/post/request/parameter/api-version/scalar/schema"
  },
  "id": "file:///Users/abettati/sandbox/azure-rest-api-specs/specification/hybridnetwork/resource-manager/Microsoft.HybridNetwork/preview/2020-01-01-preview/vendorNetworkFunction.json#/web-api/end-points/%2Fsubscriptions%2F%7BsubscriptionId%7D%2Fproviders%2FMicrosoft.HybridNetwork%2Flocations%2F%7BlocationName%7D%2Fvendors%2F%7BvendorName%7D%2FnetworkFunctions%2F%7BserviceKey%7D%2FroleInstances%2F%7BroleInstanceName%7D%2Fstop/post/request/parameter/api-version"
}, {
  "http://a.ml/vocabularies/apiContract#binding": "path",
  "http://a.ml/vocabularies/apiContract#paramName": "subscriptionId",
  "http://a.ml/vocabularies/apiContract#required": "true",
  "http://a.ml/vocabularies/core#description": "The ID of the target subscription.",
  "http://a.ml/vocabularies/core#name": "subscriptionId",
  "http://a.ml/vocabularies/shapes#schema": {
    "http://a.ml/vocabularies/core#description": "The ID of the target subscription.",
    "http://www.w3.org/ns/shacl#datatype": "http://www.w3.org/2001/XMLSchema#string",
    "http://www.w3.org/ns/shacl#minLength": "1",
    "http://www.w3.org/ns/shacl#name": "schema",
    "id": "file:///Users/abettati/sandbox/azure-rest-api-specs/specification/hybridnetwork/resource-manager/Microsoft.HybridNetwork/preview/2020-01-01-preview/vendorNetworkFunction.json#/web-api/end-points/%2Fsubscriptions%2F%7BsubscriptionId%7D%2Fproviders%2FMicrosoft.HybridNetwork%2Flocations%2F%7BlocationName%7D%2Fvendors%2F%7BvendorName%7D%2FnetworkFunctions%2F%7BserviceKey%7D%2FroleInstances%2F%7BroleInstanceName%7D%2Fstop/post/request/parameter/subscriptionId/scalar/schema"
  },
  "id": "file:///Users/abettati/sandbox/azure-rest-api-specs/specification/hybridnetwork/resource-manager/Microsoft.HybridNetwork/preview/2020-01-01-preview/vendorNetworkFunction.json#/web-api/end-points/%2Fsubscriptions%2F%7BsubscriptionId%7D%2Fproviders%2FMicrosoft.HybridNetwork%2Flocations%2F%7BlocationName%7D%2Fvendors%2F%7BvendorName%7D%2FnetworkFunctions%2F%7BserviceKey%7D%2FroleInstances%2F%7BroleInstanceName%7D%2Fstop/post/request/parameter/subscriptionId"
}, {
  "http://a.ml/vocabularies/apiContract#binding": "path",
  "http://a.ml/vocabularies/apiContract#paramName": "vendorName",
  "http://a.ml/vocabularies/apiContract#required": "true",
  "http://a.ml/vocabularies/core#description": "The name of the vendor.",
  "http://a.ml/vocabularies/core#name": "vendorName",
  "http://a.ml/vocabularies/shapes#schema": {
    "http://a.ml/vocabularies/core#description": "The name of the vendor.",
    "http://www.w3.org/ns/shacl#datatype": "http://www.w3.org/2001/XMLSchema#string",
    "http://www.w3.org/ns/shacl#name": "schema",
    "id": "file:///Users/abettati/sandbox/azure-rest-api-specs/specification/hybridnetwork/resource-manager/Microsoft.HybridNetwork/preview/2020-01-01-preview/vendorNetworkFunction.json#/web-api/end-points/%2Fsubscriptions%2F%7BsubscriptionId%7D%2Fproviders%2FMicrosoft.HybridNetwork%2Flocations%2F%7BlocationName%7D%2Fvendors%2F%7BvendorName%7D%2FnetworkFunctions%2F%7BserviceKey%7D%2FroleInstances%2F%7BroleInstanceName%7D%2Fstop/post/request/parameter/vendorName/scalar/schema"
  },
  "id": "file:///Users/abettati/sandbox/azure-rest-api-specs/specification/hybridnetwork/resource-manager/Microsoft.HybridNetwork/preview/2020-01-01-preview/vendorNetworkFunction.json#/web-api/end-points/%2Fsubscriptions%2F%7BsubscriptionId%7D%2Fproviders%2FMicrosoft.HybridNetwork%2Flocations%2F%7BlocationName%7D%2Fvendors%2F%7BvendorName%7D%2FnetworkFunctions%2F%7BserviceKey%7D%2FroleInstances%2F%7BroleInstanceName%7D%2Fstop/post/request/parameter/vendorName"
}, {
  "http://a.ml/vocabularies/apiContract#binding": "path",
  "http://a.ml/vocabularies/apiContract#paramName": "serviceKey",
  "http://a.ml/vocabularies/apiContract#required": "true",
  "http://a.ml/vocabularies/core#description": "The GUID for the vendor network function.",
  "http://a.ml/vocabularies/core#name": "serviceKey",
  "http://a.ml/vocabularies/shapes#schema": {
    "http://a.ml/vocabularies/core#description": "The GUID for the vendor network function.",
    "http://www.w3.org/ns/shacl#datatype": "http://www.w3.org/2001/XMLSchema#string",
    "http://www.w3.org/ns/shacl#name": "schema",
    "id": "file:///Users/abettati/sandbox/azure-rest-api-specs/specification/hybridnetwork/resource-manager/Microsoft.HybridNetwork/preview/2020-01-01-preview/vendorNetworkFunction.json#/web-api/end-points/%2Fsubscriptions%2F%7BsubscriptionId%7D%2Fproviders%2FMicrosoft.HybridNetwork%2Flocations%2F%7BlocationName%7D%2Fvendors%2F%7BvendorName%7D%2FnetworkFunctions%2F%7BserviceKey%7D%2FroleInstances%2F%7BroleInstanceName%7D%2Fstop/post/request/parameter/serviceKey/scalar/schema"
  },
  "id": "file:///Users/abettati/sandbox/azure-rest-api-specs/specification/hybridnetwork/resource-manager/Microsoft.HybridNetwork/preview/2020-01-01-preview/vendorNetworkFunction.json#/web-api/end-points/%2Fsubscriptions%2F%7BsubscriptionId%7D%2Fproviders%2FMicrosoft.HybridNetwork%2Flocations%2F%7BlocationName%7D%2Fvendors%2F%7BvendorName%7D%2FnetworkFunctions%2F%7BserviceKey%7D%2FroleInstances%2F%7BroleInstanceName%7D%2Fstop/post/request/parameter/serviceKey"
}, {
  "http://a.ml/vocabularies/apiContract#binding": "path",
  "http://a.ml/vocabularies/apiContract#paramName": "roleInstanceName",
  "http://a.ml/vocabularies/apiContract#required": "true",
  "http://a.ml/vocabularies/core#description": "The name of the role instance of the vendor network function.",
  "http://a.ml/vocabularies/core#name": "roleInstanceName",
  "http://a.ml/vocabularies/shapes#schema": {
    "http://a.ml/vocabularies/core#description": "The name of the role instance of the vendor network function.",
    "http://www.w3.org/ns/shacl#datatype": "http://www.w3.org/2001/XMLSchema#string",
    "http://www.w3.org/ns/shacl#name": "schema",
    "id": "file:///Users/abettati/sandbox/azure-rest-api-specs/specification/hybridnetwork/resource-manager/Microsoft.HybridNetwork/preview/2020-01-01-preview/vendorNetworkFunction.json#/web-api/end-points/%2Fsubscriptions%2F%7BsubscriptionId%7D%2Fproviders%2FMicrosoft.HybridNetwork%2Flocations%2F%7BlocationName%7D%2Fvendors%2F%7BvendorName%7D%2FnetworkFunctions%2F%7BserviceKey%7D%2FroleInstances%2F%7BroleInstanceName%7D%2Fstop/post/request/parameter/roleInstanceName/scalar/schema"
  },
  "id": "file:///Users/abettati/sandbox/azure-rest-api-specs/specification/hybridnetwork/resource-manager/Microsoft.HybridNetwork/preview/2020-01-01-preview/vendorNetworkFunction.json#/web-api/end-points/%2Fsubscriptions%2F%7BsubscriptionId%7D%2Fproviders%2FMicrosoft.HybridNetwork%2Flocations%2F%7BlocationName%7D%2Fvendors%2F%7BvendorName%7D%2FnetworkFunctions%2F%7BserviceKey%7D%2FroleInstances%2F%7BroleInstanceName%7D%2Fstop/post/request/parameter/roleInstanceName"
}, {
  "http://a.ml/vocabularies/apiContract#binding": "path",
  "http://a.ml/vocabularies/apiContract#paramName": "locationName",
  "http://a.ml/vocabularies/apiContract#required": "true",
  "http://a.ml/vocabularies/core#description": "The Azure region where the network function resource was created by customer.",
  "http://a.ml/vocabularies/core#name": "locationName",
  "http://a.ml/vocabularies/shapes#schema": {
    "http://a.ml/vocabularies/core#description": "The Azure region where the network function resource was created by customer.",
    "http://www.w3.org/ns/shacl#datatype": "http://www.w3.org/2001/XMLSchema#string",
    "http://www.w3.org/ns/shacl#name": "schema",
    "id": "file:///Users/abettati/sandbox/azure-rest-api-specs/specification/hybridnetwork/resource-manager/Microsoft.HybridNetwork/preview/2020-01-01-preview/vendorNetworkFunction.json#/web-api/end-points/%2Fsubscriptions%2F%7BsubscriptionId%7D%2Fproviders%2FMicrosoft.HybridNetwork%2Flocations%2F%7BlocationName%7D%2Fvendors%2F%7BvendorName%7D%2FnetworkFunctions%2F%7BserviceKey%7D%2FroleInstances%2F%7BroleInstanceName%7D%2Fstop/post/request/parameter/locationName/scalar/schema"
  },
  "id": "file:///Users/abettati/sandbox/azure-rest-api-specs/specification/hybridnetwork/resource-manager/Microsoft.HybridNetwork/preview/2020-01-01-preview/vendorNetworkFunction.json#/web-api/end-points/%2Fsubscriptions%2F%7BsubscriptionId%7D%2Fproviders%2FMicrosoft.HybridNetwork%2Flocations%2F%7BlocationName%7D%2Fvendors%2F%7BvendorName%7D%2FnetworkFunctions%2F%7BserviceKey%7D%2FroleInstances%2F%7BroleInstanceName%7D%2Fstop/post/request/parameter/locationName"
}, {
  "http://a.ml/vocabularies/apiContract#binding": "query",
  "http://a.ml/vocabularies/apiContract#paramName": "api-version",
  "http://a.ml/vocabularies/apiContract#required": "true",
  "http://a.ml/vocabularies/core#description": "The API version to use for this operation.",
  "http://a.ml/vocabularies/core#name": "api-version",
  "http://a.ml/vocabularies/shapes#schema": {
    "http://a.ml/vocabularies/core#description": "The API version to use for this operation.",
    "http://www.w3.org/ns/shacl#datatype": "http://www.w3.org/2001/XMLSchema#string",
    "http://www.w3.org/ns/shacl#minLength": "1",
    "http://www.w3.org/ns/shacl#name": "schema",
    "id": "file:///Users/abettati/sandbox/azure-rest-api-specs/specification/hybridnetwork/resource-manager/Microsoft.HybridNetwork/preview/2020-01-01-preview/vendorNetworkFunction.json#/web-api/end-points/%2Fsubscriptions%2F%7BsubscriptionId%7D%2Fproviders%2FMicrosoft.HybridNetwork%2Flocations%2F%7BlocationName%7D%2Fvendors%2F%7BvendorName%7D%2FnetworkFunctions%2F%7BserviceKey%7D%2FroleInstances%2F%7BroleInstanceName%7D%2Frestart/post/request/parameter/api-version/scalar/schema"
  },
  "id": "file:///Users/abettati/sandbox/azure-rest-api-specs/specification/hybridnetwork/resource-manager/Microsoft.HybridNetwork/preview/2020-01-01-preview/vendorNetworkFunction.json#/web-api/end-points/%2Fsubscriptions%2F%7BsubscriptionId%7D%2Fproviders%2FMicrosoft.HybridNetwork%2Flocations%2F%7BlocationName%7D%2Fvendors%2F%7BvendorName%7D%2FnetworkFunctions%2F%7BserviceKey%7D%2FroleInstances%2F%7BroleInstanceName%7D%2Frestart/post/request/parameter/api-version"
}, {
  "http://a.ml/vocabularies/apiContract#binding": "path",
  "http://a.ml/vocabularies/apiContract#paramName": "subscriptionId",
  "http://a.ml/vocabularies/apiContract#required": "true",
  "http://a.ml/vocabularies/core#description": "The ID of the target subscription.",
  "http://a.ml/vocabularies/core#name": "subscriptionId",
  "http://a.ml/vocabularies/shapes#schema": {
    "http://a.ml/vocabularies/core#description": "The ID of the target subscription.",
    "http://www.w3.org/ns/shacl#datatype": "http://www.w3.org/2001/XMLSchema#string",
    "http://www.w3.org/ns/shacl#minLength": "1",
    "http://www.w3.org/ns/shacl#name": "schema",
    "id": "file:///Users/abettati/sandbox/azure-rest-api-specs/specification/hybridnetwork/resource-manager/Microsoft.HybridNetwork/preview/2020-01-01-preview/vendorNetworkFunction.json#/web-api/end-points/%2Fsubscriptions%2F%7BsubscriptionId%7D%2Fproviders%2FMicrosoft.HybridNetwork%2Flocations%2F%7BlocationName%7D%2Fvendors%2F%7BvendorName%7D%2FnetworkFunctions%2F%7BserviceKey%7D%2FroleInstances%2F%7BroleInstanceName%7D%2Frestart/post/request/parameter/subscriptionId/scalar/schema"
  },
  "id": "file:///Users/abettati/sandbox/azure-rest-api-specs/specification/hybridnetwork/resource-manager/Microsoft.HybridNetwork/preview/2020-01-01-preview/vendorNetworkFunction.json#/web-api/end-points/%2Fsubscriptions%2F%7BsubscriptionId%7D%2Fproviders%2FMicrosoft.HybridNetwork%2Flocations%2F%7BlocationName%7D%2Fvendors%2F%7BvendorName%7D%2FnetworkFunctions%2F%7BserviceKey%7D%2FroleInstances%2F%7BroleInstanceName%7D%2Frestart/post/request/parameter/subscriptionId"
}, {
  "http://a.ml/vocabularies/apiContract#binding": "path",
  "http://a.ml/vocabularies/apiContract#paramName": "vendorName",
  "http://a.ml/vocabularies/apiContract#required": "true",
  "http://a.ml/vocabularies/core#description": "The name of the vendor.",
  "http://a.ml/vocabularies/core#name": "vendorName",
  "http://a.ml/vocabularies/shapes#schema": {
    "http://a.ml/vocabularies/core#description": "The name of the vendor.",
    "http://www.w3.org/ns/shacl#datatype": "http://www.w3.org/2001/XMLSchema#string",
    "http://www.w3.org/ns/shacl#name": "schema",
    "id": "file:///Users/abettati/sandbox/azure-rest-api-specs/specification/hybridnetwork/resource-manager/Microsoft.HybridNetwork/preview/2020-01-01-preview/vendorNetworkFunction.json#/web-api/end-points/%2Fsubscriptions%2F%7BsubscriptionId%7D%2Fproviders%2FMicrosoft.HybridNetwork%2Flocations%2F%7BlocationName%7D%2Fvendors%2F%7BvendorName%7D%2FnetworkFunctions%2F%7BserviceKey%7D%2FroleInstances%2F%7BroleInstanceName%7D%2Frestart/post/request/parameter/vendorName/scalar/schema"
  },
  "id": "file:///Users/abettati/sandbox/azure-rest-api-specs/specification/hybridnetwork/resource-manager/Microsoft.HybridNetwork/preview/2020-01-01-preview/vendorNetworkFunction.json#/web-api/end-points/%2Fsubscriptions%2F%7BsubscriptionId%7D%2Fproviders%2FMicrosoft.HybridNetwork%2Flocations%2F%7BlocationName%7D%2Fvendors%2F%7BvendorName%7D%2FnetworkFunctions%2F%7BserviceKey%7D%2FroleInstances%2F%7BroleInstanceName%7D%2Frestart/post/request/parameter/vendorName"
}, {
  "http://a.ml/vocabularies/apiContract#binding": "path",
  "http://a.ml/vocabularies/apiContract#paramName": "serviceKey",
  "http://a.ml/vocabularies/apiContract#required": "true",
  "http://a.ml/vocabularies/core#description": "The GUID for the vendor network function.",
  "http://a.ml/vocabularies/core#name": "serviceKey",
  "http://a.ml/vocabularies/shapes#schema": {
    "http://a.ml/vocabularies/core#description": "The GUID for the vendor network function.",
    "http://www.w3.org/ns/shacl#datatype": "http://www.w3.org/2001/XMLSchema#string",
    "http://www.w3.org/ns/shacl#name": "schema",
    "id": "file:///Users/abettati/sandbox/azure-rest-api-specs/specification/hybridnetwork/resource-manager/Microsoft.HybridNetwork/preview/2020-01-01-preview/vendorNetworkFunction.json#/web-api/end-points/%2Fsubscriptions%2F%7BsubscriptionId%7D%2Fproviders%2FMicrosoft.HybridNetwork%2Flocations%2F%7BlocationName%7D%2Fvendors%2F%7BvendorName%7D%2FnetworkFunctions%2F%7BserviceKey%7D%2FroleInstances%2F%7BroleInstanceName%7D%2Frestart/post/request/parameter/serviceKey/scalar/schema"
  },
  "id": "file:///Users/abettati/sandbox/azure-rest-api-specs/specification/hybridnetwork/resource-manager/Microsoft.HybridNetwork/preview/2020-01-01-preview/vendorNetworkFunction.json#/web-api/end-points/%2Fsubscriptions%2F%7BsubscriptionId%7D%2Fproviders%2FMicrosoft.HybridNetwork%2Flocations%2F%7BlocationName%7D%2Fvendors%2F%7BvendorName%7D%2FnetworkFunctions%2F%7BserviceKey%7D%2FroleInstances%2F%7BroleInstanceName%7D%2Frestart/post/request/parameter/serviceKey"
}, {
  "http://a.ml/vocabularies/apiContract#binding": "path",
  "http://a.ml/vocabularies/apiContract#paramName": "roleInstanceName",
  "http://a.ml/vocabularies/apiContract#required": "true",
  "http://a.ml/vocabularies/core#description": "The name of the role instance of the vendor network function.",
  "http://a.ml/vocabularies/core#name": "roleInstanceName",
  "http://a.ml/vocabularies/shapes#schema": {
    "http://a.ml/vocabularies/core#description": "The name of the role instance of the vendor network function.",
    "http://www.w3.org/ns/shacl#datatype": "http://www.w3.org/2001/XMLSchema#string",
    "http://www.w3.org/ns/shacl#name": "schema",
    "id": "file:///Users/abettati/sandbox/azure-rest-api-specs/specification/hybridnetwork/resource-manager/Microsoft.HybridNetwork/preview/2020-01-01-preview/vendorNetworkFunction.json#/web-api/end-points/%2Fsubscriptions%2F%7BsubscriptionId%7D%2Fproviders%2FMicrosoft.HybridNetwork%2Flocations%2F%7BlocationName%7D%2Fvendors%2F%7BvendorName%7D%2FnetworkFunctions%2F%7BserviceKey%7D%2FroleInstances%2F%7BroleInstanceName%7D%2Frestart/post/request/parameter/roleInstanceName/scalar/schema"
  },
  "id": "file:///Users/abettati/sandbox/azure-rest-api-specs/specification/hybridnetwork/resource-manager/Microsoft.HybridNetwork/preview/2020-01-01-preview/vendorNetworkFunction.json#/web-api/end-points/%2Fsubscriptions%2F%7BsubscriptionId%7D%2Fproviders%2FMicrosoft.HybridNetwork%2Flocations%2F%7BlocationName%7D%2Fvendors%2F%7BvendorName%7D%2FnetworkFunctions%2F%7BserviceKey%7D%2FroleInstances%2F%7BroleInstanceName%7D%2Frestart/post/request/parameter/roleInstanceName"
}, {
  "http://a.ml/vocabularies/apiContract#binding": "path",
  "http://a.ml/vocabularies/apiContract#paramName": "locationName",
  "http://a.ml/vocabularies/apiContract#required": "true",
  "http://a.ml/vocabularies/core#description": "The Azure region where the network function resource was created by customer.",
  "http://a.ml/vocabularies/core#name": "locationName",
  "http://a.ml/vocabularies/shapes#schema": {
    "http://a.ml/vocabularies/core#description": "The Azure region where the network function resource was created by customer.",
    "http://www.w3.org/ns/shacl#datatype": "http://www.w3.org/2001/XMLSchema#string",
    "http://www.w3.org/ns/shacl#name": "schema",
    "id": "file:///Users/abettati/sandbox/azure-rest-api-specs/specification/hybridnetwork/resource-manager/Microsoft.HybridNetwork/preview/2020-01-01-preview/vendorNetworkFunction.json#/web-api/end-points/%2Fsubscriptions%2F%7BsubscriptionId%7D%2Fproviders%2FMicrosoft.HybridNetwork%2Flocations%2F%7BlocationName%7D%2Fvendors%2F%7BvendorName%7D%2FnetworkFunctions%2F%7BserviceKey%7D%2FroleInstances%2F%7BroleInstanceName%7D%2Frestart/post/request/parameter/locationName/scalar/schema"
  },
  "id": "file:///Users/abettati/sandbox/azure-rest-api-specs/specification/hybridnetwork/resource-manager/Microsoft.HybridNetwork/preview/2020-01-01-preview/vendorNetworkFunction.json#/web-api/end-points/%2Fsubscriptions%2F%7BsubscriptionId%7D%2Fproviders%2FMicrosoft.HybridNetwork%2Flocations%2F%7BlocationName%7D%2Fvendors%2F%7BvendorName%7D%2FnetworkFunctions%2F%7BserviceKey%7D%2FroleInstances%2F%7BroleInstanceName%7D%2Frestart/post/request/parameter/locationName"
}, {
  "http://a.ml/vocabularies/apiContract#binding": "query",
  "http://a.ml/vocabularies/apiContract#paramName": "api-version",
  "http://a.ml/vocabularies/apiContract#required": "true",
  "http://a.ml/vocabularies/core#description": "The API version to use for this operation.",
  "http://a.ml/vocabularies/core#name": "api-version",
  "http://a.ml/vocabularies/shapes#schema": {
    "http://a.ml/vocabularies/core#description": "The API version to use for this operation.",
    "http://www.w3.org/ns/shacl#datatype": "http://www.w3.org/2001/XMLSchema#string",
    "http://www.w3.org/ns/shacl#minLength": "1",
    "http://www.w3.org/ns/shacl#name": "schema",
    "id": "file:///Users/abettati/sandbox/azure-rest-api-specs/specification/hybridnetwork/resource-manager/Microsoft.HybridNetwork/preview/2020-01-01-preview/vendorNetworkFunction.json#/web-api/end-points/%2Fsubscriptions%2F%7BsubscriptionId%7D%2Fproviders%2FMicrosoft.HybridNetwork%2Flocations%2F%7BlocationName%7D%2Fvendors%2F%7BvendorName%7D%2FnetworkFunctions%2F%7BserviceKey%7D%2FroleInstances%2F%7BroleInstanceName%7D/get/request/parameter/api-version/scalar/schema"
  },
  "id": "file:///Users/abettati/sandbox/azure-rest-api-specs/specification/hybridnetwork/resource-manager/Microsoft.HybridNetwork/preview/2020-01-01-preview/vendorNetworkFunction.json#/web-api/end-points/%2Fsubscriptions%2F%7BsubscriptionId%7D%2Fproviders%2FMicrosoft.HybridNetwork%2Flocations%2F%7BlocationName%7D%2Fvendors%2F%7BvendorName%7D%2FnetworkFunctions%2F%7BserviceKey%7D%2FroleInstances%2F%7BroleInstanceName%7D/get/request/parameter/api-version"
}, {
  "http://a.ml/vocabularies/apiContract#binding": "path",
  "http://a.ml/vocabularies/apiContract#paramName": "subscriptionId",
  "http://a.ml/vocabularies/apiContract#required": "true",
  "http://a.ml/vocabularies/core#description": "The ID of the target subscription.",
  "http://a.ml/vocabularies/core#name": "subscriptionId",
  "http://a.ml/vocabularies/shapes#schema": {
    "http://a.ml/vocabularies/core#description": "The ID of the target subscription.",
    "http://www.w3.org/ns/shacl#datatype": "http://www.w3.org/2001/XMLSchema#string",
    "http://www.w3.org/ns/shacl#minLength": "1",
    "http://www.w3.org/ns/shacl#name": "schema",
    "id": "file:///Users/abettati/sandbox/azure-rest-api-specs/specification/hybridnetwork/resource-manager/Microsoft.HybridNetwork/preview/2020-01-01-preview/vendorNetworkFunction.json#/web-api/end-points/%2Fsubscriptions%2F%7BsubscriptionId%7D%2Fproviders%2FMicrosoft.HybridNetwork%2Flocations%2F%7BlocationName%7D%2Fvendors%2F%7BvendorName%7D%2FnetworkFunctions%2F%7BserviceKey%7D%2FroleInstances%2F%7BroleInstanceName%7D/get/request/parameter/subscriptionId/scalar/schema"
  },
  "id": "file:///Users/abettati/sandbox/azure-rest-api-specs/specification/hybridnetwork/resource-manager/Microsoft.HybridNetwork/preview/2020-01-01-preview/vendorNetworkFunction.json#/web-api/end-points/%2Fsubscriptions%2F%7BsubscriptionId%7D%2Fproviders%2FMicrosoft.HybridNetwork%2Flocations%2F%7BlocationName%7D%2Fvendors%2F%7BvendorName%7D%2FnetworkFunctions%2F%7BserviceKey%7D%2FroleInstances%2F%7BroleInstanceName%7D/get/request/parameter/subscriptionId"
}, {
  "http://a.ml/vocabularies/apiContract#binding": "path",
  "http://a.ml/vocabularies/apiContract#paramName": "vendorName",
  "http://a.ml/vocabularies/apiContract#required": "true",
  "http://a.ml/vocabularies/core#description": "The name of the vendor.",
  "http://a.ml/vocabularies/core#name": "vendorName",
  "http://a.ml/vocabularies/shapes#schema": {
    "http://a.ml/vocabularies/core#description": "The name of the vendor.",
    "http://www.w3.org/ns/shacl#datatype": "http://www.w3.org/2001/XMLSchema#string",
    "http://www.w3.org/ns/shacl#name": "schema",
    "id": "file:///Users/abettati/sandbox/azure-rest-api-specs/specification/hybridnetwork/resource-manager/Microsoft.HybridNetwork/preview/2020-01-01-preview/vendorNetworkFunction.json#/web-api/end-points/%2Fsubscriptions%2F%7BsubscriptionId%7D%2Fproviders%2FMicrosoft.HybridNetwork%2Flocations%2F%7BlocationName%7D%2Fvendors%2F%7BvendorName%7D%2FnetworkFunctions%2F%7BserviceKey%7D%2FroleInstances%2F%7BroleInstanceName%7D/get/request/parameter/vendorName/scalar/schema"
  },
  "id": "file:///Users/abettati/sandbox/azure-rest-api-specs/specification/hybridnetwork/resource-manager/Microsoft.HybridNetwork/preview/2020-01-01-preview/vendorNetworkFunction.json#/web-api/end-points/%2Fsubscriptions%2F%7BsubscriptionId%7D%2Fproviders%2FMicrosoft.HybridNetwork%2Flocations%2F%7BlocationName%7D%2Fvendors%2F%7BvendorName%7D%2FnetworkFunctions%2F%7BserviceKey%7D%2FroleInstances%2F%7BroleInstanceName%7D/get/request/parameter/vendorName"
}, {
  "http://a.ml/vocabularies/apiContract#binding": "path",
  "http://a.ml/vocabularies/apiContract#paramName": "serviceKey",
  "http://a.ml/vocabularies/apiContract#required": "true",
  "http://a.ml/vocabularies/core#description": "The GUID for the vendor network function.",
  "http://a.ml/vocabularies/core#name": "serviceKey",
  "http://a.ml/vocabularies/shapes#schema": {
    "http://a.ml/vocabularies/core#description": "The GUID for the vendor network function.",
    "http://www.w3.org/ns/shacl#datatype": "http://www.w3.org/2001/XMLSchema#string",
    "http://www.w3.org/ns/shacl#name": "schema",
    "id": "file:///Users/abettati/sandbox/azure-rest-api-specs/specification/hybridnetwork/resource-manager/Microsoft.HybridNetwork/preview/2020-01-01-preview/vendorNetworkFunction.json#/web-api/end-points/%2Fsubscriptions%2F%7BsubscriptionId%7D%2Fproviders%2FMicrosoft.HybridNetwork%2Flocations%2F%7BlocationName%7D%2Fvendors%2F%7BvendorName%7D%2FnetworkFunctions%2F%7BserviceKey%7D%2FroleInstances%2F%7BroleInstanceName%7D/get/request/parameter/serviceKey/scalar/schema"
  },
  "id": "file:///Users/abettati/sandbox/azure-rest-api-specs/specification/hybridnetwork/resource-manager/Microsoft.HybridNetwork/preview/2020-01-01-preview/vendorNetworkFunction.json#/web-api/end-points/%2Fsubscriptions%2F%7BsubscriptionId%7D%2Fproviders%2FMicrosoft.HybridNetwork%2Flocations%2F%7BlocationName%7D%2Fvendors%2F%7BvendorName%7D%2FnetworkFunctions%2F%7BserviceKey%7D%2FroleInstances%2F%7BroleInstanceName%7D/get/request/parameter/serviceKey"
}, {
  "http://a.ml/vocabularies/apiContract#binding": "path",
  "http://a.ml/vocabularies/apiContract#paramName": "roleInstanceName",
  "http://a.ml/vocabularies/apiContract#required": "true",
  "http://a.ml/vocabularies/core#description": "The name of the role instance of the vendor network function.",
  "http://a.ml/vocabularies/core#name": "roleInstanceName",
  "http://a.ml/vocabularies/shapes#schema": {
    "http://a.ml/vocabularies/core#description": "The name of the role instance of the vendor network function.",
    "http://www.w3.org/ns/shacl#datatype": "http://www.w3.org/2001/XMLSchema#string",
    "http://www.w3.org/ns/shacl#name": "schema",
    "id": "file:///Users/abettati/sandbox/azure-rest-api-specs/specification/hybridnetwork/resource-manager/Microsoft.HybridNetwork/preview/2020-01-01-preview/vendorNetworkFunction.json#/web-api/end-points/%2Fsubscriptions%2F%7BsubscriptionId%7D%2Fproviders%2FMicrosoft.HybridNetwork%2Flocations%2F%7BlocationName%7D%2Fvendors%2F%7BvendorName%7D%2FnetworkFunctions%2F%7BserviceKey%7D%2FroleInstances%2F%7BroleInstanceName%7D/get/request/parameter/roleInstanceName/scalar/schema"
  },
  "id": "file:///Users/abettati/sandbox/azure-rest-api-specs/specification/hybridnetwork/resource-manager/Microsoft.HybridNetwork/preview/2020-01-01-preview/vendorNetworkFunction.json#/web-api/end-points/%2Fsubscriptions%2F%7BsubscriptionId%7D%2Fproviders%2FMicrosoft.HybridNetwork%2Flocations%2F%7BlocationName%7D%2Fvendors%2F%7BvendorName%7D%2FnetworkFunctions%2F%7BserviceKey%7D%2FroleInstances%2F%7BroleInstanceName%7D/get/request/parameter/roleInstanceName"
}, {
  "http://a.ml/vocabularies/apiContract#binding": "path",
  "http://a.ml/vocabularies/apiContract#paramName": "locationName",
  "http://a.ml/vocabularies/apiContract#required": "true",
  "http://a.ml/vocabularies/core#description": "The Azure region where the network function resource was created by customer.",
  "http://a.ml/vocabularies/core#name": "locationName",
  "http://a.ml/vocabularies/shapes#schema": {
    "http://a.ml/vocabularies/core#description": "The Azure region where the network function resource was created by customer.",
    "http://www.w3.org/ns/shacl#datatype": "http://www.w3.org/2001/XMLSchema#string",
    "http://www.w3.org/ns/shacl#name": "schema",
    "id": "file:///Users/abettati/sandbox/azure-rest-api-specs/specification/hybridnetwork/resource-manager/Microsoft.HybridNetwork/preview/2020-01-01-preview/vendorNetworkFunction.json#/web-api/end-points/%2Fsubscriptions%2F%7BsubscriptionId%7D%2Fproviders%2FMicrosoft.HybridNetwork%2Flocations%2F%7BlocationName%7D%2Fvendors%2F%7BvendorName%7D%2FnetworkFunctions%2F%7BserviceKey%7D%2FroleInstances%2F%7BroleInstanceName%7D/get/request/parameter/locationName/scalar/schema"
  },
  "id": "file:///Users/abettati/sandbox/azure-rest-api-specs/specification/hybridnetwork/resource-manager/Microsoft.HybridNetwork/preview/2020-01-01-preview/vendorNetworkFunction.json#/web-api/end-points/%2Fsubscriptions%2F%7BsubscriptionId%7D%2Fproviders%2FMicrosoft.HybridNetwork%2Flocations%2F%7BlocationName%7D%2Fvendors%2F%7BvendorName%7D%2FnetworkFunctions%2F%7BserviceKey%7D%2FroleInstances%2F%7BroleInstanceName%7D/get/request/parameter/locationName"
}, {
  "http://a.ml/vocabularies/apiContract#binding": "query",
  "http://a.ml/vocabularies/apiContract#paramName": "$filter",
  "http://a.ml/vocabularies/apiContract#required": "false",
  "http://a.ml/vocabularies/core#description": "The filter to apply on the operation. The properties you can use for eq (equals) are: skuType, skuName and vendorProvisioningState.",
  "http://a.ml/vocabularies/core#name": "$filter",
  "http://a.ml/vocabularies/shapes#schema": {
    "http://a.ml/vocabularies/core#description": "The filter to apply on the operation. The properties you can use for eq (equals) are: skuType, skuName and vendorProvisioningState.",
    "http://www.w3.org/ns/shacl#datatype": "http://www.w3.org/2001/XMLSchema#string",
    "http://www.w3.org/ns/shacl#name": "schema",
    "id": "file:///Users/abettati/sandbox/azure-rest-api-specs/specification/hybridnetwork/resource-manager/Microsoft.HybridNetwork/preview/2020-01-01-preview/vendorNetworkFunction.json#/web-api/end-points/%2Fsubscriptions%2F%7BsubscriptionId%7D%2Fproviders%2FMicrosoft.HybridNetwork%2Flocations%2F%7BlocationName%7D%2Fvendors%2F%7BvendorName%7D%2FnetworkFunctions/get/request/parameter/%24filter/scalar/schema"
  },
  "id": "file:///Users/abettati/sandbox/azure-rest-api-specs/specification/hybridnetwork/resource-manager/Microsoft.HybridNetwork/preview/2020-01-01-preview/vendorNetworkFunction.json#/web-api/end-points/%2Fsubscriptions%2F%7BsubscriptionId%7D%2Fproviders%2FMicrosoft.HybridNetwork%2Flocations%2F%7BlocationName%7D%2Fvendors%2F%7BvendorName%7D%2FnetworkFunctions/get/request/parameter/%24filter"
}, {
  "http://a.ml/vocabularies/apiContract#binding": "query",
  "http://a.ml/vocabularies/apiContract#paramName": "api-version",
  "http://a.ml/vocabularies/apiContract#required": "true",
  "http://a.ml/vocabularies/core#description": "The API version to use for this operation.",
  "http://a.ml/vocabularies/core#name": "api-version",
  "http://a.ml/vocabularies/shapes#schema": {
    "http://a.ml/vocabularies/core#description": "The API version to use for this operation.",
    "http://www.w3.org/ns/shacl#datatype": "http://www.w3.org/2001/XMLSchema#string",
    "http://www.w3.org/ns/shacl#minLength": "1",
    "http://www.w3.org/ns/shacl#name": "schema",
    "id": "file:///Users/abettati/sandbox/azure-rest-api-specs/specification/hybridnetwork/resource-manager/Microsoft.HybridNetwork/preview/2020-01-01-preview/vendorNetworkFunction.json#/web-api/end-points/%2Fsubscriptions%2F%7BsubscriptionId%7D%2Fproviders%2FMicrosoft.HybridNetwork%2Flocations%2F%7BlocationName%7D%2Fvendors%2F%7BvendorName%7D%2FnetworkFunctions/get/request/parameter/api-version/scalar/schema"
  },
  "id": "file:///Users/abettati/sandbox/azure-rest-api-specs/specification/hybridnetwork/resource-manager/Microsoft.HybridNetwork/preview/2020-01-01-preview/vendorNetworkFunction.json#/web-api/end-points/%2Fsubscriptions%2F%7BsubscriptionId%7D%2Fproviders%2FMicrosoft.HybridNetwork%2Flocations%2F%7BlocationName%7D%2Fvendors%2F%7BvendorName%7D%2FnetworkFunctions/get/request/parameter/api-version"
}, {
  "http://a.ml/vocabularies/apiContract#binding": "path",
  "http://a.ml/vocabularies/apiContract#paramName": "locationName",
  "http://a.ml/vocabularies/apiContract#required": "true",
  "http://a.ml/vocabularies/core#description": "The Azure region where the network function resource was created by the customer.",
  "http://a.ml/vocabularies/core#name": "locationName",
  "http://a.ml/vocabularies/shapes#schema": {
    "http://a.ml/vocabularies/core#description": "The Azure region where the network function resource was created by the customer.",
    "http://www.w3.org/ns/shacl#datatype": "http://www.w3.org/2001/XMLSchema#string",
    "http://www.w3.org/ns/shacl#name": "schema",
    "id": "file:///Users/abettati/sandbox/azure-rest-api-specs/specification/hybridnetwork/resource-manager/Microsoft.HybridNetwork/preview/2020-01-01-preview/vendorNetworkFunction.json#/web-api/end-points/%2Fsubscriptions%2F%7BsubscriptionId%7D%2Fproviders%2FMicrosoft.HybridNetwork%2Flocations%2F%7BlocationName%7D%2Fvendors%2F%7BvendorName%7D%2FnetworkFunctions/get/request/parameter/locationName/scalar/schema"
  },
  "id": "file:///Users/abettati/sandbox/azure-rest-api-specs/specification/hybridnetwork/resource-manager/Microsoft.HybridNetwork/preview/2020-01-01-preview/vendorNetworkFunction.json#/web-api/end-points/%2Fsubscriptions%2F%7BsubscriptionId%7D%2Fproviders%2FMicrosoft.HybridNetwork%2Flocations%2F%7BlocationName%7D%2Fvendors%2F%7BvendorName%7D%2FnetworkFunctions/get/request/parameter/locationName"
}, {
  "http://a.ml/vocabularies/apiContract#binding": "path",
  "http://a.ml/vocabularies/apiContract#paramName": "vendorName",
  "http://a.ml/vocabularies/apiContract#required": "true",
  "http://a.ml/vocabularies/core#description": "The name of the vendor.",
  "http://a.ml/vocabularies/core#name": "vendorName",
  "http://a.ml/vocabularies/shapes#schema": {
    "http://a.ml/vocabularies/core#description": "The name of the vendor.",
    "http://www.w3.org/ns/shacl#datatype": "http://www.w3.org/2001/XMLSchema#string",
    "http://www.w3.org/ns/shacl#name": "schema",
    "id": "file:///Users/abettati/sandbox/azure-rest-api-specs/specification/hybridnetwork/resource-manager/Microsoft.HybridNetwork/preview/2020-01-01-preview/vendorNetworkFunction.json#/web-api/end-points/%2Fsubscriptions%2F%7BsubscriptionId%7D%2Fproviders%2FMicrosoft.HybridNetwork%2Flocations%2F%7BlocationName%7D%2Fvendors%2F%7BvendorName%7D%2FnetworkFunctions/get/request/parameter/vendorName/scalar/schema"
  },
  "id": "file:///Users/abettati/sandbox/azure-rest-api-specs/specification/hybridnetwork/resource-manager/Microsoft.HybridNetwork/preview/2020-01-01-preview/vendorNetworkFunction.json#/web-api/end-points/%2Fsubscriptions%2F%7BsubscriptionId%7D%2Fproviders%2FMicrosoft.HybridNetwork%2Flocations%2F%7BlocationName%7D%2Fvendors%2F%7BvendorName%7D%2FnetworkFunctions/get/request/parameter/vendorName"
}, {
  "http://a.ml/vocabularies/apiContract#binding": "path",
  "http://a.ml/vocabularies/apiContract#paramName": "subscriptionId",
  "http://a.ml/vocabularies/apiContract#required": "true",
  "http://a.ml/vocabularies/core#description": "The ID of the target subscription.",
  "http://a.ml/vocabularies/core#name": "subscriptionId",
  "http://a.ml/vocabularies/shapes#schema": {
    "http://a.ml/vocabularies/core#description": "The ID of the target subscription.",
    "http://www.w3.org/ns/shacl#datatype": "http://www.w3.org/2001/XMLSchema#string",
    "http://www.w3.org/ns/shacl#minLength": "1",
    "http://www.w3.org/ns/shacl#name": "schema",
    "id": "file:///Users/abettati/sandbox/azure-rest-api-specs/specification/hybridnetwork/resource-manager/Microsoft.HybridNetwork/preview/2020-01-01-preview/vendorNetworkFunction.json#/web-api/end-points/%2Fsubscriptions%2F%7BsubscriptionId%7D%2Fproviders%2FMicrosoft.HybridNetwork%2Flocations%2F%7BlocationName%7D%2Fvendors%2F%7BvendorName%7D%2FnetworkFunctions/get/request/parameter/subscriptionId/scalar/schema"
  },
  "id": "file:///Users/abettati/sandbox/azure-rest-api-specs/specification/hybridnetwork/resource-manager/Microsoft.HybridNetwork/preview/2020-01-01-preview/vendorNetworkFunction.json#/web-api/end-points/%2Fsubscriptions%2F%7BsubscriptionId%7D%2Fproviders%2FMicrosoft.HybridNetwork%2Flocations%2F%7BlocationName%7D%2Fvendors%2F%7BvendorName%7D%2FnetworkFunctions/get/request/parameter/subscriptionId"
}, {
  "http://a.ml/vocabularies/apiContract#binding": "query",
  "http://a.ml/vocabularies/apiContract#paramName": "api-version",
  "http://a.ml/vocabularies/apiContract#required": "true",
  "http://a.ml/vocabularies/core#description": "The API version to use for this operation.",
  "http://a.ml/vocabularies/core#name": "api-version",
  "http://a.ml/vocabularies/shapes#schema": {
    "http://a.ml/vocabularies/core#description": "The API version to use for this operation.",
    "http://www.w3.org/ns/shacl#datatype": "http://www.w3.org/2001/XMLSchema#string",
    "http://www.w3.org/ns/shacl#minLength": "1",
    "http://www.w3.org/ns/shacl#name": "schema",
    "id": "file:///Users/abettati/sandbox/azure-rest-api-specs/specification/hybridnetwork/resource-manager/Microsoft.HybridNetwork/preview/2020-01-01-preview/vendorNetworkFunction.json#/web-api/end-points/%2Fsubscriptions%2F%7BsubscriptionId%7D%2Fproviders%2FMicrosoft.HybridNetwork%2Flocations%2F%7BlocationName%7D%2Fvendors%2F%7BvendorName%7D%2FnetworkFunctions%2F%7BserviceKey%7D%2FroleInstances/get/request/parameter/api-version/scalar/schema"
  },
  "id": "file:///Users/abettati/sandbox/azure-rest-api-specs/specification/hybridnetwork/resource-manager/Microsoft.HybridNetwork/preview/2020-01-01-preview/vendorNetworkFunction.json#/web-api/end-points/%2Fsubscriptions%2F%7BsubscriptionId%7D%2Fproviders%2FMicrosoft.HybridNetwork%2Flocations%2F%7BlocationName%7D%2Fvendors%2F%7BvendorName%7D%2FnetworkFunctions%2F%7BserviceKey%7D%2FroleInstances/get/request/parameter/api-version"
}, {
  "http://a.ml/vocabularies/apiContract#binding": "path",
  "http://a.ml/vocabularies/apiContract#paramName": "locationName",
  "http://a.ml/vocabularies/apiContract#required": "true",
  "http://a.ml/vocabularies/core#description": "The Azure region where the network function resource was created by customer.",
  "http://a.ml/vocabularies/core#name": "locationName",
  "http://a.ml/vocabularies/shapes#schema": {
    "http://a.ml/vocabularies/core#description": "The Azure region where the network function resource was created by customer.",
    "http://www.w3.org/ns/shacl#datatype": "http://www.w3.org/2001/XMLSchema#string",
    "http://www.w3.org/ns/shacl#name": "schema",
    "id": "file:///Users/abettati/sandbox/azure-rest-api-specs/specification/hybridnetwork/resource-manager/Microsoft.HybridNetwork/preview/2020-01-01-preview/vendorNetworkFunction.json#/web-api/end-points/%2Fsubscriptions%2F%7BsubscriptionId%7D%2Fproviders%2FMicrosoft.HybridNetwork%2Flocations%2F%7BlocationName%7D%2Fvendors%2F%7BvendorName%7D%2FnetworkFunctions%2F%7BserviceKey%7D%2FroleInstances/get/request/parameter/locationName/scalar/schema"
  },
  "id": "file:///Users/abettati/sandbox/azure-rest-api-specs/specification/hybridnetwork/resource-manager/Microsoft.HybridNetwork/preview/2020-01-01-preview/vendorNetworkFunction.json#/web-api/end-points/%2Fsubscriptions%2F%7BsubscriptionId%7D%2Fproviders%2FMicrosoft.HybridNetwork%2Flocations%2F%7BlocationName%7D%2Fvendors%2F%7BvendorName%7D%2FnetworkFunctions%2F%7BserviceKey%7D%2FroleInstances/get/request/parameter/locationName"
}, {
  "http://a.ml/vocabularies/apiContract#binding": "path",
  "http://a.ml/vocabularies/apiContract#paramName": "vendorName",
  "http://a.ml/vocabularies/apiContract#required": "true",
  "http://a.ml/vocabularies/core#description": "The name of the vendor.",
  "http://a.ml/vocabularies/core#name": "vendorName",
  "http://a.ml/vocabularies/shapes#schema": {
    "http://a.ml/vocabularies/core#description": "The name of the vendor.",
    "http://www.w3.org/ns/shacl#datatype": "http://www.w3.org/2001/XMLSchema#string",
    "http://www.w3.org/ns/shacl#name": "schema",
    "id": "file:///Users/abettati/sandbox/azure-rest-api-specs/specification/hybridnetwork/resource-manager/Microsoft.HybridNetwork/preview/2020-01-01-preview/vendorNetworkFunction.json#/web-api/end-points/%2Fsubscriptions%2F%7BsubscriptionId%7D%2Fproviders%2FMicrosoft.HybridNetwork%2Flocations%2F%7BlocationName%7D%2Fvendors%2F%7BvendorName%7D%2FnetworkFunctions%2F%7BserviceKey%7D%2FroleInstances/get/request/parameter/vendorName/scalar/schema"
  },
  "id": "file:///Users/abettati/sandbox/azure-rest-api-specs/specification/hybridnetwork/resource-manager/Microsoft.HybridNetwork/preview/2020-01-01-preview/vendorNetworkFunction.json#/web-api/end-points/%2Fsubscriptions%2F%7BsubscriptionId%7D%2Fproviders%2FMicrosoft.HybridNetwork%2Flocations%2F%7BlocationName%7D%2Fvendors%2F%7BvendorName%7D%2FnetworkFunctions%2F%7BserviceKey%7D%2FroleInstances/get/request/parameter/vendorName"
}, {
  "http://a.ml/vocabularies/apiContract#binding": "path",
  "http://a.ml/vocabularies/apiContract#paramName": "serviceKey",
  "http://a.ml/vocabularies/apiContract#required": "true",
  "http://a.ml/vocabularies/core#description": "The GUID for the vendor network function.",
  "http://a.ml/vocabularies/core#name": "serviceKey",
  "http://a.ml/vocabularies/shapes#schema": {
    "http://a.ml/vocabularies/core#description": "The GUID for the vendor network function.",
    "http://www.w3.org/ns/shacl#datatype": "http://www.w3.org/2001/XMLSchema#string",
    "http://www.w3.org/ns/shacl#name": "schema",
    "id": "file:///Users/abettati/sandbox/azure-rest-api-specs/specification/hybridnetwork/resource-manager/Microsoft.HybridNetwork/preview/2020-01-01-preview/vendorNetworkFunction.json#/web-api/end-points/%2Fsubscriptions%2F%7BsubscriptionId%7D%2Fproviders%2FMicrosoft.HybridNetwork%2Flocations%2F%7BlocationName%7D%2Fvendors%2F%7BvendorName%7D%2FnetworkFunctions%2F%7BserviceKey%7D%2FroleInstances/get/request/parameter/serviceKey/scalar/schema"
  },
  "id": "file:///Users/abettati/sandbox/azure-rest-api-specs/specification/hybridnetwork/resource-manager/Microsoft.HybridNetwork/preview/2020-01-01-preview/vendorNetworkFunction.json#/web-api/end-points/%2Fsubscriptions%2F%7BsubscriptionId%7D%2Fproviders%2FMicrosoft.HybridNetwork%2Flocations%2F%7BlocationName%7D%2Fvendors%2F%7BvendorName%7D%2FnetworkFunctions%2F%7BserviceKey%7D%2FroleInstances/get/request/parameter/serviceKey"
}, {
  "http://a.ml/vocabularies/apiContract#binding": "path",
  "http://a.ml/vocabularies/apiContract#paramName": "subscriptionId",
  "http://a.ml/vocabularies/apiContract#required": "true",
  "http://a.ml/vocabularies/core#description": "The ID of the target subscription.",
  "http://a.ml/vocabularies/core#name": "subscriptionId",
  "http://a.ml/vocabularies/shapes#schema": {
    "http://a.ml/vocabularies/core#description": "The ID of the target subscription.",
    "http://www.w3.org/ns/shacl#datatype": "http://www.w3.org/2001/XMLSchema#string",
    "http://www.w3.org/ns/shacl#minLength": "1",
    "http://www.w3.org/ns/shacl#name": "schema",
    "id": "file:///Users/abettati/sandbox/azure-rest-api-specs/specification/hybridnetwork/resource-manager/Microsoft.HybridNetwork/preview/2020-01-01-preview/vendorNetworkFunction.json#/web-api/end-points/%2Fsubscriptions%2F%7BsubscriptionId%7D%2Fproviders%2FMicrosoft.HybridNetwork%2Flocations%2F%7BlocationName%7D%2Fvendors%2F%7BvendorName%7D%2FnetworkFunctions%2F%7BserviceKey%7D%2FroleInstances/get/request/parameter/subscriptionId/scalar/schema"
  },
  "id": "file:///Users/abettati/sandbox/azure-rest-api-specs/specification/hybridnetwork/resource-manager/Microsoft.HybridNetwork/preview/2020-01-01-preview/vendorNetworkFunction.json#/web-api/end-points/%2Fsubscriptions%2F%7BsubscriptionId%7D%2Fproviders%2FMicrosoft.HybridNetwork%2Flocations%2F%7BlocationName%7D%2Fvendors%2F%7BvendorName%7D%2FnetworkFunctions%2F%7BserviceKey%7D%2FroleInstances/get/request/parameter/subscriptionId"
}]