[{
  "http://a.ml/vocabularies/apiContract#binding": "query",
  "http://a.ml/vocabularies/apiContract#paramName": "api-version",
  "http://a.ml/vocabularies/apiContract#required": "true",
  "http://a.ml/vocabularies/core#description": "The version of the API.",
  "http://a.ml/vocabularies/core#name": "api-version",
  "http://a.ml/vocabularies/shapes#schema": {
    "http://a.ml/vocabularies/core#description": "The version of the API.",
    "http://www.w3.org/ns/shacl#datatype": "http://www.w3.org/2001/XMLSchema#string",
    "http://www.w3.org/ns/shacl#name": "schema",
    "id": "file:///Users/abettati/sandbox/azure-rest-api-specs/specification/iothub/resource-manager/Microsoft.Devices/preview/2019-03-22-preview/iothub.json#/declarations/parameters/parameter/api-version/scalar/schema"
  },
  "id": "file:///Users/abettati/sandbox/azure-rest-api-specs/specification/iothub/resource-manager/Microsoft.Devices/preview/2019-03-22-preview/iothub.json#/declarations/parameters/parameter/api-version"
}, {
  "http://a.ml/vocabularies/apiContract#binding": "path",
  "http://a.ml/vocabularies/apiContract#paramName": "certificateName",
  "http://a.ml/vocabularies/apiContract#required": "true",
  "http://a.ml/vocabularies/core#description": "The name of the certificate",
  "http://a.ml/vocabularies/core#name": "certificateName",
  "http://a.ml/vocabularies/document#customDomainProperties": [{
    "http://a.ml/vocabularies/core#extensionName": "ms-parameter-location",
    "http://a.ml/vocabularies/document#definedBy": {
      "http://a.ml/vocabularies/core#name": null,
      "id": "file:///Users/abettati/sandbox/azure-rest-api-specs/specification/iothub/resource-manager/Microsoft.Devices/preview/2019-03-22-preview/iothub.json#/declarations/parameters/parameter/certificateName/ms-parameter-location"
    },
    "http://a.ml/vocabularies/document#extension": {
      "http://a.ml/vocabularies/core#name": null,
      "http://a.ml/vocabularies/data#value": null,
      "http://www.w3.org/ns/shacl#datatype": null,
      "id": "file:///Users/abettati/sandbox/azure-rest-api-specs/specification/iothub/resource-manager/Microsoft.Devices/preview/2019-03-22-preview/iothub.json#/declarations/parameters/parameter/certificateName/ms-parameter-location/scalar_1"
    },
    "id": "file:///Users/abettati/sandbox/azure-rest-api-specs/specification/iothub/resource-manager/Microsoft.Devices/preview/2019-03-22-preview/iothub.json#/declarations/parameters/parameter/certificateName/extension/ms-parameter-location"
  }],
  "http://a.ml/vocabularies/shapes#schema": {
    "http://a.ml/vocabularies/core#description": "The name of the certificate",
    "http://a.ml/vocabularies/document#customDomainProperties": [{
      "http://a.ml/vocabularies/core#extensionName": null,
      "http://a.ml/vocabularies/document#definedBy": null,
      "http://a.ml/vocabularies/document#extension": null,
      "id": "file:///Users/abettati/sandbox/azure-rest-api-specs/specification/iothub/resource-manager/Microsoft.Devices/preview/2019-03-22-preview/iothub.json#/declarations/parameters/parameter/certificateName/scalar/schema/extension/ms-parameter-location"
    }],
    "http://www.w3.org/ns/shacl#datatype": "http://www.w3.org/2001/XMLSchema#string",
    "http://www.w3.org/ns/shacl#name": "schema",
    "http://www.w3.org/ns/shacl#pattern": "^[A-Za-z0-9-._]{1,64}$",
    "id": "file:///Users/abettati/sandbox/azure-rest-api-specs/specification/iothub/resource-manager/Microsoft.Devices/preview/2019-03-22-preview/iothub.json#/declarations/parameters/parameter/certificateName/scalar/schema"
  },
  "id": "file:///Users/abettati/sandbox/azure-rest-api-specs/specification/iothub/resource-manager/Microsoft.Devices/preview/2019-03-22-preview/iothub.json#/declarations/parameters/parameter/certificateName"
}, {
  "http://a.ml/vocabularies/apiContract#binding": "path",
  "http://a.ml/vocabularies/apiContract#paramName": "subscriptionId",
  "http://a.ml/vocabularies/apiContract#required": "true",
  "http://a.ml/vocabularies/core#description": "The subscription identifier.",
  "http://a.ml/vocabularies/core#name": "subscriptionId",
  "http://a.ml/vocabularies/shapes#schema": {
    "http://a.ml/vocabularies/core#description": "The subscription identifier.",
    "http://www.w3.org/ns/shacl#datatype": "http://www.w3.org/2001/XMLSchema#string",
    "http://www.w3.org/ns/shacl#name": "schema",
    "id": "file:///Users/abettati/sandbox/azure-rest-api-specs/specification/iothub/resource-manager/Microsoft.Devices/preview/2019-03-22-preview/iothub.json#/declarations/parameters/parameter/subscriptionId/scalar/schema"
  },
  "id": "file:///Users/abettati/sandbox/azure-rest-api-specs/specification/iothub/resource-manager/Microsoft.Devices/preview/2019-03-22-preview/iothub.json#/declarations/parameters/parameter/subscriptionId"
}, {
  "http://a.ml/vocabularies/apiContract#binding": "path",
  "http://a.ml/vocabularies/apiContract#paramName": "resourceName",
  "http://a.ml/vocabularies/apiContract#required": "true",
  "http://a.ml/vocabularies/core#description": "The name of the IoT hub.",
  "http://a.ml/vocabularies/core#name": "resourceName",
  "http://a.ml/vocabularies/document#customDomainProperties": [{
    "http://a.ml/vocabularies/core#extensionName": "ms-parameter-location",
    "http://a.ml/vocabularies/document#definedBy": {
      "http://a.ml/vocabularies/core#name": null,
      "id": "file:///Users/abettati/sandbox/azure-rest-api-specs/specification/iothub/resource-manager/Microsoft.Devices/preview/2019-03-22-preview/iothub.json#/declarations/parameters/parameter/resourceName/ms-parameter-location"
    },
    "http://a.ml/vocabularies/document#extension": {
      "http://a.ml/vocabularies/core#name": null,
      "http://a.ml/vocabularies/data#value": null,
      "http://www.w3.org/ns/shacl#datatype": null,
      "id": "file:///Users/abettati/sandbox/azure-rest-api-specs/specification/iothub/resource-manager/Microsoft.Devices/preview/2019-03-22-preview/iothub.json#/declarations/parameters/parameter/resourceName/ms-parameter-location/scalar_1"
    },
    "id": "file:///Users/abettati/sandbox/azure-rest-api-specs/specification/iothub/resource-manager/Microsoft.Devices/preview/2019-03-22-preview/iothub.json#/declarations/parameters/parameter/resourceName/extension/ms-parameter-location"
  }],
  "http://a.ml/vocabularies/shapes#schema": {
    "http://a.ml/vocabularies/core#description": "The name of the IoT hub.",
    "http://a.ml/vocabularies/document#customDomainProperties": [{
      "http://a.ml/vocabularies/core#extensionName": null,
      "http://a.ml/vocabularies/document#definedBy": null,
      "http://a.ml/vocabularies/document#extension": null,
      "id": "file:///Users/abettati/sandbox/azure-rest-api-specs/specification/iothub/resource-manager/Microsoft.Devices/preview/2019-03-22-preview/iothub.json#/declarations/parameters/parameter/resourceName/scalar/schema/extension/ms-parameter-location"
    }],
    "http://www.w3.org/ns/shacl#datatype": "http://www.w3.org/2001/XMLSchema#string",
    "http://www.w3.org/ns/shacl#name": "schema",
    "id": "file:///Users/abettati/sandbox/azure-rest-api-specs/specification/iothub/resource-manager/Microsoft.Devices/preview/2019-03-22-preview/iothub.json#/declarations/parameters/parameter/resourceName/scalar/schema"
  },
  "id": "file:///Users/abettati/sandbox/azure-rest-api-specs/specification/iothub/resource-manager/Microsoft.Devices/preview/2019-03-22-preview/iothub.json#/declarations/parameters/parameter/resourceName"
}, {
  "http://a.ml/vocabularies/apiContract#binding": "path",
  "http://a.ml/vocabularies/apiContract#paramName": "resourceGroupName",
  "http://a.ml/vocabularies/apiContract#required": "true",
  "http://a.ml/vocabularies/core#description": "The name of the resource group that contains the IoT hub.",
  "http://a.ml/vocabularies/core#name": "resourceGroupName",
  "http://a.ml/vocabularies/document#customDomainProperties": [{
    "http://a.ml/vocabularies/core#extensionName": "ms-parameter-location",
    "http://a.ml/vocabularies/document#definedBy": {
      "http://a.ml/vocabularies/core#name": null,
      "id": "file:///Users/abettati/sandbox/azure-rest-api-specs/specification/iothub/resource-manager/Microsoft.Devices/preview/2019-03-22-preview/iothub.json#/declarations/parameters/parameter/resourceGroupName/ms-parameter-location"
    },
    "http://a.ml/vocabularies/document#extension": {
      "http://a.ml/vocabularies/core#name": null,
      "http://a.ml/vocabularies/data#value": null,
      "http://www.w3.org/ns/shacl#datatype": null,
      "id": "file:///Users/abettati/sandbox/azure-rest-api-specs/specification/iothub/resource-manager/Microsoft.Devices/preview/2019-03-22-preview/iothub.json#/declarations/parameters/parameter/resourceGroupName/ms-parameter-location/scalar_1"
    },
    "id": "file:///Users/abettati/sandbox/azure-rest-api-specs/specification/iothub/resource-manager/Microsoft.Devices/preview/2019-03-22-preview/iothub.json#/declarations/parameters/parameter/resourceGroupName/extension/ms-parameter-location"
  }],
  "http://a.ml/vocabularies/shapes#schema": {
    "http://a.ml/vocabularies/core#description": "The name of the resource group that contains the IoT hub.",
    "http://a.ml/vocabularies/document#customDomainProperties": [{
      "http://a.ml/vocabularies/core#extensionName": null,
      "http://a.ml/vocabularies/document#definedBy": null,
      "http://a.ml/vocabularies/document#extension": null,
      "id": "file:///Users/abettati/sandbox/azure-rest-api-specs/specification/iothub/resource-manager/Microsoft.Devices/preview/2019-03-22-preview/iothub.json#/declarations/parameters/parameter/resourceGroupName/scalar/schema/extension/ms-parameter-location"
    }],
    "http://www.w3.org/ns/shacl#datatype": "http://www.w3.org/2001/XMLSchema#string",
    "http://www.w3.org/ns/shacl#name": "schema",
    "id": "file:///Users/abettati/sandbox/azure-rest-api-specs/specification/iothub/resource-manager/Microsoft.Devices/preview/2019-03-22-preview/iothub.json#/declarations/parameters/parameter/resourceGroupName/scalar/schema"
  },
  "id": "file:///Users/abettati/sandbox/azure-rest-api-specs/specification/iothub/resource-manager/Microsoft.Devices/preview/2019-03-22-preview/iothub.json#/declarations/parameters/parameter/resourceGroupName"
}, {
  "http://a.ml/vocabularies/apiContract#binding": "header",
  "http://a.ml/vocabularies/apiContract#paramName": "If-Match",
  "http://a.ml/vocabularies/apiContract#required": "false",
  "http://a.ml/vocabularies/core#description": "ETag of the IoT Hub. Do not specify for creating a brand new IoT Hub. Required to update an existing IoT Hub.",
  "http://a.ml/vocabularies/core#name": "If-Match",
  "http://a.ml/vocabularies/shapes#schema": {
    "http://a.ml/vocabularies/core#description": "ETag of the IoT Hub. Do not specify for creating a brand new IoT Hub. Required to update an existing IoT Hub.",
    "http://www.w3.org/ns/shacl#datatype": "http://www.w3.org/2001/XMLSchema#string",
    "http://www.w3.org/ns/shacl#name": "schema",
    "id": "file:///Users/abettati/sandbox/azure-rest-api-specs/specification/iothub/resource-manager/Microsoft.Devices/preview/2019-03-22-preview/iothub.json#/web-api/end-points/%2Fsubscriptions%2F%7BsubscriptionId%7D%2FresourceGroups%2F%7BresourceGroupName%7D%2Fproviders%2FMicrosoft.Devices%2FIotHubs%2F%7BresourceName%7D/put/request/parameter/If-Match/scalar/schema"
  },
  "id": "file:///Users/abettati/sandbox/azure-rest-api-specs/specification/iothub/resource-manager/Microsoft.Devices/preview/2019-03-22-preview/iothub.json#/web-api/end-points/%2Fsubscriptions%2F%7BsubscriptionId%7D%2FresourceGroups%2F%7BresourceGroupName%7D%2Fproviders%2FMicrosoft.Devices%2FIotHubs%2F%7BresourceName%7D/put/request/parameter/If-Match"
}, {
  "http://a.ml/vocabularies/apiContract#binding": "path",
  "http://a.ml/vocabularies/apiContract#paramName": "resourceGroupName",
  "http://a.ml/vocabularies/apiContract#required": "true",
  "http://a.ml/vocabularies/core#description": "Resource group identifier.",
  "http://a.ml/vocabularies/core#name": "resourceGroupName",
  "http://a.ml/vocabularies/shapes#schema": {
    "http://a.ml/vocabularies/core#description": "Resource group identifier.",
    "http://www.w3.org/ns/shacl#datatype": "http://www.w3.org/2001/XMLSchema#string",
    "http://www.w3.org/ns/shacl#name": "schema",
    "id": "file:///Users/abettati/sandbox/azure-rest-api-specs/specification/iothub/resource-manager/Microsoft.Devices/preview/2019-03-22-preview/iothub.json#/web-api/end-points/%2Fsubscriptions%2F%7BsubscriptionId%7D%2FresourceGroups%2F%7BresourceGroupName%7D%2Fproviders%2FMicrosoft.Devices%2FIotHubs%2F%7BresourceName%7D/patch/request/parameter/resourceGroupName/scalar/schema"
  },
  "id": "file:///Users/abettati/sandbox/azure-rest-api-specs/specification/iothub/resource-manager/Microsoft.Devices/preview/2019-03-22-preview/iothub.json#/web-api/end-points/%2Fsubscriptions%2F%7BsubscriptionId%7D%2FresourceGroups%2F%7BresourceGroupName%7D%2Fproviders%2FMicrosoft.Devices%2FIotHubs%2F%7BresourceName%7D/patch/request/parameter/resourceGroupName"
}, {
  "http://a.ml/vocabularies/apiContract#binding": "path",
  "http://a.ml/vocabularies/apiContract#paramName": "resourceName",
  "http://a.ml/vocabularies/apiContract#required": "true",
  "http://a.ml/vocabularies/core#description": "Name of iot hub to update.",
  "http://a.ml/vocabularies/core#name": "resourceName",
  "http://a.ml/vocabularies/shapes#schema": {
    "http://a.ml/vocabularies/core#description": "Name of iot hub to update.",
    "http://www.w3.org/ns/shacl#datatype": "http://www.w3.org/2001/XMLSchema#string",
    "http://www.w3.org/ns/shacl#name": "schema",
    "id": "file:///Users/abettati/sandbox/azure-rest-api-specs/specification/iothub/resource-manager/Microsoft.Devices/preview/2019-03-22-preview/iothub.json#/web-api/end-points/%2Fsubscriptions%2F%7BsubscriptionId%7D%2FresourceGroups%2F%7BresourceGroupName%7D%2Fproviders%2FMicrosoft.Devices%2FIotHubs%2F%7BresourceName%7D/patch/request/parameter/resourceName/scalar/schema"
  },
  "id": "file:///Users/abettati/sandbox/azure-rest-api-specs/specification/iothub/resource-manager/Microsoft.Devices/preview/2019-03-22-preview/iothub.json#/web-api/end-points/%2Fsubscriptions%2F%7BsubscriptionId%7D%2FresourceGroups%2F%7BresourceGroupName%7D%2Fproviders%2FMicrosoft.Devices%2FIotHubs%2F%7BresourceName%7D/patch/request/parameter/resourceName"
}, {
  "http://a.ml/vocabularies/apiContract#binding": "path",
  "http://a.ml/vocabularies/apiContract#paramName": "eventHubEndpointName",
  "http://a.ml/vocabularies/apiContract#required": "true",
  "http://a.ml/vocabularies/core#description": "The name of the Event Hub-compatible endpoint.",
  "http://a.ml/vocabularies/core#name": "eventHubEndpointName",
  "http://a.ml/vocabularies/shapes#schema": {
    "http://a.ml/vocabularies/core#description": "The name of the Event Hub-compatible endpoint.",
    "http://www.w3.org/ns/shacl#datatype": "http://www.w3.org/2001/XMLSchema#string",
    "http://www.w3.org/ns/shacl#name": "schema",
    "id": "file:///Users/abettati/sandbox/azure-rest-api-specs/specification/iothub/resource-manager/Microsoft.Devices/preview/2019-03-22-preview/iothub.json#/web-api/end-points/%2Fsubscriptions%2F%7BsubscriptionId%7D%2FresourceGroups%2F%7BresourceGroupName%7D%2Fproviders%2FMicrosoft.Devices%2FIotHubs%2F%7BresourceName%7D%2FeventHubEndpoints%2F%7BeventHubEndpointName%7D%2FConsumerGroups/get/request/parameter/eventHubEndpointName/scalar/schema"
  },
  "id": "file:///Users/abettati/sandbox/azure-rest-api-specs/specification/iothub/resource-manager/Microsoft.Devices/preview/2019-03-22-preview/iothub.json#/web-api/end-points/%2Fsubscriptions%2F%7BsubscriptionId%7D%2FresourceGroups%2F%7BresourceGroupName%7D%2Fproviders%2FMicrosoft.Devices%2FIotHubs%2F%7BresourceName%7D%2FeventHubEndpoints%2F%7BeventHubEndpointName%7D%2FConsumerGroups/get/request/parameter/eventHubEndpointName"
}, {
  "http://a.ml/vocabularies/apiContract#binding": "path",
  "http://a.ml/vocabularies/apiContract#paramName": "name",
  "http://a.ml/vocabularies/apiContract#required": "true",
  "http://a.ml/vocabularies/core#description": "The name of the consumer group to retrieve.",
  "http://a.ml/vocabularies/core#name": "name",
  "http://a.ml/vocabularies/shapes#schema": {
    "http://a.ml/vocabularies/core#description": "The name of the consumer group to retrieve.",
    "http://www.w3.org/ns/shacl#datatype": "http://www.w3.org/2001/XMLSchema#string",
    "http://www.w3.org/ns/shacl#name": "schema",
    "id": "file:///Users/abettati/sandbox/azure-rest-api-specs/specification/iothub/resource-manager/Microsoft.Devices/preview/2019-03-22-preview/iothub.json#/web-api/end-points/%2Fsubscriptions%2F%7BsubscriptionId%7D%2FresourceGroups%2F%7BresourceGroupName%7D%2Fproviders%2FMicrosoft.Devices%2FIotHubs%2F%7BresourceName%7D%2FeventHubEndpoints%2F%7BeventHubEndpointName%7D%2FConsumerGroups%2F%7Bname%7D/get/request/parameter/name/scalar/schema"
  },
  "id": "file:///Users/abettati/sandbox/azure-rest-api-specs/specification/iothub/resource-manager/Microsoft.Devices/preview/2019-03-22-preview/iothub.json#/web-api/end-points/%2Fsubscriptions%2F%7BsubscriptionId%7D%2FresourceGroups%2F%7BresourceGroupName%7D%2Fproviders%2FMicrosoft.Devices%2FIotHubs%2F%7BresourceName%7D%2FeventHubEndpoints%2F%7BeventHubEndpointName%7D%2FConsumerGroups%2F%7Bname%7D/get/request/parameter/name"
}, {
  "http://a.ml/vocabularies/apiContract#binding": "path",
  "http://a.ml/vocabularies/apiContract#paramName": "eventHubEndpointName",
  "http://a.ml/vocabularies/apiContract#required": "true",
  "http://a.ml/vocabularies/core#description": "The name of the Event Hub-compatible endpoint in the IoT hub.",
  "http://a.ml/vocabularies/core#name": "eventHubEndpointName",
  "http://a.ml/vocabularies/shapes#schema": {
    "http://a.ml/vocabularies/core#description": "The name of the Event Hub-compatible endpoint in the IoT hub.",
    "http://www.w3.org/ns/shacl#datatype": "http://www.w3.org/2001/XMLSchema#string",
    "http://www.w3.org/ns/shacl#name": "schema",
    "id": "file:///Users/abettati/sandbox/azure-rest-api-specs/specification/iothub/resource-manager/Microsoft.Devices/preview/2019-03-22-preview/iothub.json#/web-api/end-points/%2Fsubscriptions%2F%7BsubscriptionId%7D%2FresourceGroups%2F%7BresourceGroupName%7D%2Fproviders%2FMicrosoft.Devices%2FIotHubs%2F%7BresourceName%7D%2FeventHubEndpoints%2F%7BeventHubEndpointName%7D%2FConsumerGroups%2F%7Bname%7D/get/request/parameter/eventHubEndpointName/scalar/schema"
  },
  "id": "file:///Users/abettati/sandbox/azure-rest-api-specs/specification/iothub/resource-manager/Microsoft.Devices/preview/2019-03-22-preview/iothub.json#/web-api/end-points/%2Fsubscriptions%2F%7BsubscriptionId%7D%2FresourceGroups%2F%7BresourceGroupName%7D%2Fproviders%2FMicrosoft.Devices%2FIotHubs%2F%7BresourceName%7D%2FeventHubEndpoints%2F%7BeventHubEndpointName%7D%2FConsumerGroups%2F%7Bname%7D/get/request/parameter/eventHubEndpointName"
}, {
  "http://a.ml/vocabularies/apiContract#binding": "path",
  "http://a.ml/vocabularies/apiContract#paramName": "name",
  "http://a.ml/vocabularies/apiContract#required": "true",
  "http://a.ml/vocabularies/core#description": "The name of the consumer group to add.",
  "http://a.ml/vocabularies/core#name": "name",
  "http://a.ml/vocabularies/shapes#schema": {
    "http://a.ml/vocabularies/core#description": "The name of the consumer group to add.",
    "http://www.w3.org/ns/shacl#datatype": "http://www.w3.org/2001/XMLSchema#string",
    "http://www.w3.org/ns/shacl#name": "schema",
    "id": "file:///Users/abettati/sandbox/azure-rest-api-specs/specification/iothub/resource-manager/Microsoft.Devices/preview/2019-03-22-preview/iothub.json#/web-api/end-points/%2Fsubscriptions%2F%7BsubscriptionId%7D%2FresourceGroups%2F%7BresourceGroupName%7D%2Fproviders%2FMicrosoft.Devices%2FIotHubs%2F%7BresourceName%7D%2FeventHubEndpoints%2F%7BeventHubEndpointName%7D%2FConsumerGroups%2F%7Bname%7D/put/request/parameter/name/scalar/schema"
  },
  "id": "file:///Users/abettati/sandbox/azure-rest-api-specs/specification/iothub/resource-manager/Microsoft.Devices/preview/2019-03-22-preview/iothub.json#/web-api/end-points/%2Fsubscriptions%2F%7BsubscriptionId%7D%2FresourceGroups%2F%7BresourceGroupName%7D%2Fproviders%2FMicrosoft.Devices%2FIotHubs%2F%7BresourceName%7D%2FeventHubEndpoints%2F%7BeventHubEndpointName%7D%2FConsumerGroups%2F%7Bname%7D/put/request/parameter/name"
}, {
  "http://a.ml/vocabularies/apiContract#binding": "path",
  "http://a.ml/vocabularies/apiContract#paramName": "eventHubEndpointName",
  "http://a.ml/vocabularies/apiContract#required": "true",
  "http://a.ml/vocabularies/core#description": "The name of the Event Hub-compatible endpoint in the IoT hub.",
  "http://a.ml/vocabularies/core#name": "eventHubEndpointName",
  "http://a.ml/vocabularies/shapes#schema": {
    "http://a.ml/vocabularies/core#description": "The name of the Event Hub-compatible endpoint in the IoT hub.",
    "http://www.w3.org/ns/shacl#datatype": "http://www.w3.org/2001/XMLSchema#string",
    "http://www.w3.org/ns/shacl#name": "schema",
    "id": "file:///Users/abettati/sandbox/azure-rest-api-specs/specification/iothub/resource-manager/Microsoft.Devices/preview/2019-03-22-preview/iothub.json#/web-api/end-points/%2Fsubscriptions%2F%7BsubscriptionId%7D%2FresourceGroups%2F%7BresourceGroupName%7D%2Fproviders%2FMicrosoft.Devices%2FIotHubs%2F%7BresourceName%7D%2FeventHubEndpoints%2F%7BeventHubEndpointName%7D%2FConsumerGroups%2F%7Bname%7D/put/request/parameter/eventHubEndpointName/scalar/schema"
  },
  "id": "file:///Users/abettati/sandbox/azure-rest-api-specs/specification/iothub/resource-manager/Microsoft.Devices/preview/2019-03-22-preview/iothub.json#/web-api/end-points/%2Fsubscriptions%2F%7BsubscriptionId%7D%2FresourceGroups%2F%7BresourceGroupName%7D%2Fproviders%2FMicrosoft.Devices%2FIotHubs%2F%7BresourceName%7D%2FeventHubEndpoints%2F%7BeventHubEndpointName%7D%2FConsumerGroups%2F%7Bname%7D/put/request/parameter/eventHubEndpointName"
}, {
  "http://a.ml/vocabularies/apiContract#binding": "path",
  "http://a.ml/vocabularies/apiContract#paramName": "name",
  "http://a.ml/vocabularies/apiContract#required": "true",
  "http://a.ml/vocabularies/core#description": "The name of the consumer group to delete.",
  "http://a.ml/vocabularies/core#name": "name",
  "http://a.ml/vocabularies/shapes#schema": {
    "http://a.ml/vocabularies/core#description": "The name of the consumer group to delete.",
    "http://www.w3.org/ns/shacl#datatype": "http://www.w3.org/2001/XMLSchema#string",
    "http://www.w3.org/ns/shacl#name": "schema",
    "id": "file:///Users/abettati/sandbox/azure-rest-api-specs/specification/iothub/resource-manager/Microsoft.Devices/preview/2019-03-22-preview/iothub.json#/web-api/end-points/%2Fsubscriptions%2F%7BsubscriptionId%7D%2FresourceGroups%2F%7BresourceGroupName%7D%2Fproviders%2FMicrosoft.Devices%2FIotHubs%2F%7BresourceName%7D%2FeventHubEndpoints%2F%7BeventHubEndpointName%7D%2FConsumerGroups%2F%7Bname%7D/delete/request/parameter/name/scalar/schema"
  },
  "id": "file:///Users/abettati/sandbox/azure-rest-api-specs/specification/iothub/resource-manager/Microsoft.Devices/preview/2019-03-22-preview/iothub.json#/web-api/end-points/%2Fsubscriptions%2F%7BsubscriptionId%7D%2FresourceGroups%2F%7BresourceGroupName%7D%2Fproviders%2FMicrosoft.Devices%2FIotHubs%2F%7BresourceName%7D%2FeventHubEndpoints%2F%7BeventHubEndpointName%7D%2FConsumerGroups%2F%7Bname%7D/delete/request/parameter/name"
}, {
  "http://a.ml/vocabularies/apiContract#binding": "path",
  "http://a.ml/vocabularies/apiContract#paramName": "eventHubEndpointName",
  "http://a.ml/vocabularies/apiContract#required": "true",
  "http://a.ml/vocabularies/core#description": "The name of the Event Hub-compatible endpoint in the IoT hub.",
  "http://a.ml/vocabularies/core#name": "eventHubEndpointName",
  "http://a.ml/vocabularies/shapes#schema": {
    "http://a.ml/vocabularies/core#description": "The name of the Event Hub-compatible endpoint in the IoT hub.",
    "http://www.w3.org/ns/shacl#datatype": "http://www.w3.org/2001/XMLSchema#string",
    "http://www.w3.org/ns/shacl#name": "schema",
    "id": "file:///Users/abettati/sandbox/azure-rest-api-specs/specification/iothub/resource-manager/Microsoft.Devices/preview/2019-03-22-preview/iothub.json#/web-api/end-points/%2Fsubscriptions%2F%7BsubscriptionId%7D%2FresourceGroups%2F%7BresourceGroupName%7D%2Fproviders%2FMicrosoft.Devices%2FIotHubs%2F%7BresourceName%7D%2FeventHubEndpoints%2F%7BeventHubEndpointName%7D%2FConsumerGroups%2F%7Bname%7D/delete/request/parameter/eventHubEndpointName/scalar/schema"
  },
  "id": "file:///Users/abettati/sandbox/azure-rest-api-specs/specification/iothub/resource-manager/Microsoft.Devices/preview/2019-03-22-preview/iothub.json#/web-api/end-points/%2Fsubscriptions%2F%7BsubscriptionId%7D%2FresourceGroups%2F%7BresourceGroupName%7D%2Fproviders%2FMicrosoft.Devices%2FIotHubs%2F%7BresourceName%7D%2FeventHubEndpoints%2F%7BeventHubEndpointName%7D%2FConsumerGroups%2F%7Bname%7D/delete/request/parameter/eventHubEndpointName"
}, {
  "http://a.ml/vocabularies/apiContract#binding": "path",
  "http://a.ml/vocabularies/apiContract#paramName": "jobId",
  "http://a.ml/vocabularies/apiContract#required": "true",
  "http://a.ml/vocabularies/core#description": "The job identifier.",
  "http://a.ml/vocabularies/core#name": "jobId",
  "http://a.ml/vocabularies/shapes#schema": {
    "http://a.ml/vocabularies/core#description": "The job identifier.",
    "http://www.w3.org/ns/shacl#datatype": "http://www.w3.org/2001/XMLSchema#string",
    "http://www.w3.org/ns/shacl#name": "schema",
    "id": "file:///Users/abettati/sandbox/azure-rest-api-specs/specification/iothub/resource-manager/Microsoft.Devices/preview/2019-03-22-preview/iothub.json#/web-api/end-points/%2Fsubscriptions%2F%7BsubscriptionId%7D%2FresourceGroups%2F%7BresourceGroupName%7D%2Fproviders%2FMicrosoft.Devices%2FIotHubs%2F%7BresourceName%7D%2Fjobs%2F%7BjobId%7D/get/request/parameter/jobId/scalar/schema"
  },
  "id": "file:///Users/abettati/sandbox/azure-rest-api-specs/specification/iothub/resource-manager/Microsoft.Devices/preview/2019-03-22-preview/iothub.json#/web-api/end-points/%2Fsubscriptions%2F%7BsubscriptionId%7D%2FresourceGroups%2F%7BresourceGroupName%7D%2Fproviders%2FMicrosoft.Devices%2FIotHubs%2F%7BresourceName%7D%2Fjobs%2F%7BjobId%7D/get/request/parameter/jobId"
}, {
  "http://a.ml/vocabularies/apiContract#binding": "path",
  "http://a.ml/vocabularies/apiContract#paramName": "iotHubName",
  "http://a.ml/vocabularies/apiContract#required": "true",
  "http://a.ml/vocabularies/core#description": "IotHub to be tested",
  "http://a.ml/vocabularies/core#name": "iotHubName",
  "http://a.ml/vocabularies/shapes#schema": {
    "http://a.ml/vocabularies/core#description": "IotHub to be tested",
    "http://www.w3.org/ns/shacl#datatype": "http://www.w3.org/2001/XMLSchema#string",
    "http://www.w3.org/ns/shacl#name": "schema",
    "id": "file:///Users/abettati/sandbox/azure-rest-api-specs/specification/iothub/resource-manager/Microsoft.Devices/preview/2019-03-22-preview/iothub.json#/web-api/end-points/%2Fsubscriptions%2F%7BsubscriptionId%7D%2FresourceGroups%2F%7BresourceGroupName%7D%2Fproviders%2FMicrosoft.Devices%2FIotHubs%2F%7BiotHubName%7D%2Frouting%2Froutes%2F%24testall/post/request/parameter/iotHubName/scalar/schema"
  },
  "id": "file:///Users/abettati/sandbox/azure-rest-api-specs/specification/iothub/resource-manager/Microsoft.Devices/preview/2019-03-22-preview/iothub.json#/web-api/end-points/%2Fsubscriptions%2F%7BsubscriptionId%7D%2FresourceGroups%2F%7BresourceGroupName%7D%2Fproviders%2FMicrosoft.Devices%2FIotHubs%2F%7BiotHubName%7D%2Frouting%2Froutes%2F%24testall/post/request/parameter/iotHubName"
}, {
  "http://a.ml/vocabularies/apiContract#binding": "path",
  "http://a.ml/vocabularies/apiContract#paramName": "resourceGroupName",
  "http://a.ml/vocabularies/apiContract#required": "true",
  "http://a.ml/vocabularies/core#description": "resource group which Iot Hub belongs to",
  "http://a.ml/vocabularies/core#name": "resourceGroupName",
  "http://a.ml/vocabularies/shapes#schema": {
    "http://a.ml/vocabularies/core#description": "resource group which Iot Hub belongs to",
    "http://www.w3.org/ns/shacl#datatype": "http://www.w3.org/2001/XMLSchema#string",
    "http://www.w3.org/ns/shacl#name": "schema",
    "id": "file:///Users/abettati/sandbox/azure-rest-api-specs/specification/iothub/resource-manager/Microsoft.Devices/preview/2019-03-22-preview/iothub.json#/web-api/end-points/%2Fsubscriptions%2F%7BsubscriptionId%7D%2FresourceGroups%2F%7BresourceGroupName%7D%2Fproviders%2FMicrosoft.Devices%2FIotHubs%2F%7BiotHubName%7D%2Frouting%2Froutes%2F%24testall/post/request/parameter/resourceGroupName/scalar/schema"
  },
  "id": "file:///Users/abettati/sandbox/azure-rest-api-specs/specification/iothub/resource-manager/Microsoft.Devices/preview/2019-03-22-preview/iothub.json#/web-api/end-points/%2Fsubscriptions%2F%7BsubscriptionId%7D%2FresourceGroups%2F%7BresourceGroupName%7D%2Fproviders%2FMicrosoft.Devices%2FIotHubs%2F%7BiotHubName%7D%2Frouting%2Froutes%2F%24testall/post/request/parameter/resourceGroupName"
}, {
  "http://a.ml/vocabularies/apiContract#binding": "path",
  "http://a.ml/vocabularies/apiContract#paramName": "iotHubName",
  "http://a.ml/vocabularies/apiContract#required": "true",
  "http://a.ml/vocabularies/core#description": "IotHub to be tested",
  "http://a.ml/vocabularies/core#name": "iotHubName",
  "http://a.ml/vocabularies/shapes#schema": {
    "http://a.ml/vocabularies/core#description": "IotHub to be tested",
    "http://www.w3.org/ns/shacl#datatype": "http://www.w3.org/2001/XMLSchema#string",
    "http://www.w3.org/ns/shacl#name": "schema",
    "id": "file:///Users/abettati/sandbox/azure-rest-api-specs/specification/iothub/resource-manager/Microsoft.Devices/preview/2019-03-22-preview/iothub.json#/web-api/end-points/%2Fsubscriptions%2F%7BsubscriptionId%7D%2FresourceGroups%2F%7BresourceGroupName%7D%2Fproviders%2FMicrosoft.Devices%2FIotHubs%2F%7BiotHubName%7D%2Frouting%2Froutes%2F%24testnew/post/request/parameter/iotHubName/scalar/schema"
  },
  "id": "file:///Users/abettati/sandbox/azure-rest-api-specs/specification/iothub/resource-manager/Microsoft.Devices/preview/2019-03-22-preview/iothub.json#/web-api/end-points/%2Fsubscriptions%2F%7BsubscriptionId%7D%2FresourceGroups%2F%7BresourceGroupName%7D%2Fproviders%2FMicrosoft.Devices%2FIotHubs%2F%7BiotHubName%7D%2Frouting%2Froutes%2F%24testnew/post/request/parameter/iotHubName"
}, {
  "http://a.ml/vocabularies/apiContract#binding": "path",
  "http://a.ml/vocabularies/apiContract#paramName": "resourceGroupName",
  "http://a.ml/vocabularies/apiContract#required": "true",
  "http://a.ml/vocabularies/core#description": "resource group which Iot Hub belongs to",
  "http://a.ml/vocabularies/core#name": "resourceGroupName",
  "http://a.ml/vocabularies/shapes#schema": {
    "http://a.ml/vocabularies/core#description": "resource group which Iot Hub belongs to",
    "http://www.w3.org/ns/shacl#datatype": "http://www.w3.org/2001/XMLSchema#string",
    "http://www.w3.org/ns/shacl#name": "schema",
    "id": "file:///Users/abettati/sandbox/azure-rest-api-specs/specification/iothub/resource-manager/Microsoft.Devices/preview/2019-03-22-preview/iothub.json#/web-api/end-points/%2Fsubscriptions%2F%7BsubscriptionId%7D%2FresourceGroups%2F%7BresourceGroupName%7D%2Fproviders%2FMicrosoft.Devices%2FIotHubs%2F%7BiotHubName%7D%2Frouting%2Froutes%2F%24testnew/post/request/parameter/resourceGroupName/scalar/schema"
  },
  "id": "file:///Users/abettati/sandbox/azure-rest-api-specs/specification/iothub/resource-manager/Microsoft.Devices/preview/2019-03-22-preview/iothub.json#/web-api/end-points/%2Fsubscriptions%2F%7BsubscriptionId%7D%2FresourceGroups%2F%7BresourceGroupName%7D%2Fproviders%2FMicrosoft.Devices%2FIotHubs%2F%7BiotHubName%7D%2Frouting%2Froutes%2F%24testnew/post/request/parameter/resourceGroupName"
}, {
  "http://a.ml/vocabularies/apiContract#binding": "path",
  "http://a.ml/vocabularies/apiContract#paramName": "keyName",
  "http://a.ml/vocabularies/apiContract#required": "true",
  "http://a.ml/vocabularies/core#description": "The name of the shared access policy.",
  "http://a.ml/vocabularies/core#name": "keyName",
  "http://a.ml/vocabularies/shapes#schema": {
    "http://a.ml/vocabularies/core#description": "The name of the shared access policy.",
    "http://www.w3.org/ns/shacl#datatype": "http://www.w3.org/2001/XMLSchema#string",
    "http://www.w3.org/ns/shacl#name": "schema",
    "id": "file:///Users/abettati/sandbox/azure-rest-api-specs/specification/iothub/resource-manager/Microsoft.Devices/preview/2019-03-22-preview/iothub.json#/web-api/end-points/%2Fsubscriptions%2F%7BsubscriptionId%7D%2FresourceGroups%2F%7BresourceGroupName%7D%2Fproviders%2FMicrosoft.Devices%2FIotHubs%2F%7BresourceName%7D%2FIotHubKeys%2F%7BkeyName%7D%2Flistkeys/post/request/parameter/keyName/scalar/schema"
  },
  "id": "file:///Users/abettati/sandbox/azure-rest-api-specs/specification/iothub/resource-manager/Microsoft.Devices/preview/2019-03-22-preview/iothub.json#/web-api/end-points/%2Fsubscriptions%2F%7BsubscriptionId%7D%2FresourceGroups%2F%7BresourceGroupName%7D%2Fproviders%2FMicrosoft.Devices%2FIotHubs%2F%7BresourceName%7D%2FIotHubKeys%2F%7BkeyName%7D%2Flistkeys/post/request/parameter/keyName"
}, {
  "http://a.ml/vocabularies/apiContract#binding": "header",
  "http://a.ml/vocabularies/apiContract#paramName": "If-Match",
  "http://a.ml/vocabularies/apiContract#required": "false",
  "http://a.ml/vocabularies/core#description": "ETag of the Certificate. Do not specify for creating a brand new certificate. Required to update an existing certificate.",
  "http://a.ml/vocabularies/core#name": "If-Match",
  "http://a.ml/vocabularies/shapes#schema": {
    "http://a.ml/vocabularies/core#description": "ETag of the Certificate. Do not specify for creating a brand new certificate. Required to update an existing certificate.",
    "http://www.w3.org/ns/shacl#datatype": "http://www.w3.org/2001/XMLSchema#string",
    "http://www.w3.org/ns/shacl#name": "schema",
    "id": "file:///Users/abettati/sandbox/azure-rest-api-specs/specification/iothub/resource-manager/Microsoft.Devices/preview/2019-03-22-preview/iothub.json#/web-api/end-points/%2Fsubscriptions%2F%7BsubscriptionId%7D%2FresourceGroups%2F%7BresourceGroupName%7D%2Fproviders%2FMicrosoft.Devices%2FIotHubs%2F%7BresourceName%7D%2Fcertificates%2F%7BcertificateName%7D/put/request/parameter/If-Match/scalar/schema"
  },
  "id": "file:///Users/abettati/sandbox/azure-rest-api-specs/specification/iothub/resource-manager/Microsoft.Devices/preview/2019-03-22-preview/iothub.json#/web-api/end-points/%2Fsubscriptions%2F%7BsubscriptionId%7D%2FresourceGroups%2F%7BresourceGroupName%7D%2Fproviders%2FMicrosoft.Devices%2FIotHubs%2F%7BresourceName%7D%2Fcertificates%2F%7BcertificateName%7D/put/request/parameter/If-Match"
}, {
  "http://a.ml/vocabularies/apiContract#binding": "header",
  "http://a.ml/vocabularies/apiContract#paramName": "If-Match",
  "http://a.ml/vocabularies/apiContract#required": "true",
  "http://a.ml/vocabularies/core#description": "ETag of the Certificate.",
  "http://a.ml/vocabularies/core#name": "If-Match",
  "http://a.ml/vocabularies/shapes#schema": {
    "http://a.ml/vocabularies/core#description": "ETag of the Certificate.",
    "http://www.w3.org/ns/shacl#datatype": "http://www.w3.org/2001/XMLSchema#string",
    "http://www.w3.org/ns/shacl#name": "schema",
    "id": "file:///Users/abettati/sandbox/azure-rest-api-specs/specification/iothub/resource-manager/Microsoft.Devices/preview/2019-03-22-preview/iothub.json#/web-api/end-points/%2Fsubscriptions%2F%7BsubscriptionId%7D%2FresourceGroups%2F%7BresourceGroupName%7D%2Fproviders%2FMicrosoft.Devices%2FIotHubs%2F%7BresourceName%7D%2Fcertificates%2F%7BcertificateName%7D/delete/request/parameter/If-Match/scalar/schema"
  },
  "id": "file:///Users/abettati/sandbox/azure-rest-api-specs/specification/iothub/resource-manager/Microsoft.Devices/preview/2019-03-22-preview/iothub.json#/web-api/end-points/%2Fsubscriptions%2F%7BsubscriptionId%7D%2FresourceGroups%2F%7BresourceGroupName%7D%2Fproviders%2FMicrosoft.Devices%2FIotHubs%2F%7BresourceName%7D%2Fcertificates%2F%7BcertificateName%7D/delete/request/parameter/If-Match"
}, {
  "http://a.ml/vocabularies/apiContract#binding": "header",
  "http://a.ml/vocabularies/apiContract#paramName": "If-Match",
  "http://a.ml/vocabularies/apiContract#required": "true",
  "http://a.ml/vocabularies/core#description": "ETag of the Certificate.",
  "http://a.ml/vocabularies/core#name": "If-Match",
  "http://a.ml/vocabularies/shapes#schema": {
    "http://a.ml/vocabularies/core#description": "ETag of the Certificate.",
    "http://www.w3.org/ns/shacl#datatype": "http://www.w3.org/2001/XMLSchema#string",
    "http://www.w3.org/ns/shacl#name": "schema",
    "id": "file:///Users/abettati/sandbox/azure-rest-api-specs/specification/iothub/resource-manager/Microsoft.Devices/preview/2019-03-22-preview/iothub.json#/web-api/end-points/%2Fsubscriptions%2F%7BsubscriptionId%7D%2FresourceGroups%2F%7BresourceGroupName%7D%2Fproviders%2FMicrosoft.Devices%2FIotHubs%2F%7BresourceName%7D%2Fcertificates%2F%7BcertificateName%7D%2FgenerateVerificationCode/post/request/parameter/If-Match/scalar/schema"
  },
  "id": "file:///Users/abettati/sandbox/azure-rest-api-specs/specification/iothub/resource-manager/Microsoft.Devices/preview/2019-03-22-preview/iothub.json#/web-api/end-points/%2Fsubscriptions%2F%7BsubscriptionId%7D%2FresourceGroups%2F%7BresourceGroupName%7D%2Fproviders%2FMicrosoft.Devices%2FIotHubs%2F%7BresourceName%7D%2Fcertificates%2F%7BcertificateName%7D%2FgenerateVerificationCode/post/request/parameter/If-Match"
}, {
  "http://a.ml/vocabularies/apiContract#binding": "header",
  "http://a.ml/vocabularies/apiContract#paramName": "If-Match",
  "http://a.ml/vocabularies/apiContract#required": "true",
  "http://a.ml/vocabularies/core#description": "ETag of the Certificate.",
  "http://a.ml/vocabularies/core#name": "If-Match",
  "http://a.ml/vocabularies/shapes#schema": {
    "http://a.ml/vocabularies/core#description": "ETag of the Certificate.",
    "http://www.w3.org/ns/shacl#datatype": "http://www.w3.org/2001/XMLSchema#string",
    "http://www.w3.org/ns/shacl#name": "schema",
    "id": "file:///Users/abettati/sandbox/azure-rest-api-specs/specification/iothub/resource-manager/Microsoft.Devices/preview/2019-03-22-preview/iothub.json#/web-api/end-points/%2Fsubscriptions%2F%7BsubscriptionId%7D%2FresourceGroups%2F%7BresourceGroupName%7D%2Fproviders%2FMicrosoft.Devices%2FIotHubs%2F%7BresourceName%7D%2Fcertificates%2F%7BcertificateName%7D%2Fverify/post/request/parameter/If-Match/scalar/schema"
  },
  "id": "file:///Users/abettati/sandbox/azure-rest-api-specs/specification/iothub/resource-manager/Microsoft.Devices/preview/2019-03-22-preview/iothub.json#/web-api/end-points/%2Fsubscriptions%2F%7BsubscriptionId%7D%2FresourceGroups%2F%7BresourceGroupName%7D%2Fproviders%2FMicrosoft.Devices%2FIotHubs%2F%7BresourceName%7D%2Fcertificates%2F%7BcertificateName%7D%2Fverify/post/request/parameter/If-Match"
}, {
  "http://a.ml/vocabularies/apiContract#binding": "path",
  "http://a.ml/vocabularies/apiContract#paramName": "iotHubName",
  "http://a.ml/vocabularies/apiContract#required": "true",
  "http://a.ml/vocabularies/core#description": "IotHub to fail over",
  "http://a.ml/vocabularies/core#name": "iotHubName",
  "http://a.ml/vocabularies/shapes#schema": {
    "http://a.ml/vocabularies/core#description": "IotHub to fail over",
    "http://www.w3.org/ns/shacl#datatype": "http://www.w3.org/2001/XMLSchema#string",
    "http://www.w3.org/ns/shacl#name": "schema",
    "id": "file:///Users/abettati/sandbox/azure-rest-api-specs/specification/iothub/resource-manager/Microsoft.Devices/preview/2019-03-22-preview/iothub.json#/web-api/end-points/%2Fsubscriptions%2F%7BsubscriptionId%7D%2FresourceGroups%2F%7BresourceGroupName%7D%2Fproviders%2FMicrosoft.Devices%2FIotHubs%2F%7BiotHubName%7D%2Ffailover/post/request/parameter/iotHubName/scalar/schema"
  },
  "id": "file:///Users/abettati/sandbox/azure-rest-api-specs/specification/iothub/resource-manager/Microsoft.Devices/preview/2019-03-22-preview/iothub.json#/web-api/end-points/%2Fsubscriptions%2F%7BsubscriptionId%7D%2FresourceGroups%2F%7BresourceGroupName%7D%2Fproviders%2FMicrosoft.Devices%2FIotHubs%2F%7BiotHubName%7D%2Ffailover/post/request/parameter/iotHubName"
}, {
  "http://a.ml/vocabularies/apiContract#binding": "path",
  "http://a.ml/vocabularies/apiContract#paramName": "resourceGroupName",
  "http://a.ml/vocabularies/apiContract#required": "true",
  "http://a.ml/vocabularies/core#description": "resource group which Iot Hub belongs to",
  "http://a.ml/vocabularies/core#name": "resourceGroupName",
  "http://a.ml/vocabularies/shapes#schema": {
    "http://a.ml/vocabularies/core#description": "resource group which Iot Hub belongs to",
    "http://www.w3.org/ns/shacl#datatype": "http://www.w3.org/2001/XMLSchema#string",
    "http://www.w3.org/ns/shacl#name": "schema",
    "id": "file:///Users/abettati/sandbox/azure-rest-api-specs/specification/iothub/resource-manager/Microsoft.Devices/preview/2019-03-22-preview/iothub.json#/web-api/end-points/%2Fsubscriptions%2F%7BsubscriptionId%7D%2FresourceGroups%2F%7BresourceGroupName%7D%2Fproviders%2FMicrosoft.Devices%2FIotHubs%2F%7BiotHubName%7D%2Ffailover/post/request/parameter/resourceGroupName/scalar/schema"
  },
  "id": "file:///Users/abettati/sandbox/azure-rest-api-specs/specification/iothub/resource-manager/Microsoft.Devices/preview/2019-03-22-preview/iothub.json#/web-api/end-points/%2Fsubscriptions%2F%7BsubscriptionId%7D%2FresourceGroups%2F%7BresourceGroupName%7D%2Fproviders%2FMicrosoft.Devices%2FIotHubs%2F%7BiotHubName%7D%2Ffailover/post/request/parameter/resourceGroupName"
}]