[{
  "http://a.ml/vocabularies/apiContract#binding": "query",
  "http://a.ml/vocabularies/apiContract#paramName": "properties",
  "http://a.ml/vocabularies/apiContract#required": "false",
  "http://a.ml/vocabularies/core#description": "A set of properties with which to filter the returned services. It is a comma separated string of properties key and/or properties key=value Example: propKey1,propKey2,propKey3=value3 .",
  "http://a.ml/vocabularies/core#name": "WebServicePropertiesParameter",
  "http://a.ml/vocabularies/document#customDomainProperties": [{
    "http://a.ml/vocabularies/core#extensionName": "ms-parameter-location",
    "http://a.ml/vocabularies/document#definedBy": {
      "http://a.ml/vocabularies/core#name": null,
      "id": "file:///Users/abettati/sandbox/azure-rest-api-specs/specification/machinelearningservices/resource-manager/Microsoft.MachineLearningServices/preview/2020-05-01-preview/machineLearningServices.json#/declarations/parameters/parameter/WebServicePropertiesParameter/ms-parameter-location"
    },
    "http://a.ml/vocabularies/document#extension": {
      "http://a.ml/vocabularies/core#name": null,
      "http://a.ml/vocabularies/data#value": null,
      "http://www.w3.org/ns/shacl#datatype": null,
      "id": "file:///Users/abettati/sandbox/azure-rest-api-specs/specification/machinelearningservices/resource-manager/Microsoft.MachineLearningServices/preview/2020-05-01-preview/machineLearningServices.json#/declarations/parameters/parameter/WebServicePropertiesParameter/ms-parameter-location/scalar_1"
    },
    "id": "file:///Users/abettati/sandbox/azure-rest-api-specs/specification/machinelearningservices/resource-manager/Microsoft.MachineLearningServices/preview/2020-05-01-preview/machineLearningServices.json#/declarations/parameters/parameter/WebServicePropertiesParameter/extension/ms-parameter-location"
  }],
  "http://a.ml/vocabularies/shapes#schema": {
    "http://a.ml/vocabularies/core#description": "A set of properties with which to filter the returned services. It is a comma separated string of properties key and/or properties key=value Example: propKey1,propKey2,propKey3=value3 .",
    "http://a.ml/vocabularies/document#customDomainProperties": [{
      "http://a.ml/vocabularies/core#extensionName": null,
      "http://a.ml/vocabularies/document#definedBy": null,
      "http://a.ml/vocabularies/document#extension": null,
      "id": "file:///Users/abettati/sandbox/azure-rest-api-specs/specification/machinelearningservices/resource-manager/Microsoft.MachineLearningServices/preview/2020-05-01-preview/machineLearningServices.json#/declarations/parameters/parameter/WebServicePropertiesParameter/scalar/schema/extension/ms-parameter-location"
    }],
    "http://www.w3.org/ns/shacl#datatype": "http://www.w3.org/2001/XMLSchema#string",
    "http://www.w3.org/ns/shacl#name": "schema",
    "id": "file:///Users/abettati/sandbox/azure-rest-api-specs/specification/machinelearningservices/resource-manager/Microsoft.MachineLearningServices/preview/2020-05-01-preview/machineLearningServices.json#/declarations/parameters/parameter/WebServicePropertiesParameter/scalar/schema"
  },
  "id": "file:///Users/abettati/sandbox/azure-rest-api-specs/specification/machinelearningservices/resource-manager/Microsoft.MachineLearningServices/preview/2020-05-01-preview/machineLearningServices.json#/declarations/parameters/parameter/WebServicePropertiesParameter"
}, {
  "http://a.ml/vocabularies/apiContract#binding": "query",
  "http://a.ml/vocabularies/apiContract#paramName": "expand",
  "http://a.ml/vocabularies/apiContract#required": "false",
  "http://a.ml/vocabularies/core#description": "Set to True to include Model details.",
  "http://a.ml/vocabularies/core#name": "WebServiceExpandParameter",
  "http://a.ml/vocabularies/document#customDomainProperties": [{
    "http://a.ml/vocabularies/core#extensionName": "ms-parameter-location",
    "http://a.ml/vocabularies/document#definedBy": {
      "http://a.ml/vocabularies/core#name": null,
      "id": "file:///Users/abettati/sandbox/azure-rest-api-specs/specification/machinelearningservices/resource-manager/Microsoft.MachineLearningServices/preview/2020-05-01-preview/machineLearningServices.json#/declarations/parameters/parameter/WebServiceExpandParameter/ms-parameter-location"
    },
    "http://a.ml/vocabularies/document#extension": {
      "http://a.ml/vocabularies/core#name": null,
      "http://a.ml/vocabularies/data#value": null,
      "http://www.w3.org/ns/shacl#datatype": null,
      "id": "file:///Users/abettati/sandbox/azure-rest-api-specs/specification/machinelearningservices/resource-manager/Microsoft.MachineLearningServices/preview/2020-05-01-preview/machineLearningServices.json#/declarations/parameters/parameter/WebServiceExpandParameter/ms-parameter-location/scalar_1"
    },
    "id": "file:///Users/abettati/sandbox/azure-rest-api-specs/specification/machinelearningservices/resource-manager/Microsoft.MachineLearningServices/preview/2020-05-01-preview/machineLearningServices.json#/declarations/parameters/parameter/WebServiceExpandParameter/extension/ms-parameter-location"
  }],
  "http://a.ml/vocabularies/shapes#schema": {
    "http://a.ml/vocabularies/core#description": "Set to True to include Model details.",
    "http://a.ml/vocabularies/document#customDomainProperties": [{
      "http://a.ml/vocabularies/core#extensionName": null,
      "http://a.ml/vocabularies/document#definedBy": null,
      "http://a.ml/vocabularies/document#extension": null,
      "id": "file:///Users/abettati/sandbox/azure-rest-api-specs/specification/machinelearningservices/resource-manager/Microsoft.MachineLearningServices/preview/2020-05-01-preview/machineLearningServices.json#/declarations/parameters/parameter/WebServiceExpandParameter/scalar/schema/extension/ms-parameter-location"
    }],
    "http://www.w3.org/ns/shacl#datatype": "http://www.w3.org/2001/XMLSchema#boolean",
    "http://www.w3.org/ns/shacl#name": "schema",
    "id": "file:///Users/abettati/sandbox/azure-rest-api-specs/specification/machinelearningservices/resource-manager/Microsoft.MachineLearningServices/preview/2020-05-01-preview/machineLearningServices.json#/declarations/parameters/parameter/WebServiceExpandParameter/scalar/schema"
  },
  "id": "file:///Users/abettati/sandbox/azure-rest-api-specs/specification/machinelearningservices/resource-manager/Microsoft.MachineLearningServices/preview/2020-05-01-preview/machineLearningServices.json#/declarations/parameters/parameter/WebServiceExpandParameter"
}, {
  "http://a.ml/vocabularies/apiContract#binding": "path",
  "http://a.ml/vocabularies/apiContract#paramName": "serviceName",
  "http://a.ml/vocabularies/apiContract#required": "true",
  "http://a.ml/vocabularies/core#description": "Name of the Azure Machine Learning service.",
  "http://a.ml/vocabularies/core#name": "WebServiceNameParameter",
  "http://a.ml/vocabularies/document#customDomainProperties": [{
    "http://a.ml/vocabularies/core#extensionName": "ms-parameter-location",
    "http://a.ml/vocabularies/document#definedBy": {
      "http://a.ml/vocabularies/core#name": null,
      "id": "file:///Users/abettati/sandbox/azure-rest-api-specs/specification/machinelearningservices/resource-manager/Microsoft.MachineLearningServices/preview/2020-05-01-preview/machineLearningServices.json#/declarations/parameters/parameter/WebServiceNameParameter/ms-parameter-location"
    },
    "http://a.ml/vocabularies/document#extension": {
      "http://a.ml/vocabularies/core#name": null,
      "http://a.ml/vocabularies/data#value": null,
      "http://www.w3.org/ns/shacl#datatype": null,
      "id": "file:///Users/abettati/sandbox/azure-rest-api-specs/specification/machinelearningservices/resource-manager/Microsoft.MachineLearningServices/preview/2020-05-01-preview/machineLearningServices.json#/declarations/parameters/parameter/WebServiceNameParameter/ms-parameter-location/scalar_1"
    },
    "id": "file:///Users/abettati/sandbox/azure-rest-api-specs/specification/machinelearningservices/resource-manager/Microsoft.MachineLearningServices/preview/2020-05-01-preview/machineLearningServices.json#/declarations/parameters/parameter/WebServiceNameParameter/extension/ms-parameter-location"
  }],
  "http://a.ml/vocabularies/shapes#schema": {
    "http://a.ml/vocabularies/core#description": "Name of the Azure Machine Learning service.",
    "http://a.ml/vocabularies/document#customDomainProperties": [{
      "http://a.ml/vocabularies/core#extensionName": null,
      "http://a.ml/vocabularies/document#definedBy": null,
      "http://a.ml/vocabularies/document#extension": null,
      "id": "file:///Users/abettati/sandbox/azure-rest-api-specs/specification/machinelearningservices/resource-manager/Microsoft.MachineLearningServices/preview/2020-05-01-preview/machineLearningServices.json#/declarations/parameters/parameter/WebServiceNameParameter/scalar/schema/extension/ms-parameter-location"
    }],
    "http://www.w3.org/ns/shacl#datatype": "http://www.w3.org/2001/XMLSchema#string",
    "http://www.w3.org/ns/shacl#name": "schema",
    "id": "file:///Users/abettati/sandbox/azure-rest-api-specs/specification/machinelearningservices/resource-manager/Microsoft.MachineLearningServices/preview/2020-05-01-preview/machineLearningServices.json#/declarations/parameters/parameter/WebServiceNameParameter/scalar/schema"
  },
  "id": "file:///Users/abettati/sandbox/azure-rest-api-specs/specification/machinelearningservices/resource-manager/Microsoft.MachineLearningServices/preview/2020-05-01-preview/machineLearningServices.json#/declarations/parameters/parameter/WebServiceNameParameter"
}, {
  "http://a.ml/vocabularies/apiContract#binding": "path",
  "http://a.ml/vocabularies/apiContract#paramName": "privateEndpointConnectionName",
  "http://a.ml/vocabularies/apiContract#required": "true",
  "http://a.ml/vocabularies/core#description": "The name of the private endpoint connection associated with the workspace",
  "http://a.ml/vocabularies/core#name": "PrivateEndpointConnectionName",
  "http://a.ml/vocabularies/document#customDomainProperties": [{
    "http://a.ml/vocabularies/core#extensionName": "ms-parameter-location",
    "http://a.ml/vocabularies/document#definedBy": {
      "http://a.ml/vocabularies/core#name": null,
      "id": "file:///Users/abettati/sandbox/azure-rest-api-specs/specification/machinelearningservices/resource-manager/Microsoft.MachineLearningServices/preview/2020-05-01-preview/machineLearningServices.json#/declarations/parameters/parameter/PrivateEndpointConnectionName/ms-parameter-location"
    },
    "http://a.ml/vocabularies/document#extension": {
      "http://a.ml/vocabularies/core#name": null,
      "http://a.ml/vocabularies/data#value": null,
      "http://www.w3.org/ns/shacl#datatype": null,
      "id": "file:///Users/abettati/sandbox/azure-rest-api-specs/specification/machinelearningservices/resource-manager/Microsoft.MachineLearningServices/preview/2020-05-01-preview/machineLearningServices.json#/declarations/parameters/parameter/PrivateEndpointConnectionName/ms-parameter-location/scalar_1"
    },
    "id": "file:///Users/abettati/sandbox/azure-rest-api-specs/specification/machinelearningservices/resource-manager/Microsoft.MachineLearningServices/preview/2020-05-01-preview/machineLearningServices.json#/declarations/parameters/parameter/PrivateEndpointConnectionName/extension/ms-parameter-location"
  }],
  "http://a.ml/vocabularies/shapes#schema": {
    "http://a.ml/vocabularies/core#description": "The name of the private endpoint connection associated with the workspace",
    "http://a.ml/vocabularies/document#customDomainProperties": [{
      "http://a.ml/vocabularies/core#extensionName": null,
      "http://a.ml/vocabularies/document#definedBy": null,
      "http://a.ml/vocabularies/document#extension": null,
      "id": "file:///Users/abettati/sandbox/azure-rest-api-specs/specification/machinelearningservices/resource-manager/Microsoft.MachineLearningServices/preview/2020-05-01-preview/machineLearningServices.json#/declarations/parameters/parameter/PrivateEndpointConnectionName/scalar/schema/extension/ms-parameter-location"
    }],
    "http://www.w3.org/ns/shacl#datatype": "http://www.w3.org/2001/XMLSchema#string",
    "http://www.w3.org/ns/shacl#name": "schema",
    "id": "file:///Users/abettati/sandbox/azure-rest-api-specs/specification/machinelearningservices/resource-manager/Microsoft.MachineLearningServices/preview/2020-05-01-preview/machineLearningServices.json#/declarations/parameters/parameter/PrivateEndpointConnectionName/scalar/schema"
  },
  "id": "file:///Users/abettati/sandbox/azure-rest-api-specs/specification/machinelearningservices/resource-manager/Microsoft.MachineLearningServices/preview/2020-05-01-preview/machineLearningServices.json#/declarations/parameters/parameter/PrivateEndpointConnectionName"
}, {
  "http://a.ml/vocabularies/apiContract#binding": "query",
  "http://a.ml/vocabularies/apiContract#paramName": "underlyingResourceAction",
  "http://a.ml/vocabularies/apiContract#required": "true",
  "http://a.ml/vocabularies/core#description": "Delete the underlying compute if 'Delete', or detach the underlying compute from workspace if 'Detach'.",
  "http://a.ml/vocabularies/core#name": "UnderlyingResourceActionParameter",
  "http://a.ml/vocabularies/document#customDomainProperties": [{
    "http://a.ml/vocabularies/core#extensionName": "ms-enum",
    "http://a.ml/vocabularies/document#definedBy": {
      "http://a.ml/vocabularies/core#name": null,
      "id": "file:///Users/abettati/sandbox/azure-rest-api-specs/specification/machinelearningservices/resource-manager/Microsoft.MachineLearningServices/preview/2020-05-01-preview/machineLearningServices.json#/declarations/parameters/parameter/UnderlyingResourceActionParameter/ms-enum"
    },
    "http://a.ml/vocabularies/document#extension": {
      "http://a.ml/vocabularies/core#name": null,
      "http://a.ml/vocabularies/data#modelAsString": null,
      "http://a.ml/vocabularies/data#name": null,
      "id": "file:///Users/abettati/sandbox/azure-rest-api-specs/specification/machinelearningservices/resource-manager/Microsoft.MachineLearningServices/preview/2020-05-01-preview/machineLearningServices.json#/declarations/parameters/parameter/UnderlyingResourceActionParameter/ms-enum/object_1"
    },
    "id": "file:///Users/abettati/sandbox/azure-rest-api-specs/specification/machinelearningservices/resource-manager/Microsoft.MachineLearningServices/preview/2020-05-01-preview/machineLearningServices.json#/declarations/parameters/parameter/UnderlyingResourceActionParameter/extension/ms-enum"
  }, {
    "http://a.ml/vocabularies/core#extensionName": "ms-parameter-location",
    "http://a.ml/vocabularies/document#definedBy": {
      "http://a.ml/vocabularies/core#name": null,
      "id": "file:///Users/abettati/sandbox/azure-rest-api-specs/specification/machinelearningservices/resource-manager/Microsoft.MachineLearningServices/preview/2020-05-01-preview/machineLearningServices.json#/declarations/parameters/parameter/UnderlyingResourceActionParameter/ms-parameter-location"
    },
    "http://a.ml/vocabularies/document#extension": {
      "http://a.ml/vocabularies/core#name": null,
      "http://a.ml/vocabularies/data#value": null,
      "http://www.w3.org/ns/shacl#datatype": null,
      "id": "file:///Users/abettati/sandbox/azure-rest-api-specs/specification/machinelearningservices/resource-manager/Microsoft.MachineLearningServices/preview/2020-05-01-preview/machineLearningServices.json#/declarations/parameters/parameter/UnderlyingResourceActionParameter/ms-parameter-location/scalar_1"
    },
    "id": "file:///Users/abettati/sandbox/azure-rest-api-specs/specification/machinelearningservices/resource-manager/Microsoft.MachineLearningServices/preview/2020-05-01-preview/machineLearningServices.json#/declarations/parameters/parameter/UnderlyingResourceActionParameter/extension/ms-parameter-location"
  }],
  "http://a.ml/vocabularies/shapes#schema": {
    "http://a.ml/vocabularies/core#description": "Delete the underlying compute if 'Delete', or detach the underlying compute from workspace if 'Detach'.",
    "http://a.ml/vocabularies/document#customDomainProperties": [{
      "http://a.ml/vocabularies/core#extensionName": null,
      "http://a.ml/vocabularies/document#definedBy": null,
      "http://a.ml/vocabularies/document#extension": null,
      "id": "file:///Users/abettati/sandbox/azure-rest-api-specs/specification/machinelearningservices/resource-manager/Microsoft.MachineLearningServices/preview/2020-05-01-preview/machineLearningServices.json#/declarations/parameters/parameter/UnderlyingResourceActionParameter/scalar/schema/extension/ms-enum"
    }, {
      "http://a.ml/vocabularies/core#extensionName": null,
      "http://a.ml/vocabularies/document#definedBy": null,
      "http://a.ml/vocabularies/document#extension": null,
      "id": "file:///Users/abettati/sandbox/azure-rest-api-specs/specification/machinelearningservices/resource-manager/Microsoft.MachineLearningServices/preview/2020-05-01-preview/machineLearningServices.json#/declarations/parameters/parameter/UnderlyingResourceActionParameter/scalar/schema/extension/ms-parameter-location"
    }],
    "http://www.w3.org/ns/shacl#datatype": "http://www.w3.org/2001/XMLSchema#string",
    "http://www.w3.org/ns/shacl#in": [{
      "http://a.ml/vocabularies/core#name": null,
      "http://a.ml/vocabularies/data#value": null,
      "http://www.w3.org/ns/shacl#datatype": null,
      "id": "file:///Users/abettati/sandbox/azure-rest-api-specs/specification/machinelearningservices/resource-manager/Microsoft.MachineLearningServices/preview/2020-05-01-preview/machineLearningServices.json#/declarations/parameters/parameter/UnderlyingResourceActionParameter/scalar/schema/enum/scalar_1"
    }, {
      "http://a.ml/vocabularies/core#name": null,
      "http://a.ml/vocabularies/data#value": null,
      "http://www.w3.org/ns/shacl#datatype": null,
      "id": "file:///Users/abettati/sandbox/azure-rest-api-specs/specification/machinelearningservices/resource-manager/Microsoft.MachineLearningServices/preview/2020-05-01-preview/machineLearningServices.json#/declarations/parameters/parameter/UnderlyingResourceActionParameter/scalar/schema/enum/scalar_2"
    }],
    "http://www.w3.org/ns/shacl#name": "schema",
    "id": "file:///Users/abettati/sandbox/azure-rest-api-specs/specification/machinelearningservices/resource-manager/Microsoft.MachineLearningServices/preview/2020-05-01-preview/machineLearningServices.json#/declarations/parameters/parameter/UnderlyingResourceActionParameter/scalar/schema"
  },
  "id": "file:///Users/abettati/sandbox/azure-rest-api-specs/specification/machinelearningservices/resource-manager/Microsoft.MachineLearningServices/preview/2020-05-01-preview/machineLearningServices.json#/declarations/parameters/parameter/UnderlyingResourceActionParameter"
}, {
  "http://a.ml/vocabularies/apiContract#binding": "query",
  "http://a.ml/vocabularies/apiContract#paramName": "tags",
  "http://a.ml/vocabularies/apiContract#required": "false",
  "http://a.ml/vocabularies/core#description": "A set of tags with which to filter the returned services. It is a comma separated string of tags key or tags key=value Example: tagKey1,tagKey2,tagKey3=value3 .",
  "http://a.ml/vocabularies/core#name": "WebServiceTagsParameter",
  "http://a.ml/vocabularies/document#customDomainProperties": [{
    "http://a.ml/vocabularies/core#extensionName": "ms-parameter-location",
    "http://a.ml/vocabularies/document#definedBy": {
      "http://a.ml/vocabularies/core#name": null,
      "id": "file:///Users/abettati/sandbox/azure-rest-api-specs/specification/machinelearningservices/resource-manager/Microsoft.MachineLearningServices/preview/2020-05-01-preview/machineLearningServices.json#/declarations/parameters/parameter/WebServiceTagsParameter/ms-parameter-location"
    },
    "http://a.ml/vocabularies/document#extension": {
      "http://a.ml/vocabularies/core#name": null,
      "http://a.ml/vocabularies/data#value": null,
      "http://www.w3.org/ns/shacl#datatype": null,
      "id": "file:///Users/abettati/sandbox/azure-rest-api-specs/specification/machinelearningservices/resource-manager/Microsoft.MachineLearningServices/preview/2020-05-01-preview/machineLearningServices.json#/declarations/parameters/parameter/WebServiceTagsParameter/ms-parameter-location/scalar_1"
    },
    "id": "file:///Users/abettati/sandbox/azure-rest-api-specs/specification/machinelearningservices/resource-manager/Microsoft.MachineLearningServices/preview/2020-05-01-preview/machineLearningServices.json#/declarations/parameters/parameter/WebServiceTagsParameter/extension/ms-parameter-location"
  }],
  "http://a.ml/vocabularies/shapes#schema": {
    "http://a.ml/vocabularies/core#description": "A set of tags with which to filter the returned services. It is a comma separated string of tags key or tags key=value Example: tagKey1,tagKey2,tagKey3=value3 .",
    "http://a.ml/vocabularies/document#customDomainProperties": [{
      "http://a.ml/vocabularies/core#extensionName": null,
      "http://a.ml/vocabularies/document#definedBy": null,
      "http://a.ml/vocabularies/document#extension": null,
      "id": "file:///Users/abettati/sandbox/azure-rest-api-specs/specification/machinelearningservices/resource-manager/Microsoft.MachineLearningServices/preview/2020-05-01-preview/machineLearningServices.json#/declarations/parameters/parameter/WebServiceTagsParameter/scalar/schema/extension/ms-parameter-location"
    }],
    "http://www.w3.org/ns/shacl#datatype": "http://www.w3.org/2001/XMLSchema#string",
    "http://www.w3.org/ns/shacl#name": "schema",
    "id": "file:///Users/abettati/sandbox/azure-rest-api-specs/specification/machinelearningservices/resource-manager/Microsoft.MachineLearningServices/preview/2020-05-01-preview/machineLearningServices.json#/declarations/parameters/parameter/WebServiceTagsParameter/scalar/schema"
  },
  "id": "file:///Users/abettati/sandbox/azure-rest-api-specs/specification/machinelearningservices/resource-manager/Microsoft.MachineLearningServices/preview/2020-05-01-preview/machineLearningServices.json#/declarations/parameters/parameter/WebServiceTagsParameter"
}, {
  "http://a.ml/vocabularies/apiContract#binding": "path",
  "http://a.ml/vocabularies/apiContract#paramName": "subscriptionId",
  "http://a.ml/vocabularies/apiContract#required": "true",
  "http://a.ml/vocabularies/core#description": "Azure subscription identifier.",
  "http://a.ml/vocabularies/core#name": "SubscriptionIdParameter",
  "http://a.ml/vocabularies/shapes#schema": {
    "http://a.ml/vocabularies/core#description": "Azure subscription identifier.",
    "http://www.w3.org/ns/shacl#datatype": "http://www.w3.org/2001/XMLSchema#string",
    "http://www.w3.org/ns/shacl#name": "schema",
    "id": "file:///Users/abettati/sandbox/azure-rest-api-specs/specification/machinelearningservices/resource-manager/Microsoft.MachineLearningServices/preview/2020-05-01-preview/machineLearningServices.json#/declarations/parameters/parameter/SubscriptionIdParameter/scalar/schema"
  },
  "id": "file:///Users/abettati/sandbox/azure-rest-api-specs/specification/machinelearningservices/resource-manager/Microsoft.MachineLearningServices/preview/2020-05-01-preview/machineLearningServices.json#/declarations/parameters/parameter/SubscriptionIdParameter"
}, {
  "http://a.ml/vocabularies/apiContract#binding": "query",
  "http://a.ml/vocabularies/apiContract#paramName": "compute-type",
  "http://a.ml/vocabularies/apiContract#required": "false",
  "http://a.ml/vocabularies/core#description": "Type of compute to filter by.",
  "http://a.ml/vocabularies/core#name": "ComputeTypeParameter",
  "http://a.ml/vocabularies/document#customDomainProperties": [{
    "http://a.ml/vocabularies/core#extensionName": "ms-parameter-location",
    "http://a.ml/vocabularies/document#definedBy": {
      "http://a.ml/vocabularies/core#name": null,
      "id": "file:///Users/abettati/sandbox/azure-rest-api-specs/specification/machinelearningservices/resource-manager/Microsoft.MachineLearningServices/preview/2020-05-01-preview/machineLearningServices.json#/declarations/parameters/parameter/ComputeTypeParameter/ms-parameter-location"
    },
    "http://a.ml/vocabularies/document#extension": {
      "http://a.ml/vocabularies/core#name": null,
      "http://a.ml/vocabularies/data#value": null,
      "http://www.w3.org/ns/shacl#datatype": null,
      "id": "file:///Users/abettati/sandbox/azure-rest-api-specs/specification/machinelearningservices/resource-manager/Microsoft.MachineLearningServices/preview/2020-05-01-preview/machineLearningServices.json#/declarations/parameters/parameter/ComputeTypeParameter/ms-parameter-location/scalar_1"
    },
    "id": "file:///Users/abettati/sandbox/azure-rest-api-specs/specification/machinelearningservices/resource-manager/Microsoft.MachineLearningServices/preview/2020-05-01-preview/machineLearningServices.json#/declarations/parameters/parameter/ComputeTypeParameter/extension/ms-parameter-location"
  }],
  "http://a.ml/vocabularies/shapes#schema": {
    "http://a.ml/vocabularies/core#description": "Type of compute to filter by.",
    "http://a.ml/vocabularies/document#customDomainProperties": [{
      "http://a.ml/vocabularies/core#extensionName": null,
      "http://a.ml/vocabularies/document#definedBy": null,
      "http://a.ml/vocabularies/document#extension": null,
      "id": "file:///Users/abettati/sandbox/azure-rest-api-specs/specification/machinelearningservices/resource-manager/Microsoft.MachineLearningServices/preview/2020-05-01-preview/machineLearningServices.json#/declarations/parameters/parameter/ComputeTypeParameter/scalar/schema/extension/ms-parameter-location"
    }],
    "http://www.w3.org/ns/shacl#datatype": "http://www.w3.org/2001/XMLSchema#string",
    "http://www.w3.org/ns/shacl#name": "schema",
    "id": "file:///Users/abettati/sandbox/azure-rest-api-specs/specification/machinelearningservices/resource-manager/Microsoft.MachineLearningServices/preview/2020-05-01-preview/machineLearningServices.json#/declarations/parameters/parameter/ComputeTypeParameter/scalar/schema"
  },
  "id": "file:///Users/abettati/sandbox/azure-rest-api-specs/specification/machinelearningservices/resource-manager/Microsoft.MachineLearningServices/preview/2020-05-01-preview/machineLearningServices.json#/declarations/parameters/parameter/ComputeTypeParameter"
}, {
  "http://a.ml/vocabularies/apiContract#binding": "path",
  "http://a.ml/vocabularies/apiContract#paramName": "datasetName",
  "http://a.ml/vocabularies/apiContract#required": "true",
  "http://a.ml/vocabularies/core#description": "The Dataset name.",
  "http://a.ml/vocabularies/core#name": "DatasetNameParameter",
  "http://a.ml/vocabularies/document#customDomainProperties": [{
    "http://a.ml/vocabularies/core#extensionName": "ms-parameter-location",
    "http://a.ml/vocabularies/document#definedBy": {
      "http://a.ml/vocabularies/core#name": null,
      "id": "file:///Users/abettati/sandbox/azure-rest-api-specs/specification/machinelearningservices/resource-manager/Microsoft.MachineLearningServices/preview/2020-05-01-preview/machineLearningServices.json#/declarations/parameters/parameter/DatasetNameParameter/ms-parameter-location"
    },
    "http://a.ml/vocabularies/document#extension": {
      "http://a.ml/vocabularies/core#name": null,
      "http://a.ml/vocabularies/data#value": null,
      "http://www.w3.org/ns/shacl#datatype": null,
      "id": "file:///Users/abettati/sandbox/azure-rest-api-specs/specification/machinelearningservices/resource-manager/Microsoft.MachineLearningServices/preview/2020-05-01-preview/machineLearningServices.json#/declarations/parameters/parameter/DatasetNameParameter/ms-parameter-location/scalar_1"
    },
    "id": "file:///Users/abettati/sandbox/azure-rest-api-specs/specification/machinelearningservices/resource-manager/Microsoft.MachineLearningServices/preview/2020-05-01-preview/machineLearningServices.json#/declarations/parameters/parameter/DatasetNameParameter/extension/ms-parameter-location"
  }],
  "http://a.ml/vocabularies/shapes#schema": {
    "http://a.ml/vocabularies/core#description": "The Dataset name.",
    "http://a.ml/vocabularies/document#customDomainProperties": [{
      "http://a.ml/vocabularies/core#extensionName": null,
      "http://a.ml/vocabularies/document#definedBy": null,
      "http://a.ml/vocabularies/document#extension": null,
      "id": "file:///Users/abettati/sandbox/azure-rest-api-specs/specification/machinelearningservices/resource-manager/Microsoft.MachineLearningServices/preview/2020-05-01-preview/machineLearningServices.json#/declarations/parameters/parameter/DatasetNameParameter/scalar/schema/extension/ms-parameter-location"
    }],
    "http://www.w3.org/ns/shacl#datatype": "http://www.w3.org/2001/XMLSchema#string",
    "http://www.w3.org/ns/shacl#name": "schema",
    "id": "file:///Users/abettati/sandbox/azure-rest-api-specs/specification/machinelearningservices/resource-manager/Microsoft.MachineLearningServices/preview/2020-05-01-preview/machineLearningServices.json#/declarations/parameters/parameter/DatasetNameParameter/scalar/schema"
  },
  "id": "file:///Users/abettati/sandbox/azure-rest-api-specs/specification/machinelearningservices/resource-manager/Microsoft.MachineLearningServices/preview/2020-05-01-preview/machineLearningServices.json#/declarations/parameters/parameter/DatasetNameParameter"
}, {
  "http://a.ml/vocabularies/apiContract#binding": "query",
  "http://a.ml/vocabularies/apiContract#paramName": "orderby",
  "http://a.ml/vocabularies/apiContract#required": "false",
  "http://a.ml/vocabularies/core#description": "The option to order the response.",
  "http://a.ml/vocabularies/core#name": "WebServiceOrderByParameter",
  "http://a.ml/vocabularies/document#customDomainProperties": [{
    "http://a.ml/vocabularies/core#extensionName": "ms-enum",
    "http://a.ml/vocabularies/document#definedBy": {
      "http://a.ml/vocabularies/core#name": null,
      "id": "file:///Users/abettati/sandbox/azure-rest-api-specs/specification/machinelearningservices/resource-manager/Microsoft.MachineLearningServices/preview/2020-05-01-preview/machineLearningServices.json#/declarations/parameters/parameter/WebServiceOrderByParameter/ms-enum"
    },
    "http://a.ml/vocabularies/document#extension": {
      "http://a.ml/vocabularies/core#name": null,
      "http://a.ml/vocabularies/data#modelAsString": null,
      "http://a.ml/vocabularies/data#name": null,
      "id": "file:///Users/abettati/sandbox/azure-rest-api-specs/specification/machinelearningservices/resource-manager/Microsoft.MachineLearningServices/preview/2020-05-01-preview/machineLearningServices.json#/declarations/parameters/parameter/WebServiceOrderByParameter/ms-enum/object_1"
    },
    "id": "file:///Users/abettati/sandbox/azure-rest-api-specs/specification/machinelearningservices/resource-manager/Microsoft.MachineLearningServices/preview/2020-05-01-preview/machineLearningServices.json#/declarations/parameters/parameter/WebServiceOrderByParameter/extension/ms-enum"
  }, {
    "http://a.ml/vocabularies/core#extensionName": "ms-parameter-location",
    "http://a.ml/vocabularies/document#definedBy": {
      "http://a.ml/vocabularies/core#name": null,
      "id": "file:///Users/abettati/sandbox/azure-rest-api-specs/specification/machinelearningservices/resource-manager/Microsoft.MachineLearningServices/preview/2020-05-01-preview/machineLearningServices.json#/declarations/parameters/parameter/WebServiceOrderByParameter/ms-parameter-location"
    },
    "http://a.ml/vocabularies/document#extension": {
      "http://a.ml/vocabularies/core#name": null,
      "http://a.ml/vocabularies/data#value": null,
      "http://www.w3.org/ns/shacl#datatype": null,
      "id": "file:///Users/abettati/sandbox/azure-rest-api-specs/specification/machinelearningservices/resource-manager/Microsoft.MachineLearningServices/preview/2020-05-01-preview/machineLearningServices.json#/declarations/parameters/parameter/WebServiceOrderByParameter/ms-parameter-location/scalar_1"
    },
    "id": "file:///Users/abettati/sandbox/azure-rest-api-specs/specification/machinelearningservices/resource-manager/Microsoft.MachineLearningServices/preview/2020-05-01-preview/machineLearningServices.json#/declarations/parameters/parameter/WebServiceOrderByParameter/extension/ms-parameter-location"
  }],
  "http://a.ml/vocabularies/shapes#schema": {
    "http://a.ml/vocabularies/core#description": "The option to order the response.",
    "http://a.ml/vocabularies/document#customDomainProperties": [{
      "http://a.ml/vocabularies/core#extensionName": null,
      "http://a.ml/vocabularies/document#definedBy": null,
      "http://a.ml/vocabularies/document#extension": null,
      "id": "file:///Users/abettati/sandbox/azure-rest-api-specs/specification/machinelearningservices/resource-manager/Microsoft.MachineLearningServices/preview/2020-05-01-preview/machineLearningServices.json#/declarations/parameters/parameter/WebServiceOrderByParameter/scalar/schema/extension/ms-enum"
    }, {
      "http://a.ml/vocabularies/core#extensionName": null,
      "http://a.ml/vocabularies/document#definedBy": null,
      "http://a.ml/vocabularies/document#extension": null,
      "id": "file:///Users/abettati/sandbox/azure-rest-api-specs/specification/machinelearningservices/resource-manager/Microsoft.MachineLearningServices/preview/2020-05-01-preview/machineLearningServices.json#/declarations/parameters/parameter/WebServiceOrderByParameter/scalar/schema/extension/ms-parameter-location"
    }],
    "http://www.w3.org/ns/shacl#datatype": "http://www.w3.org/2001/XMLSchema#string",
    "http://www.w3.org/ns/shacl#defaultValue": {
      "http://a.ml/vocabularies/core#name": "scalar_1",
      "http://a.ml/vocabularies/data#value": "UpdatedAtDesc",
      "http://www.w3.org/ns/shacl#datatype": "http://www.w3.org/2001/XMLSchema#string",
      "id": "file:///Users/abettati/sandbox/azure-rest-api-specs/specification/machinelearningservices/resource-manager/Microsoft.MachineLearningServices/preview/2020-05-01-preview/machineLearningServices.json#/declarations/parameters/parameter/WebServiceOrderByParameter/scalar/schema/scalar_1"
    },
    "http://www.w3.org/ns/shacl#defaultValueStr": "UpdatedAtDesc",
    "http://www.w3.org/ns/shacl#in": [{
      "http://a.ml/vocabularies/core#name": null,
      "http://a.ml/vocabularies/data#value": null,
      "http://www.w3.org/ns/shacl#datatype": null,
      "id": "file:///Users/abettati/sandbox/azure-rest-api-specs/specification/machinelearningservices/resource-manager/Microsoft.MachineLearningServices/preview/2020-05-01-preview/machineLearningServices.json#/declarations/parameters/parameter/WebServiceOrderByParameter/scalar/schema/enum/scalar_1"
    }, {
      "http://a.ml/vocabularies/core#name": null,
      "http://a.ml/vocabularies/data#value": null,
      "http://www.w3.org/ns/shacl#datatype": null,
      "id": "file:///Users/abettati/sandbox/azure-rest-api-specs/specification/machinelearningservices/resource-manager/Microsoft.MachineLearningServices/preview/2020-05-01-preview/machineLearningServices.json#/declarations/parameters/parameter/WebServiceOrderByParameter/scalar/schema/enum/scalar_2"
    }, {
      "http://a.ml/vocabularies/core#name": null,
      "http://a.ml/vocabularies/data#value": null,
      "http://www.w3.org/ns/shacl#datatype": null,
      "id": "file:///Users/abettati/sandbox/azure-rest-api-specs/specification/machinelearningservices/resource-manager/Microsoft.MachineLearningServices/preview/2020-05-01-preview/machineLearningServices.json#/declarations/parameters/parameter/WebServiceOrderByParameter/scalar/schema/enum/scalar_3"
    }, {
      "http://a.ml/vocabularies/core#name": null,
      "http://a.ml/vocabularies/data#value": null,
      "http://www.w3.org/ns/shacl#datatype": null,
      "id": "file:///Users/abettati/sandbox/azure-rest-api-specs/specification/machinelearningservices/resource-manager/Microsoft.MachineLearningServices/preview/2020-05-01-preview/machineLearningServices.json#/declarations/parameters/parameter/WebServiceOrderByParameter/scalar/schema/enum/scalar_4"
    }],
    "http://www.w3.org/ns/shacl#name": "schema",
    "id": "file:///Users/abettati/sandbox/azure-rest-api-specs/specification/machinelearningservices/resource-manager/Microsoft.MachineLearningServices/preview/2020-05-01-preview/machineLearningServices.json#/declarations/parameters/parameter/WebServiceOrderByParameter/scalar/schema"
  },
  "id": "file:///Users/abettati/sandbox/azure-rest-api-specs/specification/machinelearningservices/resource-manager/Microsoft.MachineLearningServices/preview/2020-05-01-preview/machineLearningServices.json#/declarations/parameters/parameter/WebServiceOrderByParameter"
}, {
  "http://a.ml/vocabularies/apiContract#binding": "query",
  "http://a.ml/vocabularies/apiContract#paramName": "count",
  "http://a.ml/vocabularies/apiContract#required": "false",
  "http://a.ml/vocabularies/core#description": "The number of items to retrieve in a page.",
  "http://a.ml/vocabularies/core#name": "WebServiceCountParameter",
  "http://a.ml/vocabularies/document#customDomainProperties": [{
    "http://a.ml/vocabularies/core#extensionName": "ms-parameter-location",
    "http://a.ml/vocabularies/document#definedBy": {
      "http://a.ml/vocabularies/core#name": null,
      "id": "file:///Users/abettati/sandbox/azure-rest-api-specs/specification/machinelearningservices/resource-manager/Microsoft.MachineLearningServices/preview/2020-05-01-preview/machineLearningServices.json#/declarations/parameters/parameter/WebServiceCountParameter/ms-parameter-location"
    },
    "http://a.ml/vocabularies/document#extension": {
      "http://a.ml/vocabularies/core#name": null,
      "http://a.ml/vocabularies/data#value": null,
      "http://www.w3.org/ns/shacl#datatype": null,
      "id": "file:///Users/abettati/sandbox/azure-rest-api-specs/specification/machinelearningservices/resource-manager/Microsoft.MachineLearningServices/preview/2020-05-01-preview/machineLearningServices.json#/declarations/parameters/parameter/WebServiceCountParameter/ms-parameter-location/scalar_1"
    },
    "id": "file:///Users/abettati/sandbox/azure-rest-api-specs/specification/machinelearningservices/resource-manager/Microsoft.MachineLearningServices/preview/2020-05-01-preview/machineLearningServices.json#/declarations/parameters/parameter/WebServiceCountParameter/extension/ms-parameter-location"
  }],
  "http://a.ml/vocabularies/shapes#schema": {
    "http://a.ml/vocabularies/core#description": "The number of items to retrieve in a page.",
    "http://a.ml/vocabularies/document#customDomainProperties": [{
      "http://a.ml/vocabularies/core#extensionName": null,
      "http://a.ml/vocabularies/document#definedBy": null,
      "http://a.ml/vocabularies/document#extension": null,
      "id": "file:///Users/abettati/sandbox/azure-rest-api-specs/specification/machinelearningservices/resource-manager/Microsoft.MachineLearningServices/preview/2020-05-01-preview/machineLearningServices.json#/declarations/parameters/parameter/WebServiceCountParameter/scalar/schema/extension/ms-parameter-location"
    }],
    "http://a.ml/vocabularies/shapes#format": "int32",
    "http://www.w3.org/ns/shacl#datatype": "http://www.w3.org/2001/XMLSchema#integer",
    "http://www.w3.org/ns/shacl#name": "schema",
    "id": "file:///Users/abettati/sandbox/azure-rest-api-specs/specification/machinelearningservices/resource-manager/Microsoft.MachineLearningServices/preview/2020-05-01-preview/machineLearningServices.json#/declarations/parameters/parameter/WebServiceCountParameter/scalar/schema"
  },
  "id": "file:///Users/abettati/sandbox/azure-rest-api-specs/specification/machinelearningservices/resource-manager/Microsoft.MachineLearningServices/preview/2020-05-01-preview/machineLearningServices.json#/declarations/parameters/parameter/WebServiceCountParameter"
}, {
  "http://a.ml/vocabularies/apiContract#binding": "query",
  "http://a.ml/vocabularies/apiContract#paramName": "api-version",
  "http://a.ml/vocabularies/apiContract#required": "true",
  "http://a.ml/vocabularies/core#description": "Version of Azure Machine Learning resource provider API.",
  "http://a.ml/vocabularies/core#name": "APIVersionParameter",
  "http://a.ml/vocabularies/shapes#schema": {
    "http://a.ml/vocabularies/core#description": "Version of Azure Machine Learning resource provider API.",
    "http://www.w3.org/ns/shacl#datatype": "http://www.w3.org/2001/XMLSchema#string",
    "http://www.w3.org/ns/shacl#name": "schema",
    "id": "file:///Users/abettati/sandbox/azure-rest-api-specs/specification/machinelearningservices/resource-manager/Microsoft.MachineLearningServices/preview/2020-05-01-preview/machineLearningServices.json#/declarations/parameters/parameter/APIVersionParameter/scalar/schema"
  },
  "id": "file:///Users/abettati/sandbox/azure-rest-api-specs/specification/machinelearningservices/resource-manager/Microsoft.MachineLearningServices/preview/2020-05-01-preview/machineLearningServices.json#/declarations/parameters/parameter/APIVersionParameter"
}, {
  "http://a.ml/vocabularies/apiContract#binding": "query",
  "http://a.ml/vocabularies/apiContract#paramName": "$skiptoken",
  "http://a.ml/vocabularies/apiContract#required": "false",
  "http://a.ml/vocabularies/core#description": "Continuation token for pagination.",
  "http://a.ml/vocabularies/core#name": "PaginationParameter",
  "http://a.ml/vocabularies/document#customDomainProperties": [{
    "http://a.ml/vocabularies/core#extensionName": "ms-parameter-location",
    "http://a.ml/vocabularies/document#definedBy": {
      "http://a.ml/vocabularies/core#name": null,
      "id": "file:///Users/abettati/sandbox/azure-rest-api-specs/specification/machinelearningservices/resource-manager/Microsoft.MachineLearningServices/preview/2020-05-01-preview/machineLearningServices.json#/declarations/parameters/parameter/PaginationParameter/ms-parameter-location"
    },
    "http://a.ml/vocabularies/document#extension": {
      "http://a.ml/vocabularies/core#name": null,
      "http://a.ml/vocabularies/data#value": null,
      "http://www.w3.org/ns/shacl#datatype": null,
      "id": "file:///Users/abettati/sandbox/azure-rest-api-specs/specification/machinelearningservices/resource-manager/Microsoft.MachineLearningServices/preview/2020-05-01-preview/machineLearningServices.json#/declarations/parameters/parameter/PaginationParameter/ms-parameter-location/scalar_1"
    },
    "id": "file:///Users/abettati/sandbox/azure-rest-api-specs/specification/machinelearningservices/resource-manager/Microsoft.MachineLearningServices/preview/2020-05-01-preview/machineLearningServices.json#/declarations/parameters/parameter/PaginationParameter/extension/ms-parameter-location"
  }],
  "http://a.ml/vocabularies/shapes#schema": {
    "http://a.ml/vocabularies/core#description": "Continuation token for pagination.",
    "http://a.ml/vocabularies/document#customDomainProperties": [{
      "http://a.ml/vocabularies/core#extensionName": null,
      "http://a.ml/vocabularies/document#definedBy": null,
      "http://a.ml/vocabularies/document#extension": null,
      "id": "file:///Users/abettati/sandbox/azure-rest-api-specs/specification/machinelearningservices/resource-manager/Microsoft.MachineLearningServices/preview/2020-05-01-preview/machineLearningServices.json#/declarations/parameters/parameter/PaginationParameter/scalar/schema/extension/ms-parameter-location"
    }],
    "http://www.w3.org/ns/shacl#datatype": "http://www.w3.org/2001/XMLSchema#string",
    "http://www.w3.org/ns/shacl#name": "schema",
    "id": "file:///Users/abettati/sandbox/azure-rest-api-specs/specification/machinelearningservices/resource-manager/Microsoft.MachineLearningServices/preview/2020-05-01-preview/machineLearningServices.json#/declarations/parameters/parameter/PaginationParameter/scalar/schema"
  },
  "id": "file:///Users/abettati/sandbox/azure-rest-api-specs/specification/machinelearningservices/resource-manager/Microsoft.MachineLearningServices/preview/2020-05-01-preview/machineLearningServices.json#/declarations/parameters/parameter/PaginationParameter"
}, {
  "http://a.ml/vocabularies/apiContract#binding": "path",
  "http://a.ml/vocabularies/apiContract#paramName": "computeName",
  "http://a.ml/vocabularies/apiContract#required": "true",
  "http://a.ml/vocabularies/core#description": "Name of the Azure Machine Learning compute.",
  "http://a.ml/vocabularies/core#name": "ComputeNameParameter",
  "http://a.ml/vocabularies/document#customDomainProperties": [{
    "http://a.ml/vocabularies/core#extensionName": "ms-parameter-location",
    "http://a.ml/vocabularies/document#definedBy": {
      "http://a.ml/vocabularies/core#name": null,
      "id": "file:///Users/abettati/sandbox/azure-rest-api-specs/specification/machinelearningservices/resource-manager/Microsoft.MachineLearningServices/preview/2020-05-01-preview/machineLearningServices.json#/declarations/parameters/parameter/ComputeNameParameter/ms-parameter-location"
    },
    "http://a.ml/vocabularies/document#extension": {
      "http://a.ml/vocabularies/core#name": null,
      "http://a.ml/vocabularies/data#value": null,
      "http://www.w3.org/ns/shacl#datatype": null,
      "id": "file:///Users/abettati/sandbox/azure-rest-api-specs/specification/machinelearningservices/resource-manager/Microsoft.MachineLearningServices/preview/2020-05-01-preview/machineLearningServices.json#/declarations/parameters/parameter/ComputeNameParameter/ms-parameter-location/scalar_1"
    },
    "id": "file:///Users/abettati/sandbox/azure-rest-api-specs/specification/machinelearningservices/resource-manager/Microsoft.MachineLearningServices/preview/2020-05-01-preview/machineLearningServices.json#/declarations/parameters/parameter/ComputeNameParameter/extension/ms-parameter-location"
  }],
  "http://a.ml/vocabularies/shapes#schema": {
    "http://a.ml/vocabularies/core#description": "Name of the Azure Machine Learning compute.",
    "http://a.ml/vocabularies/document#customDomainProperties": [{
      "http://a.ml/vocabularies/core#extensionName": null,
      "http://a.ml/vocabularies/document#definedBy": null,
      "http://a.ml/vocabularies/document#extension": null,
      "id": "file:///Users/abettati/sandbox/azure-rest-api-specs/specification/machinelearningservices/resource-manager/Microsoft.MachineLearningServices/preview/2020-05-01-preview/machineLearningServices.json#/declarations/parameters/parameter/ComputeNameParameter/scalar/schema/extension/ms-parameter-location"
    }],
    "http://www.w3.org/ns/shacl#datatype": "http://www.w3.org/2001/XMLSchema#string",
    "http://www.w3.org/ns/shacl#name": "schema",
    "id": "file:///Users/abettati/sandbox/azure-rest-api-specs/specification/machinelearningservices/resource-manager/Microsoft.MachineLearningServices/preview/2020-05-01-preview/machineLearningServices.json#/declarations/parameters/parameter/ComputeNameParameter/scalar/schema"
  },
  "id": "file:///Users/abettati/sandbox/azure-rest-api-specs/specification/machinelearningservices/resource-manager/Microsoft.MachineLearningServices/preview/2020-05-01-preview/machineLearningServices.json#/declarations/parameters/parameter/ComputeNameParameter"
}, {
  "http://a.ml/vocabularies/apiContract#binding": "path",
  "http://a.ml/vocabularies/apiContract#paramName": "asyncOperationId",
  "http://a.ml/vocabularies/apiContract#required": "true",
  "http://a.ml/vocabularies/core#description": "Identifier of an asynchronous Azure Machine Learning compute operation.",
  "http://a.ml/vocabularies/core#name": "AsyncOperationIdParameter",
  "http://a.ml/vocabularies/document#customDomainProperties": [{
    "http://a.ml/vocabularies/core#extensionName": "ms-parameter-location",
    "http://a.ml/vocabularies/document#definedBy": {
      "http://a.ml/vocabularies/core#name": null,
      "id": "file:///Users/abettati/sandbox/azure-rest-api-specs/specification/machinelearningservices/resource-manager/Microsoft.MachineLearningServices/preview/2020-05-01-preview/machineLearningServices.json#/declarations/parameters/parameter/AsyncOperationIdParameter/ms-parameter-location"
    },
    "http://a.ml/vocabularies/document#extension": {
      "http://a.ml/vocabularies/core#name": null,
      "http://a.ml/vocabularies/data#value": null,
      "http://www.w3.org/ns/shacl#datatype": null,
      "id": "file:///Users/abettati/sandbox/azure-rest-api-specs/specification/machinelearningservices/resource-manager/Microsoft.MachineLearningServices/preview/2020-05-01-preview/machineLearningServices.json#/declarations/parameters/parameter/AsyncOperationIdParameter/ms-parameter-location/scalar_1"
    },
    "id": "file:///Users/abettati/sandbox/azure-rest-api-specs/specification/machinelearningservices/resource-manager/Microsoft.MachineLearningServices/preview/2020-05-01-preview/machineLearningServices.json#/declarations/parameters/parameter/AsyncOperationIdParameter/extension/ms-parameter-location"
  }],
  "http://a.ml/vocabularies/shapes#schema": {
    "http://a.ml/vocabularies/core#description": "Identifier of an asynchronous Azure Machine Learning compute operation.",
    "http://a.ml/vocabularies/document#customDomainProperties": [{
      "http://a.ml/vocabularies/core#extensionName": null,
      "http://a.ml/vocabularies/document#definedBy": null,
      "http://a.ml/vocabularies/document#extension": null,
      "id": "file:///Users/abettati/sandbox/azure-rest-api-specs/specification/machinelearningservices/resource-manager/Microsoft.MachineLearningServices/preview/2020-05-01-preview/machineLearningServices.json#/declarations/parameters/parameter/AsyncOperationIdParameter/scalar/schema/extension/ms-parameter-location"
    }],
    "http://www.w3.org/ns/shacl#datatype": "http://www.w3.org/2001/XMLSchema#string",
    "http://www.w3.org/ns/shacl#name": "schema",
    "id": "file:///Users/abettati/sandbox/azure-rest-api-specs/specification/machinelearningservices/resource-manager/Microsoft.MachineLearningServices/preview/2020-05-01-preview/machineLearningServices.json#/declarations/parameters/parameter/AsyncOperationIdParameter/scalar/schema"
  },
  "id": "file:///Users/abettati/sandbox/azure-rest-api-specs/specification/machinelearningservices/resource-manager/Microsoft.MachineLearningServices/preview/2020-05-01-preview/machineLearningServices.json#/declarations/parameters/parameter/AsyncOperationIdParameter"
}, {
  "http://a.ml/vocabularies/apiContract#binding": "path",
  "http://a.ml/vocabularies/apiContract#paramName": "location",
  "http://a.ml/vocabularies/apiContract#required": "true",
  "http://a.ml/vocabularies/core#description": "The name of the Azure location/region.",
  "http://a.ml/vocabularies/core#name": "LocationParameter",
  "http://a.ml/vocabularies/document#customDomainProperties": [{
    "http://a.ml/vocabularies/core#extensionName": "ms-parameter-location",
    "http://a.ml/vocabularies/document#definedBy": {
      "http://a.ml/vocabularies/core#name": null,
      "id": "file:///Users/abettati/sandbox/azure-rest-api-specs/specification/machinelearningservices/resource-manager/Microsoft.MachineLearningServices/preview/2020-05-01-preview/machineLearningServices.json#/declarations/parameters/parameter/LocationParameter/ms-parameter-location"
    },
    "http://a.ml/vocabularies/document#extension": {
      "http://a.ml/vocabularies/core#name": null,
      "http://a.ml/vocabularies/data#value": null,
      "http://www.w3.org/ns/shacl#datatype": null,
      "id": "file:///Users/abettati/sandbox/azure-rest-api-specs/specification/machinelearningservices/resource-manager/Microsoft.MachineLearningServices/preview/2020-05-01-preview/machineLearningServices.json#/declarations/parameters/parameter/LocationParameter/ms-parameter-location/scalar_1"
    },
    "id": "file:///Users/abettati/sandbox/azure-rest-api-specs/specification/machinelearningservices/resource-manager/Microsoft.MachineLearningServices/preview/2020-05-01-preview/machineLearningServices.json#/declarations/parameters/parameter/LocationParameter/extension/ms-parameter-location"
  }],
  "http://a.ml/vocabularies/shapes#schema": {
    "http://a.ml/vocabularies/core#description": "The name of the Azure location/region.",
    "http://a.ml/vocabularies/document#customDomainProperties": [{
      "http://a.ml/vocabularies/core#extensionName": null,
      "http://a.ml/vocabularies/document#definedBy": null,
      "http://a.ml/vocabularies/document#extension": null,
      "id": "file:///Users/abettati/sandbox/azure-rest-api-specs/specification/machinelearningservices/resource-manager/Microsoft.MachineLearningServices/preview/2020-05-01-preview/machineLearningServices.json#/declarations/parameters/parameter/LocationParameter/scalar/schema/extension/ms-parameter-location"
    }],
    "http://www.w3.org/ns/shacl#datatype": "http://www.w3.org/2001/XMLSchema#string",
    "http://www.w3.org/ns/shacl#name": "schema",
    "id": "file:///Users/abettati/sandbox/azure-rest-api-specs/specification/machinelearningservices/resource-manager/Microsoft.MachineLearningServices/preview/2020-05-01-preview/machineLearningServices.json#/declarations/parameters/parameter/LocationParameter/scalar/schema"
  },
  "id": "file:///Users/abettati/sandbox/azure-rest-api-specs/specification/machinelearningservices/resource-manager/Microsoft.MachineLearningServices/preview/2020-05-01-preview/machineLearningServices.json#/declarations/parameters/parameter/LocationParameter"
}, {
  "http://a.ml/vocabularies/apiContract#binding": "query",
  "http://a.ml/vocabularies/apiContract#paramName": "runId",
  "http://a.ml/vocabularies/apiContract#required": "false",
  "http://a.ml/vocabularies/core#description": "runId for model associated with service.",
  "http://a.ml/vocabularies/core#name": "WebServiceRunIdParameter",
  "http://a.ml/vocabularies/document#customDomainProperties": [{
    "http://a.ml/vocabularies/core#extensionName": "ms-parameter-location",
    "http://a.ml/vocabularies/document#definedBy": {
      "http://a.ml/vocabularies/core#name": null,
      "id": "file:///Users/abettati/sandbox/azure-rest-api-specs/specification/machinelearningservices/resource-manager/Microsoft.MachineLearningServices/preview/2020-05-01-preview/machineLearningServices.json#/declarations/parameters/parameter/WebServiceRunIdParameter/ms-parameter-location"
    },
    "http://a.ml/vocabularies/document#extension": {
      "http://a.ml/vocabularies/core#name": null,
      "http://a.ml/vocabularies/data#value": null,
      "http://www.w3.org/ns/shacl#datatype": null,
      "id": "file:///Users/abettati/sandbox/azure-rest-api-specs/specification/machinelearningservices/resource-manager/Microsoft.MachineLearningServices/preview/2020-05-01-preview/machineLearningServices.json#/declarations/parameters/parameter/WebServiceRunIdParameter/ms-parameter-location/scalar_1"
    },
    "id": "file:///Users/abettati/sandbox/azure-rest-api-specs/specification/machinelearningservices/resource-manager/Microsoft.MachineLearningServices/preview/2020-05-01-preview/machineLearningServices.json#/declarations/parameters/parameter/WebServiceRunIdParameter/extension/ms-parameter-location"
  }],
  "http://a.ml/vocabularies/shapes#schema": {
    "http://a.ml/vocabularies/core#description": "runId for model associated with service.",
    "http://a.ml/vocabularies/document#customDomainProperties": [{
      "http://a.ml/vocabularies/core#extensionName": null,
      "http://a.ml/vocabularies/document#definedBy": null,
      "http://a.ml/vocabularies/document#extension": null,
      "id": "file:///Users/abettati/sandbox/azure-rest-api-specs/specification/machinelearningservices/resource-manager/Microsoft.MachineLearningServices/preview/2020-05-01-preview/machineLearningServices.json#/declarations/parameters/parameter/WebServiceRunIdParameter/scalar/schema/extension/ms-parameter-location"
    }],
    "http://www.w3.org/ns/shacl#datatype": "http://www.w3.org/2001/XMLSchema#string",
    "http://www.w3.org/ns/shacl#name": "schema",
    "id": "file:///Users/abettati/sandbox/azure-rest-api-specs/specification/machinelearningservices/resource-manager/Microsoft.MachineLearningServices/preview/2020-05-01-preview/machineLearningServices.json#/declarations/parameters/parameter/WebServiceRunIdParameter/scalar/schema"
  },
  "id": "file:///Users/abettati/sandbox/azure-rest-api-specs/specification/machinelearningservices/resource-manager/Microsoft.MachineLearningServices/preview/2020-05-01-preview/machineLearningServices.json#/declarations/parameters/parameter/WebServiceRunIdParameter"
}, {
  "http://a.ml/vocabularies/apiContract#binding": "query",
  "http://a.ml/vocabularies/apiContract#paramName": "modelId",
  "http://a.ml/vocabularies/apiContract#required": "false",
  "http://a.ml/vocabularies/core#description": "The Model Id.",
  "http://a.ml/vocabularies/core#name": "ModelIdParameter",
  "http://a.ml/vocabularies/document#customDomainProperties": [{
    "http://a.ml/vocabularies/core#extensionName": "ms-parameter-location",
    "http://a.ml/vocabularies/document#definedBy": {
      "http://a.ml/vocabularies/core#name": null,
      "id": "file:///Users/abettati/sandbox/azure-rest-api-specs/specification/machinelearningservices/resource-manager/Microsoft.MachineLearningServices/preview/2020-05-01-preview/machineLearningServices.json#/declarations/parameters/parameter/ModelIdParameter/ms-parameter-location"
    },
    "http://a.ml/vocabularies/document#extension": {
      "http://a.ml/vocabularies/core#name": null,
      "http://a.ml/vocabularies/data#value": null,
      "http://www.w3.org/ns/shacl#datatype": null,
      "id": "file:///Users/abettati/sandbox/azure-rest-api-specs/specification/machinelearningservices/resource-manager/Microsoft.MachineLearningServices/preview/2020-05-01-preview/machineLearningServices.json#/declarations/parameters/parameter/ModelIdParameter/ms-parameter-location/scalar_1"
    },
    "id": "file:///Users/abettati/sandbox/azure-rest-api-specs/specification/machinelearningservices/resource-manager/Microsoft.MachineLearningServices/preview/2020-05-01-preview/machineLearningServices.json#/declarations/parameters/parameter/ModelIdParameter/extension/ms-parameter-location"
  }],
  "http://a.ml/vocabularies/shapes#schema": {
    "http://a.ml/vocabularies/core#description": "The Model Id.",
    "http://a.ml/vocabularies/document#customDomainProperties": [{
      "http://a.ml/vocabularies/core#extensionName": null,
      "http://a.ml/vocabularies/document#definedBy": null,
      "http://a.ml/vocabularies/document#extension": null,
      "id": "file:///Users/abettati/sandbox/azure-rest-api-specs/specification/machinelearningservices/resource-manager/Microsoft.MachineLearningServices/preview/2020-05-01-preview/machineLearningServices.json#/declarations/parameters/parameter/ModelIdParameter/scalar/schema/extension/ms-parameter-location"
    }],
    "http://www.w3.org/ns/shacl#datatype": "http://www.w3.org/2001/XMLSchema#string",
    "http://www.w3.org/ns/shacl#name": "schema",
    "id": "file:///Users/abettati/sandbox/azure-rest-api-specs/specification/machinelearningservices/resource-manager/Microsoft.MachineLearningServices/preview/2020-05-01-preview/machineLearningServices.json#/declarations/parameters/parameter/ModelIdParameter/scalar/schema"
  },
  "id": "file:///Users/abettati/sandbox/azure-rest-api-specs/specification/machinelearningservices/resource-manager/Microsoft.MachineLearningServices/preview/2020-05-01-preview/machineLearningServices.json#/declarations/parameters/parameter/ModelIdParameter"
}, {
  "http://a.ml/vocabularies/apiContract#binding": "path",
  "http://a.ml/vocabularies/apiContract#paramName": "linkName",
  "http://a.ml/vocabularies/apiContract#required": "true",
  "http://a.ml/vocabularies/core#description": "Friendly name of the linked workspace",
  "http://a.ml/vocabularies/core#name": "LinkName",
  "http://a.ml/vocabularies/document#customDomainProperties": [{
    "http://a.ml/vocabularies/core#extensionName": "ms-parameter-location",
    "http://a.ml/vocabularies/document#definedBy": {
      "http://a.ml/vocabularies/core#name": null,
      "id": "file:///Users/abettati/sandbox/azure-rest-api-specs/specification/machinelearningservices/resource-manager/Microsoft.MachineLearningServices/preview/2020-05-01-preview/machineLearningServices.json#/declarations/parameters/parameter/LinkName/ms-parameter-location"
    },
    "http://a.ml/vocabularies/document#extension": {
      "http://a.ml/vocabularies/core#name": null,
      "http://a.ml/vocabularies/data#value": null,
      "http://www.w3.org/ns/shacl#datatype": null,
      "id": "file:///Users/abettati/sandbox/azure-rest-api-specs/specification/machinelearningservices/resource-manager/Microsoft.MachineLearningServices/preview/2020-05-01-preview/machineLearningServices.json#/declarations/parameters/parameter/LinkName/ms-parameter-location/scalar_1"
    },
    "id": "file:///Users/abettati/sandbox/azure-rest-api-specs/specification/machinelearningservices/resource-manager/Microsoft.MachineLearningServices/preview/2020-05-01-preview/machineLearningServices.json#/declarations/parameters/parameter/LinkName/extension/ms-parameter-location"
  }],
  "http://a.ml/vocabularies/shapes#schema": {
    "http://a.ml/vocabularies/core#description": "Friendly name of the linked workspace",
    "http://a.ml/vocabularies/document#customDomainProperties": [{
      "http://a.ml/vocabularies/core#extensionName": null,
      "http://a.ml/vocabularies/document#definedBy": null,
      "http://a.ml/vocabularies/document#extension": null,
      "id": "file:///Users/abettati/sandbox/azure-rest-api-specs/specification/machinelearningservices/resource-manager/Microsoft.MachineLearningServices/preview/2020-05-01-preview/machineLearningServices.json#/declarations/parameters/parameter/LinkName/scalar/schema/extension/ms-parameter-location"
    }],
    "http://www.w3.org/ns/shacl#datatype": "http://www.w3.org/2001/XMLSchema#string",
    "http://www.w3.org/ns/shacl#name": "schema",
    "id": "file:///Users/abettati/sandbox/azure-rest-api-specs/specification/machinelearningservices/resource-manager/Microsoft.MachineLearningServices/preview/2020-05-01-preview/machineLearningServices.json#/declarations/parameters/parameter/LinkName/scalar/schema"
  },
  "id": "file:///Users/abettati/sandbox/azure-rest-api-specs/specification/machinelearningservices/resource-manager/Microsoft.MachineLearningServices/preview/2020-05-01-preview/machineLearningServices.json#/declarations/parameters/parameter/LinkName"
}, {
  "http://a.ml/vocabularies/apiContract#binding": "path",
  "http://a.ml/vocabularies/apiContract#paramName": "resourceGroupName",
  "http://a.ml/vocabularies/apiContract#required": "true",
  "http://a.ml/vocabularies/core#description": "Name of the resource group in which workspace is located.",
  "http://a.ml/vocabularies/core#name": "ResourceGroupNameParameter",
  "http://a.ml/vocabularies/document#customDomainProperties": [{
    "http://a.ml/vocabularies/core#extensionName": "ms-parameter-location",
    "http://a.ml/vocabularies/document#definedBy": {
      "http://a.ml/vocabularies/core#name": null,
      "id": "file:///Users/abettati/sandbox/azure-rest-api-specs/specification/machinelearningservices/resource-manager/Microsoft.MachineLearningServices/preview/2020-05-01-preview/machineLearningServices.json#/declarations/parameters/parameter/ResourceGroupNameParameter/ms-parameter-location"
    },
    "http://a.ml/vocabularies/document#extension": {
      "http://a.ml/vocabularies/core#name": null,
      "http://a.ml/vocabularies/data#value": null,
      "http://www.w3.org/ns/shacl#datatype": null,
      "id": "file:///Users/abettati/sandbox/azure-rest-api-specs/specification/machinelearningservices/resource-manager/Microsoft.MachineLearningServices/preview/2020-05-01-preview/machineLearningServices.json#/declarations/parameters/parameter/ResourceGroupNameParameter/ms-parameter-location/scalar_1"
    },
    "id": "file:///Users/abettati/sandbox/azure-rest-api-specs/specification/machinelearningservices/resource-manager/Microsoft.MachineLearningServices/preview/2020-05-01-preview/machineLearningServices.json#/declarations/parameters/parameter/ResourceGroupNameParameter/extension/ms-parameter-location"
  }],
  "http://a.ml/vocabularies/shapes#schema": {
    "http://a.ml/vocabularies/core#description": "Name of the resource group in which workspace is located.",
    "http://a.ml/vocabularies/document#customDomainProperties": [{
      "http://a.ml/vocabularies/core#extensionName": null,
      "http://a.ml/vocabularies/document#definedBy": null,
      "http://a.ml/vocabularies/document#extension": null,
      "id": "file:///Users/abettati/sandbox/azure-rest-api-specs/specification/machinelearningservices/resource-manager/Microsoft.MachineLearningServices/preview/2020-05-01-preview/machineLearningServices.json#/declarations/parameters/parameter/ResourceGroupNameParameter/scalar/schema/extension/ms-parameter-location"
    }],
    "http://www.w3.org/ns/shacl#datatype": "http://www.w3.org/2001/XMLSchema#string",
    "http://www.w3.org/ns/shacl#name": "schema",
    "id": "file:///Users/abettati/sandbox/azure-rest-api-specs/specification/machinelearningservices/resource-manager/Microsoft.MachineLearningServices/preview/2020-05-01-preview/machineLearningServices.json#/declarations/parameters/parameter/ResourceGroupNameParameter/scalar/schema"
  },
  "id": "file:///Users/abettati/sandbox/azure-rest-api-specs/specification/machinelearningservices/resource-manager/Microsoft.MachineLearningServices/preview/2020-05-01-preview/machineLearningServices.json#/declarations/parameters/parameter/ResourceGroupNameParameter"
}, {
  "http://a.ml/vocabularies/apiContract#binding": "path",
  "http://a.ml/vocabularies/apiContract#paramName": "workspaceName",
  "http://a.ml/vocabularies/apiContract#required": "true",
  "http://a.ml/vocabularies/core#description": "Name of Azure Machine Learning workspace.",
  "http://a.ml/vocabularies/core#name": "WorkspaceNameParameter",
  "http://a.ml/vocabularies/document#customDomainProperties": [{
    "http://a.ml/vocabularies/core#extensionName": "ms-parameter-location",
    "http://a.ml/vocabularies/document#definedBy": {
      "http://a.ml/vocabularies/core#name": null,
      "id": "file:///Users/abettati/sandbox/azure-rest-api-specs/specification/machinelearningservices/resource-manager/Microsoft.MachineLearningServices/preview/2020-05-01-preview/machineLearningServices.json#/declarations/parameters/parameter/WorkspaceNameParameter/ms-parameter-location"
    },
    "http://a.ml/vocabularies/document#extension": {
      "http://a.ml/vocabularies/core#name": null,
      "http://a.ml/vocabularies/data#value": null,
      "http://www.w3.org/ns/shacl#datatype": null,
      "id": "file:///Users/abettati/sandbox/azure-rest-api-specs/specification/machinelearningservices/resource-manager/Microsoft.MachineLearningServices/preview/2020-05-01-preview/machineLearningServices.json#/declarations/parameters/parameter/WorkspaceNameParameter/ms-parameter-location/scalar_1"
    },
    "id": "file:///Users/abettati/sandbox/azure-rest-api-specs/specification/machinelearningservices/resource-manager/Microsoft.MachineLearningServices/preview/2020-05-01-preview/machineLearningServices.json#/declarations/parameters/parameter/WorkspaceNameParameter/extension/ms-parameter-location"
  }],
  "http://a.ml/vocabularies/shapes#schema": {
    "http://a.ml/vocabularies/core#description": "Name of Azure Machine Learning workspace.",
    "http://a.ml/vocabularies/document#customDomainProperties": [{
      "http://a.ml/vocabularies/core#extensionName": null,
      "http://a.ml/vocabularies/document#definedBy": null,
      "http://a.ml/vocabularies/document#extension": null,
      "id": "file:///Users/abettati/sandbox/azure-rest-api-specs/specification/machinelearningservices/resource-manager/Microsoft.MachineLearningServices/preview/2020-05-01-preview/machineLearningServices.json#/declarations/parameters/parameter/WorkspaceNameParameter/scalar/schema/extension/ms-parameter-location"
    }],
    "http://www.w3.org/ns/shacl#datatype": "http://www.w3.org/2001/XMLSchema#string",
    "http://www.w3.org/ns/shacl#name": "schema",
    "id": "file:///Users/abettati/sandbox/azure-rest-api-specs/specification/machinelearningservices/resource-manager/Microsoft.MachineLearningServices/preview/2020-05-01-preview/machineLearningServices.json#/declarations/parameters/parameter/WorkspaceNameParameter/scalar/schema"
  },
  "id": "file:///Users/abettati/sandbox/azure-rest-api-specs/specification/machinelearningservices/resource-manager/Microsoft.MachineLearningServices/preview/2020-05-01-preview/machineLearningServices.json#/declarations/parameters/parameter/WorkspaceNameParameter"
}, {
  "http://a.ml/vocabularies/apiContract#binding": "path",
  "http://a.ml/vocabularies/apiContract#paramName": "datastoreName",
  "http://a.ml/vocabularies/apiContract#required": "true",
  "http://a.ml/vocabularies/core#description": "The Datastore name.",
  "http://a.ml/vocabularies/core#name": "DatastoreNameParameter",
  "http://a.ml/vocabularies/document#customDomainProperties": [{
    "http://a.ml/vocabularies/core#extensionName": "ms-parameter-location",
    "http://a.ml/vocabularies/document#definedBy": {
      "http://a.ml/vocabularies/core#name": null,
      "id": "file:///Users/abettati/sandbox/azure-rest-api-specs/specification/machinelearningservices/resource-manager/Microsoft.MachineLearningServices/preview/2020-05-01-preview/machineLearningServices.json#/declarations/parameters/parameter/DatastoreNameParameter/ms-parameter-location"
    },
    "http://a.ml/vocabularies/document#extension": {
      "http://a.ml/vocabularies/core#name": null,
      "http://a.ml/vocabularies/data#value": null,
      "http://www.w3.org/ns/shacl#datatype": null,
      "id": "file:///Users/abettati/sandbox/azure-rest-api-specs/specification/machinelearningservices/resource-manager/Microsoft.MachineLearningServices/preview/2020-05-01-preview/machineLearningServices.json#/declarations/parameters/parameter/DatastoreNameParameter/ms-parameter-location/scalar_1"
    },
    "id": "file:///Users/abettati/sandbox/azure-rest-api-specs/specification/machinelearningservices/resource-manager/Microsoft.MachineLearningServices/preview/2020-05-01-preview/machineLearningServices.json#/declarations/parameters/parameter/DatastoreNameParameter/extension/ms-parameter-location"
  }],
  "http://a.ml/vocabularies/shapes#schema": {
    "http://a.ml/vocabularies/core#description": "The Datastore name.",
    "http://a.ml/vocabularies/document#customDomainProperties": [{
      "http://a.ml/vocabularies/core#extensionName": null,
      "http://a.ml/vocabularies/document#definedBy": null,
      "http://a.ml/vocabularies/document#extension": null,
      "id": "file:///Users/abettati/sandbox/azure-rest-api-specs/specification/machinelearningservices/resource-manager/Microsoft.MachineLearningServices/preview/2020-05-01-preview/machineLearningServices.json#/declarations/parameters/parameter/DatastoreNameParameter/scalar/schema/extension/ms-parameter-location"
    }],
    "http://www.w3.org/ns/shacl#datatype": "http://www.w3.org/2001/XMLSchema#string",
    "http://www.w3.org/ns/shacl#name": "schema",
    "id": "file:///Users/abettati/sandbox/azure-rest-api-specs/specification/machinelearningservices/resource-manager/Microsoft.MachineLearningServices/preview/2020-05-01-preview/machineLearningServices.json#/declarations/parameters/parameter/DatastoreNameParameter/scalar/schema"
  },
  "id": "file:///Users/abettati/sandbox/azure-rest-api-specs/specification/machinelearningservices/resource-manager/Microsoft.MachineLearningServices/preview/2020-05-01-preview/machineLearningServices.json#/declarations/parameters/parameter/DatastoreNameParameter"
}, {
  "http://a.ml/vocabularies/apiContract#binding": "query",
  "http://a.ml/vocabularies/apiContract#paramName": "tag",
  "http://a.ml/vocabularies/apiContract#required": "false",
  "http://a.ml/vocabularies/core#description": "The object tag.",
  "http://a.ml/vocabularies/core#name": "WebServiceTagParameter",
  "http://a.ml/vocabularies/document#customDomainProperties": [{
    "http://a.ml/vocabularies/core#extensionName": "ms-parameter-location",
    "http://a.ml/vocabularies/document#definedBy": {
      "http://a.ml/vocabularies/core#name": null,
      "id": "file:///Users/abettati/sandbox/azure-rest-api-specs/specification/machinelearningservices/resource-manager/Microsoft.MachineLearningServices/preview/2020-05-01-preview/machineLearningServices.json#/declarations/parameters/parameter/WebServiceTagParameter/ms-parameter-location"
    },
    "http://a.ml/vocabularies/document#extension": {
      "http://a.ml/vocabularies/core#name": null,
      "http://a.ml/vocabularies/data#value": null,
      "http://www.w3.org/ns/shacl#datatype": null,
      "id": "file:///Users/abettati/sandbox/azure-rest-api-specs/specification/machinelearningservices/resource-manager/Microsoft.MachineLearningServices/preview/2020-05-01-preview/machineLearningServices.json#/declarations/parameters/parameter/WebServiceTagParameter/ms-parameter-location/scalar_1"
    },
    "id": "file:///Users/abettati/sandbox/azure-rest-api-specs/specification/machinelearningservices/resource-manager/Microsoft.MachineLearningServices/preview/2020-05-01-preview/machineLearningServices.json#/declarations/parameters/parameter/WebServiceTagParameter/extension/ms-parameter-location"
  }],
  "http://a.ml/vocabularies/shapes#schema": {
    "http://a.ml/vocabularies/core#description": "The object tag.",
    "http://a.ml/vocabularies/document#customDomainProperties": [{
      "http://a.ml/vocabularies/core#extensionName": null,
      "http://a.ml/vocabularies/document#definedBy": null,
      "http://a.ml/vocabularies/document#extension": null,
      "id": "file:///Users/abettati/sandbox/azure-rest-api-specs/specification/machinelearningservices/resource-manager/Microsoft.MachineLearningServices/preview/2020-05-01-preview/machineLearningServices.json#/declarations/parameters/parameter/WebServiceTagParameter/scalar/schema/extension/ms-parameter-location"
    }],
    "http://www.w3.org/ns/shacl#datatype": "http://www.w3.org/2001/XMLSchema#string",
    "http://www.w3.org/ns/shacl#name": "schema",
    "id": "file:///Users/abettati/sandbox/azure-rest-api-specs/specification/machinelearningservices/resource-manager/Microsoft.MachineLearningServices/preview/2020-05-01-preview/machineLearningServices.json#/declarations/parameters/parameter/WebServiceTagParameter/scalar/schema"
  },
  "id": "file:///Users/abettati/sandbox/azure-rest-api-specs/specification/machinelearningservices/resource-manager/Microsoft.MachineLearningServices/preview/2020-05-01-preview/machineLearningServices.json#/declarations/parameters/parameter/WebServiceTagParameter"
}, {
  "http://a.ml/vocabularies/apiContract#binding": "query",
  "http://a.ml/vocabularies/apiContract#paramName": "modelName",
  "http://a.ml/vocabularies/apiContract#required": "false",
  "http://a.ml/vocabularies/core#description": "The Model name.",
  "http://a.ml/vocabularies/core#name": "ModelNameParameter",
  "http://a.ml/vocabularies/document#customDomainProperties": [{
    "http://a.ml/vocabularies/core#extensionName": "ms-parameter-location",
    "http://a.ml/vocabularies/document#definedBy": {
      "http://a.ml/vocabularies/core#name": null,
      "id": "file:///Users/abettati/sandbox/azure-rest-api-specs/specification/machinelearningservices/resource-manager/Microsoft.MachineLearningServices/preview/2020-05-01-preview/machineLearningServices.json#/declarations/parameters/parameter/ModelNameParameter/ms-parameter-location"
    },
    "http://a.ml/vocabularies/document#extension": {
      "http://a.ml/vocabularies/core#name": null,
      "http://a.ml/vocabularies/data#value": null,
      "http://www.w3.org/ns/shacl#datatype": null,
      "id": "file:///Users/abettati/sandbox/azure-rest-api-specs/specification/machinelearningservices/resource-manager/Microsoft.MachineLearningServices/preview/2020-05-01-preview/machineLearningServices.json#/declarations/parameters/parameter/ModelNameParameter/ms-parameter-location/scalar_1"
    },
    "id": "file:///Users/abettati/sandbox/azure-rest-api-specs/specification/machinelearningservices/resource-manager/Microsoft.MachineLearningServices/preview/2020-05-01-preview/machineLearningServices.json#/declarations/parameters/parameter/ModelNameParameter/extension/ms-parameter-location"
  }],
  "http://a.ml/vocabularies/shapes#schema": {
    "http://a.ml/vocabularies/core#description": "The Model name.",
    "http://a.ml/vocabularies/document#customDomainProperties": [{
      "http://a.ml/vocabularies/core#extensionName": null,
      "http://a.ml/vocabularies/document#definedBy": null,
      "http://a.ml/vocabularies/document#extension": null,
      "id": "file:///Users/abettati/sandbox/azure-rest-api-specs/specification/machinelearningservices/resource-manager/Microsoft.MachineLearningServices/preview/2020-05-01-preview/machineLearningServices.json#/declarations/parameters/parameter/ModelNameParameter/scalar/schema/extension/ms-parameter-location"
    }],
    "http://www.w3.org/ns/shacl#datatype": "http://www.w3.org/2001/XMLSchema#string",
    "http://www.w3.org/ns/shacl#name": "schema",
    "id": "file:///Users/abettati/sandbox/azure-rest-api-specs/specification/machinelearningservices/resource-manager/Microsoft.MachineLearningServices/preview/2020-05-01-preview/machineLearningServices.json#/declarations/parameters/parameter/ModelNameParameter/scalar/schema"
  },
  "id": "file:///Users/abettati/sandbox/azure-rest-api-specs/specification/machinelearningservices/resource-manager/Microsoft.MachineLearningServices/preview/2020-05-01-preview/machineLearningServices.json#/declarations/parameters/parameter/ModelNameParameter"
}, {
  "http://a.ml/vocabularies/apiContract#binding": "path",
  "http://a.ml/vocabularies/apiContract#paramName": "location",
  "http://a.ml/vocabularies/apiContract#required": "true",
  "http://a.ml/vocabularies/core#description": "The location for which resource usage is queried.",
  "http://a.ml/vocabularies/core#name": "location",
  "http://a.ml/vocabularies/shapes#schema": {
    "http://a.ml/vocabularies/core#description": "The location for which resource usage is queried.",
    "http://www.w3.org/ns/shacl#datatype": "http://www.w3.org/2001/XMLSchema#string",
    "http://www.w3.org/ns/shacl#name": "schema",
    "http://www.w3.org/ns/shacl#pattern": "^[-\\w\\._]+$",
    "id": "file:///Users/abettati/sandbox/azure-rest-api-specs/specification/machinelearningservices/resource-manager/Microsoft.MachineLearningServices/preview/2020-05-01-preview/machineLearningServices.json#/web-api/end-points/%2Fsubscriptions%2F%7BsubscriptionId%7D%2Fproviders%2FMicrosoft.MachineLearningServices%2Flocations%2F%7Blocation%7D%2Fusages/get/request/parameter/location/scalar/schema"
  },
  "id": "file:///Users/abettati/sandbox/azure-rest-api-specs/specification/machinelearningservices/resource-manager/Microsoft.MachineLearningServices/preview/2020-05-01-preview/machineLearningServices.json#/web-api/end-points/%2Fsubscriptions%2F%7BsubscriptionId%7D%2Fproviders%2FMicrosoft.MachineLearningServices%2Flocations%2F%7Blocation%7D%2Fusages/get/request/parameter/location"
}, {
  "http://a.ml/vocabularies/apiContract#binding": "path",
  "http://a.ml/vocabularies/apiContract#paramName": "location",
  "http://a.ml/vocabularies/apiContract#required": "true",
  "http://a.ml/vocabularies/core#description": "The location upon which virtual-machine-sizes is queried.",
  "http://a.ml/vocabularies/core#name": "location",
  "http://a.ml/vocabularies/shapes#schema": {
    "http://a.ml/vocabularies/core#description": "The location upon which virtual-machine-sizes is queried.",
    "http://www.w3.org/ns/shacl#datatype": "http://www.w3.org/2001/XMLSchema#string",
    "http://www.w3.org/ns/shacl#name": "schema",
    "http://www.w3.org/ns/shacl#pattern": "^[-\\w\\._]+$",
    "id": "file:///Users/abettati/sandbox/azure-rest-api-specs/specification/machinelearningservices/resource-manager/Microsoft.MachineLearningServices/preview/2020-05-01-preview/machineLearningServices.json#/web-api/end-points/%2Fsubscriptions%2F%7BsubscriptionId%7D%2Fproviders%2FMicrosoft.MachineLearningServices%2Flocations%2F%7Blocation%7D%2FvmSizes/get/request/parameter/location/scalar/schema"
  },
  "id": "file:///Users/abettati/sandbox/azure-rest-api-specs/specification/machinelearningservices/resource-manager/Microsoft.MachineLearningServices/preview/2020-05-01-preview/machineLearningServices.json#/web-api/end-points/%2Fsubscriptions%2F%7BsubscriptionId%7D%2Fproviders%2FMicrosoft.MachineLearningServices%2Flocations%2F%7Blocation%7D%2FvmSizes/get/request/parameter/location"
}, {
  "http://a.ml/vocabularies/apiContract#binding": "path",
  "http://a.ml/vocabularies/apiContract#paramName": "location",
  "http://a.ml/vocabularies/apiContract#required": "true",
  "http://a.ml/vocabularies/core#description": "The location for update quota is queried.",
  "http://a.ml/vocabularies/core#name": "location",
  "http://a.ml/vocabularies/shapes#schema": {
    "http://a.ml/vocabularies/core#description": "The location for update quota is queried.",
    "http://www.w3.org/ns/shacl#datatype": "http://www.w3.org/2001/XMLSchema#string",
    "http://www.w3.org/ns/shacl#name": "schema",
    "http://www.w3.org/ns/shacl#pattern": "^[-\\w\\._]+$",
    "id": "file:///Users/abettati/sandbox/azure-rest-api-specs/specification/machinelearningservices/resource-manager/Microsoft.MachineLearningServices/preview/2020-05-01-preview/machineLearningServices.json#/web-api/end-points/%2Fsubscriptions%2F%7BsubscriptionId%7D%2Fproviders%2FMicrosoft.MachineLearningServices%2Flocations%2F%7Blocation%7D%2FupdateQuotas/post/request/parameter/location/scalar/schema"
  },
  "id": "file:///Users/abettati/sandbox/azure-rest-api-specs/specification/machinelearningservices/resource-manager/Microsoft.MachineLearningServices/preview/2020-05-01-preview/machineLearningServices.json#/web-api/end-points/%2Fsubscriptions%2F%7BsubscriptionId%7D%2Fproviders%2FMicrosoft.MachineLearningServices%2Flocations%2F%7Blocation%7D%2FupdateQuotas/post/request/parameter/location"
}, {
  "http://a.ml/vocabularies/apiContract#binding": "path",
  "http://a.ml/vocabularies/apiContract#paramName": "location",
  "http://a.ml/vocabularies/apiContract#required": "true",
  "http://a.ml/vocabularies/core#description": "The location for which resource usage is queried.",
  "http://a.ml/vocabularies/core#name": "location",
  "http://a.ml/vocabularies/shapes#schema": {
    "http://a.ml/vocabularies/core#description": "The location for which resource usage is queried.",
    "http://www.w3.org/ns/shacl#datatype": "http://www.w3.org/2001/XMLSchema#string",
    "http://www.w3.org/ns/shacl#name": "schema",
    "http://www.w3.org/ns/shacl#pattern": "^[-\\w\\._]+$",
    "id": "file:///Users/abettati/sandbox/azure-rest-api-specs/specification/machinelearningservices/resource-manager/Microsoft.MachineLearningServices/preview/2020-05-01-preview/machineLearningServices.json#/web-api/end-points/%2Fsubscriptions%2F%7BsubscriptionId%7D%2Fproviders%2FMicrosoft.MachineLearningServices%2Flocations%2F%7Blocation%7D%2FQuotas/get/request/parameter/location/scalar/schema"
  },
  "id": "file:///Users/abettati/sandbox/azure-rest-api-specs/specification/machinelearningservices/resource-manager/Microsoft.MachineLearningServices/preview/2020-05-01-preview/machineLearningServices.json#/web-api/end-points/%2Fsubscriptions%2F%7BsubscriptionId%7D%2Fproviders%2FMicrosoft.MachineLearningServices%2Flocations%2F%7Blocation%7D%2FQuotas/get/request/parameter/location"
}, {
  "http://a.ml/vocabularies/apiContract#binding": "header",
  "http://a.ml/vocabularies/apiContract#required": "true",
  "http://a.ml/vocabularies/core#description": "URI to poll for asynchronous operation status.",
  "http://a.ml/vocabularies/core#name": "Azure-AsyncOperation",
  "http://a.ml/vocabularies/shapes#schema": {
    "http://a.ml/vocabularies/core#description": "URI to poll for asynchronous operation status.",
    "http://www.w3.org/ns/shacl#datatype": "http://www.w3.org/2001/XMLSchema#string",
    "http://www.w3.org/ns/shacl#name": "schema",
    "id": "file:///Users/abettati/sandbox/azure-rest-api-specs/specification/machinelearningservices/resource-manager/Microsoft.MachineLearningServices/preview/2020-05-01-preview/machineLearningServices.json#/web-api/end-points/%2Fsubscriptions%2F%7BsubscriptionId%7D%2FresourceGroups%2F%7BresourceGroupName%7D%2Fproviders%2FMicrosoft.MachineLearningServices%2Fworkspaces%2F%7BworkspaceName%7D%2Fcomputes%2F%7BcomputeName%7D/put/201/parameter/Azure-AsyncOperation/scalar/schema"
  },
  "id": "file:///Users/abettati/sandbox/azure-rest-api-specs/specification/machinelearningservices/resource-manager/Microsoft.MachineLearningServices/preview/2020-05-01-preview/machineLearningServices.json#/web-api/end-points/%2Fsubscriptions%2F%7BsubscriptionId%7D%2FresourceGroups%2F%7BresourceGroupName%7D%2Fproviders%2FMicrosoft.MachineLearningServices%2Fworkspaces%2F%7BworkspaceName%7D%2Fcomputes%2F%7BcomputeName%7D/put/201/parameter/Azure-AsyncOperation"
}, {
  "http://a.ml/vocabularies/apiContract#binding": "header",
  "http://a.ml/vocabularies/apiContract#required": "true",
  "http://a.ml/vocabularies/core#description": "URI to poll for asynchronous operation status.",
  "http://a.ml/vocabularies/core#name": "Azure-AsyncOperation",
  "http://a.ml/vocabularies/shapes#schema": {
    "http://a.ml/vocabularies/core#description": "URI to poll for asynchronous operation status.",
    "http://www.w3.org/ns/shacl#datatype": "http://www.w3.org/2001/XMLSchema#string",
    "http://www.w3.org/ns/shacl#name": "schema",
    "id": "file:///Users/abettati/sandbox/azure-rest-api-specs/specification/machinelearningservices/resource-manager/Microsoft.MachineLearningServices/preview/2020-05-01-preview/machineLearningServices.json#/web-api/end-points/%2Fsubscriptions%2F%7BsubscriptionId%7D%2FresourceGroups%2F%7BresourceGroupName%7D%2Fproviders%2FMicrosoft.MachineLearningServices%2Fworkspaces%2F%7BworkspaceName%7D%2Fcomputes%2F%7BcomputeName%7D/delete/202/parameter/Azure-AsyncOperation/scalar/schema"
  },
  "id": "file:///Users/abettati/sandbox/azure-rest-api-specs/specification/machinelearningservices/resource-manager/Microsoft.MachineLearningServices/preview/2020-05-01-preview/machineLearningServices.json#/web-api/end-points/%2Fsubscriptions%2F%7BsubscriptionId%7D%2FresourceGroups%2F%7BresourceGroupName%7D%2Fproviders%2FMicrosoft.MachineLearningServices%2Fworkspaces%2F%7BworkspaceName%7D%2Fcomputes%2F%7BcomputeName%7D/delete/202/parameter/Azure-AsyncOperation"
}, {
  "http://a.ml/vocabularies/apiContract#binding": "header",
  "http://a.ml/vocabularies/apiContract#required": "true",
  "http://a.ml/vocabularies/core#description": "URI to poll for asynchronous operation result.",
  "http://a.ml/vocabularies/core#name": "Location",
  "http://a.ml/vocabularies/shapes#schema": {
    "http://a.ml/vocabularies/core#description": "URI to poll for asynchronous operation result.",
    "http://www.w3.org/ns/shacl#datatype": "http://www.w3.org/2001/XMLSchema#string",
    "http://www.w3.org/ns/shacl#name": "schema",
    "id": "file:///Users/abettati/sandbox/azure-rest-api-specs/specification/machinelearningservices/resource-manager/Microsoft.MachineLearningServices/preview/2020-05-01-preview/machineLearningServices.json#/web-api/end-points/%2Fsubscriptions%2F%7BsubscriptionId%7D%2FresourceGroups%2F%7BresourceGroupName%7D%2Fproviders%2FMicrosoft.MachineLearningServices%2Fworkspaces%2F%7BworkspaceName%7D%2Fcomputes%2F%7BcomputeName%7D/delete/202/parameter/Location/scalar/schema"
  },
  "id": "file:///Users/abettati/sandbox/azure-rest-api-specs/specification/machinelearningservices/resource-manager/Microsoft.MachineLearningServices/preview/2020-05-01-preview/machineLearningServices.json#/web-api/end-points/%2Fsubscriptions%2F%7BsubscriptionId%7D%2FresourceGroups%2F%7BresourceGroupName%7D%2Fproviders%2FMicrosoft.MachineLearningServices%2Fworkspaces%2F%7BworkspaceName%7D%2Fcomputes%2F%7BcomputeName%7D/delete/202/parameter/Location"
}, {
  "http://a.ml/vocabularies/apiContract#binding": "query",
  "http://a.ml/vocabularies/apiContract#paramName": "expand",
  "http://a.ml/vocabularies/apiContract#required": "false",
  "http://a.ml/vocabularies/core#description": "Set to True to include Model details.",
  "http://a.ml/vocabularies/core#name": "expand",
  "http://a.ml/vocabularies/shapes#schema": {
    "http://a.ml/vocabularies/core#description": "Set to True to include Model details.",
    "http://www.w3.org/ns/shacl#datatype": "http://www.w3.org/2001/XMLSchema#boolean",
    "http://www.w3.org/ns/shacl#defaultValue": {
      "http://a.ml/vocabularies/core#name": "scalar_1",
      "http://a.ml/vocabularies/data#value": "false",
      "http://www.w3.org/ns/shacl#datatype": "http://www.w3.org/2001/XMLSchema#boolean",
      "id": "file:///Users/abettati/sandbox/azure-rest-api-specs/specification/machinelearningservices/resource-manager/Microsoft.MachineLearningServices/preview/2020-05-01-preview/machineLearningServices.json#/web-api/end-points/%2Fsubscriptions%2F%7BsubscriptionId%7D%2FresourceGroups%2F%7BresourceGroupName%7D%2Fproviders%2FMicrosoft.MachineLearningServices%2Fworkspaces%2F%7BworkspaceName%7D%2Fservices%2F%7BserviceName%7D/get/request/parameter/expand/scalar/schema/scalar_1"
    },
    "http://www.w3.org/ns/shacl#defaultValueStr": "false",
    "http://www.w3.org/ns/shacl#name": "schema",
    "id": "file:///Users/abettati/sandbox/azure-rest-api-specs/specification/machinelearningservices/resource-manager/Microsoft.MachineLearningServices/preview/2020-05-01-preview/machineLearningServices.json#/web-api/end-points/%2Fsubscriptions%2F%7BsubscriptionId%7D%2FresourceGroups%2F%7BresourceGroupName%7D%2Fproviders%2FMicrosoft.MachineLearningServices%2Fworkspaces%2F%7BworkspaceName%7D%2Fservices%2F%7BserviceName%7D/get/request/parameter/expand/scalar/schema"
  },
  "id": "file:///Users/abettati/sandbox/azure-rest-api-specs/specification/machinelearningservices/resource-manager/Microsoft.MachineLearningServices/preview/2020-05-01-preview/machineLearningServices.json#/web-api/end-points/%2Fsubscriptions%2F%7BsubscriptionId%7D%2FresourceGroups%2F%7BresourceGroupName%7D%2Fproviders%2FMicrosoft.MachineLearningServices%2Fworkspaces%2F%7BworkspaceName%7D%2Fservices%2F%7BserviceName%7D/get/request/parameter/expand"
}, {
  "http://a.ml/vocabularies/apiContract#binding": "header",
  "http://a.ml/vocabularies/apiContract#required": "true",
  "http://a.ml/vocabularies/core#description": "URI to poll for asynchronous operation status.",
  "http://a.ml/vocabularies/core#name": "Azure-AsyncOperation",
  "http://a.ml/vocabularies/shapes#schema": {
    "http://a.ml/vocabularies/core#description": "URI to poll for asynchronous operation status.",
    "http://www.w3.org/ns/shacl#datatype": "http://www.w3.org/2001/XMLSchema#string",
    "http://www.w3.org/ns/shacl#name": "schema",
    "id": "file:///Users/abettati/sandbox/azure-rest-api-specs/specification/machinelearningservices/resource-manager/Microsoft.MachineLearningServices/preview/2020-05-01-preview/machineLearningServices.json#/web-api/end-points/%2Fsubscriptions%2F%7BsubscriptionId%7D%2FresourceGroups%2F%7BresourceGroupName%7D%2Fproviders%2FMicrosoft.MachineLearningServices%2Fworkspaces%2F%7BworkspaceName%7D%2Fservices%2F%7BserviceName%7D/put/201/parameter/Azure-AsyncOperation/scalar/schema"
  },
  "id": "file:///Users/abettati/sandbox/azure-rest-api-specs/specification/machinelearningservices/resource-manager/Microsoft.MachineLearningServices/preview/2020-05-01-preview/machineLearningServices.json#/web-api/end-points/%2Fsubscriptions%2F%7BsubscriptionId%7D%2FresourceGroups%2F%7BresourceGroupName%7D%2Fproviders%2FMicrosoft.MachineLearningServices%2Fworkspaces%2F%7BworkspaceName%7D%2Fservices%2F%7BserviceName%7D/put/201/parameter/Azure-AsyncOperation"
}, {
  "http://a.ml/vocabularies/apiContract#binding": "header",
  "http://a.ml/vocabularies/apiContract#required": "true",
  "http://a.ml/vocabularies/core#description": "URI to poll for asynchronous operation status.",
  "http://a.ml/vocabularies/core#name": "Azure-AsyncOperation",
  "http://a.ml/vocabularies/shapes#schema": {
    "http://a.ml/vocabularies/core#description": "URI to poll for asynchronous operation status.",
    "http://www.w3.org/ns/shacl#datatype": "http://www.w3.org/2001/XMLSchema#string",
    "http://www.w3.org/ns/shacl#name": "schema",
    "id": "file:///Users/abettati/sandbox/azure-rest-api-specs/specification/machinelearningservices/resource-manager/Microsoft.MachineLearningServices/preview/2020-05-01-preview/machineLearningServices.json#/web-api/end-points/%2Fsubscriptions%2F%7BsubscriptionId%7D%2FresourceGroups%2F%7BresourceGroupName%7D%2Fproviders%2FMicrosoft.MachineLearningServices%2Fworkspaces%2F%7BworkspaceName%7D%2Fdatasets%2F%7BdatasetName%7D/put/201/parameter/Azure-AsyncOperation/scalar/schema"
  },
  "id": "file:///Users/abettati/sandbox/azure-rest-api-specs/specification/machinelearningservices/resource-manager/Microsoft.MachineLearningServices/preview/2020-05-01-preview/machineLearningServices.json#/web-api/end-points/%2Fsubscriptions%2F%7BsubscriptionId%7D%2FresourceGroups%2F%7BresourceGroupName%7D%2Fproviders%2FMicrosoft.MachineLearningServices%2Fworkspaces%2F%7BworkspaceName%7D%2Fdatasets%2F%7BdatasetName%7D/put/201/parameter/Azure-AsyncOperation"
}, {
  "http://a.ml/vocabularies/apiContract#binding": "header",
  "http://a.ml/vocabularies/apiContract#required": "true",
  "http://a.ml/vocabularies/core#description": "URI to poll for asynchronous operation status.",
  "http://a.ml/vocabularies/core#name": "Azure-AsyncOperation",
  "http://a.ml/vocabularies/shapes#schema": {
    "http://a.ml/vocabularies/core#description": "URI to poll for asynchronous operation status.",
    "http://www.w3.org/ns/shacl#datatype": "http://www.w3.org/2001/XMLSchema#string",
    "http://www.w3.org/ns/shacl#name": "schema",
    "id": "file:///Users/abettati/sandbox/azure-rest-api-specs/specification/machinelearningservices/resource-manager/Microsoft.MachineLearningServices/preview/2020-05-01-preview/machineLearningServices.json#/web-api/end-points/%2Fsubscriptions%2F%7BsubscriptionId%7D%2FresourceGroups%2F%7BresourceGroupName%7D%2Fproviders%2FMicrosoft.MachineLearningServices%2Fworkspaces%2F%7BworkspaceName%7D%2Fdatastores%2F%7BdatastoreName%7D/put/201/parameter/Azure-AsyncOperation/scalar/schema"
  },
  "id": "file:///Users/abettati/sandbox/azure-rest-api-specs/specification/machinelearningservices/resource-manager/Microsoft.MachineLearningServices/preview/2020-05-01-preview/machineLearningServices.json#/web-api/end-points/%2Fsubscriptions%2F%7BsubscriptionId%7D%2FresourceGroups%2F%7BresourceGroupName%7D%2Fproviders%2FMicrosoft.MachineLearningServices%2Fworkspaces%2F%7BworkspaceName%7D%2Fdatastores%2F%7BdatastoreName%7D/put/201/parameter/Azure-AsyncOperation"
}]