[{
  "http://a.ml/vocabularies/apiContract#binding": "path",
  "http://a.ml/vocabularies/apiContract#paramName": "subscriptionId",
  "http://a.ml/vocabularies/apiContract#required": "true",
  "http://a.ml/vocabularies/core#description": "Your Azure subscription ID. This is a GUID-formatted string (e.g. 00000000-0000-0000-0000-000000000000).",
  "http://a.ml/vocabularies/core#name": "subscriptionIdParameter",
  "http://a.ml/vocabularies/shapes#schema": {
    "http://a.ml/vocabularies/core#description": "Your Azure subscription ID. This is a GUID-formatted string (e.g. 00000000-0000-0000-0000-000000000000).",
    "http://www.w3.org/ns/shacl#datatype": "http://www.w3.org/2001/XMLSchema#string",
    "http://www.w3.org/ns/shacl#name": "schema",
    "id": "file:///Users/abettati/sandbox/azure-rest-api-specs/specification/web/resource-manager/Microsoft.DomainRegistration/stable/2018-02-01/Domains.json#/declarations/parameters/parameter/subscriptionIdParameter/scalar/schema"
  },
  "id": "file:///Users/abettati/sandbox/azure-rest-api-specs/specification/web/resource-manager/Microsoft.DomainRegistration/stable/2018-02-01/Domains.json#/declarations/parameters/parameter/subscriptionIdParameter"
}, {
  "http://a.ml/vocabularies/apiContract#binding": "path",
  "http://a.ml/vocabularies/apiContract#paramName": "resourceGroupName",
  "http://a.ml/vocabularies/apiContract#required": "true",
  "http://a.ml/vocabularies/core#description": "Name of the resource group to which the resource belongs.",
  "http://a.ml/vocabularies/core#name": "resourceGroupNameParameter",
  "http://a.ml/vocabularies/document#customDomainProperties": [{
    "http://a.ml/vocabularies/core#extensionName": "ms-parameter-location",
    "http://a.ml/vocabularies/document#definedBy": {
      "http://a.ml/vocabularies/core#name": null,
      "id": "file:///Users/abettati/sandbox/azure-rest-api-specs/specification/web/resource-manager/Microsoft.DomainRegistration/stable/2018-02-01/Domains.json#/declarations/parameters/parameter/resourceGroupNameParameter/ms-parameter-location"
    },
    "http://a.ml/vocabularies/document#extension": {
      "http://a.ml/vocabularies/core#name": null,
      "http://a.ml/vocabularies/data#value": null,
      "http://www.w3.org/ns/shacl#datatype": null,
      "id": "file:///Users/abettati/sandbox/azure-rest-api-specs/specification/web/resource-manager/Microsoft.DomainRegistration/stable/2018-02-01/Domains.json#/declarations/parameters/parameter/resourceGroupNameParameter/ms-parameter-location/scalar_1"
    },
    "id": "file:///Users/abettati/sandbox/azure-rest-api-specs/specification/web/resource-manager/Microsoft.DomainRegistration/stable/2018-02-01/Domains.json#/declarations/parameters/parameter/resourceGroupNameParameter/extension/ms-parameter-location"
  }],
  "http://a.ml/vocabularies/shapes#schema": {
    "http://a.ml/vocabularies/core#description": "Name of the resource group to which the resource belongs.",
    "http://a.ml/vocabularies/document#customDomainProperties": [{
      "http://a.ml/vocabularies/core#extensionName": null,
      "http://a.ml/vocabularies/document#definedBy": null,
      "http://a.ml/vocabularies/document#extension": null,
      "id": "file:///Users/abettati/sandbox/azure-rest-api-specs/specification/web/resource-manager/Microsoft.DomainRegistration/stable/2018-02-01/Domains.json#/declarations/parameters/parameter/resourceGroupNameParameter/scalar/schema/extension/ms-parameter-location"
    }],
    "http://www.w3.org/ns/shacl#datatype": "http://www.w3.org/2001/XMLSchema#string",
    "http://www.w3.org/ns/shacl#maxLength": "90",
    "http://www.w3.org/ns/shacl#minLength": "1",
    "http://www.w3.org/ns/shacl#name": "schema",
    "http://www.w3.org/ns/shacl#pattern": "^[-\\w\\._\\(\\)]+[^\\.]$",
    "id": "file:///Users/abettati/sandbox/azure-rest-api-specs/specification/web/resource-manager/Microsoft.DomainRegistration/stable/2018-02-01/Domains.json#/declarations/parameters/parameter/resourceGroupNameParameter/scalar/schema"
  },
  "id": "file:///Users/abettati/sandbox/azure-rest-api-specs/specification/web/resource-manager/Microsoft.DomainRegistration/stable/2018-02-01/Domains.json#/declarations/parameters/parameter/resourceGroupNameParameter"
}, {
  "http://a.ml/vocabularies/apiContract#binding": "query",
  "http://a.ml/vocabularies/apiContract#paramName": "api-version",
  "http://a.ml/vocabularies/apiContract#required": "true",
  "http://a.ml/vocabularies/core#description": "API Version",
  "http://a.ml/vocabularies/core#name": "apiVersionParameter",
  "http://a.ml/vocabularies/shapes#schema": {
    "http://a.ml/vocabularies/core#description": "API Version",
    "http://www.w3.org/ns/shacl#datatype": "http://www.w3.org/2001/XMLSchema#string",
    "http://www.w3.org/ns/shacl#name": "schema",
    "id": "file:///Users/abettati/sandbox/azure-rest-api-specs/specification/web/resource-manager/Microsoft.DomainRegistration/stable/2018-02-01/Domains.json#/declarations/parameters/parameter/apiVersionParameter/scalar/schema"
  },
  "id": "file:///Users/abettati/sandbox/azure-rest-api-specs/specification/web/resource-manager/Microsoft.DomainRegistration/stable/2018-02-01/Domains.json#/declarations/parameters/parameter/apiVersionParameter"
}, {
  "http://a.ml/vocabularies/apiContract#binding": "path",
  "http://a.ml/vocabularies/apiContract#paramName": "domainName",
  "http://a.ml/vocabularies/apiContract#required": "true",
  "http://a.ml/vocabularies/core#description": "Name of the domain.",
  "http://a.ml/vocabularies/core#name": "domainName",
  "http://a.ml/vocabularies/shapes#schema": {
    "http://a.ml/vocabularies/core#description": "Name of the domain.",
    "http://www.w3.org/ns/shacl#datatype": "http://www.w3.org/2001/XMLSchema#string",
    "http://www.w3.org/ns/shacl#name": "schema",
    "id": "file:///Users/abettati/sandbox/azure-rest-api-specs/specification/web/resource-manager/Microsoft.DomainRegistration/stable/2018-02-01/Domains.json#/web-api/end-points/%2Fsubscriptions%2F%7BsubscriptionId%7D%2FresourceGroups%2F%7BresourceGroupName%7D%2Fproviders%2FMicrosoft.DomainRegistration%2Fdomains%2F%7BdomainName%7D/get/request/parameter/domainName/scalar/schema"
  },
  "id": "file:///Users/abettati/sandbox/azure-rest-api-specs/specification/web/resource-manager/Microsoft.DomainRegistration/stable/2018-02-01/Domains.json#/web-api/end-points/%2Fsubscriptions%2F%7BsubscriptionId%7D%2FresourceGroups%2F%7BresourceGroupName%7D%2Fproviders%2FMicrosoft.DomainRegistration%2Fdomains%2F%7BdomainName%7D/get/request/parameter/domainName"
}, {
  "http://a.ml/vocabularies/apiContract#binding": "path",
  "http://a.ml/vocabularies/apiContract#paramName": "domainName",
  "http://a.ml/vocabularies/apiContract#required": "true",
  "http://a.ml/vocabularies/core#description": "Name of the domain.",
  "http://a.ml/vocabularies/core#name": "domainName",
  "http://a.ml/vocabularies/shapes#schema": {
    "http://a.ml/vocabularies/core#description": "Name of the domain.",
    "http://www.w3.org/ns/shacl#datatype": "http://www.w3.org/2001/XMLSchema#string",
    "http://www.w3.org/ns/shacl#name": "schema",
    "http://www.w3.org/ns/shacl#pattern": "[a-zA-Z0-9][a-zA-Z0-9\\.-]+",
    "id": "file:///Users/abettati/sandbox/azure-rest-api-specs/specification/web/resource-manager/Microsoft.DomainRegistration/stable/2018-02-01/Domains.json#/web-api/end-points/%2Fsubscriptions%2F%7BsubscriptionId%7D%2FresourceGroups%2F%7BresourceGroupName%7D%2Fproviders%2FMicrosoft.DomainRegistration%2Fdomains%2F%7BdomainName%7D/put/request/parameter/domainName/scalar/schema"
  },
  "id": "file:///Users/abettati/sandbox/azure-rest-api-specs/specification/web/resource-manager/Microsoft.DomainRegistration/stable/2018-02-01/Domains.json#/web-api/end-points/%2Fsubscriptions%2F%7BsubscriptionId%7D%2FresourceGroups%2F%7BresourceGroupName%7D%2Fproviders%2FMicrosoft.DomainRegistration%2Fdomains%2F%7BdomainName%7D/put/request/parameter/domainName"
}, {
  "http://a.ml/vocabularies/apiContract#binding": "query",
  "http://a.ml/vocabularies/apiContract#paramName": "forceHardDeleteDomain",
  "http://a.ml/vocabularies/apiContract#required": "false",
  "http://a.ml/vocabularies/core#description": "Specify <code>true</code> to delete the domain immediately. The default is <code>false</code> which deletes the domain after 24 hours.",
  "http://a.ml/vocabularies/core#name": "forceHardDeleteDomain",
  "http://a.ml/vocabularies/shapes#schema": {
    "http://a.ml/vocabularies/core#description": "Specify <code>true</code> to delete the domain immediately. The default is <code>false</code> which deletes the domain after 24 hours.",
    "http://www.w3.org/ns/shacl#datatype": "http://www.w3.org/2001/XMLSchema#boolean",
    "http://www.w3.org/ns/shacl#name": "schema",
    "id": "file:///Users/abettati/sandbox/azure-rest-api-specs/specification/web/resource-manager/Microsoft.DomainRegistration/stable/2018-02-01/Domains.json#/web-api/end-points/%2Fsubscriptions%2F%7BsubscriptionId%7D%2FresourceGroups%2F%7BresourceGroupName%7D%2Fproviders%2FMicrosoft.DomainRegistration%2Fdomains%2F%7BdomainName%7D/delete/request/parameter/forceHardDeleteDomain/scalar/schema"
  },
  "id": "file:///Users/abettati/sandbox/azure-rest-api-specs/specification/web/resource-manager/Microsoft.DomainRegistration/stable/2018-02-01/Domains.json#/web-api/end-points/%2Fsubscriptions%2F%7BsubscriptionId%7D%2FresourceGroups%2F%7BresourceGroupName%7D%2Fproviders%2FMicrosoft.DomainRegistration%2Fdomains%2F%7BdomainName%7D/delete/request/parameter/forceHardDeleteDomain"
}, {
  "http://a.ml/vocabularies/apiContract#binding": "path",
  "http://a.ml/vocabularies/apiContract#paramName": "domainName",
  "http://a.ml/vocabularies/apiContract#required": "true",
  "http://a.ml/vocabularies/core#description": "Name of the domain.",
  "http://a.ml/vocabularies/core#name": "domainName",
  "http://a.ml/vocabularies/shapes#schema": {
    "http://a.ml/vocabularies/core#description": "Name of the domain.",
    "http://www.w3.org/ns/shacl#datatype": "http://www.w3.org/2001/XMLSchema#string",
    "http://www.w3.org/ns/shacl#name": "schema",
    "id": "file:///Users/abettati/sandbox/azure-rest-api-specs/specification/web/resource-manager/Microsoft.DomainRegistration/stable/2018-02-01/Domains.json#/web-api/end-points/%2Fsubscriptions%2F%7BsubscriptionId%7D%2FresourceGroups%2F%7BresourceGroupName%7D%2Fproviders%2FMicrosoft.DomainRegistration%2Fdomains%2F%7BdomainName%7D/delete/request/parameter/domainName/scalar/schema"
  },
  "id": "file:///Users/abettati/sandbox/azure-rest-api-specs/specification/web/resource-manager/Microsoft.DomainRegistration/stable/2018-02-01/Domains.json#/web-api/end-points/%2Fsubscriptions%2F%7BsubscriptionId%7D%2FresourceGroups%2F%7BresourceGroupName%7D%2Fproviders%2FMicrosoft.DomainRegistration%2Fdomains%2F%7BdomainName%7D/delete/request/parameter/domainName"
}, {
  "http://a.ml/vocabularies/apiContract#binding": "path",
  "http://a.ml/vocabularies/apiContract#paramName": "domainName",
  "http://a.ml/vocabularies/apiContract#required": "true",
  "http://a.ml/vocabularies/core#description": "Name of the domain.",
  "http://a.ml/vocabularies/core#name": "domainName",
  "http://a.ml/vocabularies/shapes#schema": {
    "http://a.ml/vocabularies/core#description": "Name of the domain.",
    "http://www.w3.org/ns/shacl#datatype": "http://www.w3.org/2001/XMLSchema#string",
    "http://www.w3.org/ns/shacl#name": "schema",
    "http://www.w3.org/ns/shacl#pattern": "[a-zA-Z0-9][a-zA-Z0-9\\.-]+",
    "id": "file:///Users/abettati/sandbox/azure-rest-api-specs/specification/web/resource-manager/Microsoft.DomainRegistration/stable/2018-02-01/Domains.json#/web-api/end-points/%2Fsubscriptions%2F%7BsubscriptionId%7D%2FresourceGroups%2F%7BresourceGroupName%7D%2Fproviders%2FMicrosoft.DomainRegistration%2Fdomains%2F%7BdomainName%7D/patch/request/parameter/domainName/scalar/schema"
  },
  "id": "file:///Users/abettati/sandbox/azure-rest-api-specs/specification/web/resource-manager/Microsoft.DomainRegistration/stable/2018-02-01/Domains.json#/web-api/end-points/%2Fsubscriptions%2F%7BsubscriptionId%7D%2FresourceGroups%2F%7BresourceGroupName%7D%2Fproviders%2FMicrosoft.DomainRegistration%2Fdomains%2F%7BdomainName%7D/patch/request/parameter/domainName"
}, {
  "http://a.ml/vocabularies/apiContract#binding": "path",
  "http://a.ml/vocabularies/apiContract#paramName": "domainName",
  "http://a.ml/vocabularies/apiContract#required": "true",
  "http://a.ml/vocabularies/core#description": "Name of domain.",
  "http://a.ml/vocabularies/core#name": "domainName",
  "http://a.ml/vocabularies/shapes#schema": {
    "http://a.ml/vocabularies/core#description": "Name of domain.",
    "http://www.w3.org/ns/shacl#datatype": "http://www.w3.org/2001/XMLSchema#string",
    "http://www.w3.org/ns/shacl#name": "schema",
    "id": "file:///Users/abettati/sandbox/azure-rest-api-specs/specification/web/resource-manager/Microsoft.DomainRegistration/stable/2018-02-01/Domains.json#/web-api/end-points/%2Fsubscriptions%2F%7BsubscriptionId%7D%2FresourceGroups%2F%7BresourceGroupName%7D%2Fproviders%2FMicrosoft.DomainRegistration%2Fdomains%2F%7BdomainName%7D%2FdomainOwnershipIdentifiers/get/request/parameter/domainName/scalar/schema"
  },
  "id": "file:///Users/abettati/sandbox/azure-rest-api-specs/specification/web/resource-manager/Microsoft.DomainRegistration/stable/2018-02-01/Domains.json#/web-api/end-points/%2Fsubscriptions%2F%7BsubscriptionId%7D%2FresourceGroups%2F%7BresourceGroupName%7D%2Fproviders%2FMicrosoft.DomainRegistration%2Fdomains%2F%7BdomainName%7D%2FdomainOwnershipIdentifiers/get/request/parameter/domainName"
}, {
  "http://a.ml/vocabularies/apiContract#binding": "path",
  "http://a.ml/vocabularies/apiContract#paramName": "domainName",
  "http://a.ml/vocabularies/apiContract#required": "true",
  "http://a.ml/vocabularies/core#description": "Name of domain.",
  "http://a.ml/vocabularies/core#name": "domainName",
  "http://a.ml/vocabularies/shapes#schema": {
    "http://a.ml/vocabularies/core#description": "Name of domain.",
    "http://www.w3.org/ns/shacl#datatype": "http://www.w3.org/2001/XMLSchema#string",
    "http://www.w3.org/ns/shacl#name": "schema",
    "id": "file:///Users/abettati/sandbox/azure-rest-api-specs/specification/web/resource-manager/Microsoft.DomainRegistration/stable/2018-02-01/Domains.json#/web-api/end-points/%2Fsubscriptions%2F%7BsubscriptionId%7D%2FresourceGroups%2F%7BresourceGroupName%7D%2Fproviders%2FMicrosoft.DomainRegistration%2Fdomains%2F%7BdomainName%7D%2FdomainOwnershipIdentifiers%2F%7Bname%7D/get/request/parameter/domainName/scalar/schema"
  },
  "id": "file:///Users/abettati/sandbox/azure-rest-api-specs/specification/web/resource-manager/Microsoft.DomainRegistration/stable/2018-02-01/Domains.json#/web-api/end-points/%2Fsubscriptions%2F%7BsubscriptionId%7D%2FresourceGroups%2F%7BresourceGroupName%7D%2Fproviders%2FMicrosoft.DomainRegistration%2Fdomains%2F%7BdomainName%7D%2FdomainOwnershipIdentifiers%2F%7Bname%7D/get/request/parameter/domainName"
}, {
  "http://a.ml/vocabularies/apiContract#binding": "path",
  "http://a.ml/vocabularies/apiContract#paramName": "name",
  "http://a.ml/vocabularies/apiContract#required": "true",
  "http://a.ml/vocabularies/core#description": "Name of identifier.",
  "http://a.ml/vocabularies/core#name": "name",
  "http://a.ml/vocabularies/shapes#schema": {
    "http://a.ml/vocabularies/core#description": "Name of identifier.",
    "http://www.w3.org/ns/shacl#datatype": "http://www.w3.org/2001/XMLSchema#string",
    "http://www.w3.org/ns/shacl#name": "schema",
    "id": "file:///Users/abettati/sandbox/azure-rest-api-specs/specification/web/resource-manager/Microsoft.DomainRegistration/stable/2018-02-01/Domains.json#/web-api/end-points/%2Fsubscriptions%2F%7BsubscriptionId%7D%2FresourceGroups%2F%7BresourceGroupName%7D%2Fproviders%2FMicrosoft.DomainRegistration%2Fdomains%2F%7BdomainName%7D%2FdomainOwnershipIdentifiers%2F%7Bname%7D/get/request/parameter/name/scalar/schema"
  },
  "id": "file:///Users/abettati/sandbox/azure-rest-api-specs/specification/web/resource-manager/Microsoft.DomainRegistration/stable/2018-02-01/Domains.json#/web-api/end-points/%2Fsubscriptions%2F%7BsubscriptionId%7D%2FresourceGroups%2F%7BresourceGroupName%7D%2Fproviders%2FMicrosoft.DomainRegistration%2Fdomains%2F%7BdomainName%7D%2FdomainOwnershipIdentifiers%2F%7Bname%7D/get/request/parameter/name"
}, {
  "http://a.ml/vocabularies/apiContract#binding": "path",
  "http://a.ml/vocabularies/apiContract#paramName": "domainName",
  "http://a.ml/vocabularies/apiContract#required": "true",
  "http://a.ml/vocabularies/core#description": "Name of domain.",
  "http://a.ml/vocabularies/core#name": "domainName",
  "http://a.ml/vocabularies/shapes#schema": {
    "http://a.ml/vocabularies/core#description": "Name of domain.",
    "http://www.w3.org/ns/shacl#datatype": "http://www.w3.org/2001/XMLSchema#string",
    "http://www.w3.org/ns/shacl#name": "schema",
    "id": "file:///Users/abettati/sandbox/azure-rest-api-specs/specification/web/resource-manager/Microsoft.DomainRegistration/stable/2018-02-01/Domains.json#/web-api/end-points/%2Fsubscriptions%2F%7BsubscriptionId%7D%2FresourceGroups%2F%7BresourceGroupName%7D%2Fproviders%2FMicrosoft.DomainRegistration%2Fdomains%2F%7BdomainName%7D%2FdomainOwnershipIdentifiers%2F%7Bname%7D/put/request/parameter/domainName/scalar/schema"
  },
  "id": "file:///Users/abettati/sandbox/azure-rest-api-specs/specification/web/resource-manager/Microsoft.DomainRegistration/stable/2018-02-01/Domains.json#/web-api/end-points/%2Fsubscriptions%2F%7BsubscriptionId%7D%2FresourceGroups%2F%7BresourceGroupName%7D%2Fproviders%2FMicrosoft.DomainRegistration%2Fdomains%2F%7BdomainName%7D%2FdomainOwnershipIdentifiers%2F%7Bname%7D/put/request/parameter/domainName"
}, {
  "http://a.ml/vocabularies/apiContract#binding": "path",
  "http://a.ml/vocabularies/apiContract#paramName": "name",
  "http://a.ml/vocabularies/apiContract#required": "true",
  "http://a.ml/vocabularies/core#description": "Name of identifier.",
  "http://a.ml/vocabularies/core#name": "name",
  "http://a.ml/vocabularies/shapes#schema": {
    "http://a.ml/vocabularies/core#description": "Name of identifier.",
    "http://www.w3.org/ns/shacl#datatype": "http://www.w3.org/2001/XMLSchema#string",
    "http://www.w3.org/ns/shacl#name": "schema",
    "id": "file:///Users/abettati/sandbox/azure-rest-api-specs/specification/web/resource-manager/Microsoft.DomainRegistration/stable/2018-02-01/Domains.json#/web-api/end-points/%2Fsubscriptions%2F%7BsubscriptionId%7D%2FresourceGroups%2F%7BresourceGroupName%7D%2Fproviders%2FMicrosoft.DomainRegistration%2Fdomains%2F%7BdomainName%7D%2FdomainOwnershipIdentifiers%2F%7Bname%7D/put/request/parameter/name/scalar/schema"
  },
  "id": "file:///Users/abettati/sandbox/azure-rest-api-specs/specification/web/resource-manager/Microsoft.DomainRegistration/stable/2018-02-01/Domains.json#/web-api/end-points/%2Fsubscriptions%2F%7BsubscriptionId%7D%2FresourceGroups%2F%7BresourceGroupName%7D%2Fproviders%2FMicrosoft.DomainRegistration%2Fdomains%2F%7BdomainName%7D%2FdomainOwnershipIdentifiers%2F%7Bname%7D/put/request/parameter/name"
}, {
  "http://a.ml/vocabularies/apiContract#binding": "path",
  "http://a.ml/vocabularies/apiContract#paramName": "domainName",
  "http://a.ml/vocabularies/apiContract#required": "true",
  "http://a.ml/vocabularies/core#description": "Name of domain.",
  "http://a.ml/vocabularies/core#name": "domainName",
  "http://a.ml/vocabularies/shapes#schema": {
    "http://a.ml/vocabularies/core#description": "Name of domain.",
    "http://www.w3.org/ns/shacl#datatype": "http://www.w3.org/2001/XMLSchema#string",
    "http://www.w3.org/ns/shacl#name": "schema",
    "id": "file:///Users/abettati/sandbox/azure-rest-api-specs/specification/web/resource-manager/Microsoft.DomainRegistration/stable/2018-02-01/Domains.json#/web-api/end-points/%2Fsubscriptions%2F%7BsubscriptionId%7D%2FresourceGroups%2F%7BresourceGroupName%7D%2Fproviders%2FMicrosoft.DomainRegistration%2Fdomains%2F%7BdomainName%7D%2FdomainOwnershipIdentifiers%2F%7Bname%7D/delete/request/parameter/domainName/scalar/schema"
  },
  "id": "file:///Users/abettati/sandbox/azure-rest-api-specs/specification/web/resource-manager/Microsoft.DomainRegistration/stable/2018-02-01/Domains.json#/web-api/end-points/%2Fsubscriptions%2F%7BsubscriptionId%7D%2FresourceGroups%2F%7BresourceGroupName%7D%2Fproviders%2FMicrosoft.DomainRegistration%2Fdomains%2F%7BdomainName%7D%2FdomainOwnershipIdentifiers%2F%7Bname%7D/delete/request/parameter/domainName"
}, {
  "http://a.ml/vocabularies/apiContract#binding": "path",
  "http://a.ml/vocabularies/apiContract#paramName": "name",
  "http://a.ml/vocabularies/apiContract#required": "true",
  "http://a.ml/vocabularies/core#description": "Name of identifier.",
  "http://a.ml/vocabularies/core#name": "name",
  "http://a.ml/vocabularies/shapes#schema": {
    "http://a.ml/vocabularies/core#description": "Name of identifier.",
    "http://www.w3.org/ns/shacl#datatype": "http://www.w3.org/2001/XMLSchema#string",
    "http://www.w3.org/ns/shacl#name": "schema",
    "id": "file:///Users/abettati/sandbox/azure-rest-api-specs/specification/web/resource-manager/Microsoft.DomainRegistration/stable/2018-02-01/Domains.json#/web-api/end-points/%2Fsubscriptions%2F%7BsubscriptionId%7D%2FresourceGroups%2F%7BresourceGroupName%7D%2Fproviders%2FMicrosoft.DomainRegistration%2Fdomains%2F%7BdomainName%7D%2FdomainOwnershipIdentifiers%2F%7Bname%7D/delete/request/parameter/name/scalar/schema"
  },
  "id": "file:///Users/abettati/sandbox/azure-rest-api-specs/specification/web/resource-manager/Microsoft.DomainRegistration/stable/2018-02-01/Domains.json#/web-api/end-points/%2Fsubscriptions%2F%7BsubscriptionId%7D%2FresourceGroups%2F%7BresourceGroupName%7D%2Fproviders%2FMicrosoft.DomainRegistration%2Fdomains%2F%7BdomainName%7D%2FdomainOwnershipIdentifiers%2F%7Bname%7D/delete/request/parameter/name"
}, {
  "http://a.ml/vocabularies/apiContract#binding": "path",
  "http://a.ml/vocabularies/apiContract#paramName": "domainName",
  "http://a.ml/vocabularies/apiContract#required": "true",
  "http://a.ml/vocabularies/core#description": "Name of domain.",
  "http://a.ml/vocabularies/core#name": "domainName",
  "http://a.ml/vocabularies/shapes#schema": {
    "http://a.ml/vocabularies/core#description": "Name of domain.",
    "http://www.w3.org/ns/shacl#datatype": "http://www.w3.org/2001/XMLSchema#string",
    "http://www.w3.org/ns/shacl#name": "schema",
    "id": "file:///Users/abettati/sandbox/azure-rest-api-specs/specification/web/resource-manager/Microsoft.DomainRegistration/stable/2018-02-01/Domains.json#/web-api/end-points/%2Fsubscriptions%2F%7BsubscriptionId%7D%2FresourceGroups%2F%7BresourceGroupName%7D%2Fproviders%2FMicrosoft.DomainRegistration%2Fdomains%2F%7BdomainName%7D%2FdomainOwnershipIdentifiers%2F%7Bname%7D/patch/request/parameter/domainName/scalar/schema"
  },
  "id": "file:///Users/abettati/sandbox/azure-rest-api-specs/specification/web/resource-manager/Microsoft.DomainRegistration/stable/2018-02-01/Domains.json#/web-api/end-points/%2Fsubscriptions%2F%7BsubscriptionId%7D%2FresourceGroups%2F%7BresourceGroupName%7D%2Fproviders%2FMicrosoft.DomainRegistration%2Fdomains%2F%7BdomainName%7D%2FdomainOwnershipIdentifiers%2F%7Bname%7D/patch/request/parameter/domainName"
}, {
  "http://a.ml/vocabularies/apiContract#binding": "path",
  "http://a.ml/vocabularies/apiContract#paramName": "name",
  "http://a.ml/vocabularies/apiContract#required": "true",
  "http://a.ml/vocabularies/core#description": "Name of identifier.",
  "http://a.ml/vocabularies/core#name": "name",
  "http://a.ml/vocabularies/shapes#schema": {
    "http://a.ml/vocabularies/core#description": "Name of identifier.",
    "http://www.w3.org/ns/shacl#datatype": "http://www.w3.org/2001/XMLSchema#string",
    "http://www.w3.org/ns/shacl#name": "schema",
    "id": "file:///Users/abettati/sandbox/azure-rest-api-specs/specification/web/resource-manager/Microsoft.DomainRegistration/stable/2018-02-01/Domains.json#/web-api/end-points/%2Fsubscriptions%2F%7BsubscriptionId%7D%2FresourceGroups%2F%7BresourceGroupName%7D%2Fproviders%2FMicrosoft.DomainRegistration%2Fdomains%2F%7BdomainName%7D%2FdomainOwnershipIdentifiers%2F%7Bname%7D/patch/request/parameter/name/scalar/schema"
  },
  "id": "file:///Users/abettati/sandbox/azure-rest-api-specs/specification/web/resource-manager/Microsoft.DomainRegistration/stable/2018-02-01/Domains.json#/web-api/end-points/%2Fsubscriptions%2F%7BsubscriptionId%7D%2FresourceGroups%2F%7BresourceGroupName%7D%2Fproviders%2FMicrosoft.DomainRegistration%2Fdomains%2F%7BdomainName%7D%2FdomainOwnershipIdentifiers%2F%7Bname%7D/patch/request/parameter/name"
}, {
  "http://a.ml/vocabularies/apiContract#binding": "path",
  "http://a.ml/vocabularies/apiContract#paramName": "domainName",
  "http://a.ml/vocabularies/apiContract#required": "true",
  "http://a.ml/vocabularies/core#description": "Name of the domain.",
  "http://a.ml/vocabularies/core#name": "domainName",
  "http://a.ml/vocabularies/shapes#schema": {
    "http://a.ml/vocabularies/core#description": "Name of the domain.",
    "http://www.w3.org/ns/shacl#datatype": "http://www.w3.org/2001/XMLSchema#string",
    "http://www.w3.org/ns/shacl#name": "schema",
    "id": "file:///Users/abettati/sandbox/azure-rest-api-specs/specification/web/resource-manager/Microsoft.DomainRegistration/stable/2018-02-01/Domains.json#/web-api/end-points/%2Fsubscriptions%2F%7BsubscriptionId%7D%2FresourceGroups%2F%7BresourceGroupName%7D%2Fproviders%2FMicrosoft.DomainRegistration%2Fdomains%2F%7BdomainName%7D%2Frenew/post/request/parameter/domainName/scalar/schema"
  },
  "id": "file:///Users/abettati/sandbox/azure-rest-api-specs/specification/web/resource-manager/Microsoft.DomainRegistration/stable/2018-02-01/Domains.json#/web-api/end-points/%2Fsubscriptions%2F%7BsubscriptionId%7D%2FresourceGroups%2F%7BresourceGroupName%7D%2Fproviders%2FMicrosoft.DomainRegistration%2Fdomains%2F%7BdomainName%7D%2Frenew/post/request/parameter/domainName"
}]