[{
  "http://a.ml/vocabularies/apiContract#binding": "query",
  "http://a.ml/vocabularies/apiContract#paramName": "api-version",
  "http://a.ml/vocabularies/apiContract#required": "true",
  "http://a.ml/vocabularies/core#description": "The API version to use for the request.",
  "http://a.ml/vocabularies/core#name": "api-version",
  "http://a.ml/vocabularies/document#customDomainProperties": [{
    "http://a.ml/vocabularies/core#extensionName": "ms-parameter-location",
    "http://a.ml/vocabularies/document#definedBy": {
      "http://a.ml/vocabularies/core#name": null,
      "id": "file:///Users/abettati/sandbox/azure-rest-api-specs/specification/sql/resource-manager/Microsoft.Sql/preview/2020-08-01-preview/ServerDnsAliases.json#/web-api/end-points/%2Fsubscriptions%2F%7BsubscriptionId%7D%2FresourceGroups%2F%7BresourceGroupName%7D%2Fproviders%2FMicrosoft.Sql%2Fservers%2F%7BserverName%7D%2FdnsAliases%2F%7BdnsAliasName%7D/get/request/parameter/api-version/ms-parameter-location"
    },
    "http://a.ml/vocabularies/document#extension": {
      "http://a.ml/vocabularies/core#name": null,
      "http://a.ml/vocabularies/data#value": null,
      "http://www.w3.org/ns/shacl#datatype": null,
      "id": "file:///Users/abettati/sandbox/azure-rest-api-specs/specification/sql/resource-manager/Microsoft.Sql/preview/2020-08-01-preview/ServerDnsAliases.json#/web-api/end-points/%2Fsubscriptions%2F%7BsubscriptionId%7D%2FresourceGroups%2F%7BresourceGroupName%7D%2Fproviders%2FMicrosoft.Sql%2Fservers%2F%7BserverName%7D%2FdnsAliases%2F%7BdnsAliasName%7D/get/request/parameter/api-version/ms-parameter-location/scalar_1"
    },
    "id": "file:///Users/abettati/sandbox/azure-rest-api-specs/specification/sql/resource-manager/Microsoft.Sql/preview/2020-08-01-preview/ServerDnsAliases.json#/web-api/end-points/%2Fsubscriptions%2F%7BsubscriptionId%7D%2FresourceGroups%2F%7BresourceGroupName%7D%2Fproviders%2FMicrosoft.Sql%2Fservers%2F%7BserverName%7D%2FdnsAliases%2F%7BdnsAliasName%7D/get/request/parameter/api-version/extension/ms-parameter-location"
  }],
  "http://a.ml/vocabularies/shapes#schema": {
    "http://a.ml/vocabularies/core#description": "The API version to use for the request.",
    "http://a.ml/vocabularies/document#customDomainProperties": [{
      "http://a.ml/vocabularies/core#extensionName": null,
      "http://a.ml/vocabularies/document#definedBy": null,
      "http://a.ml/vocabularies/document#extension": null,
      "id": "file:///Users/abettati/sandbox/azure-rest-api-specs/specification/sql/resource-manager/Microsoft.Sql/preview/2020-08-01-preview/ServerDnsAliases.json#/web-api/end-points/%2Fsubscriptions%2F%7BsubscriptionId%7D%2FresourceGroups%2F%7BresourceGroupName%7D%2Fproviders%2FMicrosoft.Sql%2Fservers%2F%7BserverName%7D%2FdnsAliases%2F%7BdnsAliasName%7D/get/request/parameter/api-version/scalar/schema/extension/ms-parameter-location"
    }],
    "http://www.w3.org/ns/shacl#datatype": "http://www.w3.org/2001/XMLSchema#string",
    "http://www.w3.org/ns/shacl#name": "schema",
    "id": "file:///Users/abettati/sandbox/azure-rest-api-specs/specification/sql/resource-manager/Microsoft.Sql/preview/2020-08-01-preview/ServerDnsAliases.json#/web-api/end-points/%2Fsubscriptions%2F%7BsubscriptionId%7D%2FresourceGroups%2F%7BresourceGroupName%7D%2Fproviders%2FMicrosoft.Sql%2Fservers%2F%7BserverName%7D%2FdnsAliases%2F%7BdnsAliasName%7D/get/request/parameter/api-version/scalar/schema"
  },
  "id": "file:///Users/abettati/sandbox/azure-rest-api-specs/specification/sql/resource-manager/Microsoft.Sql/preview/2020-08-01-preview/ServerDnsAliases.json#/web-api/end-points/%2Fsubscriptions%2F%7BsubscriptionId%7D%2FresourceGroups%2F%7BresourceGroupName%7D%2Fproviders%2FMicrosoft.Sql%2Fservers%2F%7BserverName%7D%2FdnsAliases%2F%7BdnsAliasName%7D/get/request/parameter/api-version"
}, {
  "http://a.ml/vocabularies/apiContract#binding": "path",
  "http://a.ml/vocabularies/apiContract#paramName": "resourceGroupName",
  "http://a.ml/vocabularies/apiContract#required": "true",
  "http://a.ml/vocabularies/core#description": "The name of the resource group that contains the resource. You can obtain this value from the Azure Resource Manager API or the portal.",
  "http://a.ml/vocabularies/core#name": "resourceGroupName",
  "http://a.ml/vocabularies/document#customDomainProperties": [{
    "http://a.ml/vocabularies/core#extensionName": "ms-parameter-location",
    "http://a.ml/vocabularies/document#definedBy": {
      "http://a.ml/vocabularies/core#name": null,
      "id": "file:///Users/abettati/sandbox/azure-rest-api-specs/specification/sql/resource-manager/Microsoft.Sql/preview/2020-08-01-preview/ServerDnsAliases.json#/web-api/end-points/%2Fsubscriptions%2F%7BsubscriptionId%7D%2FresourceGroups%2F%7BresourceGroupName%7D%2Fproviders%2FMicrosoft.Sql%2Fservers%2F%7BserverName%7D%2FdnsAliases%2F%7BdnsAliasName%7D/get/request/parameter/resourceGroupName/ms-parameter-location"
    },
    "http://a.ml/vocabularies/document#extension": {
      "http://a.ml/vocabularies/core#name": null,
      "http://a.ml/vocabularies/data#value": null,
      "http://www.w3.org/ns/shacl#datatype": null,
      "id": "file:///Users/abettati/sandbox/azure-rest-api-specs/specification/sql/resource-manager/Microsoft.Sql/preview/2020-08-01-preview/ServerDnsAliases.json#/web-api/end-points/%2Fsubscriptions%2F%7BsubscriptionId%7D%2FresourceGroups%2F%7BresourceGroupName%7D%2Fproviders%2FMicrosoft.Sql%2Fservers%2F%7BserverName%7D%2FdnsAliases%2F%7BdnsAliasName%7D/get/request/parameter/resourceGroupName/ms-parameter-location/scalar_1"
    },
    "id": "file:///Users/abettati/sandbox/azure-rest-api-specs/specification/sql/resource-manager/Microsoft.Sql/preview/2020-08-01-preview/ServerDnsAliases.json#/web-api/end-points/%2Fsubscriptions%2F%7BsubscriptionId%7D%2FresourceGroups%2F%7BresourceGroupName%7D%2Fproviders%2FMicrosoft.Sql%2Fservers%2F%7BserverName%7D%2FdnsAliases%2F%7BdnsAliasName%7D/get/request/parameter/resourceGroupName/extension/ms-parameter-location"
  }],
  "http://a.ml/vocabularies/shapes#schema": {
    "http://a.ml/vocabularies/core#description": "The name of the resource group that contains the resource. You can obtain this value from the Azure Resource Manager API or the portal.",
    "http://a.ml/vocabularies/document#customDomainProperties": [{
      "http://a.ml/vocabularies/core#extensionName": null,
      "http://a.ml/vocabularies/document#definedBy": null,
      "http://a.ml/vocabularies/document#extension": null,
      "id": "file:///Users/abettati/sandbox/azure-rest-api-specs/specification/sql/resource-manager/Microsoft.Sql/preview/2020-08-01-preview/ServerDnsAliases.json#/web-api/end-points/%2Fsubscriptions%2F%7BsubscriptionId%7D%2FresourceGroups%2F%7BresourceGroupName%7D%2Fproviders%2FMicrosoft.Sql%2Fservers%2F%7BserverName%7D%2FdnsAliases%2F%7BdnsAliasName%7D/get/request/parameter/resourceGroupName/scalar/schema/extension/ms-parameter-location"
    }],
    "http://www.w3.org/ns/shacl#datatype": "http://www.w3.org/2001/XMLSchema#string",
    "http://www.w3.org/ns/shacl#name": "schema",
    "id": "file:///Users/abettati/sandbox/azure-rest-api-specs/specification/sql/resource-manager/Microsoft.Sql/preview/2020-08-01-preview/ServerDnsAliases.json#/web-api/end-points/%2Fsubscriptions%2F%7BsubscriptionId%7D%2FresourceGroups%2F%7BresourceGroupName%7D%2Fproviders%2FMicrosoft.Sql%2Fservers%2F%7BserverName%7D%2FdnsAliases%2F%7BdnsAliasName%7D/get/request/parameter/resourceGroupName/scalar/schema"
  },
  "id": "file:///Users/abettati/sandbox/azure-rest-api-specs/specification/sql/resource-manager/Microsoft.Sql/preview/2020-08-01-preview/ServerDnsAliases.json#/web-api/end-points/%2Fsubscriptions%2F%7BsubscriptionId%7D%2FresourceGroups%2F%7BresourceGroupName%7D%2Fproviders%2FMicrosoft.Sql%2Fservers%2F%7BserverName%7D%2FdnsAliases%2F%7BdnsAliasName%7D/get/request/parameter/resourceGroupName"
}, {
  "http://a.ml/vocabularies/apiContract#binding": "path",
  "http://a.ml/vocabularies/apiContract#paramName": "serverName",
  "http://a.ml/vocabularies/apiContract#required": "true",
  "http://a.ml/vocabularies/core#description": "The name of the server that the alias is pointing to.",
  "http://a.ml/vocabularies/core#name": "serverName",
  "http://a.ml/vocabularies/shapes#schema": {
    "http://a.ml/vocabularies/core#description": "The name of the server that the alias is pointing to.",
    "http://www.w3.org/ns/shacl#datatype": "http://www.w3.org/2001/XMLSchema#string",
    "http://www.w3.org/ns/shacl#name": "schema",
    "id": "file:///Users/abettati/sandbox/azure-rest-api-specs/specification/sql/resource-manager/Microsoft.Sql/preview/2020-08-01-preview/ServerDnsAliases.json#/web-api/end-points/%2Fsubscriptions%2F%7BsubscriptionId%7D%2FresourceGroups%2F%7BresourceGroupName%7D%2Fproviders%2FMicrosoft.Sql%2Fservers%2F%7BserverName%7D%2FdnsAliases%2F%7BdnsAliasName%7D/get/request/parameter/serverName/scalar/schema"
  },
  "id": "file:///Users/abettati/sandbox/azure-rest-api-specs/specification/sql/resource-manager/Microsoft.Sql/preview/2020-08-01-preview/ServerDnsAliases.json#/web-api/end-points/%2Fsubscriptions%2F%7BsubscriptionId%7D%2FresourceGroups%2F%7BresourceGroupName%7D%2Fproviders%2FMicrosoft.Sql%2Fservers%2F%7BserverName%7D%2FdnsAliases%2F%7BdnsAliasName%7D/get/request/parameter/serverName"
}, {
  "http://a.ml/vocabularies/apiContract#binding": "path",
  "http://a.ml/vocabularies/apiContract#paramName": "dnsAliasName",
  "http://a.ml/vocabularies/apiContract#required": "true",
  "http://a.ml/vocabularies/core#description": "The name of the server dns alias.",
  "http://a.ml/vocabularies/core#name": "dnsAliasName",
  "http://a.ml/vocabularies/shapes#schema": {
    "http://a.ml/vocabularies/core#description": "The name of the server dns alias.",
    "http://www.w3.org/ns/shacl#datatype": "http://www.w3.org/2001/XMLSchema#string",
    "http://www.w3.org/ns/shacl#name": "schema",
    "id": "file:///Users/abettati/sandbox/azure-rest-api-specs/specification/sql/resource-manager/Microsoft.Sql/preview/2020-08-01-preview/ServerDnsAliases.json#/web-api/end-points/%2Fsubscriptions%2F%7BsubscriptionId%7D%2FresourceGroups%2F%7BresourceGroupName%7D%2Fproviders%2FMicrosoft.Sql%2Fservers%2F%7BserverName%7D%2FdnsAliases%2F%7BdnsAliasName%7D/get/request/parameter/dnsAliasName/scalar/schema"
  },
  "id": "file:///Users/abettati/sandbox/azure-rest-api-specs/specification/sql/resource-manager/Microsoft.Sql/preview/2020-08-01-preview/ServerDnsAliases.json#/web-api/end-points/%2Fsubscriptions%2F%7BsubscriptionId%7D%2FresourceGroups%2F%7BresourceGroupName%7D%2Fproviders%2FMicrosoft.Sql%2Fservers%2F%7BserverName%7D%2FdnsAliases%2F%7BdnsAliasName%7D/get/request/parameter/dnsAliasName"
}, {
  "http://a.ml/vocabularies/apiContract#binding": "path",
  "http://a.ml/vocabularies/apiContract#paramName": "subscriptionId",
  "http://a.ml/vocabularies/apiContract#required": "true",
  "http://a.ml/vocabularies/core#description": "The subscription ID that identifies an Azure subscription.",
  "http://a.ml/vocabularies/core#name": "subscriptionId",
  "http://a.ml/vocabularies/document#customDomainProperties": [{
    "http://a.ml/vocabularies/core#extensionName": "ms-parameter-location",
    "http://a.ml/vocabularies/document#definedBy": {
      "http://a.ml/vocabularies/core#name": null,
      "id": "file:///Users/abettati/sandbox/azure-rest-api-specs/specification/sql/resource-manager/Microsoft.Sql/preview/2020-08-01-preview/ServerDnsAliases.json#/web-api/end-points/%2Fsubscriptions%2F%7BsubscriptionId%7D%2FresourceGroups%2F%7BresourceGroupName%7D%2Fproviders%2FMicrosoft.Sql%2Fservers%2F%7BserverName%7D%2FdnsAliases%2F%7BdnsAliasName%7D/get/request/parameter/subscriptionId/ms-parameter-location"
    },
    "http://a.ml/vocabularies/document#extension": {
      "http://a.ml/vocabularies/core#name": null,
      "http://a.ml/vocabularies/data#value": null,
      "http://www.w3.org/ns/shacl#datatype": null,
      "id": "file:///Users/abettati/sandbox/azure-rest-api-specs/specification/sql/resource-manager/Microsoft.Sql/preview/2020-08-01-preview/ServerDnsAliases.json#/web-api/end-points/%2Fsubscriptions%2F%7BsubscriptionId%7D%2FresourceGroups%2F%7BresourceGroupName%7D%2Fproviders%2FMicrosoft.Sql%2Fservers%2F%7BserverName%7D%2FdnsAliases%2F%7BdnsAliasName%7D/get/request/parameter/subscriptionId/ms-parameter-location/scalar_1"
    },
    "id": "file:///Users/abettati/sandbox/azure-rest-api-specs/specification/sql/resource-manager/Microsoft.Sql/preview/2020-08-01-preview/ServerDnsAliases.json#/web-api/end-points/%2Fsubscriptions%2F%7BsubscriptionId%7D%2FresourceGroups%2F%7BresourceGroupName%7D%2Fproviders%2FMicrosoft.Sql%2Fservers%2F%7BserverName%7D%2FdnsAliases%2F%7BdnsAliasName%7D/get/request/parameter/subscriptionId/extension/ms-parameter-location"
  }],
  "http://a.ml/vocabularies/shapes#schema": {
    "http://a.ml/vocabularies/core#description": "The subscription ID that identifies an Azure subscription.",
    "http://a.ml/vocabularies/document#customDomainProperties": [{
      "http://a.ml/vocabularies/core#extensionName": null,
      "http://a.ml/vocabularies/document#definedBy": null,
      "http://a.ml/vocabularies/document#extension": null,
      "id": "file:///Users/abettati/sandbox/azure-rest-api-specs/specification/sql/resource-manager/Microsoft.Sql/preview/2020-08-01-preview/ServerDnsAliases.json#/web-api/end-points/%2Fsubscriptions%2F%7BsubscriptionId%7D%2FresourceGroups%2F%7BresourceGroupName%7D%2Fproviders%2FMicrosoft.Sql%2Fservers%2F%7BserverName%7D%2FdnsAliases%2F%7BdnsAliasName%7D/get/request/parameter/subscriptionId/scalar/schema/extension/ms-parameter-location"
    }],
    "http://www.w3.org/ns/shacl#datatype": "http://www.w3.org/2001/XMLSchema#string",
    "http://www.w3.org/ns/shacl#name": "schema",
    "id": "file:///Users/abettati/sandbox/azure-rest-api-specs/specification/sql/resource-manager/Microsoft.Sql/preview/2020-08-01-preview/ServerDnsAliases.json#/web-api/end-points/%2Fsubscriptions%2F%7BsubscriptionId%7D%2FresourceGroups%2F%7BresourceGroupName%7D%2Fproviders%2FMicrosoft.Sql%2Fservers%2F%7BserverName%7D%2FdnsAliases%2F%7BdnsAliasName%7D/get/request/parameter/subscriptionId/scalar/schema"
  },
  "id": "file:///Users/abettati/sandbox/azure-rest-api-specs/specification/sql/resource-manager/Microsoft.Sql/preview/2020-08-01-preview/ServerDnsAliases.json#/web-api/end-points/%2Fsubscriptions%2F%7BsubscriptionId%7D%2FresourceGroups%2F%7BresourceGroupName%7D%2Fproviders%2FMicrosoft.Sql%2Fservers%2F%7BserverName%7D%2FdnsAliases%2F%7BdnsAliasName%7D/get/request/parameter/subscriptionId"
}, {
  "http://a.ml/vocabularies/apiContract#binding": "query",
  "http://a.ml/vocabularies/apiContract#paramName": "api-version",
  "http://a.ml/vocabularies/apiContract#required": "true",
  "http://a.ml/vocabularies/core#description": "The API version to use for the request.",
  "http://a.ml/vocabularies/core#name": "api-version",
  "http://a.ml/vocabularies/document#customDomainProperties": [{
    "http://a.ml/vocabularies/core#extensionName": "ms-parameter-location",
    "http://a.ml/vocabularies/document#definedBy": {
      "http://a.ml/vocabularies/core#name": null,
      "id": "file:///Users/abettati/sandbox/azure-rest-api-specs/specification/sql/resource-manager/Microsoft.Sql/preview/2020-08-01-preview/ServerDnsAliases.json#/web-api/end-points/%2Fsubscriptions%2F%7BsubscriptionId%7D%2FresourceGroups%2F%7BresourceGroupName%7D%2Fproviders%2FMicrosoft.Sql%2Fservers%2F%7BserverName%7D%2FdnsAliases%2F%7BdnsAliasName%7D/put/request/parameter/api-version/ms-parameter-location"
    },
    "http://a.ml/vocabularies/document#extension": {
      "http://a.ml/vocabularies/core#name": null,
      "http://a.ml/vocabularies/data#value": null,
      "http://www.w3.org/ns/shacl#datatype": null,
      "id": "file:///Users/abettati/sandbox/azure-rest-api-specs/specification/sql/resource-manager/Microsoft.Sql/preview/2020-08-01-preview/ServerDnsAliases.json#/web-api/end-points/%2Fsubscriptions%2F%7BsubscriptionId%7D%2FresourceGroups%2F%7BresourceGroupName%7D%2Fproviders%2FMicrosoft.Sql%2Fservers%2F%7BserverName%7D%2FdnsAliases%2F%7BdnsAliasName%7D/put/request/parameter/api-version/ms-parameter-location/scalar_1"
    },
    "id": "file:///Users/abettati/sandbox/azure-rest-api-specs/specification/sql/resource-manager/Microsoft.Sql/preview/2020-08-01-preview/ServerDnsAliases.json#/web-api/end-points/%2Fsubscriptions%2F%7BsubscriptionId%7D%2FresourceGroups%2F%7BresourceGroupName%7D%2Fproviders%2FMicrosoft.Sql%2Fservers%2F%7BserverName%7D%2FdnsAliases%2F%7BdnsAliasName%7D/put/request/parameter/api-version/extension/ms-parameter-location"
  }],
  "http://a.ml/vocabularies/shapes#schema": {
    "http://a.ml/vocabularies/core#description": "The API version to use for the request.",
    "http://a.ml/vocabularies/document#customDomainProperties": [{
      "http://a.ml/vocabularies/core#extensionName": null,
      "http://a.ml/vocabularies/document#definedBy": null,
      "http://a.ml/vocabularies/document#extension": null,
      "id": "file:///Users/abettati/sandbox/azure-rest-api-specs/specification/sql/resource-manager/Microsoft.Sql/preview/2020-08-01-preview/ServerDnsAliases.json#/web-api/end-points/%2Fsubscriptions%2F%7BsubscriptionId%7D%2FresourceGroups%2F%7BresourceGroupName%7D%2Fproviders%2FMicrosoft.Sql%2Fservers%2F%7BserverName%7D%2FdnsAliases%2F%7BdnsAliasName%7D/put/request/parameter/api-version/scalar/schema/extension/ms-parameter-location"
    }],
    "http://www.w3.org/ns/shacl#datatype": "http://www.w3.org/2001/XMLSchema#string",
    "http://www.w3.org/ns/shacl#name": "schema",
    "id": "file:///Users/abettati/sandbox/azure-rest-api-specs/specification/sql/resource-manager/Microsoft.Sql/preview/2020-08-01-preview/ServerDnsAliases.json#/web-api/end-points/%2Fsubscriptions%2F%7BsubscriptionId%7D%2FresourceGroups%2F%7BresourceGroupName%7D%2Fproviders%2FMicrosoft.Sql%2Fservers%2F%7BserverName%7D%2FdnsAliases%2F%7BdnsAliasName%7D/put/request/parameter/api-version/scalar/schema"
  },
  "id": "file:///Users/abettati/sandbox/azure-rest-api-specs/specification/sql/resource-manager/Microsoft.Sql/preview/2020-08-01-preview/ServerDnsAliases.json#/web-api/end-points/%2Fsubscriptions%2F%7BsubscriptionId%7D%2FresourceGroups%2F%7BresourceGroupName%7D%2Fproviders%2FMicrosoft.Sql%2Fservers%2F%7BserverName%7D%2FdnsAliases%2F%7BdnsAliasName%7D/put/request/parameter/api-version"
}, {
  "http://a.ml/vocabularies/apiContract#binding": "path",
  "http://a.ml/vocabularies/apiContract#paramName": "resourceGroupName",
  "http://a.ml/vocabularies/apiContract#required": "true",
  "http://a.ml/vocabularies/core#description": "The name of the resource group that contains the resource. You can obtain this value from the Azure Resource Manager API or the portal.",
  "http://a.ml/vocabularies/core#name": "resourceGroupName",
  "http://a.ml/vocabularies/document#customDomainProperties": [{
    "http://a.ml/vocabularies/core#extensionName": "ms-parameter-location",
    "http://a.ml/vocabularies/document#definedBy": {
      "http://a.ml/vocabularies/core#name": null,
      "id": "file:///Users/abettati/sandbox/azure-rest-api-specs/specification/sql/resource-manager/Microsoft.Sql/preview/2020-08-01-preview/ServerDnsAliases.json#/web-api/end-points/%2Fsubscriptions%2F%7BsubscriptionId%7D%2FresourceGroups%2F%7BresourceGroupName%7D%2Fproviders%2FMicrosoft.Sql%2Fservers%2F%7BserverName%7D%2FdnsAliases%2F%7BdnsAliasName%7D/put/request/parameter/resourceGroupName/ms-parameter-location"
    },
    "http://a.ml/vocabularies/document#extension": {
      "http://a.ml/vocabularies/core#name": null,
      "http://a.ml/vocabularies/data#value": null,
      "http://www.w3.org/ns/shacl#datatype": null,
      "id": "file:///Users/abettati/sandbox/azure-rest-api-specs/specification/sql/resource-manager/Microsoft.Sql/preview/2020-08-01-preview/ServerDnsAliases.json#/web-api/end-points/%2Fsubscriptions%2F%7BsubscriptionId%7D%2FresourceGroups%2F%7BresourceGroupName%7D%2Fproviders%2FMicrosoft.Sql%2Fservers%2F%7BserverName%7D%2FdnsAliases%2F%7BdnsAliasName%7D/put/request/parameter/resourceGroupName/ms-parameter-location/scalar_1"
    },
    "id": "file:///Users/abettati/sandbox/azure-rest-api-specs/specification/sql/resource-manager/Microsoft.Sql/preview/2020-08-01-preview/ServerDnsAliases.json#/web-api/end-points/%2Fsubscriptions%2F%7BsubscriptionId%7D%2FresourceGroups%2F%7BresourceGroupName%7D%2Fproviders%2FMicrosoft.Sql%2Fservers%2F%7BserverName%7D%2FdnsAliases%2F%7BdnsAliasName%7D/put/request/parameter/resourceGroupName/extension/ms-parameter-location"
  }],
  "http://a.ml/vocabularies/shapes#schema": {
    "http://a.ml/vocabularies/core#description": "The name of the resource group that contains the resource. You can obtain this value from the Azure Resource Manager API or the portal.",
    "http://a.ml/vocabularies/document#customDomainProperties": [{
      "http://a.ml/vocabularies/core#extensionName": null,
      "http://a.ml/vocabularies/document#definedBy": null,
      "http://a.ml/vocabularies/document#extension": null,
      "id": "file:///Users/abettati/sandbox/azure-rest-api-specs/specification/sql/resource-manager/Microsoft.Sql/preview/2020-08-01-preview/ServerDnsAliases.json#/web-api/end-points/%2Fsubscriptions%2F%7BsubscriptionId%7D%2FresourceGroups%2F%7BresourceGroupName%7D%2Fproviders%2FMicrosoft.Sql%2Fservers%2F%7BserverName%7D%2FdnsAliases%2F%7BdnsAliasName%7D/put/request/parameter/resourceGroupName/scalar/schema/extension/ms-parameter-location"
    }],
    "http://www.w3.org/ns/shacl#datatype": "http://www.w3.org/2001/XMLSchema#string",
    "http://www.w3.org/ns/shacl#name": "schema",
    "id": "file:///Users/abettati/sandbox/azure-rest-api-specs/specification/sql/resource-manager/Microsoft.Sql/preview/2020-08-01-preview/ServerDnsAliases.json#/web-api/end-points/%2Fsubscriptions%2F%7BsubscriptionId%7D%2FresourceGroups%2F%7BresourceGroupName%7D%2Fproviders%2FMicrosoft.Sql%2Fservers%2F%7BserverName%7D%2FdnsAliases%2F%7BdnsAliasName%7D/put/request/parameter/resourceGroupName/scalar/schema"
  },
  "id": "file:///Users/abettati/sandbox/azure-rest-api-specs/specification/sql/resource-manager/Microsoft.Sql/preview/2020-08-01-preview/ServerDnsAliases.json#/web-api/end-points/%2Fsubscriptions%2F%7BsubscriptionId%7D%2FresourceGroups%2F%7BresourceGroupName%7D%2Fproviders%2FMicrosoft.Sql%2Fservers%2F%7BserverName%7D%2FdnsAliases%2F%7BdnsAliasName%7D/put/request/parameter/resourceGroupName"
}, {
  "http://a.ml/vocabularies/apiContract#binding": "path",
  "http://a.ml/vocabularies/apiContract#paramName": "serverName",
  "http://a.ml/vocabularies/apiContract#required": "true",
  "http://a.ml/vocabularies/core#description": "The name of the server that the alias is pointing to.",
  "http://a.ml/vocabularies/core#name": "serverName",
  "http://a.ml/vocabularies/shapes#schema": {
    "http://a.ml/vocabularies/core#description": "The name of the server that the alias is pointing to.",
    "http://www.w3.org/ns/shacl#datatype": "http://www.w3.org/2001/XMLSchema#string",
    "http://www.w3.org/ns/shacl#name": "schema",
    "id": "file:///Users/abettati/sandbox/azure-rest-api-specs/specification/sql/resource-manager/Microsoft.Sql/preview/2020-08-01-preview/ServerDnsAliases.json#/web-api/end-points/%2Fsubscriptions%2F%7BsubscriptionId%7D%2FresourceGroups%2F%7BresourceGroupName%7D%2Fproviders%2FMicrosoft.Sql%2Fservers%2F%7BserverName%7D%2FdnsAliases%2F%7BdnsAliasName%7D/put/request/parameter/serverName/scalar/schema"
  },
  "id": "file:///Users/abettati/sandbox/azure-rest-api-specs/specification/sql/resource-manager/Microsoft.Sql/preview/2020-08-01-preview/ServerDnsAliases.json#/web-api/end-points/%2Fsubscriptions%2F%7BsubscriptionId%7D%2FresourceGroups%2F%7BresourceGroupName%7D%2Fproviders%2FMicrosoft.Sql%2Fservers%2F%7BserverName%7D%2FdnsAliases%2F%7BdnsAliasName%7D/put/request/parameter/serverName"
}, {
  "http://a.ml/vocabularies/apiContract#binding": "path",
  "http://a.ml/vocabularies/apiContract#paramName": "dnsAliasName",
  "http://a.ml/vocabularies/apiContract#required": "true",
  "http://a.ml/vocabularies/core#description": "The name of the server dns alias.",
  "http://a.ml/vocabularies/core#name": "dnsAliasName",
  "http://a.ml/vocabularies/shapes#schema": {
    "http://a.ml/vocabularies/core#description": "The name of the server dns alias.",
    "http://www.w3.org/ns/shacl#datatype": "http://www.w3.org/2001/XMLSchema#string",
    "http://www.w3.org/ns/shacl#name": "schema",
    "id": "file:///Users/abettati/sandbox/azure-rest-api-specs/specification/sql/resource-manager/Microsoft.Sql/preview/2020-08-01-preview/ServerDnsAliases.json#/web-api/end-points/%2Fsubscriptions%2F%7BsubscriptionId%7D%2FresourceGroups%2F%7BresourceGroupName%7D%2Fproviders%2FMicrosoft.Sql%2Fservers%2F%7BserverName%7D%2FdnsAliases%2F%7BdnsAliasName%7D/put/request/parameter/dnsAliasName/scalar/schema"
  },
  "id": "file:///Users/abettati/sandbox/azure-rest-api-specs/specification/sql/resource-manager/Microsoft.Sql/preview/2020-08-01-preview/ServerDnsAliases.json#/web-api/end-points/%2Fsubscriptions%2F%7BsubscriptionId%7D%2FresourceGroups%2F%7BresourceGroupName%7D%2Fproviders%2FMicrosoft.Sql%2Fservers%2F%7BserverName%7D%2FdnsAliases%2F%7BdnsAliasName%7D/put/request/parameter/dnsAliasName"
}, {
  "http://a.ml/vocabularies/apiContract#binding": "path",
  "http://a.ml/vocabularies/apiContract#paramName": "subscriptionId",
  "http://a.ml/vocabularies/apiContract#required": "true",
  "http://a.ml/vocabularies/core#description": "The subscription ID that identifies an Azure subscription.",
  "http://a.ml/vocabularies/core#name": "subscriptionId",
  "http://a.ml/vocabularies/document#customDomainProperties": [{
    "http://a.ml/vocabularies/core#extensionName": "ms-parameter-location",
    "http://a.ml/vocabularies/document#definedBy": {
      "http://a.ml/vocabularies/core#name": null,
      "id": "file:///Users/abettati/sandbox/azure-rest-api-specs/specification/sql/resource-manager/Microsoft.Sql/preview/2020-08-01-preview/ServerDnsAliases.json#/web-api/end-points/%2Fsubscriptions%2F%7BsubscriptionId%7D%2FresourceGroups%2F%7BresourceGroupName%7D%2Fproviders%2FMicrosoft.Sql%2Fservers%2F%7BserverName%7D%2FdnsAliases%2F%7BdnsAliasName%7D/put/request/parameter/subscriptionId/ms-parameter-location"
    },
    "http://a.ml/vocabularies/document#extension": {
      "http://a.ml/vocabularies/core#name": null,
      "http://a.ml/vocabularies/data#value": null,
      "http://www.w3.org/ns/shacl#datatype": null,
      "id": "file:///Users/abettati/sandbox/azure-rest-api-specs/specification/sql/resource-manager/Microsoft.Sql/preview/2020-08-01-preview/ServerDnsAliases.json#/web-api/end-points/%2Fsubscriptions%2F%7BsubscriptionId%7D%2FresourceGroups%2F%7BresourceGroupName%7D%2Fproviders%2FMicrosoft.Sql%2Fservers%2F%7BserverName%7D%2FdnsAliases%2F%7BdnsAliasName%7D/put/request/parameter/subscriptionId/ms-parameter-location/scalar_1"
    },
    "id": "file:///Users/abettati/sandbox/azure-rest-api-specs/specification/sql/resource-manager/Microsoft.Sql/preview/2020-08-01-preview/ServerDnsAliases.json#/web-api/end-points/%2Fsubscriptions%2F%7BsubscriptionId%7D%2FresourceGroups%2F%7BresourceGroupName%7D%2Fproviders%2FMicrosoft.Sql%2Fservers%2F%7BserverName%7D%2FdnsAliases%2F%7BdnsAliasName%7D/put/request/parameter/subscriptionId/extension/ms-parameter-location"
  }],
  "http://a.ml/vocabularies/shapes#schema": {
    "http://a.ml/vocabularies/core#description": "The subscription ID that identifies an Azure subscription.",
    "http://a.ml/vocabularies/document#customDomainProperties": [{
      "http://a.ml/vocabularies/core#extensionName": null,
      "http://a.ml/vocabularies/document#definedBy": null,
      "http://a.ml/vocabularies/document#extension": null,
      "id": "file:///Users/abettati/sandbox/azure-rest-api-specs/specification/sql/resource-manager/Microsoft.Sql/preview/2020-08-01-preview/ServerDnsAliases.json#/web-api/end-points/%2Fsubscriptions%2F%7BsubscriptionId%7D%2FresourceGroups%2F%7BresourceGroupName%7D%2Fproviders%2FMicrosoft.Sql%2Fservers%2F%7BserverName%7D%2FdnsAliases%2F%7BdnsAliasName%7D/put/request/parameter/subscriptionId/scalar/schema/extension/ms-parameter-location"
    }],
    "http://www.w3.org/ns/shacl#datatype": "http://www.w3.org/2001/XMLSchema#string",
    "http://www.w3.org/ns/shacl#name": "schema",
    "id": "file:///Users/abettati/sandbox/azure-rest-api-specs/specification/sql/resource-manager/Microsoft.Sql/preview/2020-08-01-preview/ServerDnsAliases.json#/web-api/end-points/%2Fsubscriptions%2F%7BsubscriptionId%7D%2FresourceGroups%2F%7BresourceGroupName%7D%2Fproviders%2FMicrosoft.Sql%2Fservers%2F%7BserverName%7D%2FdnsAliases%2F%7BdnsAliasName%7D/put/request/parameter/subscriptionId/scalar/schema"
  },
  "id": "file:///Users/abettati/sandbox/azure-rest-api-specs/specification/sql/resource-manager/Microsoft.Sql/preview/2020-08-01-preview/ServerDnsAliases.json#/web-api/end-points/%2Fsubscriptions%2F%7BsubscriptionId%7D%2FresourceGroups%2F%7BresourceGroupName%7D%2Fproviders%2FMicrosoft.Sql%2Fservers%2F%7BserverName%7D%2FdnsAliases%2F%7BdnsAliasName%7D/put/request/parameter/subscriptionId"
}, {
  "http://a.ml/vocabularies/apiContract#binding": "query",
  "http://a.ml/vocabularies/apiContract#paramName": "api-version",
  "http://a.ml/vocabularies/apiContract#required": "true",
  "http://a.ml/vocabularies/core#description": "The API version to use for the request.",
  "http://a.ml/vocabularies/core#name": "api-version",
  "http://a.ml/vocabularies/document#customDomainProperties": [{
    "http://a.ml/vocabularies/core#extensionName": "ms-parameter-location",
    "http://a.ml/vocabularies/document#definedBy": {
      "http://a.ml/vocabularies/core#name": null,
      "id": "file:///Users/abettati/sandbox/azure-rest-api-specs/specification/sql/resource-manager/Microsoft.Sql/preview/2020-08-01-preview/ServerDnsAliases.json#/web-api/end-points/%2Fsubscriptions%2F%7BsubscriptionId%7D%2FresourceGroups%2F%7BresourceGroupName%7D%2Fproviders%2FMicrosoft.Sql%2Fservers%2F%7BserverName%7D%2FdnsAliases%2F%7BdnsAliasName%7D/delete/request/parameter/api-version/ms-parameter-location"
    },
    "http://a.ml/vocabularies/document#extension": {
      "http://a.ml/vocabularies/core#name": null,
      "http://a.ml/vocabularies/data#value": null,
      "http://www.w3.org/ns/shacl#datatype": null,
      "id": "file:///Users/abettati/sandbox/azure-rest-api-specs/specification/sql/resource-manager/Microsoft.Sql/preview/2020-08-01-preview/ServerDnsAliases.json#/web-api/end-points/%2Fsubscriptions%2F%7BsubscriptionId%7D%2FresourceGroups%2F%7BresourceGroupName%7D%2Fproviders%2FMicrosoft.Sql%2Fservers%2F%7BserverName%7D%2FdnsAliases%2F%7BdnsAliasName%7D/delete/request/parameter/api-version/ms-parameter-location/scalar_1"
    },
    "id": "file:///Users/abettati/sandbox/azure-rest-api-specs/specification/sql/resource-manager/Microsoft.Sql/preview/2020-08-01-preview/ServerDnsAliases.json#/web-api/end-points/%2Fsubscriptions%2F%7BsubscriptionId%7D%2FresourceGroups%2F%7BresourceGroupName%7D%2Fproviders%2FMicrosoft.Sql%2Fservers%2F%7BserverName%7D%2FdnsAliases%2F%7BdnsAliasName%7D/delete/request/parameter/api-version/extension/ms-parameter-location"
  }],
  "http://a.ml/vocabularies/shapes#schema": {
    "http://a.ml/vocabularies/core#description": "The API version to use for the request.",
    "http://a.ml/vocabularies/document#customDomainProperties": [{
      "http://a.ml/vocabularies/core#extensionName": null,
      "http://a.ml/vocabularies/document#definedBy": null,
      "http://a.ml/vocabularies/document#extension": null,
      "id": "file:///Users/abettati/sandbox/azure-rest-api-specs/specification/sql/resource-manager/Microsoft.Sql/preview/2020-08-01-preview/ServerDnsAliases.json#/web-api/end-points/%2Fsubscriptions%2F%7BsubscriptionId%7D%2FresourceGroups%2F%7BresourceGroupName%7D%2Fproviders%2FMicrosoft.Sql%2Fservers%2F%7BserverName%7D%2FdnsAliases%2F%7BdnsAliasName%7D/delete/request/parameter/api-version/scalar/schema/extension/ms-parameter-location"
    }],
    "http://www.w3.org/ns/shacl#datatype": "http://www.w3.org/2001/XMLSchema#string",
    "http://www.w3.org/ns/shacl#name": "schema",
    "id": "file:///Users/abettati/sandbox/azure-rest-api-specs/specification/sql/resource-manager/Microsoft.Sql/preview/2020-08-01-preview/ServerDnsAliases.json#/web-api/end-points/%2Fsubscriptions%2F%7BsubscriptionId%7D%2FresourceGroups%2F%7BresourceGroupName%7D%2Fproviders%2FMicrosoft.Sql%2Fservers%2F%7BserverName%7D%2FdnsAliases%2F%7BdnsAliasName%7D/delete/request/parameter/api-version/scalar/schema"
  },
  "id": "file:///Users/abettati/sandbox/azure-rest-api-specs/specification/sql/resource-manager/Microsoft.Sql/preview/2020-08-01-preview/ServerDnsAliases.json#/web-api/end-points/%2Fsubscriptions%2F%7BsubscriptionId%7D%2FresourceGroups%2F%7BresourceGroupName%7D%2Fproviders%2FMicrosoft.Sql%2Fservers%2F%7BserverName%7D%2FdnsAliases%2F%7BdnsAliasName%7D/delete/request/parameter/api-version"
}, {
  "http://a.ml/vocabularies/apiContract#binding": "path",
  "http://a.ml/vocabularies/apiContract#paramName": "resourceGroupName",
  "http://a.ml/vocabularies/apiContract#required": "true",
  "http://a.ml/vocabularies/core#description": "The name of the resource group that contains the resource. You can obtain this value from the Azure Resource Manager API or the portal.",
  "http://a.ml/vocabularies/core#name": "resourceGroupName",
  "http://a.ml/vocabularies/document#customDomainProperties": [{
    "http://a.ml/vocabularies/core#extensionName": "ms-parameter-location",
    "http://a.ml/vocabularies/document#definedBy": {
      "http://a.ml/vocabularies/core#name": null,
      "id": "file:///Users/abettati/sandbox/azure-rest-api-specs/specification/sql/resource-manager/Microsoft.Sql/preview/2020-08-01-preview/ServerDnsAliases.json#/web-api/end-points/%2Fsubscriptions%2F%7BsubscriptionId%7D%2FresourceGroups%2F%7BresourceGroupName%7D%2Fproviders%2FMicrosoft.Sql%2Fservers%2F%7BserverName%7D%2FdnsAliases%2F%7BdnsAliasName%7D/delete/request/parameter/resourceGroupName/ms-parameter-location"
    },
    "http://a.ml/vocabularies/document#extension": {
      "http://a.ml/vocabularies/core#name": null,
      "http://a.ml/vocabularies/data#value": null,
      "http://www.w3.org/ns/shacl#datatype": null,
      "id": "file:///Users/abettati/sandbox/azure-rest-api-specs/specification/sql/resource-manager/Microsoft.Sql/preview/2020-08-01-preview/ServerDnsAliases.json#/web-api/end-points/%2Fsubscriptions%2F%7BsubscriptionId%7D%2FresourceGroups%2F%7BresourceGroupName%7D%2Fproviders%2FMicrosoft.Sql%2Fservers%2F%7BserverName%7D%2FdnsAliases%2F%7BdnsAliasName%7D/delete/request/parameter/resourceGroupName/ms-parameter-location/scalar_1"
    },
    "id": "file:///Users/abettati/sandbox/azure-rest-api-specs/specification/sql/resource-manager/Microsoft.Sql/preview/2020-08-01-preview/ServerDnsAliases.json#/web-api/end-points/%2Fsubscriptions%2F%7BsubscriptionId%7D%2FresourceGroups%2F%7BresourceGroupName%7D%2Fproviders%2FMicrosoft.Sql%2Fservers%2F%7BserverName%7D%2FdnsAliases%2F%7BdnsAliasName%7D/delete/request/parameter/resourceGroupName/extension/ms-parameter-location"
  }],
  "http://a.ml/vocabularies/shapes#schema": {
    "http://a.ml/vocabularies/core#description": "The name of the resource group that contains the resource. You can obtain this value from the Azure Resource Manager API or the portal.",
    "http://a.ml/vocabularies/document#customDomainProperties": [{
      "http://a.ml/vocabularies/core#extensionName": null,
      "http://a.ml/vocabularies/document#definedBy": null,
      "http://a.ml/vocabularies/document#extension": null,
      "id": "file:///Users/abettati/sandbox/azure-rest-api-specs/specification/sql/resource-manager/Microsoft.Sql/preview/2020-08-01-preview/ServerDnsAliases.json#/web-api/end-points/%2Fsubscriptions%2F%7BsubscriptionId%7D%2FresourceGroups%2F%7BresourceGroupName%7D%2Fproviders%2FMicrosoft.Sql%2Fservers%2F%7BserverName%7D%2FdnsAliases%2F%7BdnsAliasName%7D/delete/request/parameter/resourceGroupName/scalar/schema/extension/ms-parameter-location"
    }],
    "http://www.w3.org/ns/shacl#datatype": "http://www.w3.org/2001/XMLSchema#string",
    "http://www.w3.org/ns/shacl#name": "schema",
    "id": "file:///Users/abettati/sandbox/azure-rest-api-specs/specification/sql/resource-manager/Microsoft.Sql/preview/2020-08-01-preview/ServerDnsAliases.json#/web-api/end-points/%2Fsubscriptions%2F%7BsubscriptionId%7D%2FresourceGroups%2F%7BresourceGroupName%7D%2Fproviders%2FMicrosoft.Sql%2Fservers%2F%7BserverName%7D%2FdnsAliases%2F%7BdnsAliasName%7D/delete/request/parameter/resourceGroupName/scalar/schema"
  },
  "id": "file:///Users/abettati/sandbox/azure-rest-api-specs/specification/sql/resource-manager/Microsoft.Sql/preview/2020-08-01-preview/ServerDnsAliases.json#/web-api/end-points/%2Fsubscriptions%2F%7BsubscriptionId%7D%2FresourceGroups%2F%7BresourceGroupName%7D%2Fproviders%2FMicrosoft.Sql%2Fservers%2F%7BserverName%7D%2FdnsAliases%2F%7BdnsAliasName%7D/delete/request/parameter/resourceGroupName"
}, {
  "http://a.ml/vocabularies/apiContract#binding": "path",
  "http://a.ml/vocabularies/apiContract#paramName": "serverName",
  "http://a.ml/vocabularies/apiContract#required": "true",
  "http://a.ml/vocabularies/core#description": "The name of the server that the alias is pointing to.",
  "http://a.ml/vocabularies/core#name": "serverName",
  "http://a.ml/vocabularies/shapes#schema": {
    "http://a.ml/vocabularies/core#description": "The name of the server that the alias is pointing to.",
    "http://www.w3.org/ns/shacl#datatype": "http://www.w3.org/2001/XMLSchema#string",
    "http://www.w3.org/ns/shacl#name": "schema",
    "id": "file:///Users/abettati/sandbox/azure-rest-api-specs/specification/sql/resource-manager/Microsoft.Sql/preview/2020-08-01-preview/ServerDnsAliases.json#/web-api/end-points/%2Fsubscriptions%2F%7BsubscriptionId%7D%2FresourceGroups%2F%7BresourceGroupName%7D%2Fproviders%2FMicrosoft.Sql%2Fservers%2F%7BserverName%7D%2FdnsAliases%2F%7BdnsAliasName%7D/delete/request/parameter/serverName/scalar/schema"
  },
  "id": "file:///Users/abettati/sandbox/azure-rest-api-specs/specification/sql/resource-manager/Microsoft.Sql/preview/2020-08-01-preview/ServerDnsAliases.json#/web-api/end-points/%2Fsubscriptions%2F%7BsubscriptionId%7D%2FresourceGroups%2F%7BresourceGroupName%7D%2Fproviders%2FMicrosoft.Sql%2Fservers%2F%7BserverName%7D%2FdnsAliases%2F%7BdnsAliasName%7D/delete/request/parameter/serverName"
}, {
  "http://a.ml/vocabularies/apiContract#binding": "path",
  "http://a.ml/vocabularies/apiContract#paramName": "dnsAliasName",
  "http://a.ml/vocabularies/apiContract#required": "true",
  "http://a.ml/vocabularies/core#description": "The name of the server dns alias.",
  "http://a.ml/vocabularies/core#name": "dnsAliasName",
  "http://a.ml/vocabularies/shapes#schema": {
    "http://a.ml/vocabularies/core#description": "The name of the server dns alias.",
    "http://www.w3.org/ns/shacl#datatype": "http://www.w3.org/2001/XMLSchema#string",
    "http://www.w3.org/ns/shacl#name": "schema",
    "id": "file:///Users/abettati/sandbox/azure-rest-api-specs/specification/sql/resource-manager/Microsoft.Sql/preview/2020-08-01-preview/ServerDnsAliases.json#/web-api/end-points/%2Fsubscriptions%2F%7BsubscriptionId%7D%2FresourceGroups%2F%7BresourceGroupName%7D%2Fproviders%2FMicrosoft.Sql%2Fservers%2F%7BserverName%7D%2FdnsAliases%2F%7BdnsAliasName%7D/delete/request/parameter/dnsAliasName/scalar/schema"
  },
  "id": "file:///Users/abettati/sandbox/azure-rest-api-specs/specification/sql/resource-manager/Microsoft.Sql/preview/2020-08-01-preview/ServerDnsAliases.json#/web-api/end-points/%2Fsubscriptions%2F%7BsubscriptionId%7D%2FresourceGroups%2F%7BresourceGroupName%7D%2Fproviders%2FMicrosoft.Sql%2Fservers%2F%7BserverName%7D%2FdnsAliases%2F%7BdnsAliasName%7D/delete/request/parameter/dnsAliasName"
}, {
  "http://a.ml/vocabularies/apiContract#binding": "path",
  "http://a.ml/vocabularies/apiContract#paramName": "subscriptionId",
  "http://a.ml/vocabularies/apiContract#required": "true",
  "http://a.ml/vocabularies/core#description": "The subscription ID that identifies an Azure subscription.",
  "http://a.ml/vocabularies/core#name": "subscriptionId",
  "http://a.ml/vocabularies/document#customDomainProperties": [{
    "http://a.ml/vocabularies/core#extensionName": "ms-parameter-location",
    "http://a.ml/vocabularies/document#definedBy": {
      "http://a.ml/vocabularies/core#name": null,
      "id": "file:///Users/abettati/sandbox/azure-rest-api-specs/specification/sql/resource-manager/Microsoft.Sql/preview/2020-08-01-preview/ServerDnsAliases.json#/web-api/end-points/%2Fsubscriptions%2F%7BsubscriptionId%7D%2FresourceGroups%2F%7BresourceGroupName%7D%2Fproviders%2FMicrosoft.Sql%2Fservers%2F%7BserverName%7D%2FdnsAliases%2F%7BdnsAliasName%7D/delete/request/parameter/subscriptionId/ms-parameter-location"
    },
    "http://a.ml/vocabularies/document#extension": {
      "http://a.ml/vocabularies/core#name": null,
      "http://a.ml/vocabularies/data#value": null,
      "http://www.w3.org/ns/shacl#datatype": null,
      "id": "file:///Users/abettati/sandbox/azure-rest-api-specs/specification/sql/resource-manager/Microsoft.Sql/preview/2020-08-01-preview/ServerDnsAliases.json#/web-api/end-points/%2Fsubscriptions%2F%7BsubscriptionId%7D%2FresourceGroups%2F%7BresourceGroupName%7D%2Fproviders%2FMicrosoft.Sql%2Fservers%2F%7BserverName%7D%2FdnsAliases%2F%7BdnsAliasName%7D/delete/request/parameter/subscriptionId/ms-parameter-location/scalar_1"
    },
    "id": "file:///Users/abettati/sandbox/azure-rest-api-specs/specification/sql/resource-manager/Microsoft.Sql/preview/2020-08-01-preview/ServerDnsAliases.json#/web-api/end-points/%2Fsubscriptions%2F%7BsubscriptionId%7D%2FresourceGroups%2F%7BresourceGroupName%7D%2Fproviders%2FMicrosoft.Sql%2Fservers%2F%7BserverName%7D%2FdnsAliases%2F%7BdnsAliasName%7D/delete/request/parameter/subscriptionId/extension/ms-parameter-location"
  }],
  "http://a.ml/vocabularies/shapes#schema": {
    "http://a.ml/vocabularies/core#description": "The subscription ID that identifies an Azure subscription.",
    "http://a.ml/vocabularies/document#customDomainProperties": [{
      "http://a.ml/vocabularies/core#extensionName": null,
      "http://a.ml/vocabularies/document#definedBy": null,
      "http://a.ml/vocabularies/document#extension": null,
      "id": "file:///Users/abettati/sandbox/azure-rest-api-specs/specification/sql/resource-manager/Microsoft.Sql/preview/2020-08-01-preview/ServerDnsAliases.json#/web-api/end-points/%2Fsubscriptions%2F%7BsubscriptionId%7D%2FresourceGroups%2F%7BresourceGroupName%7D%2Fproviders%2FMicrosoft.Sql%2Fservers%2F%7BserverName%7D%2FdnsAliases%2F%7BdnsAliasName%7D/delete/request/parameter/subscriptionId/scalar/schema/extension/ms-parameter-location"
    }],
    "http://www.w3.org/ns/shacl#datatype": "http://www.w3.org/2001/XMLSchema#string",
    "http://www.w3.org/ns/shacl#name": "schema",
    "id": "file:///Users/abettati/sandbox/azure-rest-api-specs/specification/sql/resource-manager/Microsoft.Sql/preview/2020-08-01-preview/ServerDnsAliases.json#/web-api/end-points/%2Fsubscriptions%2F%7BsubscriptionId%7D%2FresourceGroups%2F%7BresourceGroupName%7D%2Fproviders%2FMicrosoft.Sql%2Fservers%2F%7BserverName%7D%2FdnsAliases%2F%7BdnsAliasName%7D/delete/request/parameter/subscriptionId/scalar/schema"
  },
  "id": "file:///Users/abettati/sandbox/azure-rest-api-specs/specification/sql/resource-manager/Microsoft.Sql/preview/2020-08-01-preview/ServerDnsAliases.json#/web-api/end-points/%2Fsubscriptions%2F%7BsubscriptionId%7D%2FresourceGroups%2F%7BresourceGroupName%7D%2Fproviders%2FMicrosoft.Sql%2Fservers%2F%7BserverName%7D%2FdnsAliases%2F%7BdnsAliasName%7D/delete/request/parameter/subscriptionId"
}, {
  "http://a.ml/vocabularies/apiContract#binding": "query",
  "http://a.ml/vocabularies/apiContract#paramName": "api-version",
  "http://a.ml/vocabularies/apiContract#required": "true",
  "http://a.ml/vocabularies/core#description": "The API version to use for the request.",
  "http://a.ml/vocabularies/core#name": "api-version",
  "http://a.ml/vocabularies/document#customDomainProperties": [{
    "http://a.ml/vocabularies/core#extensionName": "ms-parameter-location",
    "http://a.ml/vocabularies/document#definedBy": {
      "http://a.ml/vocabularies/core#name": null,
      "id": "file:///Users/abettati/sandbox/azure-rest-api-specs/specification/sql/resource-manager/Microsoft.Sql/preview/2020-08-01-preview/ServerDnsAliases.json#/web-api/end-points/%2Fsubscriptions%2F%7BsubscriptionId%7D%2FresourceGroups%2F%7BresourceGroupName%7D%2Fproviders%2FMicrosoft.Sql%2Fservers%2F%7BserverName%7D%2FdnsAliases/get/request/parameter/api-version/ms-parameter-location"
    },
    "http://a.ml/vocabularies/document#extension": {
      "http://a.ml/vocabularies/core#name": null,
      "http://a.ml/vocabularies/data#value": null,
      "http://www.w3.org/ns/shacl#datatype": null,
      "id": "file:///Users/abettati/sandbox/azure-rest-api-specs/specification/sql/resource-manager/Microsoft.Sql/preview/2020-08-01-preview/ServerDnsAliases.json#/web-api/end-points/%2Fsubscriptions%2F%7BsubscriptionId%7D%2FresourceGroups%2F%7BresourceGroupName%7D%2Fproviders%2FMicrosoft.Sql%2Fservers%2F%7BserverName%7D%2FdnsAliases/get/request/parameter/api-version/ms-parameter-location/scalar_1"
    },
    "id": "file:///Users/abettati/sandbox/azure-rest-api-specs/specification/sql/resource-manager/Microsoft.Sql/preview/2020-08-01-preview/ServerDnsAliases.json#/web-api/end-points/%2Fsubscriptions%2F%7BsubscriptionId%7D%2FresourceGroups%2F%7BresourceGroupName%7D%2Fproviders%2FMicrosoft.Sql%2Fservers%2F%7BserverName%7D%2FdnsAliases/get/request/parameter/api-version/extension/ms-parameter-location"
  }],
  "http://a.ml/vocabularies/shapes#schema": {
    "http://a.ml/vocabularies/core#description": "The API version to use for the request.",
    "http://a.ml/vocabularies/document#customDomainProperties": [{
      "http://a.ml/vocabularies/core#extensionName": null,
      "http://a.ml/vocabularies/document#definedBy": null,
      "http://a.ml/vocabularies/document#extension": null,
      "id": "file:///Users/abettati/sandbox/azure-rest-api-specs/specification/sql/resource-manager/Microsoft.Sql/preview/2020-08-01-preview/ServerDnsAliases.json#/web-api/end-points/%2Fsubscriptions%2F%7BsubscriptionId%7D%2FresourceGroups%2F%7BresourceGroupName%7D%2Fproviders%2FMicrosoft.Sql%2Fservers%2F%7BserverName%7D%2FdnsAliases/get/request/parameter/api-version/scalar/schema/extension/ms-parameter-location"
    }],
    "http://www.w3.org/ns/shacl#datatype": "http://www.w3.org/2001/XMLSchema#string",
    "http://www.w3.org/ns/shacl#name": "schema",
    "id": "file:///Users/abettati/sandbox/azure-rest-api-specs/specification/sql/resource-manager/Microsoft.Sql/preview/2020-08-01-preview/ServerDnsAliases.json#/web-api/end-points/%2Fsubscriptions%2F%7BsubscriptionId%7D%2FresourceGroups%2F%7BresourceGroupName%7D%2Fproviders%2FMicrosoft.Sql%2Fservers%2F%7BserverName%7D%2FdnsAliases/get/request/parameter/api-version/scalar/schema"
  },
  "id": "file:///Users/abettati/sandbox/azure-rest-api-specs/specification/sql/resource-manager/Microsoft.Sql/preview/2020-08-01-preview/ServerDnsAliases.json#/web-api/end-points/%2Fsubscriptions%2F%7BsubscriptionId%7D%2FresourceGroups%2F%7BresourceGroupName%7D%2Fproviders%2FMicrosoft.Sql%2Fservers%2F%7BserverName%7D%2FdnsAliases/get/request/parameter/api-version"
}, {
  "http://a.ml/vocabularies/apiContract#binding": "path",
  "http://a.ml/vocabularies/apiContract#paramName": "resourceGroupName",
  "http://a.ml/vocabularies/apiContract#required": "true",
  "http://a.ml/vocabularies/core#description": "The name of the resource group that contains the resource. You can obtain this value from the Azure Resource Manager API or the portal.",
  "http://a.ml/vocabularies/core#name": "resourceGroupName",
  "http://a.ml/vocabularies/document#customDomainProperties": [{
    "http://a.ml/vocabularies/core#extensionName": "ms-parameter-location",
    "http://a.ml/vocabularies/document#definedBy": {
      "http://a.ml/vocabularies/core#name": null,
      "id": "file:///Users/abettati/sandbox/azure-rest-api-specs/specification/sql/resource-manager/Microsoft.Sql/preview/2020-08-01-preview/ServerDnsAliases.json#/web-api/end-points/%2Fsubscriptions%2F%7BsubscriptionId%7D%2FresourceGroups%2F%7BresourceGroupName%7D%2Fproviders%2FMicrosoft.Sql%2Fservers%2F%7BserverName%7D%2FdnsAliases/get/request/parameter/resourceGroupName/ms-parameter-location"
    },
    "http://a.ml/vocabularies/document#extension": {
      "http://a.ml/vocabularies/core#name": null,
      "http://a.ml/vocabularies/data#value": null,
      "http://www.w3.org/ns/shacl#datatype": null,
      "id": "file:///Users/abettati/sandbox/azure-rest-api-specs/specification/sql/resource-manager/Microsoft.Sql/preview/2020-08-01-preview/ServerDnsAliases.json#/web-api/end-points/%2Fsubscriptions%2F%7BsubscriptionId%7D%2FresourceGroups%2F%7BresourceGroupName%7D%2Fproviders%2FMicrosoft.Sql%2Fservers%2F%7BserverName%7D%2FdnsAliases/get/request/parameter/resourceGroupName/ms-parameter-location/scalar_1"
    },
    "id": "file:///Users/abettati/sandbox/azure-rest-api-specs/specification/sql/resource-manager/Microsoft.Sql/preview/2020-08-01-preview/ServerDnsAliases.json#/web-api/end-points/%2Fsubscriptions%2F%7BsubscriptionId%7D%2FresourceGroups%2F%7BresourceGroupName%7D%2Fproviders%2FMicrosoft.Sql%2Fservers%2F%7BserverName%7D%2FdnsAliases/get/request/parameter/resourceGroupName/extension/ms-parameter-location"
  }],
  "http://a.ml/vocabularies/shapes#schema": {
    "http://a.ml/vocabularies/core#description": "The name of the resource group that contains the resource. You can obtain this value from the Azure Resource Manager API or the portal.",
    "http://a.ml/vocabularies/document#customDomainProperties": [{
      "http://a.ml/vocabularies/core#extensionName": null,
      "http://a.ml/vocabularies/document#definedBy": null,
      "http://a.ml/vocabularies/document#extension": null,
      "id": "file:///Users/abettati/sandbox/azure-rest-api-specs/specification/sql/resource-manager/Microsoft.Sql/preview/2020-08-01-preview/ServerDnsAliases.json#/web-api/end-points/%2Fsubscriptions%2F%7BsubscriptionId%7D%2FresourceGroups%2F%7BresourceGroupName%7D%2Fproviders%2FMicrosoft.Sql%2Fservers%2F%7BserverName%7D%2FdnsAliases/get/request/parameter/resourceGroupName/scalar/schema/extension/ms-parameter-location"
    }],
    "http://www.w3.org/ns/shacl#datatype": "http://www.w3.org/2001/XMLSchema#string",
    "http://www.w3.org/ns/shacl#name": "schema",
    "id": "file:///Users/abettati/sandbox/azure-rest-api-specs/specification/sql/resource-manager/Microsoft.Sql/preview/2020-08-01-preview/ServerDnsAliases.json#/web-api/end-points/%2Fsubscriptions%2F%7BsubscriptionId%7D%2FresourceGroups%2F%7BresourceGroupName%7D%2Fproviders%2FMicrosoft.Sql%2Fservers%2F%7BserverName%7D%2FdnsAliases/get/request/parameter/resourceGroupName/scalar/schema"
  },
  "id": "file:///Users/abettati/sandbox/azure-rest-api-specs/specification/sql/resource-manager/Microsoft.Sql/preview/2020-08-01-preview/ServerDnsAliases.json#/web-api/end-points/%2Fsubscriptions%2F%7BsubscriptionId%7D%2FresourceGroups%2F%7BresourceGroupName%7D%2Fproviders%2FMicrosoft.Sql%2Fservers%2F%7BserverName%7D%2FdnsAliases/get/request/parameter/resourceGroupName"
}, {
  "http://a.ml/vocabularies/apiContract#binding": "path",
  "http://a.ml/vocabularies/apiContract#paramName": "serverName",
  "http://a.ml/vocabularies/apiContract#required": "true",
  "http://a.ml/vocabularies/core#description": "The name of the server that the alias is pointing to.",
  "http://a.ml/vocabularies/core#name": "serverName",
  "http://a.ml/vocabularies/shapes#schema": {
    "http://a.ml/vocabularies/core#description": "The name of the server that the alias is pointing to.",
    "http://www.w3.org/ns/shacl#datatype": "http://www.w3.org/2001/XMLSchema#string",
    "http://www.w3.org/ns/shacl#name": "schema",
    "id": "file:///Users/abettati/sandbox/azure-rest-api-specs/specification/sql/resource-manager/Microsoft.Sql/preview/2020-08-01-preview/ServerDnsAliases.json#/web-api/end-points/%2Fsubscriptions%2F%7BsubscriptionId%7D%2FresourceGroups%2F%7BresourceGroupName%7D%2Fproviders%2FMicrosoft.Sql%2Fservers%2F%7BserverName%7D%2FdnsAliases/get/request/parameter/serverName/scalar/schema"
  },
  "id": "file:///Users/abettati/sandbox/azure-rest-api-specs/specification/sql/resource-manager/Microsoft.Sql/preview/2020-08-01-preview/ServerDnsAliases.json#/web-api/end-points/%2Fsubscriptions%2F%7BsubscriptionId%7D%2FresourceGroups%2F%7BresourceGroupName%7D%2Fproviders%2FMicrosoft.Sql%2Fservers%2F%7BserverName%7D%2FdnsAliases/get/request/parameter/serverName"
}, {
  "http://a.ml/vocabularies/apiContract#binding": "path",
  "http://a.ml/vocabularies/apiContract#paramName": "subscriptionId",
  "http://a.ml/vocabularies/apiContract#required": "true",
  "http://a.ml/vocabularies/core#description": "The subscription ID that identifies an Azure subscription.",
  "http://a.ml/vocabularies/core#name": "subscriptionId",
  "http://a.ml/vocabularies/document#customDomainProperties": [{
    "http://a.ml/vocabularies/core#extensionName": "ms-parameter-location",
    "http://a.ml/vocabularies/document#definedBy": {
      "http://a.ml/vocabularies/core#name": null,
      "id": "file:///Users/abettati/sandbox/azure-rest-api-specs/specification/sql/resource-manager/Microsoft.Sql/preview/2020-08-01-preview/ServerDnsAliases.json#/web-api/end-points/%2Fsubscriptions%2F%7BsubscriptionId%7D%2FresourceGroups%2F%7BresourceGroupName%7D%2Fproviders%2FMicrosoft.Sql%2Fservers%2F%7BserverName%7D%2FdnsAliases/get/request/parameter/subscriptionId/ms-parameter-location"
    },
    "http://a.ml/vocabularies/document#extension": {
      "http://a.ml/vocabularies/core#name": null,
      "http://a.ml/vocabularies/data#value": null,
      "http://www.w3.org/ns/shacl#datatype": null,
      "id": "file:///Users/abettati/sandbox/azure-rest-api-specs/specification/sql/resource-manager/Microsoft.Sql/preview/2020-08-01-preview/ServerDnsAliases.json#/web-api/end-points/%2Fsubscriptions%2F%7BsubscriptionId%7D%2FresourceGroups%2F%7BresourceGroupName%7D%2Fproviders%2FMicrosoft.Sql%2Fservers%2F%7BserverName%7D%2FdnsAliases/get/request/parameter/subscriptionId/ms-parameter-location/scalar_1"
    },
    "id": "file:///Users/abettati/sandbox/azure-rest-api-specs/specification/sql/resource-manager/Microsoft.Sql/preview/2020-08-01-preview/ServerDnsAliases.json#/web-api/end-points/%2Fsubscriptions%2F%7BsubscriptionId%7D%2FresourceGroups%2F%7BresourceGroupName%7D%2Fproviders%2FMicrosoft.Sql%2Fservers%2F%7BserverName%7D%2FdnsAliases/get/request/parameter/subscriptionId/extension/ms-parameter-location"
  }],
  "http://a.ml/vocabularies/shapes#schema": {
    "http://a.ml/vocabularies/core#description": "The subscription ID that identifies an Azure subscription.",
    "http://a.ml/vocabularies/document#customDomainProperties": [{
      "http://a.ml/vocabularies/core#extensionName": null,
      "http://a.ml/vocabularies/document#definedBy": null,
      "http://a.ml/vocabularies/document#extension": null,
      "id": "file:///Users/abettati/sandbox/azure-rest-api-specs/specification/sql/resource-manager/Microsoft.Sql/preview/2020-08-01-preview/ServerDnsAliases.json#/web-api/end-points/%2Fsubscriptions%2F%7BsubscriptionId%7D%2FresourceGroups%2F%7BresourceGroupName%7D%2Fproviders%2FMicrosoft.Sql%2Fservers%2F%7BserverName%7D%2FdnsAliases/get/request/parameter/subscriptionId/scalar/schema/extension/ms-parameter-location"
    }],
    "http://www.w3.org/ns/shacl#datatype": "http://www.w3.org/2001/XMLSchema#string",
    "http://www.w3.org/ns/shacl#name": "schema",
    "id": "file:///Users/abettati/sandbox/azure-rest-api-specs/specification/sql/resource-manager/Microsoft.Sql/preview/2020-08-01-preview/ServerDnsAliases.json#/web-api/end-points/%2Fsubscriptions%2F%7BsubscriptionId%7D%2FresourceGroups%2F%7BresourceGroupName%7D%2Fproviders%2FMicrosoft.Sql%2Fservers%2F%7BserverName%7D%2FdnsAliases/get/request/parameter/subscriptionId/scalar/schema"
  },
  "id": "file:///Users/abettati/sandbox/azure-rest-api-specs/specification/sql/resource-manager/Microsoft.Sql/preview/2020-08-01-preview/ServerDnsAliases.json#/web-api/end-points/%2Fsubscriptions%2F%7BsubscriptionId%7D%2FresourceGroups%2F%7BresourceGroupName%7D%2Fproviders%2FMicrosoft.Sql%2Fservers%2F%7BserverName%7D%2FdnsAliases/get/request/parameter/subscriptionId"
}, {
  "http://a.ml/vocabularies/apiContract#binding": "query",
  "http://a.ml/vocabularies/apiContract#paramName": "api-version",
  "http://a.ml/vocabularies/apiContract#required": "true",
  "http://a.ml/vocabularies/core#description": "The API version to use for the request.",
  "http://a.ml/vocabularies/core#name": "api-version",
  "http://a.ml/vocabularies/document#customDomainProperties": [{
    "http://a.ml/vocabularies/core#extensionName": "ms-parameter-location",
    "http://a.ml/vocabularies/document#definedBy": {
      "http://a.ml/vocabularies/core#name": null,
      "id": "file:///Users/abettati/sandbox/azure-rest-api-specs/specification/sql/resource-manager/Microsoft.Sql/preview/2020-08-01-preview/ServerDnsAliases.json#/web-api/end-points/%2Fsubscriptions%2F%7BsubscriptionId%7D%2FresourceGroups%2F%7BresourceGroupName%7D%2Fproviders%2FMicrosoft.Sql%2Fservers%2F%7BserverName%7D%2FdnsAliases%2F%7BdnsAliasName%7D%2Facquire/post/request/parameter/api-version/ms-parameter-location"
    },
    "http://a.ml/vocabularies/document#extension": {
      "http://a.ml/vocabularies/core#name": null,
      "http://a.ml/vocabularies/data#value": null,
      "http://www.w3.org/ns/shacl#datatype": null,
      "id": "file:///Users/abettati/sandbox/azure-rest-api-specs/specification/sql/resource-manager/Microsoft.Sql/preview/2020-08-01-preview/ServerDnsAliases.json#/web-api/end-points/%2Fsubscriptions%2F%7BsubscriptionId%7D%2FresourceGroups%2F%7BresourceGroupName%7D%2Fproviders%2FMicrosoft.Sql%2Fservers%2F%7BserverName%7D%2FdnsAliases%2F%7BdnsAliasName%7D%2Facquire/post/request/parameter/api-version/ms-parameter-location/scalar_1"
    },
    "id": "file:///Users/abettati/sandbox/azure-rest-api-specs/specification/sql/resource-manager/Microsoft.Sql/preview/2020-08-01-preview/ServerDnsAliases.json#/web-api/end-points/%2Fsubscriptions%2F%7BsubscriptionId%7D%2FresourceGroups%2F%7BresourceGroupName%7D%2Fproviders%2FMicrosoft.Sql%2Fservers%2F%7BserverName%7D%2FdnsAliases%2F%7BdnsAliasName%7D%2Facquire/post/request/parameter/api-version/extension/ms-parameter-location"
  }],
  "http://a.ml/vocabularies/shapes#schema": {
    "http://a.ml/vocabularies/core#description": "The API version to use for the request.",
    "http://a.ml/vocabularies/document#customDomainProperties": [{
      "http://a.ml/vocabularies/core#extensionName": null,
      "http://a.ml/vocabularies/document#definedBy": null,
      "http://a.ml/vocabularies/document#extension": null,
      "id": "file:///Users/abettati/sandbox/azure-rest-api-specs/specification/sql/resource-manager/Microsoft.Sql/preview/2020-08-01-preview/ServerDnsAliases.json#/web-api/end-points/%2Fsubscriptions%2F%7BsubscriptionId%7D%2FresourceGroups%2F%7BresourceGroupName%7D%2Fproviders%2FMicrosoft.Sql%2Fservers%2F%7BserverName%7D%2FdnsAliases%2F%7BdnsAliasName%7D%2Facquire/post/request/parameter/api-version/scalar/schema/extension/ms-parameter-location"
    }],
    "http://www.w3.org/ns/shacl#datatype": "http://www.w3.org/2001/XMLSchema#string",
    "http://www.w3.org/ns/shacl#name": "schema",
    "id": "file:///Users/abettati/sandbox/azure-rest-api-specs/specification/sql/resource-manager/Microsoft.Sql/preview/2020-08-01-preview/ServerDnsAliases.json#/web-api/end-points/%2Fsubscriptions%2F%7BsubscriptionId%7D%2FresourceGroups%2F%7BresourceGroupName%7D%2Fproviders%2FMicrosoft.Sql%2Fservers%2F%7BserverName%7D%2FdnsAliases%2F%7BdnsAliasName%7D%2Facquire/post/request/parameter/api-version/scalar/schema"
  },
  "id": "file:///Users/abettati/sandbox/azure-rest-api-specs/specification/sql/resource-manager/Microsoft.Sql/preview/2020-08-01-preview/ServerDnsAliases.json#/web-api/end-points/%2Fsubscriptions%2F%7BsubscriptionId%7D%2FresourceGroups%2F%7BresourceGroupName%7D%2Fproviders%2FMicrosoft.Sql%2Fservers%2F%7BserverName%7D%2FdnsAliases%2F%7BdnsAliasName%7D%2Facquire/post/request/parameter/api-version"
}, {
  "http://a.ml/vocabularies/apiContract#binding": "path",
  "http://a.ml/vocabularies/apiContract#paramName": "resourceGroupName",
  "http://a.ml/vocabularies/apiContract#required": "true",
  "http://a.ml/vocabularies/core#description": "The name of the resource group that contains the resource. You can obtain this value from the Azure Resource Manager API or the portal.",
  "http://a.ml/vocabularies/core#name": "resourceGroupName",
  "http://a.ml/vocabularies/document#customDomainProperties": [{
    "http://a.ml/vocabularies/core#extensionName": "ms-parameter-location",
    "http://a.ml/vocabularies/document#definedBy": {
      "http://a.ml/vocabularies/core#name": null,
      "id": "file:///Users/abettati/sandbox/azure-rest-api-specs/specification/sql/resource-manager/Microsoft.Sql/preview/2020-08-01-preview/ServerDnsAliases.json#/web-api/end-points/%2Fsubscriptions%2F%7BsubscriptionId%7D%2FresourceGroups%2F%7BresourceGroupName%7D%2Fproviders%2FMicrosoft.Sql%2Fservers%2F%7BserverName%7D%2FdnsAliases%2F%7BdnsAliasName%7D%2Facquire/post/request/parameter/resourceGroupName/ms-parameter-location"
    },
    "http://a.ml/vocabularies/document#extension": {
      "http://a.ml/vocabularies/core#name": null,
      "http://a.ml/vocabularies/data#value": null,
      "http://www.w3.org/ns/shacl#datatype": null,
      "id": "file:///Users/abettati/sandbox/azure-rest-api-specs/specification/sql/resource-manager/Microsoft.Sql/preview/2020-08-01-preview/ServerDnsAliases.json#/web-api/end-points/%2Fsubscriptions%2F%7BsubscriptionId%7D%2FresourceGroups%2F%7BresourceGroupName%7D%2Fproviders%2FMicrosoft.Sql%2Fservers%2F%7BserverName%7D%2FdnsAliases%2F%7BdnsAliasName%7D%2Facquire/post/request/parameter/resourceGroupName/ms-parameter-location/scalar_1"
    },
    "id": "file:///Users/abettati/sandbox/azure-rest-api-specs/specification/sql/resource-manager/Microsoft.Sql/preview/2020-08-01-preview/ServerDnsAliases.json#/web-api/end-points/%2Fsubscriptions%2F%7BsubscriptionId%7D%2FresourceGroups%2F%7BresourceGroupName%7D%2Fproviders%2FMicrosoft.Sql%2Fservers%2F%7BserverName%7D%2FdnsAliases%2F%7BdnsAliasName%7D%2Facquire/post/request/parameter/resourceGroupName/extension/ms-parameter-location"
  }],
  "http://a.ml/vocabularies/shapes#schema": {
    "http://a.ml/vocabularies/core#description": "The name of the resource group that contains the resource. You can obtain this value from the Azure Resource Manager API or the portal.",
    "http://a.ml/vocabularies/document#customDomainProperties": [{
      "http://a.ml/vocabularies/core#extensionName": null,
      "http://a.ml/vocabularies/document#definedBy": null,
      "http://a.ml/vocabularies/document#extension": null,
      "id": "file:///Users/abettati/sandbox/azure-rest-api-specs/specification/sql/resource-manager/Microsoft.Sql/preview/2020-08-01-preview/ServerDnsAliases.json#/web-api/end-points/%2Fsubscriptions%2F%7BsubscriptionId%7D%2FresourceGroups%2F%7BresourceGroupName%7D%2Fproviders%2FMicrosoft.Sql%2Fservers%2F%7BserverName%7D%2FdnsAliases%2F%7BdnsAliasName%7D%2Facquire/post/request/parameter/resourceGroupName/scalar/schema/extension/ms-parameter-location"
    }],
    "http://www.w3.org/ns/shacl#datatype": "http://www.w3.org/2001/XMLSchema#string",
    "http://www.w3.org/ns/shacl#name": "schema",
    "id": "file:///Users/abettati/sandbox/azure-rest-api-specs/specification/sql/resource-manager/Microsoft.Sql/preview/2020-08-01-preview/ServerDnsAliases.json#/web-api/end-points/%2Fsubscriptions%2F%7BsubscriptionId%7D%2FresourceGroups%2F%7BresourceGroupName%7D%2Fproviders%2FMicrosoft.Sql%2Fservers%2F%7BserverName%7D%2FdnsAliases%2F%7BdnsAliasName%7D%2Facquire/post/request/parameter/resourceGroupName/scalar/schema"
  },
  "id": "file:///Users/abettati/sandbox/azure-rest-api-specs/specification/sql/resource-manager/Microsoft.Sql/preview/2020-08-01-preview/ServerDnsAliases.json#/web-api/end-points/%2Fsubscriptions%2F%7BsubscriptionId%7D%2FresourceGroups%2F%7BresourceGroupName%7D%2Fproviders%2FMicrosoft.Sql%2Fservers%2F%7BserverName%7D%2FdnsAliases%2F%7BdnsAliasName%7D%2Facquire/post/request/parameter/resourceGroupName"
}, {
  "http://a.ml/vocabularies/apiContract#binding": "path",
  "http://a.ml/vocabularies/apiContract#paramName": "serverName",
  "http://a.ml/vocabularies/apiContract#required": "true",
  "http://a.ml/vocabularies/core#description": "The name of the server that the alias is pointing to.",
  "http://a.ml/vocabularies/core#name": "serverName",
  "http://a.ml/vocabularies/shapes#schema": {
    "http://a.ml/vocabularies/core#description": "The name of the server that the alias is pointing to.",
    "http://www.w3.org/ns/shacl#datatype": "http://www.w3.org/2001/XMLSchema#string",
    "http://www.w3.org/ns/shacl#name": "schema",
    "id": "file:///Users/abettati/sandbox/azure-rest-api-specs/specification/sql/resource-manager/Microsoft.Sql/preview/2020-08-01-preview/ServerDnsAliases.json#/web-api/end-points/%2Fsubscriptions%2F%7BsubscriptionId%7D%2FresourceGroups%2F%7BresourceGroupName%7D%2Fproviders%2FMicrosoft.Sql%2Fservers%2F%7BserverName%7D%2FdnsAliases%2F%7BdnsAliasName%7D%2Facquire/post/request/parameter/serverName/scalar/schema"
  },
  "id": "file:///Users/abettati/sandbox/azure-rest-api-specs/specification/sql/resource-manager/Microsoft.Sql/preview/2020-08-01-preview/ServerDnsAliases.json#/web-api/end-points/%2Fsubscriptions%2F%7BsubscriptionId%7D%2FresourceGroups%2F%7BresourceGroupName%7D%2Fproviders%2FMicrosoft.Sql%2Fservers%2F%7BserverName%7D%2FdnsAliases%2F%7BdnsAliasName%7D%2Facquire/post/request/parameter/serverName"
}, {
  "http://a.ml/vocabularies/apiContract#binding": "path",
  "http://a.ml/vocabularies/apiContract#paramName": "dnsAliasName",
  "http://a.ml/vocabularies/apiContract#required": "true",
  "http://a.ml/vocabularies/core#description": "The name of the server dns alias.",
  "http://a.ml/vocabularies/core#name": "dnsAliasName",
  "http://a.ml/vocabularies/shapes#schema": {
    "http://a.ml/vocabularies/core#description": "The name of the server dns alias.",
    "http://www.w3.org/ns/shacl#datatype": "http://www.w3.org/2001/XMLSchema#string",
    "http://www.w3.org/ns/shacl#name": "schema",
    "id": "file:///Users/abettati/sandbox/azure-rest-api-specs/specification/sql/resource-manager/Microsoft.Sql/preview/2020-08-01-preview/ServerDnsAliases.json#/web-api/end-points/%2Fsubscriptions%2F%7BsubscriptionId%7D%2FresourceGroups%2F%7BresourceGroupName%7D%2Fproviders%2FMicrosoft.Sql%2Fservers%2F%7BserverName%7D%2FdnsAliases%2F%7BdnsAliasName%7D%2Facquire/post/request/parameter/dnsAliasName/scalar/schema"
  },
  "id": "file:///Users/abettati/sandbox/azure-rest-api-specs/specification/sql/resource-manager/Microsoft.Sql/preview/2020-08-01-preview/ServerDnsAliases.json#/web-api/end-points/%2Fsubscriptions%2F%7BsubscriptionId%7D%2FresourceGroups%2F%7BresourceGroupName%7D%2Fproviders%2FMicrosoft.Sql%2Fservers%2F%7BserverName%7D%2FdnsAliases%2F%7BdnsAliasName%7D%2Facquire/post/request/parameter/dnsAliasName"
}, {
  "http://a.ml/vocabularies/apiContract#binding": "path",
  "http://a.ml/vocabularies/apiContract#paramName": "subscriptionId",
  "http://a.ml/vocabularies/apiContract#required": "true",
  "http://a.ml/vocabularies/core#description": "The subscription ID that identifies an Azure subscription.",
  "http://a.ml/vocabularies/core#name": "subscriptionId",
  "http://a.ml/vocabularies/document#customDomainProperties": [{
    "http://a.ml/vocabularies/core#extensionName": "ms-parameter-location",
    "http://a.ml/vocabularies/document#definedBy": {
      "http://a.ml/vocabularies/core#name": null,
      "id": "file:///Users/abettati/sandbox/azure-rest-api-specs/specification/sql/resource-manager/Microsoft.Sql/preview/2020-08-01-preview/ServerDnsAliases.json#/web-api/end-points/%2Fsubscriptions%2F%7BsubscriptionId%7D%2FresourceGroups%2F%7BresourceGroupName%7D%2Fproviders%2FMicrosoft.Sql%2Fservers%2F%7BserverName%7D%2FdnsAliases%2F%7BdnsAliasName%7D%2Facquire/post/request/parameter/subscriptionId/ms-parameter-location"
    },
    "http://a.ml/vocabularies/document#extension": {
      "http://a.ml/vocabularies/core#name": null,
      "http://a.ml/vocabularies/data#value": null,
      "http://www.w3.org/ns/shacl#datatype": null,
      "id": "file:///Users/abettati/sandbox/azure-rest-api-specs/specification/sql/resource-manager/Microsoft.Sql/preview/2020-08-01-preview/ServerDnsAliases.json#/web-api/end-points/%2Fsubscriptions%2F%7BsubscriptionId%7D%2FresourceGroups%2F%7BresourceGroupName%7D%2Fproviders%2FMicrosoft.Sql%2Fservers%2F%7BserverName%7D%2FdnsAliases%2F%7BdnsAliasName%7D%2Facquire/post/request/parameter/subscriptionId/ms-parameter-location/scalar_1"
    },
    "id": "file:///Users/abettati/sandbox/azure-rest-api-specs/specification/sql/resource-manager/Microsoft.Sql/preview/2020-08-01-preview/ServerDnsAliases.json#/web-api/end-points/%2Fsubscriptions%2F%7BsubscriptionId%7D%2FresourceGroups%2F%7BresourceGroupName%7D%2Fproviders%2FMicrosoft.Sql%2Fservers%2F%7BserverName%7D%2FdnsAliases%2F%7BdnsAliasName%7D%2Facquire/post/request/parameter/subscriptionId/extension/ms-parameter-location"
  }],
  "http://a.ml/vocabularies/shapes#schema": {
    "http://a.ml/vocabularies/core#description": "The subscription ID that identifies an Azure subscription.",
    "http://a.ml/vocabularies/document#customDomainProperties": [{
      "http://a.ml/vocabularies/core#extensionName": null,
      "http://a.ml/vocabularies/document#definedBy": null,
      "http://a.ml/vocabularies/document#extension": null,
      "id": "file:///Users/abettati/sandbox/azure-rest-api-specs/specification/sql/resource-manager/Microsoft.Sql/preview/2020-08-01-preview/ServerDnsAliases.json#/web-api/end-points/%2Fsubscriptions%2F%7BsubscriptionId%7D%2FresourceGroups%2F%7BresourceGroupName%7D%2Fproviders%2FMicrosoft.Sql%2Fservers%2F%7BserverName%7D%2FdnsAliases%2F%7BdnsAliasName%7D%2Facquire/post/request/parameter/subscriptionId/scalar/schema/extension/ms-parameter-location"
    }],
    "http://www.w3.org/ns/shacl#datatype": "http://www.w3.org/2001/XMLSchema#string",
    "http://www.w3.org/ns/shacl#name": "schema",
    "id": "file:///Users/abettati/sandbox/azure-rest-api-specs/specification/sql/resource-manager/Microsoft.Sql/preview/2020-08-01-preview/ServerDnsAliases.json#/web-api/end-points/%2Fsubscriptions%2F%7BsubscriptionId%7D%2FresourceGroups%2F%7BresourceGroupName%7D%2Fproviders%2FMicrosoft.Sql%2Fservers%2F%7BserverName%7D%2FdnsAliases%2F%7BdnsAliasName%7D%2Facquire/post/request/parameter/subscriptionId/scalar/schema"
  },
  "id": "file:///Users/abettati/sandbox/azure-rest-api-specs/specification/sql/resource-manager/Microsoft.Sql/preview/2020-08-01-preview/ServerDnsAliases.json#/web-api/end-points/%2Fsubscriptions%2F%7BsubscriptionId%7D%2FresourceGroups%2F%7BresourceGroupName%7D%2Fproviders%2FMicrosoft.Sql%2Fservers%2F%7BserverName%7D%2FdnsAliases%2F%7BdnsAliasName%7D%2Facquire/post/request/parameter/subscriptionId"
}]