[{
  "http://a.ml/vocabularies/apiContract#binding": "path",
  "http://a.ml/vocabularies/apiContract#paramName": "location",
  "http://a.ml/vocabularies/apiContract#required": "true",
  "http://a.ml/vocabularies/core#description": "Name of the backup location.",
  "http://a.ml/vocabularies/core#name": "BackupLocationParameter",
  "http://a.ml/vocabularies/document#customDomainProperties": [{
    "http://a.ml/vocabularies/core#extensionName": "ms-parameter-location",
    "http://a.ml/vocabularies/document#definedBy": {
      "http://a.ml/vocabularies/core#name": null,
      "id": "file:///Users/abettati/sandbox/azure-rest-api-specs/specification/azsadmin/resource-manager/backup/Microsoft.Backup.Admin/preview/2018-09-01/BackupLocations.json#/declarations/parameters/parameter/BackupLocationParameter/ms-parameter-location"
    },
    "http://a.ml/vocabularies/document#extension": {
      "http://a.ml/vocabularies/core#name": null,
      "http://a.ml/vocabularies/data#value": null,
      "http://www.w3.org/ns/shacl#datatype": null,
      "id": "file:///Users/abettati/sandbox/azure-rest-api-specs/specification/azsadmin/resource-manager/backup/Microsoft.Backup.Admin/preview/2018-09-01/BackupLocations.json#/declarations/parameters/parameter/BackupLocationParameter/ms-parameter-location/scalar_1"
    },
    "id": "file:///Users/abettati/sandbox/azure-rest-api-specs/specification/azsadmin/resource-manager/backup/Microsoft.Backup.Admin/preview/2018-09-01/BackupLocations.json#/declarations/parameters/parameter/BackupLocationParameter/extension/ms-parameter-location"
  }],
  "http://a.ml/vocabularies/shapes#schema": {
    "http://a.ml/vocabularies/core#description": "Name of the backup location.",
    "http://a.ml/vocabularies/document#customDomainProperties": [{
      "http://a.ml/vocabularies/core#extensionName": null,
      "http://a.ml/vocabularies/document#definedBy": null,
      "http://a.ml/vocabularies/document#extension": null,
      "id": "file:///Users/abettati/sandbox/azure-rest-api-specs/specification/azsadmin/resource-manager/backup/Microsoft.Backup.Admin/preview/2018-09-01/BackupLocations.json#/declarations/parameters/parameter/BackupLocationParameter/scalar/schema/extension/ms-parameter-location"
    }],
    "http://www.w3.org/ns/shacl#datatype": "http://www.w3.org/2001/XMLSchema#string",
    "http://www.w3.org/ns/shacl#name": "schema",
    "id": "file:///Users/abettati/sandbox/azure-rest-api-specs/specification/azsadmin/resource-manager/backup/Microsoft.Backup.Admin/preview/2018-09-01/BackupLocations.json#/declarations/parameters/parameter/BackupLocationParameter/scalar/schema"
  },
  "id": "file:///Users/abettati/sandbox/azure-rest-api-specs/specification/azsadmin/resource-manager/backup/Microsoft.Backup.Admin/preview/2018-09-01/BackupLocations.json#/declarations/parameters/parameter/BackupLocationParameter"
}, {
  "http://a.ml/vocabularies/apiContract#binding": "query",
  "http://a.ml/vocabularies/apiContract#paramName": "api-version",
  "http://a.ml/vocabularies/apiContract#required": "true",
  "http://a.ml/vocabularies/core#description": "Client API version.",
  "http://a.ml/vocabularies/core#name": "api-version",
  "http://a.ml/vocabularies/shapes#schema": {
    "http://a.ml/vocabularies/core#description": "Client API version.",
    "http://www.w3.org/ns/shacl#datatype": "http://www.w3.org/2001/XMLSchema#string",
    "http://www.w3.org/ns/shacl#defaultValue": {
      "http://a.ml/vocabularies/core#name": "scalar_1",
      "http://a.ml/vocabularies/data#value": "2018-09-01",
      "http://www.w3.org/ns/shacl#datatype": "http://www.w3.org/2001/XMLSchema#string",
      "id": "file:///Users/abettati/sandbox/azure-rest-api-specs/specification/azsadmin/resource-manager/backup/Microsoft.Backup.Admin/preview/2018-09-01/BackupLocations.json#/web-api/end-points/%2Fsubscriptions%2F%7BsubscriptionId%7D%2FresourceGroups%2F%7BresourceGroupName%7D%2Fproviders%2FMicrosoft.Backup.Admin%2FbackupLocations/get/request/parameter/api-version/scalar/schema/scalar_1"
    },
    "http://www.w3.org/ns/shacl#defaultValueStr": "2018-09-01",
    "http://www.w3.org/ns/shacl#name": "schema",
    "id": "file:///Users/abettati/sandbox/azure-rest-api-specs/specification/azsadmin/resource-manager/backup/Microsoft.Backup.Admin/preview/2018-09-01/BackupLocations.json#/web-api/end-points/%2Fsubscriptions%2F%7BsubscriptionId%7D%2FresourceGroups%2F%7BresourceGroupName%7D%2Fproviders%2FMicrosoft.Backup.Admin%2FbackupLocations/get/request/parameter/api-version/scalar/schema"
  },
  "id": "file:///Users/abettati/sandbox/azure-rest-api-specs/specification/azsadmin/resource-manager/backup/Microsoft.Backup.Admin/preview/2018-09-01/BackupLocations.json#/web-api/end-points/%2Fsubscriptions%2F%7BsubscriptionId%7D%2FresourceGroups%2F%7BresourceGroupName%7D%2Fproviders%2FMicrosoft.Backup.Admin%2FbackupLocations/get/request/parameter/api-version"
}, {
  "http://a.ml/vocabularies/apiContract#binding": "query",
  "http://a.ml/vocabularies/apiContract#paramName": "$top",
  "http://a.ml/vocabularies/apiContract#required": "false",
  "http://a.ml/vocabularies/core#description": "OData top parameter.",
  "http://a.ml/vocabularies/core#name": "$top",
  "http://a.ml/vocabularies/document#customDomainProperties": [{
    "http://a.ml/vocabularies/core#extensionName": "ms-parameter-location",
    "http://a.ml/vocabularies/document#definedBy": {
      "http://a.ml/vocabularies/core#name": null,
      "id": "file:///Users/abettati/sandbox/azure-rest-api-specs/specification/azsadmin/resource-manager/backup/Microsoft.Backup.Admin/preview/2018-09-01/BackupLocations.json#/web-api/end-points/%2Fsubscriptions%2F%7BsubscriptionId%7D%2FresourceGroups%2F%7BresourceGroupName%7D%2Fproviders%2FMicrosoft.Backup.Admin%2FbackupLocations/get/request/parameter/%24top/ms-parameter-location"
    },
    "http://a.ml/vocabularies/document#extension": {
      "http://a.ml/vocabularies/core#name": null,
      "http://a.ml/vocabularies/data#value": null,
      "http://www.w3.org/ns/shacl#datatype": null,
      "id": "file:///Users/abettati/sandbox/azure-rest-api-specs/specification/azsadmin/resource-manager/backup/Microsoft.Backup.Admin/preview/2018-09-01/BackupLocations.json#/web-api/end-points/%2Fsubscriptions%2F%7BsubscriptionId%7D%2FresourceGroups%2F%7BresourceGroupName%7D%2Fproviders%2FMicrosoft.Backup.Admin%2FbackupLocations/get/request/parameter/%24top/ms-parameter-location/scalar_1"
    },
    "id": "file:///Users/abettati/sandbox/azure-rest-api-specs/specification/azsadmin/resource-manager/backup/Microsoft.Backup.Admin/preview/2018-09-01/BackupLocations.json#/web-api/end-points/%2Fsubscriptions%2F%7BsubscriptionId%7D%2FresourceGroups%2F%7BresourceGroupName%7D%2Fproviders%2FMicrosoft.Backup.Admin%2FbackupLocations/get/request/parameter/%24top/extension/ms-parameter-location"
  }],
  "http://a.ml/vocabularies/shapes#schema": {
    "http://a.ml/vocabularies/core#description": "OData top parameter.",
    "http://a.ml/vocabularies/document#customDomainProperties": [{
      "http://a.ml/vocabularies/core#extensionName": null,
      "http://a.ml/vocabularies/document#definedBy": null,
      "http://a.ml/vocabularies/document#extension": null,
      "id": "file:///Users/abettati/sandbox/azure-rest-api-specs/specification/azsadmin/resource-manager/backup/Microsoft.Backup.Admin/preview/2018-09-01/BackupLocations.json#/web-api/end-points/%2Fsubscriptions%2F%7BsubscriptionId%7D%2FresourceGroups%2F%7BresourceGroupName%7D%2Fproviders%2FMicrosoft.Backup.Admin%2FbackupLocations/get/request/parameter/%24top/scalar/schema/extension/ms-parameter-location"
    }],
    "http://www.w3.org/ns/shacl#datatype": "http://www.w3.org/2001/XMLSchema#string",
    "http://www.w3.org/ns/shacl#name": "schema",
    "id": "file:///Users/abettati/sandbox/azure-rest-api-specs/specification/azsadmin/resource-manager/backup/Microsoft.Backup.Admin/preview/2018-09-01/BackupLocations.json#/web-api/end-points/%2Fsubscriptions%2F%7BsubscriptionId%7D%2FresourceGroups%2F%7BresourceGroupName%7D%2Fproviders%2FMicrosoft.Backup.Admin%2FbackupLocations/get/request/parameter/%24top/scalar/schema"
  },
  "id": "file:///Users/abettati/sandbox/azure-rest-api-specs/specification/azsadmin/resource-manager/backup/Microsoft.Backup.Admin/preview/2018-09-01/BackupLocations.json#/web-api/end-points/%2Fsubscriptions%2F%7BsubscriptionId%7D%2FresourceGroups%2F%7BresourceGroupName%7D%2Fproviders%2FMicrosoft.Backup.Admin%2FbackupLocations/get/request/parameter/%24top"
}, {
  "http://a.ml/vocabularies/apiContract#binding": "query",
  "http://a.ml/vocabularies/apiContract#paramName": "$skip",
  "http://a.ml/vocabularies/apiContract#required": "false",
  "http://a.ml/vocabularies/core#description": "OData skip parameter.",
  "http://a.ml/vocabularies/core#name": "$skip",
  "http://a.ml/vocabularies/document#customDomainProperties": [{
    "http://a.ml/vocabularies/core#extensionName": "ms-parameter-location",
    "http://a.ml/vocabularies/document#definedBy": {
      "http://a.ml/vocabularies/core#name": null,
      "id": "file:///Users/abettati/sandbox/azure-rest-api-specs/specification/azsadmin/resource-manager/backup/Microsoft.Backup.Admin/preview/2018-09-01/BackupLocations.json#/web-api/end-points/%2Fsubscriptions%2F%7BsubscriptionId%7D%2FresourceGroups%2F%7BresourceGroupName%7D%2Fproviders%2FMicrosoft.Backup.Admin%2FbackupLocations/get/request/parameter/%24skip/ms-parameter-location"
    },
    "http://a.ml/vocabularies/document#extension": {
      "http://a.ml/vocabularies/core#name": null,
      "http://a.ml/vocabularies/data#value": null,
      "http://www.w3.org/ns/shacl#datatype": null,
      "id": "file:///Users/abettati/sandbox/azure-rest-api-specs/specification/azsadmin/resource-manager/backup/Microsoft.Backup.Admin/preview/2018-09-01/BackupLocations.json#/web-api/end-points/%2Fsubscriptions%2F%7BsubscriptionId%7D%2FresourceGroups%2F%7BresourceGroupName%7D%2Fproviders%2FMicrosoft.Backup.Admin%2FbackupLocations/get/request/parameter/%24skip/ms-parameter-location/scalar_1"
    },
    "id": "file:///Users/abettati/sandbox/azure-rest-api-specs/specification/azsadmin/resource-manager/backup/Microsoft.Backup.Admin/preview/2018-09-01/BackupLocations.json#/web-api/end-points/%2Fsubscriptions%2F%7BsubscriptionId%7D%2FresourceGroups%2F%7BresourceGroupName%7D%2Fproviders%2FMicrosoft.Backup.Admin%2FbackupLocations/get/request/parameter/%24skip/extension/ms-parameter-location"
  }],
  "http://a.ml/vocabularies/shapes#schema": {
    "http://a.ml/vocabularies/core#description": "OData skip parameter.",
    "http://a.ml/vocabularies/document#customDomainProperties": [{
      "http://a.ml/vocabularies/core#extensionName": null,
      "http://a.ml/vocabularies/document#definedBy": null,
      "http://a.ml/vocabularies/document#extension": null,
      "id": "file:///Users/abettati/sandbox/azure-rest-api-specs/specification/azsadmin/resource-manager/backup/Microsoft.Backup.Admin/preview/2018-09-01/BackupLocations.json#/web-api/end-points/%2Fsubscriptions%2F%7BsubscriptionId%7D%2FresourceGroups%2F%7BresourceGroupName%7D%2Fproviders%2FMicrosoft.Backup.Admin%2FbackupLocations/get/request/parameter/%24skip/scalar/schema/extension/ms-parameter-location"
    }],
    "http://www.w3.org/ns/shacl#datatype": "http://www.w3.org/2001/XMLSchema#string",
    "http://www.w3.org/ns/shacl#name": "schema",
    "id": "file:///Users/abettati/sandbox/azure-rest-api-specs/specification/azsadmin/resource-manager/backup/Microsoft.Backup.Admin/preview/2018-09-01/BackupLocations.json#/web-api/end-points/%2Fsubscriptions%2F%7BsubscriptionId%7D%2FresourceGroups%2F%7BresourceGroupName%7D%2Fproviders%2FMicrosoft.Backup.Admin%2FbackupLocations/get/request/parameter/%24skip/scalar/schema"
  },
  "id": "file:///Users/abettati/sandbox/azure-rest-api-specs/specification/azsadmin/resource-manager/backup/Microsoft.Backup.Admin/preview/2018-09-01/BackupLocations.json#/web-api/end-points/%2Fsubscriptions%2F%7BsubscriptionId%7D%2FresourceGroups%2F%7BresourceGroupName%7D%2Fproviders%2FMicrosoft.Backup.Admin%2FbackupLocations/get/request/parameter/%24skip"
}, {
  "http://a.ml/vocabularies/apiContract#binding": "path",
  "http://a.ml/vocabularies/apiContract#paramName": "subscriptionId",
  "http://a.ml/vocabularies/apiContract#required": "true",
  "http://a.ml/vocabularies/core#description": "Subscription credentials that uniquely identify Microsoft Azure subscription. The subscription ID forms part of the URI for every service call.",
  "http://a.ml/vocabularies/core#name": "subscriptionId",
  "http://a.ml/vocabularies/shapes#schema": {
    "http://a.ml/vocabularies/core#description": "Subscription credentials that uniquely identify Microsoft Azure subscription. The subscription ID forms part of the URI for every service call.",
    "http://www.w3.org/ns/shacl#datatype": "http://www.w3.org/2001/XMLSchema#string",
    "http://www.w3.org/ns/shacl#name": "schema",
    "id": "file:///Users/abettati/sandbox/azure-rest-api-specs/specification/azsadmin/resource-manager/backup/Microsoft.Backup.Admin/preview/2018-09-01/BackupLocations.json#/web-api/end-points/%2Fsubscriptions%2F%7BsubscriptionId%7D%2FresourceGroups%2F%7BresourceGroupName%7D%2Fproviders%2FMicrosoft.Backup.Admin%2FbackupLocations/get/request/parameter/subscriptionId/scalar/schema"
  },
  "id": "file:///Users/abettati/sandbox/azure-rest-api-specs/specification/azsadmin/resource-manager/backup/Microsoft.Backup.Admin/preview/2018-09-01/BackupLocations.json#/web-api/end-points/%2Fsubscriptions%2F%7BsubscriptionId%7D%2FresourceGroups%2F%7BresourceGroupName%7D%2Fproviders%2FMicrosoft.Backup.Admin%2FbackupLocations/get/request/parameter/subscriptionId"
}, {
  "http://a.ml/vocabularies/apiContract#binding": "path",
  "http://a.ml/vocabularies/apiContract#paramName": "resourceGroupName",
  "http://a.ml/vocabularies/apiContract#required": "true",
  "http://a.ml/vocabularies/core#description": "Name of the resource group.",
  "http://a.ml/vocabularies/core#name": "resourceGroupName",
  "http://a.ml/vocabularies/document#customDomainProperties": [{
    "http://a.ml/vocabularies/core#extensionName": "ms-parameter-location",
    "http://a.ml/vocabularies/document#definedBy": {
      "http://a.ml/vocabularies/core#name": null,
      "id": "file:///Users/abettati/sandbox/azure-rest-api-specs/specification/azsadmin/resource-manager/backup/Microsoft.Backup.Admin/preview/2018-09-01/BackupLocations.json#/web-api/end-points/%2Fsubscriptions%2F%7BsubscriptionId%7D%2FresourceGroups%2F%7BresourceGroupName%7D%2Fproviders%2FMicrosoft.Backup.Admin%2FbackupLocations/get/request/parameter/resourceGroupName/ms-parameter-location"
    },
    "http://a.ml/vocabularies/document#extension": {
      "http://a.ml/vocabularies/core#name": null,
      "http://a.ml/vocabularies/data#value": null,
      "http://www.w3.org/ns/shacl#datatype": null,
      "id": "file:///Users/abettati/sandbox/azure-rest-api-specs/specification/azsadmin/resource-manager/backup/Microsoft.Backup.Admin/preview/2018-09-01/BackupLocations.json#/web-api/end-points/%2Fsubscriptions%2F%7BsubscriptionId%7D%2FresourceGroups%2F%7BresourceGroupName%7D%2Fproviders%2FMicrosoft.Backup.Admin%2FbackupLocations/get/request/parameter/resourceGroupName/ms-parameter-location/scalar_1"
    },
    "id": "file:///Users/abettati/sandbox/azure-rest-api-specs/specification/azsadmin/resource-manager/backup/Microsoft.Backup.Admin/preview/2018-09-01/BackupLocations.json#/web-api/end-points/%2Fsubscriptions%2F%7BsubscriptionId%7D%2FresourceGroups%2F%7BresourceGroupName%7D%2Fproviders%2FMicrosoft.Backup.Admin%2FbackupLocations/get/request/parameter/resourceGroupName/extension/ms-parameter-location"
  }],
  "http://a.ml/vocabularies/shapes#schema": {
    "http://a.ml/vocabularies/core#description": "Name of the resource group.",
    "http://a.ml/vocabularies/document#customDomainProperties": [{
      "http://a.ml/vocabularies/core#extensionName": null,
      "http://a.ml/vocabularies/document#definedBy": null,
      "http://a.ml/vocabularies/document#extension": null,
      "id": "file:///Users/abettati/sandbox/azure-rest-api-specs/specification/azsadmin/resource-manager/backup/Microsoft.Backup.Admin/preview/2018-09-01/BackupLocations.json#/web-api/end-points/%2Fsubscriptions%2F%7BsubscriptionId%7D%2FresourceGroups%2F%7BresourceGroupName%7D%2Fproviders%2FMicrosoft.Backup.Admin%2FbackupLocations/get/request/parameter/resourceGroupName/scalar/schema/extension/ms-parameter-location"
    }],
    "http://www.w3.org/ns/shacl#datatype": "http://www.w3.org/2001/XMLSchema#string",
    "http://www.w3.org/ns/shacl#name": "schema",
    "id": "file:///Users/abettati/sandbox/azure-rest-api-specs/specification/azsadmin/resource-manager/backup/Microsoft.Backup.Admin/preview/2018-09-01/BackupLocations.json#/web-api/end-points/%2Fsubscriptions%2F%7BsubscriptionId%7D%2FresourceGroups%2F%7BresourceGroupName%7D%2Fproviders%2FMicrosoft.Backup.Admin%2FbackupLocations/get/request/parameter/resourceGroupName/scalar/schema"
  },
  "id": "file:///Users/abettati/sandbox/azure-rest-api-specs/specification/azsadmin/resource-manager/backup/Microsoft.Backup.Admin/preview/2018-09-01/BackupLocations.json#/web-api/end-points/%2Fsubscriptions%2F%7BsubscriptionId%7D%2FresourceGroups%2F%7BresourceGroupName%7D%2Fproviders%2FMicrosoft.Backup.Admin%2FbackupLocations/get/request/parameter/resourceGroupName"
}, {
  "http://a.ml/vocabularies/apiContract#binding": "query",
  "http://a.ml/vocabularies/apiContract#paramName": "api-version",
  "http://a.ml/vocabularies/apiContract#required": "true",
  "http://a.ml/vocabularies/core#description": "Client API version.",
  "http://a.ml/vocabularies/core#name": "api-version",
  "http://a.ml/vocabularies/shapes#schema": {
    "http://a.ml/vocabularies/core#description": "Client API version.",
    "http://www.w3.org/ns/shacl#datatype": "http://www.w3.org/2001/XMLSchema#string",
    "http://www.w3.org/ns/shacl#defaultValue": {
      "http://a.ml/vocabularies/core#name": "scalar_1",
      "http://a.ml/vocabularies/data#value": "2018-09-01",
      "http://www.w3.org/ns/shacl#datatype": "http://www.w3.org/2001/XMLSchema#string",
      "id": "file:///Users/abettati/sandbox/azure-rest-api-specs/specification/azsadmin/resource-manager/backup/Microsoft.Backup.Admin/preview/2018-09-01/BackupLocations.json#/web-api/end-points/%2Fsubscriptions%2F%7BsubscriptionId%7D%2FresourceGroups%2F%7BresourceGroupName%7D%2Fproviders%2FMicrosoft.Backup.Admin%2FbackupLocations%2F%7Blocation%7D/get/request/parameter/api-version/scalar/schema/scalar_1"
    },
    "http://www.w3.org/ns/shacl#defaultValueStr": "2018-09-01",
    "http://www.w3.org/ns/shacl#name": "schema",
    "id": "file:///Users/abettati/sandbox/azure-rest-api-specs/specification/azsadmin/resource-manager/backup/Microsoft.Backup.Admin/preview/2018-09-01/BackupLocations.json#/web-api/end-points/%2Fsubscriptions%2F%7BsubscriptionId%7D%2FresourceGroups%2F%7BresourceGroupName%7D%2Fproviders%2FMicrosoft.Backup.Admin%2FbackupLocations%2F%7Blocation%7D/get/request/parameter/api-version/scalar/schema"
  },
  "id": "file:///Users/abettati/sandbox/azure-rest-api-specs/specification/azsadmin/resource-manager/backup/Microsoft.Backup.Admin/preview/2018-09-01/BackupLocations.json#/web-api/end-points/%2Fsubscriptions%2F%7BsubscriptionId%7D%2FresourceGroups%2F%7BresourceGroupName%7D%2Fproviders%2FMicrosoft.Backup.Admin%2FbackupLocations%2F%7Blocation%7D/get/request/parameter/api-version"
}, {
  "http://a.ml/vocabularies/apiContract#binding": "path",
  "http://a.ml/vocabularies/apiContract#paramName": "subscriptionId",
  "http://a.ml/vocabularies/apiContract#required": "true",
  "http://a.ml/vocabularies/core#description": "Subscription credentials that uniquely identify Microsoft Azure subscription. The subscription ID forms part of the URI for every service call.",
  "http://a.ml/vocabularies/core#name": "subscriptionId",
  "http://a.ml/vocabularies/shapes#schema": {
    "http://a.ml/vocabularies/core#description": "Subscription credentials that uniquely identify Microsoft Azure subscription. The subscription ID forms part of the URI for every service call.",
    "http://www.w3.org/ns/shacl#datatype": "http://www.w3.org/2001/XMLSchema#string",
    "http://www.w3.org/ns/shacl#name": "schema",
    "id": "file:///Users/abettati/sandbox/azure-rest-api-specs/specification/azsadmin/resource-manager/backup/Microsoft.Backup.Admin/preview/2018-09-01/BackupLocations.json#/web-api/end-points/%2Fsubscriptions%2F%7BsubscriptionId%7D%2FresourceGroups%2F%7BresourceGroupName%7D%2Fproviders%2FMicrosoft.Backup.Admin%2FbackupLocations%2F%7Blocation%7D/get/request/parameter/subscriptionId/scalar/schema"
  },
  "id": "file:///Users/abettati/sandbox/azure-rest-api-specs/specification/azsadmin/resource-manager/backup/Microsoft.Backup.Admin/preview/2018-09-01/BackupLocations.json#/web-api/end-points/%2Fsubscriptions%2F%7BsubscriptionId%7D%2FresourceGroups%2F%7BresourceGroupName%7D%2Fproviders%2FMicrosoft.Backup.Admin%2FbackupLocations%2F%7Blocation%7D/get/request/parameter/subscriptionId"
}, {
  "http://a.ml/vocabularies/apiContract#binding": "path",
  "http://a.ml/vocabularies/apiContract#paramName": "resourceGroupName",
  "http://a.ml/vocabularies/apiContract#required": "true",
  "http://a.ml/vocabularies/core#description": "Name of the resource group.",
  "http://a.ml/vocabularies/core#name": "resourceGroupName",
  "http://a.ml/vocabularies/document#customDomainProperties": [{
    "http://a.ml/vocabularies/core#extensionName": "ms-parameter-location",
    "http://a.ml/vocabularies/document#definedBy": {
      "http://a.ml/vocabularies/core#name": null,
      "id": "file:///Users/abettati/sandbox/azure-rest-api-specs/specification/azsadmin/resource-manager/backup/Microsoft.Backup.Admin/preview/2018-09-01/BackupLocations.json#/web-api/end-points/%2Fsubscriptions%2F%7BsubscriptionId%7D%2FresourceGroups%2F%7BresourceGroupName%7D%2Fproviders%2FMicrosoft.Backup.Admin%2FbackupLocations%2F%7Blocation%7D/get/request/parameter/resourceGroupName/ms-parameter-location"
    },
    "http://a.ml/vocabularies/document#extension": {
      "http://a.ml/vocabularies/core#name": null,
      "http://a.ml/vocabularies/data#value": null,
      "http://www.w3.org/ns/shacl#datatype": null,
      "id": "file:///Users/abettati/sandbox/azure-rest-api-specs/specification/azsadmin/resource-manager/backup/Microsoft.Backup.Admin/preview/2018-09-01/BackupLocations.json#/web-api/end-points/%2Fsubscriptions%2F%7BsubscriptionId%7D%2FresourceGroups%2F%7BresourceGroupName%7D%2Fproviders%2FMicrosoft.Backup.Admin%2FbackupLocations%2F%7Blocation%7D/get/request/parameter/resourceGroupName/ms-parameter-location/scalar_1"
    },
    "id": "file:///Users/abettati/sandbox/azure-rest-api-specs/specification/azsadmin/resource-manager/backup/Microsoft.Backup.Admin/preview/2018-09-01/BackupLocations.json#/web-api/end-points/%2Fsubscriptions%2F%7BsubscriptionId%7D%2FresourceGroups%2F%7BresourceGroupName%7D%2Fproviders%2FMicrosoft.Backup.Admin%2FbackupLocations%2F%7Blocation%7D/get/request/parameter/resourceGroupName/extension/ms-parameter-location"
  }],
  "http://a.ml/vocabularies/shapes#schema": {
    "http://a.ml/vocabularies/core#description": "Name of the resource group.",
    "http://a.ml/vocabularies/document#customDomainProperties": [{
      "http://a.ml/vocabularies/core#extensionName": null,
      "http://a.ml/vocabularies/document#definedBy": null,
      "http://a.ml/vocabularies/document#extension": null,
      "id": "file:///Users/abettati/sandbox/azure-rest-api-specs/specification/azsadmin/resource-manager/backup/Microsoft.Backup.Admin/preview/2018-09-01/BackupLocations.json#/web-api/end-points/%2Fsubscriptions%2F%7BsubscriptionId%7D%2FresourceGroups%2F%7BresourceGroupName%7D%2Fproviders%2FMicrosoft.Backup.Admin%2FbackupLocations%2F%7Blocation%7D/get/request/parameter/resourceGroupName/scalar/schema/extension/ms-parameter-location"
    }],
    "http://www.w3.org/ns/shacl#datatype": "http://www.w3.org/2001/XMLSchema#string",
    "http://www.w3.org/ns/shacl#name": "schema",
    "id": "file:///Users/abettati/sandbox/azure-rest-api-specs/specification/azsadmin/resource-manager/backup/Microsoft.Backup.Admin/preview/2018-09-01/BackupLocations.json#/web-api/end-points/%2Fsubscriptions%2F%7BsubscriptionId%7D%2FresourceGroups%2F%7BresourceGroupName%7D%2Fproviders%2FMicrosoft.Backup.Admin%2FbackupLocations%2F%7Blocation%7D/get/request/parameter/resourceGroupName/scalar/schema"
  },
  "id": "file:///Users/abettati/sandbox/azure-rest-api-specs/specification/azsadmin/resource-manager/backup/Microsoft.Backup.Admin/preview/2018-09-01/BackupLocations.json#/web-api/end-points/%2Fsubscriptions%2F%7BsubscriptionId%7D%2FresourceGroups%2F%7BresourceGroupName%7D%2Fproviders%2FMicrosoft.Backup.Admin%2FbackupLocations%2F%7Blocation%7D/get/request/parameter/resourceGroupName"
}, {
  "http://a.ml/vocabularies/apiContract#binding": "query",
  "http://a.ml/vocabularies/apiContract#paramName": "api-version",
  "http://a.ml/vocabularies/apiContract#required": "true",
  "http://a.ml/vocabularies/core#description": "Client API version.",
  "http://a.ml/vocabularies/core#name": "api-version",
  "http://a.ml/vocabularies/shapes#schema": {
    "http://a.ml/vocabularies/core#description": "Client API version.",
    "http://www.w3.org/ns/shacl#datatype": "http://www.w3.org/2001/XMLSchema#string",
    "http://www.w3.org/ns/shacl#defaultValue": {
      "http://a.ml/vocabularies/core#name": "scalar_1",
      "http://a.ml/vocabularies/data#value": "2018-09-01",
      "http://www.w3.org/ns/shacl#datatype": "http://www.w3.org/2001/XMLSchema#string",
      "id": "file:///Users/abettati/sandbox/azure-rest-api-specs/specification/azsadmin/resource-manager/backup/Microsoft.Backup.Admin/preview/2018-09-01/BackupLocations.json#/web-api/end-points/%2Fsubscriptions%2F%7BsubscriptionId%7D%2FresourceGroups%2F%7BresourceGroupName%7D%2Fproviders%2FMicrosoft.Backup.Admin%2FbackupLocations%2F%7Blocation%7D/put/request/parameter/api-version/scalar/schema/scalar_1"
    },
    "http://www.w3.org/ns/shacl#defaultValueStr": "2018-09-01",
    "http://www.w3.org/ns/shacl#name": "schema",
    "id": "file:///Users/abettati/sandbox/azure-rest-api-specs/specification/azsadmin/resource-manager/backup/Microsoft.Backup.Admin/preview/2018-09-01/BackupLocations.json#/web-api/end-points/%2Fsubscriptions%2F%7BsubscriptionId%7D%2FresourceGroups%2F%7BresourceGroupName%7D%2Fproviders%2FMicrosoft.Backup.Admin%2FbackupLocations%2F%7Blocation%7D/put/request/parameter/api-version/scalar/schema"
  },
  "id": "file:///Users/abettati/sandbox/azure-rest-api-specs/specification/azsadmin/resource-manager/backup/Microsoft.Backup.Admin/preview/2018-09-01/BackupLocations.json#/web-api/end-points/%2Fsubscriptions%2F%7BsubscriptionId%7D%2FresourceGroups%2F%7BresourceGroupName%7D%2Fproviders%2FMicrosoft.Backup.Admin%2FbackupLocations%2F%7Blocation%7D/put/request/parameter/api-version"
}, {
  "http://a.ml/vocabularies/apiContract#binding": "path",
  "http://a.ml/vocabularies/apiContract#paramName": "subscriptionId",
  "http://a.ml/vocabularies/apiContract#required": "true",
  "http://a.ml/vocabularies/core#description": "Subscription credentials that uniquely identify Microsoft Azure subscription. The subscription ID forms part of the URI for every service call.",
  "http://a.ml/vocabularies/core#name": "subscriptionId",
  "http://a.ml/vocabularies/shapes#schema": {
    "http://a.ml/vocabularies/core#description": "Subscription credentials that uniquely identify Microsoft Azure subscription. The subscription ID forms part of the URI for every service call.",
    "http://www.w3.org/ns/shacl#datatype": "http://www.w3.org/2001/XMLSchema#string",
    "http://www.w3.org/ns/shacl#name": "schema",
    "id": "file:///Users/abettati/sandbox/azure-rest-api-specs/specification/azsadmin/resource-manager/backup/Microsoft.Backup.Admin/preview/2018-09-01/BackupLocations.json#/web-api/end-points/%2Fsubscriptions%2F%7BsubscriptionId%7D%2FresourceGroups%2F%7BresourceGroupName%7D%2Fproviders%2FMicrosoft.Backup.Admin%2FbackupLocations%2F%7Blocation%7D/put/request/parameter/subscriptionId/scalar/schema"
  },
  "id": "file:///Users/abettati/sandbox/azure-rest-api-specs/specification/azsadmin/resource-manager/backup/Microsoft.Backup.Admin/preview/2018-09-01/BackupLocations.json#/web-api/end-points/%2Fsubscriptions%2F%7BsubscriptionId%7D%2FresourceGroups%2F%7BresourceGroupName%7D%2Fproviders%2FMicrosoft.Backup.Admin%2FbackupLocations%2F%7Blocation%7D/put/request/parameter/subscriptionId"
}, {
  "http://a.ml/vocabularies/apiContract#binding": "path",
  "http://a.ml/vocabularies/apiContract#paramName": "resourceGroupName",
  "http://a.ml/vocabularies/apiContract#required": "true",
  "http://a.ml/vocabularies/core#description": "Name of the resource group.",
  "http://a.ml/vocabularies/core#name": "resourceGroupName",
  "http://a.ml/vocabularies/document#customDomainProperties": [{
    "http://a.ml/vocabularies/core#extensionName": "ms-parameter-location",
    "http://a.ml/vocabularies/document#definedBy": {
      "http://a.ml/vocabularies/core#name": null,
      "id": "file:///Users/abettati/sandbox/azure-rest-api-specs/specification/azsadmin/resource-manager/backup/Microsoft.Backup.Admin/preview/2018-09-01/BackupLocations.json#/web-api/end-points/%2Fsubscriptions%2F%7BsubscriptionId%7D%2FresourceGroups%2F%7BresourceGroupName%7D%2Fproviders%2FMicrosoft.Backup.Admin%2FbackupLocations%2F%7Blocation%7D/put/request/parameter/resourceGroupName/ms-parameter-location"
    },
    "http://a.ml/vocabularies/document#extension": {
      "http://a.ml/vocabularies/core#name": null,
      "http://a.ml/vocabularies/data#value": null,
      "http://www.w3.org/ns/shacl#datatype": null,
      "id": "file:///Users/abettati/sandbox/azure-rest-api-specs/specification/azsadmin/resource-manager/backup/Microsoft.Backup.Admin/preview/2018-09-01/BackupLocations.json#/web-api/end-points/%2Fsubscriptions%2F%7BsubscriptionId%7D%2FresourceGroups%2F%7BresourceGroupName%7D%2Fproviders%2FMicrosoft.Backup.Admin%2FbackupLocations%2F%7Blocation%7D/put/request/parameter/resourceGroupName/ms-parameter-location/scalar_1"
    },
    "id": "file:///Users/abettati/sandbox/azure-rest-api-specs/specification/azsadmin/resource-manager/backup/Microsoft.Backup.Admin/preview/2018-09-01/BackupLocations.json#/web-api/end-points/%2Fsubscriptions%2F%7BsubscriptionId%7D%2FresourceGroups%2F%7BresourceGroupName%7D%2Fproviders%2FMicrosoft.Backup.Admin%2FbackupLocations%2F%7Blocation%7D/put/request/parameter/resourceGroupName/extension/ms-parameter-location"
  }],
  "http://a.ml/vocabularies/shapes#schema": {
    "http://a.ml/vocabularies/core#description": "Name of the resource group.",
    "http://a.ml/vocabularies/document#customDomainProperties": [{
      "http://a.ml/vocabularies/core#extensionName": null,
      "http://a.ml/vocabularies/document#definedBy": null,
      "http://a.ml/vocabularies/document#extension": null,
      "id": "file:///Users/abettati/sandbox/azure-rest-api-specs/specification/azsadmin/resource-manager/backup/Microsoft.Backup.Admin/preview/2018-09-01/BackupLocations.json#/web-api/end-points/%2Fsubscriptions%2F%7BsubscriptionId%7D%2FresourceGroups%2F%7BresourceGroupName%7D%2Fproviders%2FMicrosoft.Backup.Admin%2FbackupLocations%2F%7Blocation%7D/put/request/parameter/resourceGroupName/scalar/schema/extension/ms-parameter-location"
    }],
    "http://www.w3.org/ns/shacl#datatype": "http://www.w3.org/2001/XMLSchema#string",
    "http://www.w3.org/ns/shacl#name": "schema",
    "id": "file:///Users/abettati/sandbox/azure-rest-api-specs/specification/azsadmin/resource-manager/backup/Microsoft.Backup.Admin/preview/2018-09-01/BackupLocations.json#/web-api/end-points/%2Fsubscriptions%2F%7BsubscriptionId%7D%2FresourceGroups%2F%7BresourceGroupName%7D%2Fproviders%2FMicrosoft.Backup.Admin%2FbackupLocations%2F%7Blocation%7D/put/request/parameter/resourceGroupName/scalar/schema"
  },
  "id": "file:///Users/abettati/sandbox/azure-rest-api-specs/specification/azsadmin/resource-manager/backup/Microsoft.Backup.Admin/preview/2018-09-01/BackupLocations.json#/web-api/end-points/%2Fsubscriptions%2F%7BsubscriptionId%7D%2FresourceGroups%2F%7BresourceGroupName%7D%2Fproviders%2FMicrosoft.Backup.Admin%2FbackupLocations%2F%7Blocation%7D/put/request/parameter/resourceGroupName"
}, {
  "http://a.ml/vocabularies/apiContract#binding": "query",
  "http://a.ml/vocabularies/apiContract#paramName": "api-version",
  "http://a.ml/vocabularies/apiContract#required": "true",
  "http://a.ml/vocabularies/core#description": "Client API version.",
  "http://a.ml/vocabularies/core#name": "api-version",
  "http://a.ml/vocabularies/shapes#schema": {
    "http://a.ml/vocabularies/core#description": "Client API version.",
    "http://www.w3.org/ns/shacl#datatype": "http://www.w3.org/2001/XMLSchema#string",
    "http://www.w3.org/ns/shacl#defaultValue": {
      "http://a.ml/vocabularies/core#name": "scalar_1",
      "http://a.ml/vocabularies/data#value": "2018-09-01",
      "http://www.w3.org/ns/shacl#datatype": "http://www.w3.org/2001/XMLSchema#string",
      "id": "file:///Users/abettati/sandbox/azure-rest-api-specs/specification/azsadmin/resource-manager/backup/Microsoft.Backup.Admin/preview/2018-09-01/BackupLocations.json#/web-api/end-points/%2Fsubscriptions%2F%7BsubscriptionId%7D%2FresourceGroups%2F%7BresourceGroupName%7D%2Fproviders%2FMicrosoft.Backup.Admin%2FbackupLocations%2F%7Blocation%7D%2FcreateBackup/post/request/parameter/api-version/scalar/schema/scalar_1"
    },
    "http://www.w3.org/ns/shacl#defaultValueStr": "2018-09-01",
    "http://www.w3.org/ns/shacl#name": "schema",
    "id": "file:///Users/abettati/sandbox/azure-rest-api-specs/specification/azsadmin/resource-manager/backup/Microsoft.Backup.Admin/preview/2018-09-01/BackupLocations.json#/web-api/end-points/%2Fsubscriptions%2F%7BsubscriptionId%7D%2FresourceGroups%2F%7BresourceGroupName%7D%2Fproviders%2FMicrosoft.Backup.Admin%2FbackupLocations%2F%7Blocation%7D%2FcreateBackup/post/request/parameter/api-version/scalar/schema"
  },
  "id": "file:///Users/abettati/sandbox/azure-rest-api-specs/specification/azsadmin/resource-manager/backup/Microsoft.Backup.Admin/preview/2018-09-01/BackupLocations.json#/web-api/end-points/%2Fsubscriptions%2F%7BsubscriptionId%7D%2FresourceGroups%2F%7BresourceGroupName%7D%2Fproviders%2FMicrosoft.Backup.Admin%2FbackupLocations%2F%7Blocation%7D%2FcreateBackup/post/request/parameter/api-version"
}, {
  "http://a.ml/vocabularies/apiContract#binding": "path",
  "http://a.ml/vocabularies/apiContract#paramName": "subscriptionId",
  "http://a.ml/vocabularies/apiContract#required": "true",
  "http://a.ml/vocabularies/core#description": "Subscription credentials that uniquely identify Microsoft Azure subscription. The subscription ID forms part of the URI for every service call.",
  "http://a.ml/vocabularies/core#name": "subscriptionId",
  "http://a.ml/vocabularies/shapes#schema": {
    "http://a.ml/vocabularies/core#description": "Subscription credentials that uniquely identify Microsoft Azure subscription. The subscription ID forms part of the URI for every service call.",
    "http://www.w3.org/ns/shacl#datatype": "http://www.w3.org/2001/XMLSchema#string",
    "http://www.w3.org/ns/shacl#name": "schema",
    "id": "file:///Users/abettati/sandbox/azure-rest-api-specs/specification/azsadmin/resource-manager/backup/Microsoft.Backup.Admin/preview/2018-09-01/BackupLocations.json#/web-api/end-points/%2Fsubscriptions%2F%7BsubscriptionId%7D%2FresourceGroups%2F%7BresourceGroupName%7D%2Fproviders%2FMicrosoft.Backup.Admin%2FbackupLocations%2F%7Blocation%7D%2FcreateBackup/post/request/parameter/subscriptionId/scalar/schema"
  },
  "id": "file:///Users/abettati/sandbox/azure-rest-api-specs/specification/azsadmin/resource-manager/backup/Microsoft.Backup.Admin/preview/2018-09-01/BackupLocations.json#/web-api/end-points/%2Fsubscriptions%2F%7BsubscriptionId%7D%2FresourceGroups%2F%7BresourceGroupName%7D%2Fproviders%2FMicrosoft.Backup.Admin%2FbackupLocations%2F%7Blocation%7D%2FcreateBackup/post/request/parameter/subscriptionId"
}, {
  "http://a.ml/vocabularies/apiContract#binding": "path",
  "http://a.ml/vocabularies/apiContract#paramName": "resourceGroupName",
  "http://a.ml/vocabularies/apiContract#required": "true",
  "http://a.ml/vocabularies/core#description": "Name of the resource group.",
  "http://a.ml/vocabularies/core#name": "resourceGroupName",
  "http://a.ml/vocabularies/document#customDomainProperties": [{
    "http://a.ml/vocabularies/core#extensionName": "ms-parameter-location",
    "http://a.ml/vocabularies/document#definedBy": {
      "http://a.ml/vocabularies/core#name": null,
      "id": "file:///Users/abettati/sandbox/azure-rest-api-specs/specification/azsadmin/resource-manager/backup/Microsoft.Backup.Admin/preview/2018-09-01/BackupLocations.json#/web-api/end-points/%2Fsubscriptions%2F%7BsubscriptionId%7D%2FresourceGroups%2F%7BresourceGroupName%7D%2Fproviders%2FMicrosoft.Backup.Admin%2FbackupLocations%2F%7Blocation%7D%2FcreateBackup/post/request/parameter/resourceGroupName/ms-parameter-location"
    },
    "http://a.ml/vocabularies/document#extension": {
      "http://a.ml/vocabularies/core#name": null,
      "http://a.ml/vocabularies/data#value": null,
      "http://www.w3.org/ns/shacl#datatype": null,
      "id": "file:///Users/abettati/sandbox/azure-rest-api-specs/specification/azsadmin/resource-manager/backup/Microsoft.Backup.Admin/preview/2018-09-01/BackupLocations.json#/web-api/end-points/%2Fsubscriptions%2F%7BsubscriptionId%7D%2FresourceGroups%2F%7BresourceGroupName%7D%2Fproviders%2FMicrosoft.Backup.Admin%2FbackupLocations%2F%7Blocation%7D%2FcreateBackup/post/request/parameter/resourceGroupName/ms-parameter-location/scalar_1"
    },
    "id": "file:///Users/abettati/sandbox/azure-rest-api-specs/specification/azsadmin/resource-manager/backup/Microsoft.Backup.Admin/preview/2018-09-01/BackupLocations.json#/web-api/end-points/%2Fsubscriptions%2F%7BsubscriptionId%7D%2FresourceGroups%2F%7BresourceGroupName%7D%2Fproviders%2FMicrosoft.Backup.Admin%2FbackupLocations%2F%7Blocation%7D%2FcreateBackup/post/request/parameter/resourceGroupName/extension/ms-parameter-location"
  }],
  "http://a.ml/vocabularies/shapes#schema": {
    "http://a.ml/vocabularies/core#description": "Name of the resource group.",
    "http://a.ml/vocabularies/document#customDomainProperties": [{
      "http://a.ml/vocabularies/core#extensionName": null,
      "http://a.ml/vocabularies/document#definedBy": null,
      "http://a.ml/vocabularies/document#extension": null,
      "id": "file:///Users/abettati/sandbox/azure-rest-api-specs/specification/azsadmin/resource-manager/backup/Microsoft.Backup.Admin/preview/2018-09-01/BackupLocations.json#/web-api/end-points/%2Fsubscriptions%2F%7BsubscriptionId%7D%2FresourceGroups%2F%7BresourceGroupName%7D%2Fproviders%2FMicrosoft.Backup.Admin%2FbackupLocations%2F%7Blocation%7D%2FcreateBackup/post/request/parameter/resourceGroupName/scalar/schema/extension/ms-parameter-location"
    }],
    "http://www.w3.org/ns/shacl#datatype": "http://www.w3.org/2001/XMLSchema#string",
    "http://www.w3.org/ns/shacl#name": "schema",
    "id": "file:///Users/abettati/sandbox/azure-rest-api-specs/specification/azsadmin/resource-manager/backup/Microsoft.Backup.Admin/preview/2018-09-01/BackupLocations.json#/web-api/end-points/%2Fsubscriptions%2F%7BsubscriptionId%7D%2FresourceGroups%2F%7BresourceGroupName%7D%2Fproviders%2FMicrosoft.Backup.Admin%2FbackupLocations%2F%7Blocation%7D%2FcreateBackup/post/request/parameter/resourceGroupName/scalar/schema"
  },
  "id": "file:///Users/abettati/sandbox/azure-rest-api-specs/specification/azsadmin/resource-manager/backup/Microsoft.Backup.Admin/preview/2018-09-01/BackupLocations.json#/web-api/end-points/%2Fsubscriptions%2F%7BsubscriptionId%7D%2FresourceGroups%2F%7BresourceGroupName%7D%2Fproviders%2FMicrosoft.Backup.Admin%2FbackupLocations%2F%7Blocation%7D%2FcreateBackup/post/request/parameter/resourceGroupName"
}, {
  "http://a.ml/vocabularies/apiContract#binding": "query",
  "http://a.ml/vocabularies/apiContract#paramName": "api-version",
  "http://a.ml/vocabularies/apiContract#required": "true",
  "http://a.ml/vocabularies/core#description": "Client API version.",
  "http://a.ml/vocabularies/core#name": "api-version",
  "http://a.ml/vocabularies/shapes#schema": {
    "http://a.ml/vocabularies/core#description": "Client API version.",
    "http://www.w3.org/ns/shacl#datatype": "http://www.w3.org/2001/XMLSchema#string",
    "http://www.w3.org/ns/shacl#defaultValue": {
      "http://a.ml/vocabularies/core#name": "scalar_1",
      "http://a.ml/vocabularies/data#value": "2018-09-01",
      "http://www.w3.org/ns/shacl#datatype": "http://www.w3.org/2001/XMLSchema#string",
      "id": "file:///Users/abettati/sandbox/azure-rest-api-specs/specification/azsadmin/resource-manager/backup/Microsoft.Backup.Admin/preview/2018-09-01/BackupLocations.json#/web-api/end-points/%2Fsubscriptions%2F%7BsubscriptionId%7D%2FresourceGroups%2F%7BresourceGroupName%7D%2Fproviders%2FMicrosoft.Backup.Admin%2FbackupLocations%2F%7Blocation%7D%2FpruneExternalStore/post/request/parameter/api-version/scalar/schema/scalar_1"
    },
    "http://www.w3.org/ns/shacl#defaultValueStr": "2018-09-01",
    "http://www.w3.org/ns/shacl#name": "schema",
    "id": "file:///Users/abettati/sandbox/azure-rest-api-specs/specification/azsadmin/resource-manager/backup/Microsoft.Backup.Admin/preview/2018-09-01/BackupLocations.json#/web-api/end-points/%2Fsubscriptions%2F%7BsubscriptionId%7D%2FresourceGroups%2F%7BresourceGroupName%7D%2Fproviders%2FMicrosoft.Backup.Admin%2FbackupLocations%2F%7Blocation%7D%2FpruneExternalStore/post/request/parameter/api-version/scalar/schema"
  },
  "id": "file:///Users/abettati/sandbox/azure-rest-api-specs/specification/azsadmin/resource-manager/backup/Microsoft.Backup.Admin/preview/2018-09-01/BackupLocations.json#/web-api/end-points/%2Fsubscriptions%2F%7BsubscriptionId%7D%2FresourceGroups%2F%7BresourceGroupName%7D%2Fproviders%2FMicrosoft.Backup.Admin%2FbackupLocations%2F%7Blocation%7D%2FpruneExternalStore/post/request/parameter/api-version"
}, {
  "http://a.ml/vocabularies/apiContract#binding": "path",
  "http://a.ml/vocabularies/apiContract#paramName": "subscriptionId",
  "http://a.ml/vocabularies/apiContract#required": "true",
  "http://a.ml/vocabularies/core#description": "Subscription credentials that uniquely identify Microsoft Azure subscription. The subscription ID forms part of the URI for every service call.",
  "http://a.ml/vocabularies/core#name": "subscriptionId",
  "http://a.ml/vocabularies/shapes#schema": {
    "http://a.ml/vocabularies/core#description": "Subscription credentials that uniquely identify Microsoft Azure subscription. The subscription ID forms part of the URI for every service call.",
    "http://www.w3.org/ns/shacl#datatype": "http://www.w3.org/2001/XMLSchema#string",
    "http://www.w3.org/ns/shacl#name": "schema",
    "id": "file:///Users/abettati/sandbox/azure-rest-api-specs/specification/azsadmin/resource-manager/backup/Microsoft.Backup.Admin/preview/2018-09-01/BackupLocations.json#/web-api/end-points/%2Fsubscriptions%2F%7BsubscriptionId%7D%2FresourceGroups%2F%7BresourceGroupName%7D%2Fproviders%2FMicrosoft.Backup.Admin%2FbackupLocations%2F%7Blocation%7D%2FpruneExternalStore/post/request/parameter/subscriptionId/scalar/schema"
  },
  "id": "file:///Users/abettati/sandbox/azure-rest-api-specs/specification/azsadmin/resource-manager/backup/Microsoft.Backup.Admin/preview/2018-09-01/BackupLocations.json#/web-api/end-points/%2Fsubscriptions%2F%7BsubscriptionId%7D%2FresourceGroups%2F%7BresourceGroupName%7D%2Fproviders%2FMicrosoft.Backup.Admin%2FbackupLocations%2F%7Blocation%7D%2FpruneExternalStore/post/request/parameter/subscriptionId"
}, {
  "http://a.ml/vocabularies/apiContract#binding": "path",
  "http://a.ml/vocabularies/apiContract#paramName": "resourceGroupName",
  "http://a.ml/vocabularies/apiContract#required": "true",
  "http://a.ml/vocabularies/core#description": "Name of the resource group.",
  "http://a.ml/vocabularies/core#name": "resourceGroupName",
  "http://a.ml/vocabularies/document#customDomainProperties": [{
    "http://a.ml/vocabularies/core#extensionName": "ms-parameter-location",
    "http://a.ml/vocabularies/document#definedBy": {
      "http://a.ml/vocabularies/core#name": null,
      "id": "file:///Users/abettati/sandbox/azure-rest-api-specs/specification/azsadmin/resource-manager/backup/Microsoft.Backup.Admin/preview/2018-09-01/BackupLocations.json#/web-api/end-points/%2Fsubscriptions%2F%7BsubscriptionId%7D%2FresourceGroups%2F%7BresourceGroupName%7D%2Fproviders%2FMicrosoft.Backup.Admin%2FbackupLocations%2F%7Blocation%7D%2FpruneExternalStore/post/request/parameter/resourceGroupName/ms-parameter-location"
    },
    "http://a.ml/vocabularies/document#extension": {
      "http://a.ml/vocabularies/core#name": null,
      "http://a.ml/vocabularies/data#value": null,
      "http://www.w3.org/ns/shacl#datatype": null,
      "id": "file:///Users/abettati/sandbox/azure-rest-api-specs/specification/azsadmin/resource-manager/backup/Microsoft.Backup.Admin/preview/2018-09-01/BackupLocations.json#/web-api/end-points/%2Fsubscriptions%2F%7BsubscriptionId%7D%2FresourceGroups%2F%7BresourceGroupName%7D%2Fproviders%2FMicrosoft.Backup.Admin%2FbackupLocations%2F%7Blocation%7D%2FpruneExternalStore/post/request/parameter/resourceGroupName/ms-parameter-location/scalar_1"
    },
    "id": "file:///Users/abettati/sandbox/azure-rest-api-specs/specification/azsadmin/resource-manager/backup/Microsoft.Backup.Admin/preview/2018-09-01/BackupLocations.json#/web-api/end-points/%2Fsubscriptions%2F%7BsubscriptionId%7D%2FresourceGroups%2F%7BresourceGroupName%7D%2Fproviders%2FMicrosoft.Backup.Admin%2FbackupLocations%2F%7Blocation%7D%2FpruneExternalStore/post/request/parameter/resourceGroupName/extension/ms-parameter-location"
  }],
  "http://a.ml/vocabularies/shapes#schema": {
    "http://a.ml/vocabularies/core#description": "Name of the resource group.",
    "http://a.ml/vocabularies/document#customDomainProperties": [{
      "http://a.ml/vocabularies/core#extensionName": null,
      "http://a.ml/vocabularies/document#definedBy": null,
      "http://a.ml/vocabularies/document#extension": null,
      "id": "file:///Users/abettati/sandbox/azure-rest-api-specs/specification/azsadmin/resource-manager/backup/Microsoft.Backup.Admin/preview/2018-09-01/BackupLocations.json#/web-api/end-points/%2Fsubscriptions%2F%7BsubscriptionId%7D%2FresourceGroups%2F%7BresourceGroupName%7D%2Fproviders%2FMicrosoft.Backup.Admin%2FbackupLocations%2F%7Blocation%7D%2FpruneExternalStore/post/request/parameter/resourceGroupName/scalar/schema/extension/ms-parameter-location"
    }],
    "http://www.w3.org/ns/shacl#datatype": "http://www.w3.org/2001/XMLSchema#string",
    "http://www.w3.org/ns/shacl#name": "schema",
    "id": "file:///Users/abettati/sandbox/azure-rest-api-specs/specification/azsadmin/resource-manager/backup/Microsoft.Backup.Admin/preview/2018-09-01/BackupLocations.json#/web-api/end-points/%2Fsubscriptions%2F%7BsubscriptionId%7D%2FresourceGroups%2F%7BresourceGroupName%7D%2Fproviders%2FMicrosoft.Backup.Admin%2FbackupLocations%2F%7Blocation%7D%2FpruneExternalStore/post/request/parameter/resourceGroupName/scalar/schema"
  },
  "id": "file:///Users/abettati/sandbox/azure-rest-api-specs/specification/azsadmin/resource-manager/backup/Microsoft.Backup.Admin/preview/2018-09-01/BackupLocations.json#/web-api/end-points/%2Fsubscriptions%2F%7BsubscriptionId%7D%2FresourceGroups%2F%7BresourceGroupName%7D%2Fproviders%2FMicrosoft.Backup.Admin%2FbackupLocations%2F%7Blocation%7D%2FpruneExternalStore/post/request/parameter/resourceGroupName"
}]