[{
  "http://a.ml/vocabularies/apiContract#binding": "query",
  "http://a.ml/vocabularies/apiContract#paramName": "$expand",
  "http://a.ml/vocabularies/apiContract#required": "false",
  "http://a.ml/vocabularies/core#description": "OData expand. Optional.",
  "http://a.ml/vocabularies/core#name": "ExpandAssessments",
  "http://a.ml/vocabularies/document#customDomainProperties": [{
    "http://a.ml/vocabularies/core#extensionName": "ms-parameter-location",
    "http://a.ml/vocabularies/document#definedBy": {
      "http://a.ml/vocabularies/core#name": null,
      "id": "file:///Users/abettati/sandbox/azure-rest-api-specs/specification/security/resource-manager/Microsoft.Security/preview/2019-01-01-preview/assessments.json#/declarations/parameters/parameter/ExpandAssessments/ms-parameter-location"
    },
    "http://a.ml/vocabularies/document#extension": {
      "http://a.ml/vocabularies/core#name": null,
      "http://a.ml/vocabularies/data#value": null,
      "http://www.w3.org/ns/shacl#datatype": null,
      "id": "file:///Users/abettati/sandbox/azure-rest-api-specs/specification/security/resource-manager/Microsoft.Security/preview/2019-01-01-preview/assessments.json#/declarations/parameters/parameter/ExpandAssessments/ms-parameter-location/scalar_1"
    },
    "id": "file:///Users/abettati/sandbox/azure-rest-api-specs/specification/security/resource-manager/Microsoft.Security/preview/2019-01-01-preview/assessments.json#/declarations/parameters/parameter/ExpandAssessments/extension/ms-parameter-location"
  }, {
    "http://a.ml/vocabularies/core#extensionName": "ms-enum",
    "http://a.ml/vocabularies/document#definedBy": {
      "http://a.ml/vocabularies/core#name": null,
      "id": "file:///Users/abettati/sandbox/azure-rest-api-specs/specification/security/resource-manager/Microsoft.Security/preview/2019-01-01-preview/assessments.json#/declarations/parameters/parameter/ExpandAssessments/ms-enum"
    },
    "http://a.ml/vocabularies/document#extension": {
      "http://a.ml/vocabularies/core#name": null,
      "http://a.ml/vocabularies/data#modelAsString": null,
      "http://a.ml/vocabularies/data#name": null,
      "http://a.ml/vocabularies/data#values": null,
      "id": "file:///Users/abettati/sandbox/azure-rest-api-specs/specification/security/resource-manager/Microsoft.Security/preview/2019-01-01-preview/assessments.json#/declarations/parameters/parameter/ExpandAssessments/ms-enum/object_1"
    },
    "id": "file:///Users/abettati/sandbox/azure-rest-api-specs/specification/security/resource-manager/Microsoft.Security/preview/2019-01-01-preview/assessments.json#/declarations/parameters/parameter/ExpandAssessments/extension/ms-enum"
  }],
  "http://a.ml/vocabularies/shapes#schema": {
    "http://a.ml/vocabularies/core#description": "OData expand. Optional.",
    "http://a.ml/vocabularies/document#customDomainProperties": [{
      "http://a.ml/vocabularies/core#extensionName": null,
      "http://a.ml/vocabularies/document#definedBy": null,
      "http://a.ml/vocabularies/document#extension": null,
      "id": "file:///Users/abettati/sandbox/azure-rest-api-specs/specification/security/resource-manager/Microsoft.Security/preview/2019-01-01-preview/assessments.json#/declarations/parameters/parameter/ExpandAssessments/scalar/schema/extension/ms-parameter-location"
    }, {
      "http://a.ml/vocabularies/core#extensionName": null,
      "http://a.ml/vocabularies/document#definedBy": null,
      "http://a.ml/vocabularies/document#extension": null,
      "id": "file:///Users/abettati/sandbox/azure-rest-api-specs/specification/security/resource-manager/Microsoft.Security/preview/2019-01-01-preview/assessments.json#/declarations/parameters/parameter/ExpandAssessments/scalar/schema/extension/ms-enum"
    }],
    "http://www.w3.org/ns/shacl#datatype": "http://www.w3.org/2001/XMLSchema#string",
    "http://www.w3.org/ns/shacl#in": [{
      "http://a.ml/vocabularies/core#name": null,
      "http://a.ml/vocabularies/data#value": null,
      "http://www.w3.org/ns/shacl#datatype": null,
      "id": "file:///Users/abettati/sandbox/azure-rest-api-specs/specification/security/resource-manager/Microsoft.Security/preview/2019-01-01-preview/assessments.json#/declarations/parameters/parameter/ExpandAssessments/scalar/schema/enum/scalar_1"
    }, {
      "http://a.ml/vocabularies/core#name": null,
      "http://a.ml/vocabularies/data#value": null,
      "http://www.w3.org/ns/shacl#datatype": null,
      "id": "file:///Users/abettati/sandbox/azure-rest-api-specs/specification/security/resource-manager/Microsoft.Security/preview/2019-01-01-preview/assessments.json#/declarations/parameters/parameter/ExpandAssessments/scalar/schema/enum/scalar_2"
    }],
    "http://www.w3.org/ns/shacl#name": "schema",
    "id": "file:///Users/abettati/sandbox/azure-rest-api-specs/specification/security/resource-manager/Microsoft.Security/preview/2019-01-01-preview/assessments.json#/declarations/parameters/parameter/ExpandAssessments/scalar/schema"
  },
  "id": "file:///Users/abettati/sandbox/azure-rest-api-specs/specification/security/resource-manager/Microsoft.Security/preview/2019-01-01-preview/assessments.json#/declarations/parameters/parameter/ExpandAssessments"
}, {
  "http://a.ml/vocabularies/apiContract#binding": "path",
  "http://a.ml/vocabularies/apiContract#paramName": "assessmentName",
  "http://a.ml/vocabularies/apiContract#required": "true",
  "http://a.ml/vocabularies/core#description": "The Assessment Key - Unique key for the assessment type",
  "http://a.ml/vocabularies/core#name": "AssessmentName",
  "http://a.ml/vocabularies/document#customDomainProperties": [{
    "http://a.ml/vocabularies/core#extensionName": "ms-parameter-location",
    "http://a.ml/vocabularies/document#definedBy": {
      "http://a.ml/vocabularies/core#name": null,
      "id": "file:///Users/abettati/sandbox/azure-rest-api-specs/specification/security/resource-manager/Microsoft.Security/preview/2019-01-01-preview/assessments.json#/declarations/parameters/parameter/AssessmentName/ms-parameter-location"
    },
    "http://a.ml/vocabularies/document#extension": {
      "http://a.ml/vocabularies/core#name": null,
      "http://a.ml/vocabularies/data#value": null,
      "http://www.w3.org/ns/shacl#datatype": null,
      "id": "file:///Users/abettati/sandbox/azure-rest-api-specs/specification/security/resource-manager/Microsoft.Security/preview/2019-01-01-preview/assessments.json#/declarations/parameters/parameter/AssessmentName/ms-parameter-location/scalar_1"
    },
    "id": "file:///Users/abettati/sandbox/azure-rest-api-specs/specification/security/resource-manager/Microsoft.Security/preview/2019-01-01-preview/assessments.json#/declarations/parameters/parameter/AssessmentName/extension/ms-parameter-location"
  }],
  "http://a.ml/vocabularies/shapes#schema": {
    "http://a.ml/vocabularies/core#description": "The Assessment Key - Unique key for the assessment type",
    "http://a.ml/vocabularies/document#customDomainProperties": [{
      "http://a.ml/vocabularies/core#extensionName": null,
      "http://a.ml/vocabularies/document#definedBy": null,
      "http://a.ml/vocabularies/document#extension": null,
      "id": "file:///Users/abettati/sandbox/azure-rest-api-specs/specification/security/resource-manager/Microsoft.Security/preview/2019-01-01-preview/assessments.json#/declarations/parameters/parameter/AssessmentName/scalar/schema/extension/ms-parameter-location"
    }],
    "http://www.w3.org/ns/shacl#datatype": "http://www.w3.org/2001/XMLSchema#string",
    "http://www.w3.org/ns/shacl#name": "schema",
    "id": "file:///Users/abettati/sandbox/azure-rest-api-specs/specification/security/resource-manager/Microsoft.Security/preview/2019-01-01-preview/assessments.json#/declarations/parameters/parameter/AssessmentName/scalar/schema"
  },
  "id": "file:///Users/abettati/sandbox/azure-rest-api-specs/specification/security/resource-manager/Microsoft.Security/preview/2019-01-01-preview/assessments.json#/declarations/parameters/parameter/AssessmentName"
}, {
  "http://a.ml/vocabularies/apiContract#binding": "query",
  "http://a.ml/vocabularies/apiContract#paramName": "api-version",
  "http://a.ml/vocabularies/apiContract#required": "true",
  "http://a.ml/vocabularies/core#description": "API version for the operation",
  "http://a.ml/vocabularies/core#name": "api-version",
  "http://a.ml/vocabularies/shapes#schema": {
    "http://a.ml/vocabularies/core#description": "API version for the operation",
    "http://www.w3.org/ns/shacl#datatype": "http://www.w3.org/2001/XMLSchema#string",
    "http://www.w3.org/ns/shacl#name": "schema",
    "id": "file:///Users/abettati/sandbox/azure-rest-api-specs/specification/security/resource-manager/Microsoft.Security/preview/2019-01-01-preview/assessments.json#/web-api/end-points/%2F%7Bscope%7D%2Fproviders%2FMicrosoft.Security%2Fassessments/get/request/parameter/api-version/scalar/schema"
  },
  "id": "file:///Users/abettati/sandbox/azure-rest-api-specs/specification/security/resource-manager/Microsoft.Security/preview/2019-01-01-preview/assessments.json#/web-api/end-points/%2F%7Bscope%7D%2Fproviders%2FMicrosoft.Security%2Fassessments/get/request/parameter/api-version"
}, {
  "http://a.ml/vocabularies/apiContract#binding": "path",
  "http://a.ml/vocabularies/apiContract#paramName": "scope",
  "http://a.ml/vocabularies/apiContract#required": "true",
  "http://a.ml/vocabularies/core#description": "Scope of the query, can be subscription (/subscriptions/0b06d9ea-afe6-4779-bd59-30e5c2d9d13f) or management group (/providers/Microsoft.Management/managementGroups/mgName).",
  "http://a.ml/vocabularies/core#name": "scope",
  "http://a.ml/vocabularies/document#customDomainProperties": [{
    "http://a.ml/vocabularies/core#extensionName": "ms-parameter-location",
    "http://a.ml/vocabularies/document#definedBy": {
      "http://a.ml/vocabularies/core#name": null,
      "id": "file:///Users/abettati/sandbox/azure-rest-api-specs/specification/security/resource-manager/Microsoft.Security/preview/2019-01-01-preview/assessments.json#/web-api/end-points/%2F%7Bscope%7D%2Fproviders%2FMicrosoft.Security%2Fassessments/get/request/parameter/scope/ms-parameter-location"
    },
    "http://a.ml/vocabularies/document#extension": {
      "http://a.ml/vocabularies/core#name": null,
      "http://a.ml/vocabularies/data#value": null,
      "http://www.w3.org/ns/shacl#datatype": null,
      "id": "file:///Users/abettati/sandbox/azure-rest-api-specs/specification/security/resource-manager/Microsoft.Security/preview/2019-01-01-preview/assessments.json#/web-api/end-points/%2F%7Bscope%7D%2Fproviders%2FMicrosoft.Security%2Fassessments/get/request/parameter/scope/ms-parameter-location/scalar_1"
    },
    "id": "file:///Users/abettati/sandbox/azure-rest-api-specs/specification/security/resource-manager/Microsoft.Security/preview/2019-01-01-preview/assessments.json#/web-api/end-points/%2F%7Bscope%7D%2Fproviders%2FMicrosoft.Security%2Fassessments/get/request/parameter/scope/extension/ms-parameter-location"
  }, {
    "http://a.ml/vocabularies/core#extensionName": "ms-skip-url-encoding",
    "http://a.ml/vocabularies/document#definedBy": {
      "http://a.ml/vocabularies/core#name": null,
      "id": "file:///Users/abettati/sandbox/azure-rest-api-specs/specification/security/resource-manager/Microsoft.Security/preview/2019-01-01-preview/assessments.json#/web-api/end-points/%2F%7Bscope%7D%2Fproviders%2FMicrosoft.Security%2Fassessments/get/request/parameter/scope/ms-skip-url-encoding"
    },
    "http://a.ml/vocabularies/document#extension": {
      "http://a.ml/vocabularies/core#name": null,
      "http://a.ml/vocabularies/data#value": null,
      "http://www.w3.org/ns/shacl#datatype": null,
      "id": "file:///Users/abettati/sandbox/azure-rest-api-specs/specification/security/resource-manager/Microsoft.Security/preview/2019-01-01-preview/assessments.json#/web-api/end-points/%2F%7Bscope%7D%2Fproviders%2FMicrosoft.Security%2Fassessments/get/request/parameter/scope/ms-skip-url-encoding/scalar_1"
    },
    "id": "file:///Users/abettati/sandbox/azure-rest-api-specs/specification/security/resource-manager/Microsoft.Security/preview/2019-01-01-preview/assessments.json#/web-api/end-points/%2F%7Bscope%7D%2Fproviders%2FMicrosoft.Security%2Fassessments/get/request/parameter/scope/extension/ms-skip-url-encoding"
  }],
  "http://a.ml/vocabularies/shapes#schema": {
    "http://a.ml/vocabularies/core#description": "Scope of the query, can be subscription (/subscriptions/0b06d9ea-afe6-4779-bd59-30e5c2d9d13f) or management group (/providers/Microsoft.Management/managementGroups/mgName).",
    "http://a.ml/vocabularies/document#customDomainProperties": [{
      "http://a.ml/vocabularies/core#extensionName": null,
      "http://a.ml/vocabularies/document#definedBy": null,
      "http://a.ml/vocabularies/document#extension": null,
      "id": "file:///Users/abettati/sandbox/azure-rest-api-specs/specification/security/resource-manager/Microsoft.Security/preview/2019-01-01-preview/assessments.json#/web-api/end-points/%2F%7Bscope%7D%2Fproviders%2FMicrosoft.Security%2Fassessments/get/request/parameter/scope/scalar/schema/extension/ms-parameter-location"
    }, {
      "http://a.ml/vocabularies/core#extensionName": null,
      "http://a.ml/vocabularies/document#definedBy": null,
      "http://a.ml/vocabularies/document#extension": null,
      "id": "file:///Users/abettati/sandbox/azure-rest-api-specs/specification/security/resource-manager/Microsoft.Security/preview/2019-01-01-preview/assessments.json#/web-api/end-points/%2F%7Bscope%7D%2Fproviders%2FMicrosoft.Security%2Fassessments/get/request/parameter/scope/scalar/schema/extension/ms-skip-url-encoding"
    }],
    "http://www.w3.org/ns/shacl#datatype": "http://www.w3.org/2001/XMLSchema#string",
    "http://www.w3.org/ns/shacl#name": "schema",
    "id": "file:///Users/abettati/sandbox/azure-rest-api-specs/specification/security/resource-manager/Microsoft.Security/preview/2019-01-01-preview/assessments.json#/web-api/end-points/%2F%7Bscope%7D%2Fproviders%2FMicrosoft.Security%2Fassessments/get/request/parameter/scope/scalar/schema"
  },
  "id": "file:///Users/abettati/sandbox/azure-rest-api-specs/specification/security/resource-manager/Microsoft.Security/preview/2019-01-01-preview/assessments.json#/web-api/end-points/%2F%7Bscope%7D%2Fproviders%2FMicrosoft.Security%2Fassessments/get/request/parameter/scope"
}, {
  "http://a.ml/vocabularies/apiContract#binding": "query",
  "http://a.ml/vocabularies/apiContract#paramName": "api-version",
  "http://a.ml/vocabularies/apiContract#required": "true",
  "http://a.ml/vocabularies/core#description": "API version for the operation",
  "http://a.ml/vocabularies/core#name": "api-version",
  "http://a.ml/vocabularies/shapes#schema": {
    "http://a.ml/vocabularies/core#description": "API version for the operation",
    "http://www.w3.org/ns/shacl#datatype": "http://www.w3.org/2001/XMLSchema#string",
    "http://www.w3.org/ns/shacl#name": "schema",
    "id": "file:///Users/abettati/sandbox/azure-rest-api-specs/specification/security/resource-manager/Microsoft.Security/preview/2019-01-01-preview/assessments.json#/web-api/end-points/%2F%7BresourceId%7D%2Fproviders%2FMicrosoft.Security%2Fassessments%2F%7BassessmentName%7D/get/request/parameter/api-version/scalar/schema"
  },
  "id": "file:///Users/abettati/sandbox/azure-rest-api-specs/specification/security/resource-manager/Microsoft.Security/preview/2019-01-01-preview/assessments.json#/web-api/end-points/%2F%7BresourceId%7D%2Fproviders%2FMicrosoft.Security%2Fassessments%2F%7BassessmentName%7D/get/request/parameter/api-version"
}, {
  "http://a.ml/vocabularies/apiContract#binding": "path",
  "http://a.ml/vocabularies/apiContract#paramName": "resourceId",
  "http://a.ml/vocabularies/apiContract#required": "true",
  "http://a.ml/vocabularies/core#description": "The identifier of the resource.",
  "http://a.ml/vocabularies/core#name": "resourceId",
  "http://a.ml/vocabularies/document#customDomainProperties": [{
    "http://a.ml/vocabularies/core#extensionName": "ms-parameter-location",
    "http://a.ml/vocabularies/document#definedBy": {
      "http://a.ml/vocabularies/core#name": null,
      "id": "file:///Users/abettati/sandbox/azure-rest-api-specs/specification/security/resource-manager/Microsoft.Security/preview/2019-01-01-preview/assessments.json#/web-api/end-points/%2F%7BresourceId%7D%2Fproviders%2FMicrosoft.Security%2Fassessments%2F%7BassessmentName%7D/get/request/parameter/resourceId/ms-parameter-location"
    },
    "http://a.ml/vocabularies/document#extension": {
      "http://a.ml/vocabularies/core#name": null,
      "http://a.ml/vocabularies/data#value": null,
      "http://www.w3.org/ns/shacl#datatype": null,
      "id": "file:///Users/abettati/sandbox/azure-rest-api-specs/specification/security/resource-manager/Microsoft.Security/preview/2019-01-01-preview/assessments.json#/web-api/end-points/%2F%7BresourceId%7D%2Fproviders%2FMicrosoft.Security%2Fassessments%2F%7BassessmentName%7D/get/request/parameter/resourceId/ms-parameter-location/scalar_1"
    },
    "id": "file:///Users/abettati/sandbox/azure-rest-api-specs/specification/security/resource-manager/Microsoft.Security/preview/2019-01-01-preview/assessments.json#/web-api/end-points/%2F%7BresourceId%7D%2Fproviders%2FMicrosoft.Security%2Fassessments%2F%7BassessmentName%7D/get/request/parameter/resourceId/extension/ms-parameter-location"
  }, {
    "http://a.ml/vocabularies/core#extensionName": "ms-skip-url-encoding",
    "http://a.ml/vocabularies/document#definedBy": {
      "http://a.ml/vocabularies/core#name": null,
      "id": "file:///Users/abettati/sandbox/azure-rest-api-specs/specification/security/resource-manager/Microsoft.Security/preview/2019-01-01-preview/assessments.json#/web-api/end-points/%2F%7BresourceId%7D%2Fproviders%2FMicrosoft.Security%2Fassessments%2F%7BassessmentName%7D/get/request/parameter/resourceId/ms-skip-url-encoding"
    },
    "http://a.ml/vocabularies/document#extension": {
      "http://a.ml/vocabularies/core#name": null,
      "http://a.ml/vocabularies/data#value": null,
      "http://www.w3.org/ns/shacl#datatype": null,
      "id": "file:///Users/abettati/sandbox/azure-rest-api-specs/specification/security/resource-manager/Microsoft.Security/preview/2019-01-01-preview/assessments.json#/web-api/end-points/%2F%7BresourceId%7D%2Fproviders%2FMicrosoft.Security%2Fassessments%2F%7BassessmentName%7D/get/request/parameter/resourceId/ms-skip-url-encoding/scalar_1"
    },
    "id": "file:///Users/abettati/sandbox/azure-rest-api-specs/specification/security/resource-manager/Microsoft.Security/preview/2019-01-01-preview/assessments.json#/web-api/end-points/%2F%7BresourceId%7D%2Fproviders%2FMicrosoft.Security%2Fassessments%2F%7BassessmentName%7D/get/request/parameter/resourceId/extension/ms-skip-url-encoding"
  }],
  "http://a.ml/vocabularies/shapes#schema": {
    "http://a.ml/vocabularies/core#description": "The identifier of the resource.",
    "http://a.ml/vocabularies/document#customDomainProperties": [{
      "http://a.ml/vocabularies/core#extensionName": null,
      "http://a.ml/vocabularies/document#definedBy": null,
      "http://a.ml/vocabularies/document#extension": null,
      "id": "file:///Users/abettati/sandbox/azure-rest-api-specs/specification/security/resource-manager/Microsoft.Security/preview/2019-01-01-preview/assessments.json#/web-api/end-points/%2F%7BresourceId%7D%2Fproviders%2FMicrosoft.Security%2Fassessments%2F%7BassessmentName%7D/get/request/parameter/resourceId/scalar/schema/extension/ms-parameter-location"
    }, {
      "http://a.ml/vocabularies/core#extensionName": null,
      "http://a.ml/vocabularies/document#definedBy": null,
      "http://a.ml/vocabularies/document#extension": null,
      "id": "file:///Users/abettati/sandbox/azure-rest-api-specs/specification/security/resource-manager/Microsoft.Security/preview/2019-01-01-preview/assessments.json#/web-api/end-points/%2F%7BresourceId%7D%2Fproviders%2FMicrosoft.Security%2Fassessments%2F%7BassessmentName%7D/get/request/parameter/resourceId/scalar/schema/extension/ms-skip-url-encoding"
    }],
    "http://www.w3.org/ns/shacl#datatype": "http://www.w3.org/2001/XMLSchema#string",
    "http://www.w3.org/ns/shacl#name": "schema",
    "id": "file:///Users/abettati/sandbox/azure-rest-api-specs/specification/security/resource-manager/Microsoft.Security/preview/2019-01-01-preview/assessments.json#/web-api/end-points/%2F%7BresourceId%7D%2Fproviders%2FMicrosoft.Security%2Fassessments%2F%7BassessmentName%7D/get/request/parameter/resourceId/scalar/schema"
  },
  "id": "file:///Users/abettati/sandbox/azure-rest-api-specs/specification/security/resource-manager/Microsoft.Security/preview/2019-01-01-preview/assessments.json#/web-api/end-points/%2F%7BresourceId%7D%2Fproviders%2FMicrosoft.Security%2Fassessments%2F%7BassessmentName%7D/get/request/parameter/resourceId"
}, {
  "http://a.ml/vocabularies/apiContract#binding": "query",
  "http://a.ml/vocabularies/apiContract#paramName": "api-version",
  "http://a.ml/vocabularies/apiContract#required": "true",
  "http://a.ml/vocabularies/core#description": "API version for the operation",
  "http://a.ml/vocabularies/core#name": "api-version",
  "http://a.ml/vocabularies/shapes#schema": {
    "http://a.ml/vocabularies/core#description": "API version for the operation",
    "http://www.w3.org/ns/shacl#datatype": "http://www.w3.org/2001/XMLSchema#string",
    "http://www.w3.org/ns/shacl#name": "schema",
    "id": "file:///Users/abettati/sandbox/azure-rest-api-specs/specification/security/resource-manager/Microsoft.Security/preview/2019-01-01-preview/assessments.json#/web-api/end-points/%2F%7BresourceId%7D%2Fproviders%2FMicrosoft.Security%2Fassessments%2F%7BassessmentName%7D/put/request/parameter/api-version/scalar/schema"
  },
  "id": "file:///Users/abettati/sandbox/azure-rest-api-specs/specification/security/resource-manager/Microsoft.Security/preview/2019-01-01-preview/assessments.json#/web-api/end-points/%2F%7BresourceId%7D%2Fproviders%2FMicrosoft.Security%2Fassessments%2F%7BassessmentName%7D/put/request/parameter/api-version"
}, {
  "http://a.ml/vocabularies/apiContract#binding": "path",
  "http://a.ml/vocabularies/apiContract#paramName": "resourceId",
  "http://a.ml/vocabularies/apiContract#required": "true",
  "http://a.ml/vocabularies/core#description": "The identifier of the resource.",
  "http://a.ml/vocabularies/core#name": "resourceId",
  "http://a.ml/vocabularies/document#customDomainProperties": [{
    "http://a.ml/vocabularies/core#extensionName": "ms-parameter-location",
    "http://a.ml/vocabularies/document#definedBy": {
      "http://a.ml/vocabularies/core#name": null,
      "id": "file:///Users/abettati/sandbox/azure-rest-api-specs/specification/security/resource-manager/Microsoft.Security/preview/2019-01-01-preview/assessments.json#/web-api/end-points/%2F%7BresourceId%7D%2Fproviders%2FMicrosoft.Security%2Fassessments%2F%7BassessmentName%7D/put/request/parameter/resourceId/ms-parameter-location"
    },
    "http://a.ml/vocabularies/document#extension": {
      "http://a.ml/vocabularies/core#name": null,
      "http://a.ml/vocabularies/data#value": null,
      "http://www.w3.org/ns/shacl#datatype": null,
      "id": "file:///Users/abettati/sandbox/azure-rest-api-specs/specification/security/resource-manager/Microsoft.Security/preview/2019-01-01-preview/assessments.json#/web-api/end-points/%2F%7BresourceId%7D%2Fproviders%2FMicrosoft.Security%2Fassessments%2F%7BassessmentName%7D/put/request/parameter/resourceId/ms-parameter-location/scalar_1"
    },
    "id": "file:///Users/abettati/sandbox/azure-rest-api-specs/specification/security/resource-manager/Microsoft.Security/preview/2019-01-01-preview/assessments.json#/web-api/end-points/%2F%7BresourceId%7D%2Fproviders%2FMicrosoft.Security%2Fassessments%2F%7BassessmentName%7D/put/request/parameter/resourceId/extension/ms-parameter-location"
  }, {
    "http://a.ml/vocabularies/core#extensionName": "ms-skip-url-encoding",
    "http://a.ml/vocabularies/document#definedBy": {
      "http://a.ml/vocabularies/core#name": null,
      "id": "file:///Users/abettati/sandbox/azure-rest-api-specs/specification/security/resource-manager/Microsoft.Security/preview/2019-01-01-preview/assessments.json#/web-api/end-points/%2F%7BresourceId%7D%2Fproviders%2FMicrosoft.Security%2Fassessments%2F%7BassessmentName%7D/put/request/parameter/resourceId/ms-skip-url-encoding"
    },
    "http://a.ml/vocabularies/document#extension": {
      "http://a.ml/vocabularies/core#name": null,
      "http://a.ml/vocabularies/data#value": null,
      "http://www.w3.org/ns/shacl#datatype": null,
      "id": "file:///Users/abettati/sandbox/azure-rest-api-specs/specification/security/resource-manager/Microsoft.Security/preview/2019-01-01-preview/assessments.json#/web-api/end-points/%2F%7BresourceId%7D%2Fproviders%2FMicrosoft.Security%2Fassessments%2F%7BassessmentName%7D/put/request/parameter/resourceId/ms-skip-url-encoding/scalar_1"
    },
    "id": "file:///Users/abettati/sandbox/azure-rest-api-specs/specification/security/resource-manager/Microsoft.Security/preview/2019-01-01-preview/assessments.json#/web-api/end-points/%2F%7BresourceId%7D%2Fproviders%2FMicrosoft.Security%2Fassessments%2F%7BassessmentName%7D/put/request/parameter/resourceId/extension/ms-skip-url-encoding"
  }],
  "http://a.ml/vocabularies/shapes#schema": {
    "http://a.ml/vocabularies/core#description": "The identifier of the resource.",
    "http://a.ml/vocabularies/document#customDomainProperties": [{
      "http://a.ml/vocabularies/core#extensionName": null,
      "http://a.ml/vocabularies/document#definedBy": null,
      "http://a.ml/vocabularies/document#extension": null,
      "id": "file:///Users/abettati/sandbox/azure-rest-api-specs/specification/security/resource-manager/Microsoft.Security/preview/2019-01-01-preview/assessments.json#/web-api/end-points/%2F%7BresourceId%7D%2Fproviders%2FMicrosoft.Security%2Fassessments%2F%7BassessmentName%7D/put/request/parameter/resourceId/scalar/schema/extension/ms-parameter-location"
    }, {
      "http://a.ml/vocabularies/core#extensionName": null,
      "http://a.ml/vocabularies/document#definedBy": null,
      "http://a.ml/vocabularies/document#extension": null,
      "id": "file:///Users/abettati/sandbox/azure-rest-api-specs/specification/security/resource-manager/Microsoft.Security/preview/2019-01-01-preview/assessments.json#/web-api/end-points/%2F%7BresourceId%7D%2Fproviders%2FMicrosoft.Security%2Fassessments%2F%7BassessmentName%7D/put/request/parameter/resourceId/scalar/schema/extension/ms-skip-url-encoding"
    }],
    "http://www.w3.org/ns/shacl#datatype": "http://www.w3.org/2001/XMLSchema#string",
    "http://www.w3.org/ns/shacl#name": "schema",
    "id": "file:///Users/abettati/sandbox/azure-rest-api-specs/specification/security/resource-manager/Microsoft.Security/preview/2019-01-01-preview/assessments.json#/web-api/end-points/%2F%7BresourceId%7D%2Fproviders%2FMicrosoft.Security%2Fassessments%2F%7BassessmentName%7D/put/request/parameter/resourceId/scalar/schema"
  },
  "id": "file:///Users/abettati/sandbox/azure-rest-api-specs/specification/security/resource-manager/Microsoft.Security/preview/2019-01-01-preview/assessments.json#/web-api/end-points/%2F%7BresourceId%7D%2Fproviders%2FMicrosoft.Security%2Fassessments%2F%7BassessmentName%7D/put/request/parameter/resourceId"
}, {
  "http://a.ml/vocabularies/apiContract#binding": "query",
  "http://a.ml/vocabularies/apiContract#paramName": "api-version",
  "http://a.ml/vocabularies/apiContract#required": "true",
  "http://a.ml/vocabularies/core#description": "API version for the operation",
  "http://a.ml/vocabularies/core#name": "api-version",
  "http://a.ml/vocabularies/shapes#schema": {
    "http://a.ml/vocabularies/core#description": "API version for the operation",
    "http://www.w3.org/ns/shacl#datatype": "http://www.w3.org/2001/XMLSchema#string",
    "http://www.w3.org/ns/shacl#name": "schema",
    "id": "file:///Users/abettati/sandbox/azure-rest-api-specs/specification/security/resource-manager/Microsoft.Security/preview/2019-01-01-preview/assessments.json#/web-api/end-points/%2F%7BresourceId%7D%2Fproviders%2FMicrosoft.Security%2Fassessments%2F%7BassessmentName%7D/delete/request/parameter/api-version/scalar/schema"
  },
  "id": "file:///Users/abettati/sandbox/azure-rest-api-specs/specification/security/resource-manager/Microsoft.Security/preview/2019-01-01-preview/assessments.json#/web-api/end-points/%2F%7BresourceId%7D%2Fproviders%2FMicrosoft.Security%2Fassessments%2F%7BassessmentName%7D/delete/request/parameter/api-version"
}, {
  "http://a.ml/vocabularies/apiContract#binding": "path",
  "http://a.ml/vocabularies/apiContract#paramName": "resourceId",
  "http://a.ml/vocabularies/apiContract#required": "true",
  "http://a.ml/vocabularies/core#description": "The identifier of the resource.",
  "http://a.ml/vocabularies/core#name": "resourceId",
  "http://a.ml/vocabularies/document#customDomainProperties": [{
    "http://a.ml/vocabularies/core#extensionName": "ms-parameter-location",
    "http://a.ml/vocabularies/document#definedBy": {
      "http://a.ml/vocabularies/core#name": null,
      "id": "file:///Users/abettati/sandbox/azure-rest-api-specs/specification/security/resource-manager/Microsoft.Security/preview/2019-01-01-preview/assessments.json#/web-api/end-points/%2F%7BresourceId%7D%2Fproviders%2FMicrosoft.Security%2Fassessments%2F%7BassessmentName%7D/delete/request/parameter/resourceId/ms-parameter-location"
    },
    "http://a.ml/vocabularies/document#extension": {
      "http://a.ml/vocabularies/core#name": null,
      "http://a.ml/vocabularies/data#value": null,
      "http://www.w3.org/ns/shacl#datatype": null,
      "id": "file:///Users/abettati/sandbox/azure-rest-api-specs/specification/security/resource-manager/Microsoft.Security/preview/2019-01-01-preview/assessments.json#/web-api/end-points/%2F%7BresourceId%7D%2Fproviders%2FMicrosoft.Security%2Fassessments%2F%7BassessmentName%7D/delete/request/parameter/resourceId/ms-parameter-location/scalar_1"
    },
    "id": "file:///Users/abettati/sandbox/azure-rest-api-specs/specification/security/resource-manager/Microsoft.Security/preview/2019-01-01-preview/assessments.json#/web-api/end-points/%2F%7BresourceId%7D%2Fproviders%2FMicrosoft.Security%2Fassessments%2F%7BassessmentName%7D/delete/request/parameter/resourceId/extension/ms-parameter-location"
  }, {
    "http://a.ml/vocabularies/core#extensionName": "ms-skip-url-encoding",
    "http://a.ml/vocabularies/document#definedBy": {
      "http://a.ml/vocabularies/core#name": null,
      "id": "file:///Users/abettati/sandbox/azure-rest-api-specs/specification/security/resource-manager/Microsoft.Security/preview/2019-01-01-preview/assessments.json#/web-api/end-points/%2F%7BresourceId%7D%2Fproviders%2FMicrosoft.Security%2Fassessments%2F%7BassessmentName%7D/delete/request/parameter/resourceId/ms-skip-url-encoding"
    },
    "http://a.ml/vocabularies/document#extension": {
      "http://a.ml/vocabularies/core#name": null,
      "http://a.ml/vocabularies/data#value": null,
      "http://www.w3.org/ns/shacl#datatype": null,
      "id": "file:///Users/abettati/sandbox/azure-rest-api-specs/specification/security/resource-manager/Microsoft.Security/preview/2019-01-01-preview/assessments.json#/web-api/end-points/%2F%7BresourceId%7D%2Fproviders%2FMicrosoft.Security%2Fassessments%2F%7BassessmentName%7D/delete/request/parameter/resourceId/ms-skip-url-encoding/scalar_1"
    },
    "id": "file:///Users/abettati/sandbox/azure-rest-api-specs/specification/security/resource-manager/Microsoft.Security/preview/2019-01-01-preview/assessments.json#/web-api/end-points/%2F%7BresourceId%7D%2Fproviders%2FMicrosoft.Security%2Fassessments%2F%7BassessmentName%7D/delete/request/parameter/resourceId/extension/ms-skip-url-encoding"
  }],
  "http://a.ml/vocabularies/shapes#schema": {
    "http://a.ml/vocabularies/core#description": "The identifier of the resource.",
    "http://a.ml/vocabularies/document#customDomainProperties": [{
      "http://a.ml/vocabularies/core#extensionName": null,
      "http://a.ml/vocabularies/document#definedBy": null,
      "http://a.ml/vocabularies/document#extension": null,
      "id": "file:///Users/abettati/sandbox/azure-rest-api-specs/specification/security/resource-manager/Microsoft.Security/preview/2019-01-01-preview/assessments.json#/web-api/end-points/%2F%7BresourceId%7D%2Fproviders%2FMicrosoft.Security%2Fassessments%2F%7BassessmentName%7D/delete/request/parameter/resourceId/scalar/schema/extension/ms-parameter-location"
    }, {
      "http://a.ml/vocabularies/core#extensionName": null,
      "http://a.ml/vocabularies/document#definedBy": null,
      "http://a.ml/vocabularies/document#extension": null,
      "id": "file:///Users/abettati/sandbox/azure-rest-api-specs/specification/security/resource-manager/Microsoft.Security/preview/2019-01-01-preview/assessments.json#/web-api/end-points/%2F%7BresourceId%7D%2Fproviders%2FMicrosoft.Security%2Fassessments%2F%7BassessmentName%7D/delete/request/parameter/resourceId/scalar/schema/extension/ms-skip-url-encoding"
    }],
    "http://www.w3.org/ns/shacl#datatype": "http://www.w3.org/2001/XMLSchema#string",
    "http://www.w3.org/ns/shacl#name": "schema",
    "id": "file:///Users/abettati/sandbox/azure-rest-api-specs/specification/security/resource-manager/Microsoft.Security/preview/2019-01-01-preview/assessments.json#/web-api/end-points/%2F%7BresourceId%7D%2Fproviders%2FMicrosoft.Security%2Fassessments%2F%7BassessmentName%7D/delete/request/parameter/resourceId/scalar/schema"
  },
  "id": "file:///Users/abettati/sandbox/azure-rest-api-specs/specification/security/resource-manager/Microsoft.Security/preview/2019-01-01-preview/assessments.json#/web-api/end-points/%2F%7BresourceId%7D%2Fproviders%2FMicrosoft.Security%2Fassessments%2F%7BassessmentName%7D/delete/request/parameter/resourceId"
}]