[{
  "http://a.ml/vocabularies/apiContract#binding": "query",
  "http://a.ml/vocabularies/apiContract#paramName": "api-version",
  "http://a.ml/vocabularies/apiContract#required": "true",
  "http://a.ml/vocabularies/core#description": "The API version to use for this operation.",
  "http://a.ml/vocabularies/core#name": "api-version",
  "http://a.ml/vocabularies/shapes#schema": {
    "http://a.ml/vocabularies/core#description": "The API version to use for this operation.",
    "http://www.w3.org/ns/shacl#datatype": "http://www.w3.org/2001/XMLSchema#string",
    "http://www.w3.org/ns/shacl#minLength": "1",
    "http://www.w3.org/ns/shacl#name": "schema",
    "id": "file:///Users/abettati/sandbox/azure-rest-api-specs/specification/operationalinsights/resource-manager/Microsoft.OperationalInsights/preview/2020-03-01-preview/Usages.json#/web-api/end-points/%2Fsubscriptions%2F%7BsubscriptionId%7D%2Fresourcegroups%2F%7BresourceGroupName%7D%2Fproviders%2FMicrosoft.OperationalInsights%2Fworkspaces%2F%7BworkspaceName%7D%2Fusages/get/request/parameter/api-version/scalar/schema"
  },
  "id": "file:///Users/abettati/sandbox/azure-rest-api-specs/specification/operationalinsights/resource-manager/Microsoft.OperationalInsights/preview/2020-03-01-preview/Usages.json#/web-api/end-points/%2Fsubscriptions%2F%7BsubscriptionId%7D%2Fresourcegroups%2F%7BresourceGroupName%7D%2Fproviders%2FMicrosoft.OperationalInsights%2Fworkspaces%2F%7BworkspaceName%7D%2Fusages/get/request/parameter/api-version"
}, {
  "http://a.ml/vocabularies/apiContract#binding": "path",
  "http://a.ml/vocabularies/apiContract#paramName": "resourceGroupName",
  "http://a.ml/vocabularies/apiContract#required": "true",
  "http://a.ml/vocabularies/core#description": "The name of the resource group. The name is case insensitive.",
  "http://a.ml/vocabularies/core#name": "resourceGroupName",
  "http://a.ml/vocabularies/document#customDomainProperties": [{
    "http://a.ml/vocabularies/core#extensionName": "ms-parameter-location",
    "http://a.ml/vocabularies/document#definedBy": {
      "http://a.ml/vocabularies/core#name": null,
      "id": "file:///Users/abettati/sandbox/azure-rest-api-specs/specification/operationalinsights/resource-manager/Microsoft.OperationalInsights/preview/2020-03-01-preview/Usages.json#/web-api/end-points/%2Fsubscriptions%2F%7BsubscriptionId%7D%2Fresourcegroups%2F%7BresourceGroupName%7D%2Fproviders%2FMicrosoft.OperationalInsights%2Fworkspaces%2F%7BworkspaceName%7D%2Fusages/get/request/parameter/resourceGroupName/ms-parameter-location"
    },
    "http://a.ml/vocabularies/document#extension": {
      "http://a.ml/vocabularies/core#name": null,
      "http://a.ml/vocabularies/data#value": null,
      "http://www.w3.org/ns/shacl#datatype": null,
      "id": "file:///Users/abettati/sandbox/azure-rest-api-specs/specification/operationalinsights/resource-manager/Microsoft.OperationalInsights/preview/2020-03-01-preview/Usages.json#/web-api/end-points/%2Fsubscriptions%2F%7BsubscriptionId%7D%2Fresourcegroups%2F%7BresourceGroupName%7D%2Fproviders%2FMicrosoft.OperationalInsights%2Fworkspaces%2F%7BworkspaceName%7D%2Fusages/get/request/parameter/resourceGroupName/ms-parameter-location/scalar_1"
    },
    "id": "file:///Users/abettati/sandbox/azure-rest-api-specs/specification/operationalinsights/resource-manager/Microsoft.OperationalInsights/preview/2020-03-01-preview/Usages.json#/web-api/end-points/%2Fsubscriptions%2F%7BsubscriptionId%7D%2Fresourcegroups%2F%7BresourceGroupName%7D%2Fproviders%2FMicrosoft.OperationalInsights%2Fworkspaces%2F%7BworkspaceName%7D%2Fusages/get/request/parameter/resourceGroupName/extension/ms-parameter-location"
  }],
  "http://a.ml/vocabularies/shapes#schema": {
    "http://a.ml/vocabularies/core#description": "The name of the resource group. The name is case insensitive.",
    "http://a.ml/vocabularies/document#customDomainProperties": [{
      "http://a.ml/vocabularies/core#extensionName": null,
      "http://a.ml/vocabularies/document#definedBy": null,
      "http://a.ml/vocabularies/document#extension": null,
      "id": "file:///Users/abettati/sandbox/azure-rest-api-specs/specification/operationalinsights/resource-manager/Microsoft.OperationalInsights/preview/2020-03-01-preview/Usages.json#/web-api/end-points/%2Fsubscriptions%2F%7BsubscriptionId%7D%2Fresourcegroups%2F%7BresourceGroupName%7D%2Fproviders%2FMicrosoft.OperationalInsights%2Fworkspaces%2F%7BworkspaceName%7D%2Fusages/get/request/parameter/resourceGroupName/scalar/schema/extension/ms-parameter-location"
    }],
    "http://www.w3.org/ns/shacl#datatype": "http://www.w3.org/2001/XMLSchema#string",
    "http://www.w3.org/ns/shacl#maxLength": "90",
    "http://www.w3.org/ns/shacl#minLength": "1",
    "http://www.w3.org/ns/shacl#name": "schema",
    "http://www.w3.org/ns/shacl#pattern": "^[-\\w\\._\\(\\)]+$",
    "id": "file:///Users/abettati/sandbox/azure-rest-api-specs/specification/operationalinsights/resource-manager/Microsoft.OperationalInsights/preview/2020-03-01-preview/Usages.json#/web-api/end-points/%2Fsubscriptions%2F%7BsubscriptionId%7D%2Fresourcegroups%2F%7BresourceGroupName%7D%2Fproviders%2FMicrosoft.OperationalInsights%2Fworkspaces%2F%7BworkspaceName%7D%2Fusages/get/request/parameter/resourceGroupName/scalar/schema"
  },
  "id": "file:///Users/abettati/sandbox/azure-rest-api-specs/specification/operationalinsights/resource-manager/Microsoft.OperationalInsights/preview/2020-03-01-preview/Usages.json#/web-api/end-points/%2Fsubscriptions%2F%7BsubscriptionId%7D%2Fresourcegroups%2F%7BresourceGroupName%7D%2Fproviders%2FMicrosoft.OperationalInsights%2Fworkspaces%2F%7BworkspaceName%7D%2Fusages/get/request/parameter/resourceGroupName"
}, {
  "http://a.ml/vocabularies/apiContract#binding": "path",
  "http://a.ml/vocabularies/apiContract#paramName": "workspaceName",
  "http://a.ml/vocabularies/apiContract#required": "true",
  "http://a.ml/vocabularies/core#description": "The name of the workspace.",
  "http://a.ml/vocabularies/core#name": "workspaceName",
  "http://a.ml/vocabularies/document#customDomainProperties": [{
    "http://a.ml/vocabularies/core#extensionName": "ms-parameter-location",
    "http://a.ml/vocabularies/document#definedBy": {
      "http://a.ml/vocabularies/core#name": null,
      "id": "file:///Users/abettati/sandbox/azure-rest-api-specs/specification/operationalinsights/resource-manager/Microsoft.OperationalInsights/preview/2020-03-01-preview/Usages.json#/web-api/end-points/%2Fsubscriptions%2F%7BsubscriptionId%7D%2Fresourcegroups%2F%7BresourceGroupName%7D%2Fproviders%2FMicrosoft.OperationalInsights%2Fworkspaces%2F%7BworkspaceName%7D%2Fusages/get/request/parameter/workspaceName/ms-parameter-location"
    },
    "http://a.ml/vocabularies/document#extension": {
      "http://a.ml/vocabularies/core#name": null,
      "http://a.ml/vocabularies/data#value": null,
      "http://www.w3.org/ns/shacl#datatype": null,
      "id": "file:///Users/abettati/sandbox/azure-rest-api-specs/specification/operationalinsights/resource-manager/Microsoft.OperationalInsights/preview/2020-03-01-preview/Usages.json#/web-api/end-points/%2Fsubscriptions%2F%7BsubscriptionId%7D%2Fresourcegroups%2F%7BresourceGroupName%7D%2Fproviders%2FMicrosoft.OperationalInsights%2Fworkspaces%2F%7BworkspaceName%7D%2Fusages/get/request/parameter/workspaceName/ms-parameter-location/scalar_1"
    },
    "id": "file:///Users/abettati/sandbox/azure-rest-api-specs/specification/operationalinsights/resource-manager/Microsoft.OperationalInsights/preview/2020-03-01-preview/Usages.json#/web-api/end-points/%2Fsubscriptions%2F%7BsubscriptionId%7D%2Fresourcegroups%2F%7BresourceGroupName%7D%2Fproviders%2FMicrosoft.OperationalInsights%2Fworkspaces%2F%7BworkspaceName%7D%2Fusages/get/request/parameter/workspaceName/extension/ms-parameter-location"
  }],
  "http://a.ml/vocabularies/shapes#schema": {
    "http://a.ml/vocabularies/core#description": "The name of the workspace.",
    "http://a.ml/vocabularies/document#customDomainProperties": [{
      "http://a.ml/vocabularies/core#extensionName": null,
      "http://a.ml/vocabularies/document#definedBy": null,
      "http://a.ml/vocabularies/document#extension": null,
      "id": "file:///Users/abettati/sandbox/azure-rest-api-specs/specification/operationalinsights/resource-manager/Microsoft.OperationalInsights/preview/2020-03-01-preview/Usages.json#/web-api/end-points/%2Fsubscriptions%2F%7BsubscriptionId%7D%2Fresourcegroups%2F%7BresourceGroupName%7D%2Fproviders%2FMicrosoft.OperationalInsights%2Fworkspaces%2F%7BworkspaceName%7D%2Fusages/get/request/parameter/workspaceName/scalar/schema/extension/ms-parameter-location"
    }],
    "http://www.w3.org/ns/shacl#datatype": "http://www.w3.org/2001/XMLSchema#string",
    "http://www.w3.org/ns/shacl#maxLength": "63",
    "http://www.w3.org/ns/shacl#minLength": "4",
    "http://www.w3.org/ns/shacl#name": "schema",
    "http://www.w3.org/ns/shacl#pattern": "^[A-Za-z0-9][A-Za-z0-9-]+[A-Za-z0-9]$",
    "id": "file:///Users/abettati/sandbox/azure-rest-api-specs/specification/operationalinsights/resource-manager/Microsoft.OperationalInsights/preview/2020-03-01-preview/Usages.json#/web-api/end-points/%2Fsubscriptions%2F%7BsubscriptionId%7D%2Fresourcegroups%2F%7BresourceGroupName%7D%2Fproviders%2FMicrosoft.OperationalInsights%2Fworkspaces%2F%7BworkspaceName%7D%2Fusages/get/request/parameter/workspaceName/scalar/schema"
  },
  "id": "file:///Users/abettati/sandbox/azure-rest-api-specs/specification/operationalinsights/resource-manager/Microsoft.OperationalInsights/preview/2020-03-01-preview/Usages.json#/web-api/end-points/%2Fsubscriptions%2F%7BsubscriptionId%7D%2Fresourcegroups%2F%7BresourceGroupName%7D%2Fproviders%2FMicrosoft.OperationalInsights%2Fworkspaces%2F%7BworkspaceName%7D%2Fusages/get/request/parameter/workspaceName"
}, {
  "http://a.ml/vocabularies/apiContract#binding": "path",
  "http://a.ml/vocabularies/apiContract#paramName": "subscriptionId",
  "http://a.ml/vocabularies/apiContract#required": "true",
  "http://a.ml/vocabularies/core#description": "The ID of the target subscription.",
  "http://a.ml/vocabularies/core#name": "subscriptionId",
  "http://a.ml/vocabularies/shapes#schema": {
    "http://a.ml/vocabularies/core#description": "The ID of the target subscription.",
    "http://www.w3.org/ns/shacl#datatype": "http://www.w3.org/2001/XMLSchema#string",
    "http://www.w3.org/ns/shacl#minLength": "1",
    "http://www.w3.org/ns/shacl#name": "schema",
    "id": "file:///Users/abettati/sandbox/azure-rest-api-specs/specification/operationalinsights/resource-manager/Microsoft.OperationalInsights/preview/2020-03-01-preview/Usages.json#/web-api/end-points/%2Fsubscriptions%2F%7BsubscriptionId%7D%2Fresourcegroups%2F%7BresourceGroupName%7D%2Fproviders%2FMicrosoft.OperationalInsights%2Fworkspaces%2F%7BworkspaceName%7D%2Fusages/get/request/parameter/subscriptionId/scalar/schema"
  },
  "id": "file:///Users/abettati/sandbox/azure-rest-api-specs/specification/operationalinsights/resource-manager/Microsoft.OperationalInsights/preview/2020-03-01-preview/Usages.json#/web-api/end-points/%2Fsubscriptions%2F%7BsubscriptionId%7D%2Fresourcegroups%2F%7BresourceGroupName%7D%2Fproviders%2FMicrosoft.OperationalInsights%2Fworkspaces%2F%7BworkspaceName%7D%2Fusages/get/request/parameter/subscriptionId"
}]