[{
  "http://a.ml/vocabularies/apiContract#binding": "path",
  "http://a.ml/vocabularies/apiContract#paramName": "infraRole",
  "http://a.ml/vocabularies/apiContract#required": "true",
  "http://a.ml/vocabularies/core#description": "Infrastructure role name.",
  "http://a.ml/vocabularies/core#name": "InfraRoleParameter",
  "http://a.ml/vocabularies/document#customDomainProperties": [{
    "http://a.ml/vocabularies/core#extensionName": "ms-parameter-location",
    "http://a.ml/vocabularies/document#definedBy": {
      "http://a.ml/vocabularies/core#name": null,
      "id": "file:///Users/abettati/sandbox/azure-rest-api-specs/specification/azsadmin/resource-manager/fabric/Microsoft.Fabric.Admin/preview/2016-05-01/InfraRole.json#/declarations/parameters/parameter/InfraRoleParameter/ms-parameter-location"
    },
    "http://a.ml/vocabularies/document#extension": {
      "http://a.ml/vocabularies/core#name": null,
      "http://a.ml/vocabularies/data#value": null,
      "http://www.w3.org/ns/shacl#datatype": null,
      "id": "file:///Users/abettati/sandbox/azure-rest-api-specs/specification/azsadmin/resource-manager/fabric/Microsoft.Fabric.Admin/preview/2016-05-01/InfraRole.json#/declarations/parameters/parameter/InfraRoleParameter/ms-parameter-location/scalar_1"
    },
    "id": "file:///Users/abettati/sandbox/azure-rest-api-specs/specification/azsadmin/resource-manager/fabric/Microsoft.Fabric.Admin/preview/2016-05-01/InfraRole.json#/declarations/parameters/parameter/InfraRoleParameter/extension/ms-parameter-location"
  }],
  "http://a.ml/vocabularies/shapes#schema": {
    "http://a.ml/vocabularies/core#description": "Infrastructure role name.",
    "http://a.ml/vocabularies/document#customDomainProperties": [{
      "http://a.ml/vocabularies/core#extensionName": null,
      "http://a.ml/vocabularies/document#definedBy": null,
      "http://a.ml/vocabularies/document#extension": null,
      "id": "file:///Users/abettati/sandbox/azure-rest-api-specs/specification/azsadmin/resource-manager/fabric/Microsoft.Fabric.Admin/preview/2016-05-01/InfraRole.json#/declarations/parameters/parameter/InfraRoleParameter/scalar/schema/extension/ms-parameter-location"
    }],
    "http://www.w3.org/ns/shacl#datatype": "http://www.w3.org/2001/XMLSchema#string",
    "http://www.w3.org/ns/shacl#name": "schema",
    "id": "file:///Users/abettati/sandbox/azure-rest-api-specs/specification/azsadmin/resource-manager/fabric/Microsoft.Fabric.Admin/preview/2016-05-01/InfraRole.json#/declarations/parameters/parameter/InfraRoleParameter/scalar/schema"
  },
  "id": "file:///Users/abettati/sandbox/azure-rest-api-specs/specification/azsadmin/resource-manager/fabric/Microsoft.Fabric.Admin/preview/2016-05-01/InfraRole.json#/declarations/parameters/parameter/InfraRoleParameter"
}, {
  "http://a.ml/vocabularies/apiContract#binding": "query",
  "http://a.ml/vocabularies/apiContract#paramName": "api-version",
  "http://a.ml/vocabularies/apiContract#required": "true",
  "http://a.ml/vocabularies/core#description": "Client API Version.",
  "http://a.ml/vocabularies/core#name": "api-version",
  "http://a.ml/vocabularies/shapes#schema": {
    "http://a.ml/vocabularies/core#description": "Client API Version.",
    "http://www.w3.org/ns/shacl#datatype": "http://www.w3.org/2001/XMLSchema#string",
    "http://www.w3.org/ns/shacl#defaultValue": {
      "http://a.ml/vocabularies/core#name": "scalar_1",
      "http://a.ml/vocabularies/data#value": "2016-05-01",
      "http://www.w3.org/ns/shacl#datatype": "http://www.w3.org/2001/XMLSchema#string",
      "id": "file:///Users/abettati/sandbox/azure-rest-api-specs/specification/azsadmin/resource-manager/fabric/Microsoft.Fabric.Admin/preview/2016-05-01/InfraRole.json#/web-api/end-points/%2Fsubscriptions%2F%7BsubscriptionId%7D%2FresourceGroups%2F%7BresourceGroupName%7D%2Fproviders%2FMicrosoft.Fabric.Admin%2FfabricLocations%2F%7Blocation%7D%2FinfraRoles%2F%7BinfraRole%7D/get/request/parameter/api-version/scalar/schema/scalar_1"
    },
    "http://www.w3.org/ns/shacl#defaultValueStr": "2016-05-01",
    "http://www.w3.org/ns/shacl#name": "schema",
    "id": "file:///Users/abettati/sandbox/azure-rest-api-specs/specification/azsadmin/resource-manager/fabric/Microsoft.Fabric.Admin/preview/2016-05-01/InfraRole.json#/web-api/end-points/%2Fsubscriptions%2F%7BsubscriptionId%7D%2FresourceGroups%2F%7BresourceGroupName%7D%2Fproviders%2FMicrosoft.Fabric.Admin%2FfabricLocations%2F%7Blocation%7D%2FinfraRoles%2F%7BinfraRole%7D/get/request/parameter/api-version/scalar/schema"
  },
  "id": "file:///Users/abettati/sandbox/azure-rest-api-specs/specification/azsadmin/resource-manager/fabric/Microsoft.Fabric.Admin/preview/2016-05-01/InfraRole.json#/web-api/end-points/%2Fsubscriptions%2F%7BsubscriptionId%7D%2FresourceGroups%2F%7BresourceGroupName%7D%2Fproviders%2FMicrosoft.Fabric.Admin%2FfabricLocations%2F%7Blocation%7D%2FinfraRoles%2F%7BinfraRole%7D/get/request/parameter/api-version"
}, {
  "http://a.ml/vocabularies/apiContract#binding": "path",
  "http://a.ml/vocabularies/apiContract#paramName": "subscriptionId",
  "http://a.ml/vocabularies/apiContract#required": "true",
  "http://a.ml/vocabularies/core#description": "Subscription credentials that uniquely identify Microsoft Azure subscription. The subscription ID forms part of the URI for every service call.",
  "http://a.ml/vocabularies/core#name": "subscriptionId",
  "http://a.ml/vocabularies/shapes#schema": {
    "http://a.ml/vocabularies/core#description": "Subscription credentials that uniquely identify Microsoft Azure subscription. The subscription ID forms part of the URI for every service call.",
    "http://www.w3.org/ns/shacl#datatype": "http://www.w3.org/2001/XMLSchema#string",
    "http://www.w3.org/ns/shacl#name": "schema",
    "id": "file:///Users/abettati/sandbox/azure-rest-api-specs/specification/azsadmin/resource-manager/fabric/Microsoft.Fabric.Admin/preview/2016-05-01/InfraRole.json#/web-api/end-points/%2Fsubscriptions%2F%7BsubscriptionId%7D%2FresourceGroups%2F%7BresourceGroupName%7D%2Fproviders%2FMicrosoft.Fabric.Admin%2FfabricLocations%2F%7Blocation%7D%2FinfraRoles%2F%7BinfraRole%7D/get/request/parameter/subscriptionId/scalar/schema"
  },
  "id": "file:///Users/abettati/sandbox/azure-rest-api-specs/specification/azsadmin/resource-manager/fabric/Microsoft.Fabric.Admin/preview/2016-05-01/InfraRole.json#/web-api/end-points/%2Fsubscriptions%2F%7BsubscriptionId%7D%2FresourceGroups%2F%7BresourceGroupName%7D%2Fproviders%2FMicrosoft.Fabric.Admin%2FfabricLocations%2F%7Blocation%7D%2FinfraRoles%2F%7BinfraRole%7D/get/request/parameter/subscriptionId"
}, {
  "http://a.ml/vocabularies/apiContract#binding": "path",
  "http://a.ml/vocabularies/apiContract#paramName": "resourceGroupName",
  "http://a.ml/vocabularies/apiContract#required": "true",
  "http://a.ml/vocabularies/core#description": "Name of the resource group.",
  "http://a.ml/vocabularies/core#name": "resourceGroupName",
  "http://a.ml/vocabularies/document#customDomainProperties": [{
    "http://a.ml/vocabularies/core#extensionName": "ms-parameter-location",
    "http://a.ml/vocabularies/document#definedBy": {
      "http://a.ml/vocabularies/core#name": null,
      "id": "file:///Users/abettati/sandbox/azure-rest-api-specs/specification/azsadmin/resource-manager/fabric/Microsoft.Fabric.Admin/preview/2016-05-01/InfraRole.json#/web-api/end-points/%2Fsubscriptions%2F%7BsubscriptionId%7D%2FresourceGroups%2F%7BresourceGroupName%7D%2Fproviders%2FMicrosoft.Fabric.Admin%2FfabricLocations%2F%7Blocation%7D%2FinfraRoles%2F%7BinfraRole%7D/get/request/parameter/resourceGroupName/ms-parameter-location"
    },
    "http://a.ml/vocabularies/document#extension": {
      "http://a.ml/vocabularies/core#name": null,
      "http://a.ml/vocabularies/data#value": null,
      "http://www.w3.org/ns/shacl#datatype": null,
      "id": "file:///Users/abettati/sandbox/azure-rest-api-specs/specification/azsadmin/resource-manager/fabric/Microsoft.Fabric.Admin/preview/2016-05-01/InfraRole.json#/web-api/end-points/%2Fsubscriptions%2F%7BsubscriptionId%7D%2FresourceGroups%2F%7BresourceGroupName%7D%2Fproviders%2FMicrosoft.Fabric.Admin%2FfabricLocations%2F%7Blocation%7D%2FinfraRoles%2F%7BinfraRole%7D/get/request/parameter/resourceGroupName/ms-parameter-location/scalar_1"
    },
    "id": "file:///Users/abettati/sandbox/azure-rest-api-specs/specification/azsadmin/resource-manager/fabric/Microsoft.Fabric.Admin/preview/2016-05-01/InfraRole.json#/web-api/end-points/%2Fsubscriptions%2F%7BsubscriptionId%7D%2FresourceGroups%2F%7BresourceGroupName%7D%2Fproviders%2FMicrosoft.Fabric.Admin%2FfabricLocations%2F%7Blocation%7D%2FinfraRoles%2F%7BinfraRole%7D/get/request/parameter/resourceGroupName/extension/ms-parameter-location"
  }],
  "http://a.ml/vocabularies/shapes#schema": {
    "http://a.ml/vocabularies/core#description": "Name of the resource group.",
    "http://a.ml/vocabularies/document#customDomainProperties": [{
      "http://a.ml/vocabularies/core#extensionName": null,
      "http://a.ml/vocabularies/document#definedBy": null,
      "http://a.ml/vocabularies/document#extension": null,
      "id": "file:///Users/abettati/sandbox/azure-rest-api-specs/specification/azsadmin/resource-manager/fabric/Microsoft.Fabric.Admin/preview/2016-05-01/InfraRole.json#/web-api/end-points/%2Fsubscriptions%2F%7BsubscriptionId%7D%2FresourceGroups%2F%7BresourceGroupName%7D%2Fproviders%2FMicrosoft.Fabric.Admin%2FfabricLocations%2F%7Blocation%7D%2FinfraRoles%2F%7BinfraRole%7D/get/request/parameter/resourceGroupName/scalar/schema/extension/ms-parameter-location"
    }],
    "http://www.w3.org/ns/shacl#datatype": "http://www.w3.org/2001/XMLSchema#string",
    "http://www.w3.org/ns/shacl#name": "schema",
    "id": "file:///Users/abettati/sandbox/azure-rest-api-specs/specification/azsadmin/resource-manager/fabric/Microsoft.Fabric.Admin/preview/2016-05-01/InfraRole.json#/web-api/end-points/%2Fsubscriptions%2F%7BsubscriptionId%7D%2FresourceGroups%2F%7BresourceGroupName%7D%2Fproviders%2FMicrosoft.Fabric.Admin%2FfabricLocations%2F%7Blocation%7D%2FinfraRoles%2F%7BinfraRole%7D/get/request/parameter/resourceGroupName/scalar/schema"
  },
  "id": "file:///Users/abettati/sandbox/azure-rest-api-specs/specification/azsadmin/resource-manager/fabric/Microsoft.Fabric.Admin/preview/2016-05-01/InfraRole.json#/web-api/end-points/%2Fsubscriptions%2F%7BsubscriptionId%7D%2FresourceGroups%2F%7BresourceGroupName%7D%2Fproviders%2FMicrosoft.Fabric.Admin%2FfabricLocations%2F%7Blocation%7D%2FinfraRoles%2F%7BinfraRole%7D/get/request/parameter/resourceGroupName"
}, {
  "http://a.ml/vocabularies/apiContract#binding": "path",
  "http://a.ml/vocabularies/apiContract#paramName": "location",
  "http://a.ml/vocabularies/apiContract#required": "true",
  "http://a.ml/vocabularies/core#description": "Location of the resource.",
  "http://a.ml/vocabularies/core#name": "location",
  "http://a.ml/vocabularies/document#customDomainProperties": [{
    "http://a.ml/vocabularies/core#extensionName": "ms-parameter-location",
    "http://a.ml/vocabularies/document#definedBy": {
      "http://a.ml/vocabularies/core#name": null,
      "id": "file:///Users/abettati/sandbox/azure-rest-api-specs/specification/azsadmin/resource-manager/fabric/Microsoft.Fabric.Admin/preview/2016-05-01/InfraRole.json#/web-api/end-points/%2Fsubscriptions%2F%7BsubscriptionId%7D%2FresourceGroups%2F%7BresourceGroupName%7D%2Fproviders%2FMicrosoft.Fabric.Admin%2FfabricLocations%2F%7Blocation%7D%2FinfraRoles%2F%7BinfraRole%7D/get/request/parameter/location/ms-parameter-location"
    },
    "http://a.ml/vocabularies/document#extension": {
      "http://a.ml/vocabularies/core#name": null,
      "http://a.ml/vocabularies/data#value": null,
      "http://www.w3.org/ns/shacl#datatype": null,
      "id": "file:///Users/abettati/sandbox/azure-rest-api-specs/specification/azsadmin/resource-manager/fabric/Microsoft.Fabric.Admin/preview/2016-05-01/InfraRole.json#/web-api/end-points/%2Fsubscriptions%2F%7BsubscriptionId%7D%2FresourceGroups%2F%7BresourceGroupName%7D%2Fproviders%2FMicrosoft.Fabric.Admin%2FfabricLocations%2F%7Blocation%7D%2FinfraRoles%2F%7BinfraRole%7D/get/request/parameter/location/ms-parameter-location/scalar_1"
    },
    "id": "file:///Users/abettati/sandbox/azure-rest-api-specs/specification/azsadmin/resource-manager/fabric/Microsoft.Fabric.Admin/preview/2016-05-01/InfraRole.json#/web-api/end-points/%2Fsubscriptions%2F%7BsubscriptionId%7D%2FresourceGroups%2F%7BresourceGroupName%7D%2Fproviders%2FMicrosoft.Fabric.Admin%2FfabricLocations%2F%7Blocation%7D%2FinfraRoles%2F%7BinfraRole%7D/get/request/parameter/location/extension/ms-parameter-location"
  }],
  "http://a.ml/vocabularies/shapes#schema": {
    "http://a.ml/vocabularies/core#description": "Location of the resource.",
    "http://a.ml/vocabularies/document#customDomainProperties": [{
      "http://a.ml/vocabularies/core#extensionName": null,
      "http://a.ml/vocabularies/document#definedBy": null,
      "http://a.ml/vocabularies/document#extension": null,
      "id": "file:///Users/abettati/sandbox/azure-rest-api-specs/specification/azsadmin/resource-manager/fabric/Microsoft.Fabric.Admin/preview/2016-05-01/InfraRole.json#/web-api/end-points/%2Fsubscriptions%2F%7BsubscriptionId%7D%2FresourceGroups%2F%7BresourceGroupName%7D%2Fproviders%2FMicrosoft.Fabric.Admin%2FfabricLocations%2F%7Blocation%7D%2FinfraRoles%2F%7BinfraRole%7D/get/request/parameter/location/scalar/schema/extension/ms-parameter-location"
    }],
    "http://www.w3.org/ns/shacl#datatype": "http://www.w3.org/2001/XMLSchema#string",
    "http://www.w3.org/ns/shacl#name": "schema",
    "id": "file:///Users/abettati/sandbox/azure-rest-api-specs/specification/azsadmin/resource-manager/fabric/Microsoft.Fabric.Admin/preview/2016-05-01/InfraRole.json#/web-api/end-points/%2Fsubscriptions%2F%7BsubscriptionId%7D%2FresourceGroups%2F%7BresourceGroupName%7D%2Fproviders%2FMicrosoft.Fabric.Admin%2FfabricLocations%2F%7Blocation%7D%2FinfraRoles%2F%7BinfraRole%7D/get/request/parameter/location/scalar/schema"
  },
  "id": "file:///Users/abettati/sandbox/azure-rest-api-specs/specification/azsadmin/resource-manager/fabric/Microsoft.Fabric.Admin/preview/2016-05-01/InfraRole.json#/web-api/end-points/%2Fsubscriptions%2F%7BsubscriptionId%7D%2FresourceGroups%2F%7BresourceGroupName%7D%2Fproviders%2FMicrosoft.Fabric.Admin%2FfabricLocations%2F%7Blocation%7D%2FinfraRoles%2F%7BinfraRole%7D/get/request/parameter/location"
}, {
  "http://a.ml/vocabularies/apiContract#binding": "query",
  "http://a.ml/vocabularies/apiContract#paramName": "api-version",
  "http://a.ml/vocabularies/apiContract#required": "true",
  "http://a.ml/vocabularies/core#description": "Client API Version.",
  "http://a.ml/vocabularies/core#name": "api-version",
  "http://a.ml/vocabularies/shapes#schema": {
    "http://a.ml/vocabularies/core#description": "Client API Version.",
    "http://www.w3.org/ns/shacl#datatype": "http://www.w3.org/2001/XMLSchema#string",
    "http://www.w3.org/ns/shacl#defaultValue": {
      "http://a.ml/vocabularies/core#name": "scalar_1",
      "http://a.ml/vocabularies/data#value": "2016-05-01",
      "http://www.w3.org/ns/shacl#datatype": "http://www.w3.org/2001/XMLSchema#string",
      "id": "file:///Users/abettati/sandbox/azure-rest-api-specs/specification/azsadmin/resource-manager/fabric/Microsoft.Fabric.Admin/preview/2016-05-01/InfraRole.json#/web-api/end-points/%2Fsubscriptions%2F%7BsubscriptionId%7D%2FresourceGroups%2F%7BresourceGroupName%7D%2Fproviders%2FMicrosoft.Fabric.Admin%2FfabricLocations%2F%7Blocation%7D%2FinfraRoles/get/request/parameter/api-version/scalar/schema/scalar_1"
    },
    "http://www.w3.org/ns/shacl#defaultValueStr": "2016-05-01",
    "http://www.w3.org/ns/shacl#name": "schema",
    "id": "file:///Users/abettati/sandbox/azure-rest-api-specs/specification/azsadmin/resource-manager/fabric/Microsoft.Fabric.Admin/preview/2016-05-01/InfraRole.json#/web-api/end-points/%2Fsubscriptions%2F%7BsubscriptionId%7D%2FresourceGroups%2F%7BresourceGroupName%7D%2Fproviders%2FMicrosoft.Fabric.Admin%2FfabricLocations%2F%7Blocation%7D%2FinfraRoles/get/request/parameter/api-version/scalar/schema"
  },
  "id": "file:///Users/abettati/sandbox/azure-rest-api-specs/specification/azsadmin/resource-manager/fabric/Microsoft.Fabric.Admin/preview/2016-05-01/InfraRole.json#/web-api/end-points/%2Fsubscriptions%2F%7BsubscriptionId%7D%2FresourceGroups%2F%7BresourceGroupName%7D%2Fproviders%2FMicrosoft.Fabric.Admin%2FfabricLocations%2F%7Blocation%7D%2FinfraRoles/get/request/parameter/api-version"
}, {
  "http://a.ml/vocabularies/apiContract#binding": "query",
  "http://a.ml/vocabularies/apiContract#paramName": "$filter",
  "http://a.ml/vocabularies/apiContract#required": "false",
  "http://a.ml/vocabularies/core#description": "OData filter parameter.",
  "http://a.ml/vocabularies/core#name": "$filter",
  "http://a.ml/vocabularies/document#customDomainProperties": [{
    "http://a.ml/vocabularies/core#extensionName": "ms-parameter-location",
    "http://a.ml/vocabularies/document#definedBy": {
      "http://a.ml/vocabularies/core#name": null,
      "id": "file:///Users/abettati/sandbox/azure-rest-api-specs/specification/azsadmin/resource-manager/fabric/Microsoft.Fabric.Admin/preview/2016-05-01/InfraRole.json#/web-api/end-points/%2Fsubscriptions%2F%7BsubscriptionId%7D%2FresourceGroups%2F%7BresourceGroupName%7D%2Fproviders%2FMicrosoft.Fabric.Admin%2FfabricLocations%2F%7Blocation%7D%2FinfraRoles/get/request/parameter/%24filter/ms-parameter-location"
    },
    "http://a.ml/vocabularies/document#extension": {
      "http://a.ml/vocabularies/core#name": null,
      "http://a.ml/vocabularies/data#value": null,
      "http://www.w3.org/ns/shacl#datatype": null,
      "id": "file:///Users/abettati/sandbox/azure-rest-api-specs/specification/azsadmin/resource-manager/fabric/Microsoft.Fabric.Admin/preview/2016-05-01/InfraRole.json#/web-api/end-points/%2Fsubscriptions%2F%7BsubscriptionId%7D%2FresourceGroups%2F%7BresourceGroupName%7D%2Fproviders%2FMicrosoft.Fabric.Admin%2FfabricLocations%2F%7Blocation%7D%2FinfraRoles/get/request/parameter/%24filter/ms-parameter-location/scalar_1"
    },
    "id": "file:///Users/abettati/sandbox/azure-rest-api-specs/specification/azsadmin/resource-manager/fabric/Microsoft.Fabric.Admin/preview/2016-05-01/InfraRole.json#/web-api/end-points/%2Fsubscriptions%2F%7BsubscriptionId%7D%2FresourceGroups%2F%7BresourceGroupName%7D%2Fproviders%2FMicrosoft.Fabric.Admin%2FfabricLocations%2F%7Blocation%7D%2FinfraRoles/get/request/parameter/%24filter/extension/ms-parameter-location"
  }],
  "http://a.ml/vocabularies/shapes#schema": {
    "http://a.ml/vocabularies/core#description": "OData filter parameter.",
    "http://a.ml/vocabularies/document#customDomainProperties": [{
      "http://a.ml/vocabularies/core#extensionName": null,
      "http://a.ml/vocabularies/document#definedBy": null,
      "http://a.ml/vocabularies/document#extension": null,
      "id": "file:///Users/abettati/sandbox/azure-rest-api-specs/specification/azsadmin/resource-manager/fabric/Microsoft.Fabric.Admin/preview/2016-05-01/InfraRole.json#/web-api/end-points/%2Fsubscriptions%2F%7BsubscriptionId%7D%2FresourceGroups%2F%7BresourceGroupName%7D%2Fproviders%2FMicrosoft.Fabric.Admin%2FfabricLocations%2F%7Blocation%7D%2FinfraRoles/get/request/parameter/%24filter/scalar/schema/extension/ms-parameter-location"
    }],
    "http://www.w3.org/ns/shacl#datatype": "http://www.w3.org/2001/XMLSchema#string",
    "http://www.w3.org/ns/shacl#name": "schema",
    "id": "file:///Users/abettati/sandbox/azure-rest-api-specs/specification/azsadmin/resource-manager/fabric/Microsoft.Fabric.Admin/preview/2016-05-01/InfraRole.json#/web-api/end-points/%2Fsubscriptions%2F%7BsubscriptionId%7D%2FresourceGroups%2F%7BresourceGroupName%7D%2Fproviders%2FMicrosoft.Fabric.Admin%2FfabricLocations%2F%7Blocation%7D%2FinfraRoles/get/request/parameter/%24filter/scalar/schema"
  },
  "id": "file:///Users/abettati/sandbox/azure-rest-api-specs/specification/azsadmin/resource-manager/fabric/Microsoft.Fabric.Admin/preview/2016-05-01/InfraRole.json#/web-api/end-points/%2Fsubscriptions%2F%7BsubscriptionId%7D%2FresourceGroups%2F%7BresourceGroupName%7D%2Fproviders%2FMicrosoft.Fabric.Admin%2FfabricLocations%2F%7Blocation%7D%2FinfraRoles/get/request/parameter/%24filter"
}, {
  "http://a.ml/vocabularies/apiContract#binding": "path",
  "http://a.ml/vocabularies/apiContract#paramName": "subscriptionId",
  "http://a.ml/vocabularies/apiContract#required": "true",
  "http://a.ml/vocabularies/core#description": "Subscription credentials that uniquely identify Microsoft Azure subscription. The subscription ID forms part of the URI for every service call.",
  "http://a.ml/vocabularies/core#name": "subscriptionId",
  "http://a.ml/vocabularies/shapes#schema": {
    "http://a.ml/vocabularies/core#description": "Subscription credentials that uniquely identify Microsoft Azure subscription. The subscription ID forms part of the URI for every service call.",
    "http://www.w3.org/ns/shacl#datatype": "http://www.w3.org/2001/XMLSchema#string",
    "http://www.w3.org/ns/shacl#name": "schema",
    "id": "file:///Users/abettati/sandbox/azure-rest-api-specs/specification/azsadmin/resource-manager/fabric/Microsoft.Fabric.Admin/preview/2016-05-01/InfraRole.json#/web-api/end-points/%2Fsubscriptions%2F%7BsubscriptionId%7D%2FresourceGroups%2F%7BresourceGroupName%7D%2Fproviders%2FMicrosoft.Fabric.Admin%2FfabricLocations%2F%7Blocation%7D%2FinfraRoles/get/request/parameter/subscriptionId/scalar/schema"
  },
  "id": "file:///Users/abettati/sandbox/azure-rest-api-specs/specification/azsadmin/resource-manager/fabric/Microsoft.Fabric.Admin/preview/2016-05-01/InfraRole.json#/web-api/end-points/%2Fsubscriptions%2F%7BsubscriptionId%7D%2FresourceGroups%2F%7BresourceGroupName%7D%2Fproviders%2FMicrosoft.Fabric.Admin%2FfabricLocations%2F%7Blocation%7D%2FinfraRoles/get/request/parameter/subscriptionId"
}, {
  "http://a.ml/vocabularies/apiContract#binding": "path",
  "http://a.ml/vocabularies/apiContract#paramName": "resourceGroupName",
  "http://a.ml/vocabularies/apiContract#required": "true",
  "http://a.ml/vocabularies/core#description": "Name of the resource group.",
  "http://a.ml/vocabularies/core#name": "resourceGroupName",
  "http://a.ml/vocabularies/document#customDomainProperties": [{
    "http://a.ml/vocabularies/core#extensionName": "ms-parameter-location",
    "http://a.ml/vocabularies/document#definedBy": {
      "http://a.ml/vocabularies/core#name": null,
      "id": "file:///Users/abettati/sandbox/azure-rest-api-specs/specification/azsadmin/resource-manager/fabric/Microsoft.Fabric.Admin/preview/2016-05-01/InfraRole.json#/web-api/end-points/%2Fsubscriptions%2F%7BsubscriptionId%7D%2FresourceGroups%2F%7BresourceGroupName%7D%2Fproviders%2FMicrosoft.Fabric.Admin%2FfabricLocations%2F%7Blocation%7D%2FinfraRoles/get/request/parameter/resourceGroupName/ms-parameter-location"
    },
    "http://a.ml/vocabularies/document#extension": {
      "http://a.ml/vocabularies/core#name": null,
      "http://a.ml/vocabularies/data#value": null,
      "http://www.w3.org/ns/shacl#datatype": null,
      "id": "file:///Users/abettati/sandbox/azure-rest-api-specs/specification/azsadmin/resource-manager/fabric/Microsoft.Fabric.Admin/preview/2016-05-01/InfraRole.json#/web-api/end-points/%2Fsubscriptions%2F%7BsubscriptionId%7D%2FresourceGroups%2F%7BresourceGroupName%7D%2Fproviders%2FMicrosoft.Fabric.Admin%2FfabricLocations%2F%7Blocation%7D%2FinfraRoles/get/request/parameter/resourceGroupName/ms-parameter-location/scalar_1"
    },
    "id": "file:///Users/abettati/sandbox/azure-rest-api-specs/specification/azsadmin/resource-manager/fabric/Microsoft.Fabric.Admin/preview/2016-05-01/InfraRole.json#/web-api/end-points/%2Fsubscriptions%2F%7BsubscriptionId%7D%2FresourceGroups%2F%7BresourceGroupName%7D%2Fproviders%2FMicrosoft.Fabric.Admin%2FfabricLocations%2F%7Blocation%7D%2FinfraRoles/get/request/parameter/resourceGroupName/extension/ms-parameter-location"
  }],
  "http://a.ml/vocabularies/shapes#schema": {
    "http://a.ml/vocabularies/core#description": "Name of the resource group.",
    "http://a.ml/vocabularies/document#customDomainProperties": [{
      "http://a.ml/vocabularies/core#extensionName": null,
      "http://a.ml/vocabularies/document#definedBy": null,
      "http://a.ml/vocabularies/document#extension": null,
      "id": "file:///Users/abettati/sandbox/azure-rest-api-specs/specification/azsadmin/resource-manager/fabric/Microsoft.Fabric.Admin/preview/2016-05-01/InfraRole.json#/web-api/end-points/%2Fsubscriptions%2F%7BsubscriptionId%7D%2FresourceGroups%2F%7BresourceGroupName%7D%2Fproviders%2FMicrosoft.Fabric.Admin%2FfabricLocations%2F%7Blocation%7D%2FinfraRoles/get/request/parameter/resourceGroupName/scalar/schema/extension/ms-parameter-location"
    }],
    "http://www.w3.org/ns/shacl#datatype": "http://www.w3.org/2001/XMLSchema#string",
    "http://www.w3.org/ns/shacl#name": "schema",
    "id": "file:///Users/abettati/sandbox/azure-rest-api-specs/specification/azsadmin/resource-manager/fabric/Microsoft.Fabric.Admin/preview/2016-05-01/InfraRole.json#/web-api/end-points/%2Fsubscriptions%2F%7BsubscriptionId%7D%2FresourceGroups%2F%7BresourceGroupName%7D%2Fproviders%2FMicrosoft.Fabric.Admin%2FfabricLocations%2F%7Blocation%7D%2FinfraRoles/get/request/parameter/resourceGroupName/scalar/schema"
  },
  "id": "file:///Users/abettati/sandbox/azure-rest-api-specs/specification/azsadmin/resource-manager/fabric/Microsoft.Fabric.Admin/preview/2016-05-01/InfraRole.json#/web-api/end-points/%2Fsubscriptions%2F%7BsubscriptionId%7D%2FresourceGroups%2F%7BresourceGroupName%7D%2Fproviders%2FMicrosoft.Fabric.Admin%2FfabricLocations%2F%7Blocation%7D%2FinfraRoles/get/request/parameter/resourceGroupName"
}, {
  "http://a.ml/vocabularies/apiContract#binding": "path",
  "http://a.ml/vocabularies/apiContract#paramName": "location",
  "http://a.ml/vocabularies/apiContract#required": "true",
  "http://a.ml/vocabularies/core#description": "Location of the resource.",
  "http://a.ml/vocabularies/core#name": "location",
  "http://a.ml/vocabularies/document#customDomainProperties": [{
    "http://a.ml/vocabularies/core#extensionName": "ms-parameter-location",
    "http://a.ml/vocabularies/document#definedBy": {
      "http://a.ml/vocabularies/core#name": null,
      "id": "file:///Users/abettati/sandbox/azure-rest-api-specs/specification/azsadmin/resource-manager/fabric/Microsoft.Fabric.Admin/preview/2016-05-01/InfraRole.json#/web-api/end-points/%2Fsubscriptions%2F%7BsubscriptionId%7D%2FresourceGroups%2F%7BresourceGroupName%7D%2Fproviders%2FMicrosoft.Fabric.Admin%2FfabricLocations%2F%7Blocation%7D%2FinfraRoles/get/request/parameter/location/ms-parameter-location"
    },
    "http://a.ml/vocabularies/document#extension": {
      "http://a.ml/vocabularies/core#name": null,
      "http://a.ml/vocabularies/data#value": null,
      "http://www.w3.org/ns/shacl#datatype": null,
      "id": "file:///Users/abettati/sandbox/azure-rest-api-specs/specification/azsadmin/resource-manager/fabric/Microsoft.Fabric.Admin/preview/2016-05-01/InfraRole.json#/web-api/end-points/%2Fsubscriptions%2F%7BsubscriptionId%7D%2FresourceGroups%2F%7BresourceGroupName%7D%2Fproviders%2FMicrosoft.Fabric.Admin%2FfabricLocations%2F%7Blocation%7D%2FinfraRoles/get/request/parameter/location/ms-parameter-location/scalar_1"
    },
    "id": "file:///Users/abettati/sandbox/azure-rest-api-specs/specification/azsadmin/resource-manager/fabric/Microsoft.Fabric.Admin/preview/2016-05-01/InfraRole.json#/web-api/end-points/%2Fsubscriptions%2F%7BsubscriptionId%7D%2FresourceGroups%2F%7BresourceGroupName%7D%2Fproviders%2FMicrosoft.Fabric.Admin%2FfabricLocations%2F%7Blocation%7D%2FinfraRoles/get/request/parameter/location/extension/ms-parameter-location"
  }],
  "http://a.ml/vocabularies/shapes#schema": {
    "http://a.ml/vocabularies/core#description": "Location of the resource.",
    "http://a.ml/vocabularies/document#customDomainProperties": [{
      "http://a.ml/vocabularies/core#extensionName": null,
      "http://a.ml/vocabularies/document#definedBy": null,
      "http://a.ml/vocabularies/document#extension": null,
      "id": "file:///Users/abettati/sandbox/azure-rest-api-specs/specification/azsadmin/resource-manager/fabric/Microsoft.Fabric.Admin/preview/2016-05-01/InfraRole.json#/web-api/end-points/%2Fsubscriptions%2F%7BsubscriptionId%7D%2FresourceGroups%2F%7BresourceGroupName%7D%2Fproviders%2FMicrosoft.Fabric.Admin%2FfabricLocations%2F%7Blocation%7D%2FinfraRoles/get/request/parameter/location/scalar/schema/extension/ms-parameter-location"
    }],
    "http://www.w3.org/ns/shacl#datatype": "http://www.w3.org/2001/XMLSchema#string",
    "http://www.w3.org/ns/shacl#name": "schema",
    "id": "file:///Users/abettati/sandbox/azure-rest-api-specs/specification/azsadmin/resource-manager/fabric/Microsoft.Fabric.Admin/preview/2016-05-01/InfraRole.json#/web-api/end-points/%2Fsubscriptions%2F%7BsubscriptionId%7D%2FresourceGroups%2F%7BresourceGroupName%7D%2Fproviders%2FMicrosoft.Fabric.Admin%2FfabricLocations%2F%7Blocation%7D%2FinfraRoles/get/request/parameter/location/scalar/schema"
  },
  "id": "file:///Users/abettati/sandbox/azure-rest-api-specs/specification/azsadmin/resource-manager/fabric/Microsoft.Fabric.Admin/preview/2016-05-01/InfraRole.json#/web-api/end-points/%2Fsubscriptions%2F%7BsubscriptionId%7D%2FresourceGroups%2F%7BresourceGroupName%7D%2Fproviders%2FMicrosoft.Fabric.Admin%2FfabricLocations%2F%7Blocation%7D%2FinfraRoles/get/request/parameter/location"
}, {
  "http://a.ml/vocabularies/apiContract#binding": "query",
  "http://a.ml/vocabularies/apiContract#paramName": "api-version",
  "http://a.ml/vocabularies/apiContract#required": "true",
  "http://a.ml/vocabularies/core#description": "Client API Version.",
  "http://a.ml/vocabularies/core#name": "api-version",
  "http://a.ml/vocabularies/shapes#schema": {
    "http://a.ml/vocabularies/core#description": "Client API Version.",
    "http://www.w3.org/ns/shacl#datatype": "http://www.w3.org/2001/XMLSchema#string",
    "http://www.w3.org/ns/shacl#defaultValue": {
      "http://a.ml/vocabularies/core#name": "scalar_1",
      "http://a.ml/vocabularies/data#value": "2016-05-01",
      "http://www.w3.org/ns/shacl#datatype": "http://www.w3.org/2001/XMLSchema#string",
      "id": "file:///Users/abettati/sandbox/azure-rest-api-specs/specification/azsadmin/resource-manager/fabric/Microsoft.Fabric.Admin/preview/2016-05-01/InfraRole.json#/web-api/end-points/%2Fsubscriptions%2F%7BsubscriptionId%7D%2FresourceGroups%2F%7BresourceGroupName%7D%2Fproviders%2FMicrosoft.Fabric.Admin%2FfabricLocations%2F%7Blocation%7D%2FinfraRoles%2F%7BinfraRole%7D%2FRestart/post/request/parameter/api-version/scalar/schema/scalar_1"
    },
    "http://www.w3.org/ns/shacl#defaultValueStr": "2016-05-01",
    "http://www.w3.org/ns/shacl#name": "schema",
    "id": "file:///Users/abettati/sandbox/azure-rest-api-specs/specification/azsadmin/resource-manager/fabric/Microsoft.Fabric.Admin/preview/2016-05-01/InfraRole.json#/web-api/end-points/%2Fsubscriptions%2F%7BsubscriptionId%7D%2FresourceGroups%2F%7BresourceGroupName%7D%2Fproviders%2FMicrosoft.Fabric.Admin%2FfabricLocations%2F%7Blocation%7D%2FinfraRoles%2F%7BinfraRole%7D%2FRestart/post/request/parameter/api-version/scalar/schema"
  },
  "id": "file:///Users/abettati/sandbox/azure-rest-api-specs/specification/azsadmin/resource-manager/fabric/Microsoft.Fabric.Admin/preview/2016-05-01/InfraRole.json#/web-api/end-points/%2Fsubscriptions%2F%7BsubscriptionId%7D%2FresourceGroups%2F%7BresourceGroupName%7D%2Fproviders%2FMicrosoft.Fabric.Admin%2FfabricLocations%2F%7Blocation%7D%2FinfraRoles%2F%7BinfraRole%7D%2FRestart/post/request/parameter/api-version"
}, {
  "http://a.ml/vocabularies/apiContract#binding": "path",
  "http://a.ml/vocabularies/apiContract#paramName": "subscriptionId",
  "http://a.ml/vocabularies/apiContract#required": "true",
  "http://a.ml/vocabularies/core#description": "Subscription credentials that uniquely identify Microsoft Azure subscription. The subscription ID forms part of the URI for every service call.",
  "http://a.ml/vocabularies/core#name": "subscriptionId",
  "http://a.ml/vocabularies/shapes#schema": {
    "http://a.ml/vocabularies/core#description": "Subscription credentials that uniquely identify Microsoft Azure subscription. The subscription ID forms part of the URI for every service call.",
    "http://www.w3.org/ns/shacl#datatype": "http://www.w3.org/2001/XMLSchema#string",
    "http://www.w3.org/ns/shacl#name": "schema",
    "id": "file:///Users/abettati/sandbox/azure-rest-api-specs/specification/azsadmin/resource-manager/fabric/Microsoft.Fabric.Admin/preview/2016-05-01/InfraRole.json#/web-api/end-points/%2Fsubscriptions%2F%7BsubscriptionId%7D%2FresourceGroups%2F%7BresourceGroupName%7D%2Fproviders%2FMicrosoft.Fabric.Admin%2FfabricLocations%2F%7Blocation%7D%2FinfraRoles%2F%7BinfraRole%7D%2FRestart/post/request/parameter/subscriptionId/scalar/schema"
  },
  "id": "file:///Users/abettati/sandbox/azure-rest-api-specs/specification/azsadmin/resource-manager/fabric/Microsoft.Fabric.Admin/preview/2016-05-01/InfraRole.json#/web-api/end-points/%2Fsubscriptions%2F%7BsubscriptionId%7D%2FresourceGroups%2F%7BresourceGroupName%7D%2Fproviders%2FMicrosoft.Fabric.Admin%2FfabricLocations%2F%7Blocation%7D%2FinfraRoles%2F%7BinfraRole%7D%2FRestart/post/request/parameter/subscriptionId"
}, {
  "http://a.ml/vocabularies/apiContract#binding": "path",
  "http://a.ml/vocabularies/apiContract#paramName": "resourceGroupName",
  "http://a.ml/vocabularies/apiContract#required": "true",
  "http://a.ml/vocabularies/core#description": "Name of the resource group.",
  "http://a.ml/vocabularies/core#name": "resourceGroupName",
  "http://a.ml/vocabularies/document#customDomainProperties": [{
    "http://a.ml/vocabularies/core#extensionName": "ms-parameter-location",
    "http://a.ml/vocabularies/document#definedBy": {
      "http://a.ml/vocabularies/core#name": null,
      "id": "file:///Users/abettati/sandbox/azure-rest-api-specs/specification/azsadmin/resource-manager/fabric/Microsoft.Fabric.Admin/preview/2016-05-01/InfraRole.json#/web-api/end-points/%2Fsubscriptions%2F%7BsubscriptionId%7D%2FresourceGroups%2F%7BresourceGroupName%7D%2Fproviders%2FMicrosoft.Fabric.Admin%2FfabricLocations%2F%7Blocation%7D%2FinfraRoles%2F%7BinfraRole%7D%2FRestart/post/request/parameter/resourceGroupName/ms-parameter-location"
    },
    "http://a.ml/vocabularies/document#extension": {
      "http://a.ml/vocabularies/core#name": null,
      "http://a.ml/vocabularies/data#value": null,
      "http://www.w3.org/ns/shacl#datatype": null,
      "id": "file:///Users/abettati/sandbox/azure-rest-api-specs/specification/azsadmin/resource-manager/fabric/Microsoft.Fabric.Admin/preview/2016-05-01/InfraRole.json#/web-api/end-points/%2Fsubscriptions%2F%7BsubscriptionId%7D%2FresourceGroups%2F%7BresourceGroupName%7D%2Fproviders%2FMicrosoft.Fabric.Admin%2FfabricLocations%2F%7Blocation%7D%2FinfraRoles%2F%7BinfraRole%7D%2FRestart/post/request/parameter/resourceGroupName/ms-parameter-location/scalar_1"
    },
    "id": "file:///Users/abettati/sandbox/azure-rest-api-specs/specification/azsadmin/resource-manager/fabric/Microsoft.Fabric.Admin/preview/2016-05-01/InfraRole.json#/web-api/end-points/%2Fsubscriptions%2F%7BsubscriptionId%7D%2FresourceGroups%2F%7BresourceGroupName%7D%2Fproviders%2FMicrosoft.Fabric.Admin%2FfabricLocations%2F%7Blocation%7D%2FinfraRoles%2F%7BinfraRole%7D%2FRestart/post/request/parameter/resourceGroupName/extension/ms-parameter-location"
  }],
  "http://a.ml/vocabularies/shapes#schema": {
    "http://a.ml/vocabularies/core#description": "Name of the resource group.",
    "http://a.ml/vocabularies/document#customDomainProperties": [{
      "http://a.ml/vocabularies/core#extensionName": null,
      "http://a.ml/vocabularies/document#definedBy": null,
      "http://a.ml/vocabularies/document#extension": null,
      "id": "file:///Users/abettati/sandbox/azure-rest-api-specs/specification/azsadmin/resource-manager/fabric/Microsoft.Fabric.Admin/preview/2016-05-01/InfraRole.json#/web-api/end-points/%2Fsubscriptions%2F%7BsubscriptionId%7D%2FresourceGroups%2F%7BresourceGroupName%7D%2Fproviders%2FMicrosoft.Fabric.Admin%2FfabricLocations%2F%7Blocation%7D%2FinfraRoles%2F%7BinfraRole%7D%2FRestart/post/request/parameter/resourceGroupName/scalar/schema/extension/ms-parameter-location"
    }],
    "http://www.w3.org/ns/shacl#datatype": "http://www.w3.org/2001/XMLSchema#string",
    "http://www.w3.org/ns/shacl#name": "schema",
    "id": "file:///Users/abettati/sandbox/azure-rest-api-specs/specification/azsadmin/resource-manager/fabric/Microsoft.Fabric.Admin/preview/2016-05-01/InfraRole.json#/web-api/end-points/%2Fsubscriptions%2F%7BsubscriptionId%7D%2FresourceGroups%2F%7BresourceGroupName%7D%2Fproviders%2FMicrosoft.Fabric.Admin%2FfabricLocations%2F%7Blocation%7D%2FinfraRoles%2F%7BinfraRole%7D%2FRestart/post/request/parameter/resourceGroupName/scalar/schema"
  },
  "id": "file:///Users/abettati/sandbox/azure-rest-api-specs/specification/azsadmin/resource-manager/fabric/Microsoft.Fabric.Admin/preview/2016-05-01/InfraRole.json#/web-api/end-points/%2Fsubscriptions%2F%7BsubscriptionId%7D%2FresourceGroups%2F%7BresourceGroupName%7D%2Fproviders%2FMicrosoft.Fabric.Admin%2FfabricLocations%2F%7Blocation%7D%2FinfraRoles%2F%7BinfraRole%7D%2FRestart/post/request/parameter/resourceGroupName"
}, {
  "http://a.ml/vocabularies/apiContract#binding": "path",
  "http://a.ml/vocabularies/apiContract#paramName": "location",
  "http://a.ml/vocabularies/apiContract#required": "true",
  "http://a.ml/vocabularies/core#description": "Location of the resource.",
  "http://a.ml/vocabularies/core#name": "location",
  "http://a.ml/vocabularies/document#customDomainProperties": [{
    "http://a.ml/vocabularies/core#extensionName": "ms-parameter-location",
    "http://a.ml/vocabularies/document#definedBy": {
      "http://a.ml/vocabularies/core#name": null,
      "id": "file:///Users/abettati/sandbox/azure-rest-api-specs/specification/azsadmin/resource-manager/fabric/Microsoft.Fabric.Admin/preview/2016-05-01/InfraRole.json#/web-api/end-points/%2Fsubscriptions%2F%7BsubscriptionId%7D%2FresourceGroups%2F%7BresourceGroupName%7D%2Fproviders%2FMicrosoft.Fabric.Admin%2FfabricLocations%2F%7Blocation%7D%2FinfraRoles%2F%7BinfraRole%7D%2FRestart/post/request/parameter/location/ms-parameter-location"
    },
    "http://a.ml/vocabularies/document#extension": {
      "http://a.ml/vocabularies/core#name": null,
      "http://a.ml/vocabularies/data#value": null,
      "http://www.w3.org/ns/shacl#datatype": null,
      "id": "file:///Users/abettati/sandbox/azure-rest-api-specs/specification/azsadmin/resource-manager/fabric/Microsoft.Fabric.Admin/preview/2016-05-01/InfraRole.json#/web-api/end-points/%2Fsubscriptions%2F%7BsubscriptionId%7D%2FresourceGroups%2F%7BresourceGroupName%7D%2Fproviders%2FMicrosoft.Fabric.Admin%2FfabricLocations%2F%7Blocation%7D%2FinfraRoles%2F%7BinfraRole%7D%2FRestart/post/request/parameter/location/ms-parameter-location/scalar_1"
    },
    "id": "file:///Users/abettati/sandbox/azure-rest-api-specs/specification/azsadmin/resource-manager/fabric/Microsoft.Fabric.Admin/preview/2016-05-01/InfraRole.json#/web-api/end-points/%2Fsubscriptions%2F%7BsubscriptionId%7D%2FresourceGroups%2F%7BresourceGroupName%7D%2Fproviders%2FMicrosoft.Fabric.Admin%2FfabricLocations%2F%7Blocation%7D%2FinfraRoles%2F%7BinfraRole%7D%2FRestart/post/request/parameter/location/extension/ms-parameter-location"
  }],
  "http://a.ml/vocabularies/shapes#schema": {
    "http://a.ml/vocabularies/core#description": "Location of the resource.",
    "http://a.ml/vocabularies/document#customDomainProperties": [{
      "http://a.ml/vocabularies/core#extensionName": null,
      "http://a.ml/vocabularies/document#definedBy": null,
      "http://a.ml/vocabularies/document#extension": null,
      "id": "file:///Users/abettati/sandbox/azure-rest-api-specs/specification/azsadmin/resource-manager/fabric/Microsoft.Fabric.Admin/preview/2016-05-01/InfraRole.json#/web-api/end-points/%2Fsubscriptions%2F%7BsubscriptionId%7D%2FresourceGroups%2F%7BresourceGroupName%7D%2Fproviders%2FMicrosoft.Fabric.Admin%2FfabricLocations%2F%7Blocation%7D%2FinfraRoles%2F%7BinfraRole%7D%2FRestart/post/request/parameter/location/scalar/schema/extension/ms-parameter-location"
    }],
    "http://www.w3.org/ns/shacl#datatype": "http://www.w3.org/2001/XMLSchema#string",
    "http://www.w3.org/ns/shacl#name": "schema",
    "id": "file:///Users/abettati/sandbox/azure-rest-api-specs/specification/azsadmin/resource-manager/fabric/Microsoft.Fabric.Admin/preview/2016-05-01/InfraRole.json#/web-api/end-points/%2Fsubscriptions%2F%7BsubscriptionId%7D%2FresourceGroups%2F%7BresourceGroupName%7D%2Fproviders%2FMicrosoft.Fabric.Admin%2FfabricLocations%2F%7Blocation%7D%2FinfraRoles%2F%7BinfraRole%7D%2FRestart/post/request/parameter/location/scalar/schema"
  },
  "id": "file:///Users/abettati/sandbox/azure-rest-api-specs/specification/azsadmin/resource-manager/fabric/Microsoft.Fabric.Admin/preview/2016-05-01/InfraRole.json#/web-api/end-points/%2Fsubscriptions%2F%7BsubscriptionId%7D%2FresourceGroups%2F%7BresourceGroupName%7D%2Fproviders%2FMicrosoft.Fabric.Admin%2FfabricLocations%2F%7Blocation%7D%2FinfraRoles%2F%7BinfraRole%7D%2FRestart/post/request/parameter/location"
}]