[{
  "http://a.ml/vocabularies/apiContract#binding": "path",
  "http://a.ml/vocabularies/apiContract#paramName": "userDefinedFunctionName",
  "http://a.ml/vocabularies/apiContract#required": "true",
  "http://a.ml/vocabularies/core#description": "Cosmos DB userDefinedFunction name.",
  "http://a.ml/vocabularies/core#name": "userDefinedFunctionNameParameter",
  "http://a.ml/vocabularies/document#customDomainProperties": [{
    "http://a.ml/vocabularies/core#extensionName": "ms-parameter-location",
    "http://a.ml/vocabularies/document#definedBy": {
      "http://a.ml/vocabularies/core#name": null,
      "id": "file:///Users/abettati/sandbox/azure-rest-api-specs/specification/cosmos-db/resource-manager/Microsoft.DocumentDB/stable/2019-12-12/cosmos-db.json#/declarations/parameters/parameter/userDefinedFunctionNameParameter/ms-parameter-location"
    },
    "http://a.ml/vocabularies/document#extension": {
      "http://a.ml/vocabularies/core#name": null,
      "http://a.ml/vocabularies/data#value": null,
      "http://www.w3.org/ns/shacl#datatype": null,
      "id": "file:///Users/abettati/sandbox/azure-rest-api-specs/specification/cosmos-db/resource-manager/Microsoft.DocumentDB/stable/2019-12-12/cosmos-db.json#/declarations/parameters/parameter/userDefinedFunctionNameParameter/ms-parameter-location/scalar_1"
    },
    "id": "file:///Users/abettati/sandbox/azure-rest-api-specs/specification/cosmos-db/resource-manager/Microsoft.DocumentDB/stable/2019-12-12/cosmos-db.json#/declarations/parameters/parameter/userDefinedFunctionNameParameter/extension/ms-parameter-location"
  }],
  "http://a.ml/vocabularies/shapes#schema": {
    "http://a.ml/vocabularies/core#description": "Cosmos DB userDefinedFunction name.",
    "http://a.ml/vocabularies/document#customDomainProperties": [{
      "http://a.ml/vocabularies/core#extensionName": null,
      "http://a.ml/vocabularies/document#definedBy": null,
      "http://a.ml/vocabularies/document#extension": null,
      "id": "file:///Users/abettati/sandbox/azure-rest-api-specs/specification/cosmos-db/resource-manager/Microsoft.DocumentDB/stable/2019-12-12/cosmos-db.json#/declarations/parameters/parameter/userDefinedFunctionNameParameter/scalar/schema/extension/ms-parameter-location"
    }],
    "http://www.w3.org/ns/shacl#datatype": "http://www.w3.org/2001/XMLSchema#string",
    "http://www.w3.org/ns/shacl#name": "schema",
    "id": "file:///Users/abettati/sandbox/azure-rest-api-specs/specification/cosmos-db/resource-manager/Microsoft.DocumentDB/stable/2019-12-12/cosmos-db.json#/declarations/parameters/parameter/userDefinedFunctionNameParameter/scalar/schema"
  },
  "id": "file:///Users/abettati/sandbox/azure-rest-api-specs/specification/cosmos-db/resource-manager/Microsoft.DocumentDB/stable/2019-12-12/cosmos-db.json#/declarations/parameters/parameter/userDefinedFunctionNameParameter"
}, {
  "http://a.ml/vocabularies/apiContract#binding": "path",
  "http://a.ml/vocabularies/apiContract#paramName": "tableName",
  "http://a.ml/vocabularies/apiContract#required": "true",
  "http://a.ml/vocabularies/core#description": "Cosmos DB table name.",
  "http://a.ml/vocabularies/core#name": "tableNameParameter",
  "http://a.ml/vocabularies/document#customDomainProperties": [{
    "http://a.ml/vocabularies/core#extensionName": "ms-parameter-location",
    "http://a.ml/vocabularies/document#definedBy": {
      "http://a.ml/vocabularies/core#name": null,
      "id": "file:///Users/abettati/sandbox/azure-rest-api-specs/specification/cosmos-db/resource-manager/Microsoft.DocumentDB/stable/2019-12-12/cosmos-db.json#/declarations/parameters/parameter/tableNameParameter/ms-parameter-location"
    },
    "http://a.ml/vocabularies/document#extension": {
      "http://a.ml/vocabularies/core#name": null,
      "http://a.ml/vocabularies/data#value": null,
      "http://www.w3.org/ns/shacl#datatype": null,
      "id": "file:///Users/abettati/sandbox/azure-rest-api-specs/specification/cosmos-db/resource-manager/Microsoft.DocumentDB/stable/2019-12-12/cosmos-db.json#/declarations/parameters/parameter/tableNameParameter/ms-parameter-location/scalar_1"
    },
    "id": "file:///Users/abettati/sandbox/azure-rest-api-specs/specification/cosmos-db/resource-manager/Microsoft.DocumentDB/stable/2019-12-12/cosmos-db.json#/declarations/parameters/parameter/tableNameParameter/extension/ms-parameter-location"
  }],
  "http://a.ml/vocabularies/shapes#schema": {
    "http://a.ml/vocabularies/core#description": "Cosmos DB table name.",
    "http://a.ml/vocabularies/document#customDomainProperties": [{
      "http://a.ml/vocabularies/core#extensionName": null,
      "http://a.ml/vocabularies/document#definedBy": null,
      "http://a.ml/vocabularies/document#extension": null,
      "id": "file:///Users/abettati/sandbox/azure-rest-api-specs/specification/cosmos-db/resource-manager/Microsoft.DocumentDB/stable/2019-12-12/cosmos-db.json#/declarations/parameters/parameter/tableNameParameter/scalar/schema/extension/ms-parameter-location"
    }],
    "http://www.w3.org/ns/shacl#datatype": "http://www.w3.org/2001/XMLSchema#string",
    "http://www.w3.org/ns/shacl#name": "schema",
    "id": "file:///Users/abettati/sandbox/azure-rest-api-specs/specification/cosmos-db/resource-manager/Microsoft.DocumentDB/stable/2019-12-12/cosmos-db.json#/declarations/parameters/parameter/tableNameParameter/scalar/schema"
  },
  "id": "file:///Users/abettati/sandbox/azure-rest-api-specs/specification/cosmos-db/resource-manager/Microsoft.DocumentDB/stable/2019-12-12/cosmos-db.json#/declarations/parameters/parameter/tableNameParameter"
}, {
  "http://a.ml/vocabularies/apiContract#binding": "path",
  "http://a.ml/vocabularies/apiContract#paramName": "storedProcedureName",
  "http://a.ml/vocabularies/apiContract#required": "true",
  "http://a.ml/vocabularies/core#description": "Cosmos DB storedProcedure name.",
  "http://a.ml/vocabularies/core#name": "storedProcedureNameParameter",
  "http://a.ml/vocabularies/document#customDomainProperties": [{
    "http://a.ml/vocabularies/core#extensionName": "ms-parameter-location",
    "http://a.ml/vocabularies/document#definedBy": {
      "http://a.ml/vocabularies/core#name": null,
      "id": "file:///Users/abettati/sandbox/azure-rest-api-specs/specification/cosmos-db/resource-manager/Microsoft.DocumentDB/stable/2019-12-12/cosmos-db.json#/declarations/parameters/parameter/storedProcedureNameParameter/ms-parameter-location"
    },
    "http://a.ml/vocabularies/document#extension": {
      "http://a.ml/vocabularies/core#name": null,
      "http://a.ml/vocabularies/data#value": null,
      "http://www.w3.org/ns/shacl#datatype": null,
      "id": "file:///Users/abettati/sandbox/azure-rest-api-specs/specification/cosmos-db/resource-manager/Microsoft.DocumentDB/stable/2019-12-12/cosmos-db.json#/declarations/parameters/parameter/storedProcedureNameParameter/ms-parameter-location/scalar_1"
    },
    "id": "file:///Users/abettati/sandbox/azure-rest-api-specs/specification/cosmos-db/resource-manager/Microsoft.DocumentDB/stable/2019-12-12/cosmos-db.json#/declarations/parameters/parameter/storedProcedureNameParameter/extension/ms-parameter-location"
  }],
  "http://a.ml/vocabularies/shapes#schema": {
    "http://a.ml/vocabularies/core#description": "Cosmos DB storedProcedure name.",
    "http://a.ml/vocabularies/document#customDomainProperties": [{
      "http://a.ml/vocabularies/core#extensionName": null,
      "http://a.ml/vocabularies/document#definedBy": null,
      "http://a.ml/vocabularies/document#extension": null,
      "id": "file:///Users/abettati/sandbox/azure-rest-api-specs/specification/cosmos-db/resource-manager/Microsoft.DocumentDB/stable/2019-12-12/cosmos-db.json#/declarations/parameters/parameter/storedProcedureNameParameter/scalar/schema/extension/ms-parameter-location"
    }],
    "http://www.w3.org/ns/shacl#datatype": "http://www.w3.org/2001/XMLSchema#string",
    "http://www.w3.org/ns/shacl#name": "schema",
    "id": "file:///Users/abettati/sandbox/azure-rest-api-specs/specification/cosmos-db/resource-manager/Microsoft.DocumentDB/stable/2019-12-12/cosmos-db.json#/declarations/parameters/parameter/storedProcedureNameParameter/scalar/schema"
  },
  "id": "file:///Users/abettati/sandbox/azure-rest-api-specs/specification/cosmos-db/resource-manager/Microsoft.DocumentDB/stable/2019-12-12/cosmos-db.json#/declarations/parameters/parameter/storedProcedureNameParameter"
}, {
  "http://a.ml/vocabularies/apiContract#binding": "path",
  "http://a.ml/vocabularies/apiContract#paramName": "keyspaceName",
  "http://a.ml/vocabularies/apiContract#required": "true",
  "http://a.ml/vocabularies/core#description": "Cosmos DB keyspace name.",
  "http://a.ml/vocabularies/core#name": "keyspaceNameParameter",
  "http://a.ml/vocabularies/document#customDomainProperties": [{
    "http://a.ml/vocabularies/core#extensionName": "ms-parameter-location",
    "http://a.ml/vocabularies/document#definedBy": {
      "http://a.ml/vocabularies/core#name": null,
      "id": "file:///Users/abettati/sandbox/azure-rest-api-specs/specification/cosmos-db/resource-manager/Microsoft.DocumentDB/stable/2019-12-12/cosmos-db.json#/declarations/parameters/parameter/keyspaceNameParameter/ms-parameter-location"
    },
    "http://a.ml/vocabularies/document#extension": {
      "http://a.ml/vocabularies/core#name": null,
      "http://a.ml/vocabularies/data#value": null,
      "http://www.w3.org/ns/shacl#datatype": null,
      "id": "file:///Users/abettati/sandbox/azure-rest-api-specs/specification/cosmos-db/resource-manager/Microsoft.DocumentDB/stable/2019-12-12/cosmos-db.json#/declarations/parameters/parameter/keyspaceNameParameter/ms-parameter-location/scalar_1"
    },
    "id": "file:///Users/abettati/sandbox/azure-rest-api-specs/specification/cosmos-db/resource-manager/Microsoft.DocumentDB/stable/2019-12-12/cosmos-db.json#/declarations/parameters/parameter/keyspaceNameParameter/extension/ms-parameter-location"
  }],
  "http://a.ml/vocabularies/shapes#schema": {
    "http://a.ml/vocabularies/core#description": "Cosmos DB keyspace name.",
    "http://a.ml/vocabularies/document#customDomainProperties": [{
      "http://a.ml/vocabularies/core#extensionName": null,
      "http://a.ml/vocabularies/document#definedBy": null,
      "http://a.ml/vocabularies/document#extension": null,
      "id": "file:///Users/abettati/sandbox/azure-rest-api-specs/specification/cosmos-db/resource-manager/Microsoft.DocumentDB/stable/2019-12-12/cosmos-db.json#/declarations/parameters/parameter/keyspaceNameParameter/scalar/schema/extension/ms-parameter-location"
    }],
    "http://www.w3.org/ns/shacl#datatype": "http://www.w3.org/2001/XMLSchema#string",
    "http://www.w3.org/ns/shacl#name": "schema",
    "id": "file:///Users/abettati/sandbox/azure-rest-api-specs/specification/cosmos-db/resource-manager/Microsoft.DocumentDB/stable/2019-12-12/cosmos-db.json#/declarations/parameters/parameter/keyspaceNameParameter/scalar/schema"
  },
  "id": "file:///Users/abettati/sandbox/azure-rest-api-specs/specification/cosmos-db/resource-manager/Microsoft.DocumentDB/stable/2019-12-12/cosmos-db.json#/declarations/parameters/parameter/keyspaceNameParameter"
}, {
  "http://a.ml/vocabularies/apiContract#binding": "query",
  "http://a.ml/vocabularies/apiContract#paramName": "$filter",
  "http://a.ml/vocabularies/apiContract#required": "true",
  "http://a.ml/vocabularies/core#description": "An OData filter expression that describes a subset of metrics to return. The parameters that can be filtered are name.value (name of the metric, can have an or of multiple names), startTime, endTime, and timeGrain. The supported operator is eq.",
  "http://a.ml/vocabularies/core#name": "filterParameter",
  "http://a.ml/vocabularies/document#customDomainProperties": [{
    "http://a.ml/vocabularies/core#extensionName": "ms-parameter-location",
    "http://a.ml/vocabularies/document#definedBy": {
      "http://a.ml/vocabularies/core#name": null,
      "id": "file:///Users/abettati/sandbox/azure-rest-api-specs/specification/cosmos-db/resource-manager/Microsoft.DocumentDB/stable/2019-12-12/cosmos-db.json#/declarations/parameters/parameter/filterParameter/ms-parameter-location"
    },
    "http://a.ml/vocabularies/document#extension": {
      "http://a.ml/vocabularies/core#name": null,
      "http://a.ml/vocabularies/data#value": null,
      "http://www.w3.org/ns/shacl#datatype": null,
      "id": "file:///Users/abettati/sandbox/azure-rest-api-specs/specification/cosmos-db/resource-manager/Microsoft.DocumentDB/stable/2019-12-12/cosmos-db.json#/declarations/parameters/parameter/filterParameter/ms-parameter-location/scalar_1"
    },
    "id": "file:///Users/abettati/sandbox/azure-rest-api-specs/specification/cosmos-db/resource-manager/Microsoft.DocumentDB/stable/2019-12-12/cosmos-db.json#/declarations/parameters/parameter/filterParameter/extension/ms-parameter-location"
  }],
  "http://a.ml/vocabularies/shapes#schema": {
    "http://a.ml/vocabularies/core#description": "An OData filter expression that describes a subset of metrics to return. The parameters that can be filtered are name.value (name of the metric, can have an or of multiple names), startTime, endTime, and timeGrain. The supported operator is eq.",
    "http://a.ml/vocabularies/document#customDomainProperties": [{
      "http://a.ml/vocabularies/core#extensionName": null,
      "http://a.ml/vocabularies/document#definedBy": null,
      "http://a.ml/vocabularies/document#extension": null,
      "id": "file:///Users/abettati/sandbox/azure-rest-api-specs/specification/cosmos-db/resource-manager/Microsoft.DocumentDB/stable/2019-12-12/cosmos-db.json#/declarations/parameters/parameter/filterParameter/scalar/schema/extension/ms-parameter-location"
    }],
    "http://www.w3.org/ns/shacl#datatype": "http://www.w3.org/2001/XMLSchema#string",
    "http://www.w3.org/ns/shacl#name": "schema",
    "id": "file:///Users/abettati/sandbox/azure-rest-api-specs/specification/cosmos-db/resource-manager/Microsoft.DocumentDB/stable/2019-12-12/cosmos-db.json#/declarations/parameters/parameter/filterParameter/scalar/schema"
  },
  "id": "file:///Users/abettati/sandbox/azure-rest-api-specs/specification/cosmos-db/resource-manager/Microsoft.DocumentDB/stable/2019-12-12/cosmos-db.json#/declarations/parameters/parameter/filterParameter"
}, {
  "http://a.ml/vocabularies/apiContract#binding": "path",
  "http://a.ml/vocabularies/apiContract#paramName": "subscriptionId",
  "http://a.ml/vocabularies/apiContract#required": "true",
  "http://a.ml/vocabularies/core#description": "Azure subscription ID.",
  "http://a.ml/vocabularies/core#name": "subscriptionIdParameter",
  "http://a.ml/vocabularies/shapes#schema": {
    "http://a.ml/vocabularies/core#description": "Azure subscription ID.",
    "http://www.w3.org/ns/shacl#datatype": "http://www.w3.org/2001/XMLSchema#string",
    "http://www.w3.org/ns/shacl#name": "schema",
    "id": "file:///Users/abettati/sandbox/azure-rest-api-specs/specification/cosmos-db/resource-manager/Microsoft.DocumentDB/stable/2019-12-12/cosmos-db.json#/declarations/parameters/parameter/subscriptionIdParameter/scalar/schema"
  },
  "id": "file:///Users/abettati/sandbox/azure-rest-api-specs/specification/cosmos-db/resource-manager/Microsoft.DocumentDB/stable/2019-12-12/cosmos-db.json#/declarations/parameters/parameter/subscriptionIdParameter"
}, {
  "http://a.ml/vocabularies/apiContract#binding": "path",
  "http://a.ml/vocabularies/apiContract#paramName": "region",
  "http://a.ml/vocabularies/apiContract#required": "true",
  "http://a.ml/vocabularies/core#description": "Cosmos DB region, with spaces between words and each word capitalized.",
  "http://a.ml/vocabularies/core#name": "regionParameter",
  "http://a.ml/vocabularies/document#customDomainProperties": [{
    "http://a.ml/vocabularies/core#extensionName": "ms-parameter-location",
    "http://a.ml/vocabularies/document#definedBy": {
      "http://a.ml/vocabularies/core#name": null,
      "id": "file:///Users/abettati/sandbox/azure-rest-api-specs/specification/cosmos-db/resource-manager/Microsoft.DocumentDB/stable/2019-12-12/cosmos-db.json#/declarations/parameters/parameter/regionParameter/ms-parameter-location"
    },
    "http://a.ml/vocabularies/document#extension": {
      "http://a.ml/vocabularies/core#name": null,
      "http://a.ml/vocabularies/data#value": null,
      "http://www.w3.org/ns/shacl#datatype": null,
      "id": "file:///Users/abettati/sandbox/azure-rest-api-specs/specification/cosmos-db/resource-manager/Microsoft.DocumentDB/stable/2019-12-12/cosmos-db.json#/declarations/parameters/parameter/regionParameter/ms-parameter-location/scalar_1"
    },
    "id": "file:///Users/abettati/sandbox/azure-rest-api-specs/specification/cosmos-db/resource-manager/Microsoft.DocumentDB/stable/2019-12-12/cosmos-db.json#/declarations/parameters/parameter/regionParameter/extension/ms-parameter-location"
  }],
  "http://a.ml/vocabularies/shapes#schema": {
    "http://a.ml/vocabularies/core#description": "Cosmos DB region, with spaces between words and each word capitalized.",
    "http://a.ml/vocabularies/document#customDomainProperties": [{
      "http://a.ml/vocabularies/core#extensionName": null,
      "http://a.ml/vocabularies/document#definedBy": null,
      "http://a.ml/vocabularies/document#extension": null,
      "id": "file:///Users/abettati/sandbox/azure-rest-api-specs/specification/cosmos-db/resource-manager/Microsoft.DocumentDB/stable/2019-12-12/cosmos-db.json#/declarations/parameters/parameter/regionParameter/scalar/schema/extension/ms-parameter-location"
    }],
    "http://www.w3.org/ns/shacl#datatype": "http://www.w3.org/2001/XMLSchema#string",
    "http://www.w3.org/ns/shacl#name": "schema",
    "id": "file:///Users/abettati/sandbox/azure-rest-api-specs/specification/cosmos-db/resource-manager/Microsoft.DocumentDB/stable/2019-12-12/cosmos-db.json#/declarations/parameters/parameter/regionParameter/scalar/schema"
  },
  "id": "file:///Users/abettati/sandbox/azure-rest-api-specs/specification/cosmos-db/resource-manager/Microsoft.DocumentDB/stable/2019-12-12/cosmos-db.json#/declarations/parameters/parameter/regionParameter"
}, {
  "http://a.ml/vocabularies/apiContract#binding": "query",
  "http://a.ml/vocabularies/apiContract#paramName": "$filter",
  "http://a.ml/vocabularies/apiContract#required": "false",
  "http://a.ml/vocabularies/core#description": "An OData filter expression that describes a subset of usages to return. The supported parameter is name.value (name of the metric, can have an or of multiple names).",
  "http://a.ml/vocabularies/core#name": "usageFilterParameter",
  "http://a.ml/vocabularies/document#customDomainProperties": [{
    "http://a.ml/vocabularies/core#extensionName": "ms-parameter-location",
    "http://a.ml/vocabularies/document#definedBy": {
      "http://a.ml/vocabularies/core#name": null,
      "id": "file:///Users/abettati/sandbox/azure-rest-api-specs/specification/cosmos-db/resource-manager/Microsoft.DocumentDB/stable/2019-12-12/cosmos-db.json#/declarations/parameters/parameter/usageFilterParameter/ms-parameter-location"
    },
    "http://a.ml/vocabularies/document#extension": {
      "http://a.ml/vocabularies/core#name": null,
      "http://a.ml/vocabularies/data#value": null,
      "http://www.w3.org/ns/shacl#datatype": null,
      "id": "file:///Users/abettati/sandbox/azure-rest-api-specs/specification/cosmos-db/resource-manager/Microsoft.DocumentDB/stable/2019-12-12/cosmos-db.json#/declarations/parameters/parameter/usageFilterParameter/ms-parameter-location/scalar_1"
    },
    "id": "file:///Users/abettati/sandbox/azure-rest-api-specs/specification/cosmos-db/resource-manager/Microsoft.DocumentDB/stable/2019-12-12/cosmos-db.json#/declarations/parameters/parameter/usageFilterParameter/extension/ms-parameter-location"
  }],
  "http://a.ml/vocabularies/shapes#schema": {
    "http://a.ml/vocabularies/core#description": "An OData filter expression that describes a subset of usages to return. The supported parameter is name.value (name of the metric, can have an or of multiple names).",
    "http://a.ml/vocabularies/document#customDomainProperties": [{
      "http://a.ml/vocabularies/core#extensionName": null,
      "http://a.ml/vocabularies/document#definedBy": null,
      "http://a.ml/vocabularies/document#extension": null,
      "id": "file:///Users/abettati/sandbox/azure-rest-api-specs/specification/cosmos-db/resource-manager/Microsoft.DocumentDB/stable/2019-12-12/cosmos-db.json#/declarations/parameters/parameter/usageFilterParameter/scalar/schema/extension/ms-parameter-location"
    }],
    "http://www.w3.org/ns/shacl#datatype": "http://www.w3.org/2001/XMLSchema#string",
    "http://www.w3.org/ns/shacl#name": "schema",
    "id": "file:///Users/abettati/sandbox/azure-rest-api-specs/specification/cosmos-db/resource-manager/Microsoft.DocumentDB/stable/2019-12-12/cosmos-db.json#/declarations/parameters/parameter/usageFilterParameter/scalar/schema"
  },
  "id": "file:///Users/abettati/sandbox/azure-rest-api-specs/specification/cosmos-db/resource-manager/Microsoft.DocumentDB/stable/2019-12-12/cosmos-db.json#/declarations/parameters/parameter/usageFilterParameter"
}, {
  "http://a.ml/vocabularies/apiContract#binding": "path",
  "http://a.ml/vocabularies/apiContract#paramName": "targetRegion",
  "http://a.ml/vocabularies/apiContract#required": "true",
  "http://a.ml/vocabularies/core#description": "Target region to which data is written. Cosmos DB region, with spaces between words and each word capitalized.",
  "http://a.ml/vocabularies/core#name": "targetRegionParameter",
  "http://a.ml/vocabularies/document#customDomainProperties": [{
    "http://a.ml/vocabularies/core#extensionName": "ms-parameter-location",
    "http://a.ml/vocabularies/document#definedBy": {
      "http://a.ml/vocabularies/core#name": null,
      "id": "file:///Users/abettati/sandbox/azure-rest-api-specs/specification/cosmos-db/resource-manager/Microsoft.DocumentDB/stable/2019-12-12/cosmos-db.json#/declarations/parameters/parameter/targetRegionParameter/ms-parameter-location"
    },
    "http://a.ml/vocabularies/document#extension": {
      "http://a.ml/vocabularies/core#name": null,
      "http://a.ml/vocabularies/data#value": null,
      "http://www.w3.org/ns/shacl#datatype": null,
      "id": "file:///Users/abettati/sandbox/azure-rest-api-specs/specification/cosmos-db/resource-manager/Microsoft.DocumentDB/stable/2019-12-12/cosmos-db.json#/declarations/parameters/parameter/targetRegionParameter/ms-parameter-location/scalar_1"
    },
    "id": "file:///Users/abettati/sandbox/azure-rest-api-specs/specification/cosmos-db/resource-manager/Microsoft.DocumentDB/stable/2019-12-12/cosmos-db.json#/declarations/parameters/parameter/targetRegionParameter/extension/ms-parameter-location"
  }],
  "http://a.ml/vocabularies/shapes#schema": {
    "http://a.ml/vocabularies/core#description": "Target region to which data is written. Cosmos DB region, with spaces between words and each word capitalized.",
    "http://a.ml/vocabularies/document#customDomainProperties": [{
      "http://a.ml/vocabularies/core#extensionName": null,
      "http://a.ml/vocabularies/document#definedBy": null,
      "http://a.ml/vocabularies/document#extension": null,
      "id": "file:///Users/abettati/sandbox/azure-rest-api-specs/specification/cosmos-db/resource-manager/Microsoft.DocumentDB/stable/2019-12-12/cosmos-db.json#/declarations/parameters/parameter/targetRegionParameter/scalar/schema/extension/ms-parameter-location"
    }],
    "http://www.w3.org/ns/shacl#datatype": "http://www.w3.org/2001/XMLSchema#string",
    "http://www.w3.org/ns/shacl#name": "schema",
    "id": "file:///Users/abettati/sandbox/azure-rest-api-specs/specification/cosmos-db/resource-manager/Microsoft.DocumentDB/stable/2019-12-12/cosmos-db.json#/declarations/parameters/parameter/targetRegionParameter/scalar/schema"
  },
  "id": "file:///Users/abettati/sandbox/azure-rest-api-specs/specification/cosmos-db/resource-manager/Microsoft.DocumentDB/stable/2019-12-12/cosmos-db.json#/declarations/parameters/parameter/targetRegionParameter"
}, {
  "http://a.ml/vocabularies/apiContract#binding": "path",
  "http://a.ml/vocabularies/apiContract#paramName": "databaseName",
  "http://a.ml/vocabularies/apiContract#required": "true",
  "http://a.ml/vocabularies/core#description": "Cosmos DB database name.",
  "http://a.ml/vocabularies/core#name": "databaseNameParameter",
  "http://a.ml/vocabularies/document#customDomainProperties": [{
    "http://a.ml/vocabularies/core#extensionName": "ms-parameter-location",
    "http://a.ml/vocabularies/document#definedBy": {
      "http://a.ml/vocabularies/core#name": null,
      "id": "file:///Users/abettati/sandbox/azure-rest-api-specs/specification/cosmos-db/resource-manager/Microsoft.DocumentDB/stable/2019-12-12/cosmos-db.json#/declarations/parameters/parameter/databaseNameParameter/ms-parameter-location"
    },
    "http://a.ml/vocabularies/document#extension": {
      "http://a.ml/vocabularies/core#name": null,
      "http://a.ml/vocabularies/data#value": null,
      "http://www.w3.org/ns/shacl#datatype": null,
      "id": "file:///Users/abettati/sandbox/azure-rest-api-specs/specification/cosmos-db/resource-manager/Microsoft.DocumentDB/stable/2019-12-12/cosmos-db.json#/declarations/parameters/parameter/databaseNameParameter/ms-parameter-location/scalar_1"
    },
    "id": "file:///Users/abettati/sandbox/azure-rest-api-specs/specification/cosmos-db/resource-manager/Microsoft.DocumentDB/stable/2019-12-12/cosmos-db.json#/declarations/parameters/parameter/databaseNameParameter/extension/ms-parameter-location"
  }],
  "http://a.ml/vocabularies/shapes#schema": {
    "http://a.ml/vocabularies/core#description": "Cosmos DB database name.",
    "http://a.ml/vocabularies/document#customDomainProperties": [{
      "http://a.ml/vocabularies/core#extensionName": null,
      "http://a.ml/vocabularies/document#definedBy": null,
      "http://a.ml/vocabularies/document#extension": null,
      "id": "file:///Users/abettati/sandbox/azure-rest-api-specs/specification/cosmos-db/resource-manager/Microsoft.DocumentDB/stable/2019-12-12/cosmos-db.json#/declarations/parameters/parameter/databaseNameParameter/scalar/schema/extension/ms-parameter-location"
    }],
    "http://www.w3.org/ns/shacl#datatype": "http://www.w3.org/2001/XMLSchema#string",
    "http://www.w3.org/ns/shacl#name": "schema",
    "id": "file:///Users/abettati/sandbox/azure-rest-api-specs/specification/cosmos-db/resource-manager/Microsoft.DocumentDB/stable/2019-12-12/cosmos-db.json#/declarations/parameters/parameter/databaseNameParameter/scalar/schema"
  },
  "id": "file:///Users/abettati/sandbox/azure-rest-api-specs/specification/cosmos-db/resource-manager/Microsoft.DocumentDB/stable/2019-12-12/cosmos-db.json#/declarations/parameters/parameter/databaseNameParameter"
}, {
  "http://a.ml/vocabularies/apiContract#binding": "path",
  "http://a.ml/vocabularies/apiContract#paramName": "containerName",
  "http://a.ml/vocabularies/apiContract#required": "true",
  "http://a.ml/vocabularies/core#description": "Cosmos DB container name.",
  "http://a.ml/vocabularies/core#name": "containerNameParameter",
  "http://a.ml/vocabularies/document#customDomainProperties": [{
    "http://a.ml/vocabularies/core#extensionName": "ms-parameter-location",
    "http://a.ml/vocabularies/document#definedBy": {
      "http://a.ml/vocabularies/core#name": null,
      "id": "file:///Users/abettati/sandbox/azure-rest-api-specs/specification/cosmos-db/resource-manager/Microsoft.DocumentDB/stable/2019-12-12/cosmos-db.json#/declarations/parameters/parameter/containerNameParameter/ms-parameter-location"
    },
    "http://a.ml/vocabularies/document#extension": {
      "http://a.ml/vocabularies/core#name": null,
      "http://a.ml/vocabularies/data#value": null,
      "http://www.w3.org/ns/shacl#datatype": null,
      "id": "file:///Users/abettati/sandbox/azure-rest-api-specs/specification/cosmos-db/resource-manager/Microsoft.DocumentDB/stable/2019-12-12/cosmos-db.json#/declarations/parameters/parameter/containerNameParameter/ms-parameter-location/scalar_1"
    },
    "id": "file:///Users/abettati/sandbox/azure-rest-api-specs/specification/cosmos-db/resource-manager/Microsoft.DocumentDB/stable/2019-12-12/cosmos-db.json#/declarations/parameters/parameter/containerNameParameter/extension/ms-parameter-location"
  }],
  "http://a.ml/vocabularies/shapes#schema": {
    "http://a.ml/vocabularies/core#description": "Cosmos DB container name.",
    "http://a.ml/vocabularies/document#customDomainProperties": [{
      "http://a.ml/vocabularies/core#extensionName": null,
      "http://a.ml/vocabularies/document#definedBy": null,
      "http://a.ml/vocabularies/document#extension": null,
      "id": "file:///Users/abettati/sandbox/azure-rest-api-specs/specification/cosmos-db/resource-manager/Microsoft.DocumentDB/stable/2019-12-12/cosmos-db.json#/declarations/parameters/parameter/containerNameParameter/scalar/schema/extension/ms-parameter-location"
    }],
    "http://www.w3.org/ns/shacl#datatype": "http://www.w3.org/2001/XMLSchema#string",
    "http://www.w3.org/ns/shacl#name": "schema",
    "id": "file:///Users/abettati/sandbox/azure-rest-api-specs/specification/cosmos-db/resource-manager/Microsoft.DocumentDB/stable/2019-12-12/cosmos-db.json#/declarations/parameters/parameter/containerNameParameter/scalar/schema"
  },
  "id": "file:///Users/abettati/sandbox/azure-rest-api-specs/specification/cosmos-db/resource-manager/Microsoft.DocumentDB/stable/2019-12-12/cosmos-db.json#/declarations/parameters/parameter/containerNameParameter"
}, {
  "http://a.ml/vocabularies/apiContract#binding": "path",
  "http://a.ml/vocabularies/apiContract#paramName": "accountName",
  "http://a.ml/vocabularies/apiContract#required": "true",
  "http://a.ml/vocabularies/core#description": "Cosmos DB database account name.",
  "http://a.ml/vocabularies/core#name": "accountNameParameter",
  "http://a.ml/vocabularies/document#customDomainProperties": [{
    "http://a.ml/vocabularies/core#extensionName": "ms-parameter-location",
    "http://a.ml/vocabularies/document#definedBy": {
      "http://a.ml/vocabularies/core#name": null,
      "id": "file:///Users/abettati/sandbox/azure-rest-api-specs/specification/cosmos-db/resource-manager/Microsoft.DocumentDB/stable/2019-12-12/cosmos-db.json#/declarations/parameters/parameter/accountNameParameter/ms-parameter-location"
    },
    "http://a.ml/vocabularies/document#extension": {
      "http://a.ml/vocabularies/core#name": null,
      "http://a.ml/vocabularies/data#value": null,
      "http://www.w3.org/ns/shacl#datatype": null,
      "id": "file:///Users/abettati/sandbox/azure-rest-api-specs/specification/cosmos-db/resource-manager/Microsoft.DocumentDB/stable/2019-12-12/cosmos-db.json#/declarations/parameters/parameter/accountNameParameter/ms-parameter-location/scalar_1"
    },
    "id": "file:///Users/abettati/sandbox/azure-rest-api-specs/specification/cosmos-db/resource-manager/Microsoft.DocumentDB/stable/2019-12-12/cosmos-db.json#/declarations/parameters/parameter/accountNameParameter/extension/ms-parameter-location"
  }],
  "http://a.ml/vocabularies/shapes#schema": {
    "http://a.ml/vocabularies/core#description": "Cosmos DB database account name.",
    "http://a.ml/vocabularies/document#customDomainProperties": [{
      "http://a.ml/vocabularies/core#extensionName": null,
      "http://a.ml/vocabularies/document#definedBy": null,
      "http://a.ml/vocabularies/document#extension": null,
      "id": "file:///Users/abettati/sandbox/azure-rest-api-specs/specification/cosmos-db/resource-manager/Microsoft.DocumentDB/stable/2019-12-12/cosmos-db.json#/declarations/parameters/parameter/accountNameParameter/scalar/schema/extension/ms-parameter-location"
    }],
    "http://www.w3.org/ns/shacl#datatype": "http://www.w3.org/2001/XMLSchema#string",
    "http://www.w3.org/ns/shacl#maxLength": "50",
    "http://www.w3.org/ns/shacl#minLength": "3",
    "http://www.w3.org/ns/shacl#name": "schema",
    "http://www.w3.org/ns/shacl#pattern": "^[a-z0-9]+(-[a-z0-9]+)*",
    "id": "file:///Users/abettati/sandbox/azure-rest-api-specs/specification/cosmos-db/resource-manager/Microsoft.DocumentDB/stable/2019-12-12/cosmos-db.json#/declarations/parameters/parameter/accountNameParameter/scalar/schema"
  },
  "id": "file:///Users/abettati/sandbox/azure-rest-api-specs/specification/cosmos-db/resource-manager/Microsoft.DocumentDB/stable/2019-12-12/cosmos-db.json#/declarations/parameters/parameter/accountNameParameter"
}, {
  "http://a.ml/vocabularies/apiContract#binding": "query",
  "http://a.ml/vocabularies/apiContract#paramName": "api-version",
  "http://a.ml/vocabularies/apiContract#required": "true",
  "http://a.ml/vocabularies/core#description": "Version of the API to be used with the client request. The current version is 2019-08-01.",
  "http://a.ml/vocabularies/core#name": "apiVersionParameter",
  "http://a.ml/vocabularies/shapes#schema": {
    "http://a.ml/vocabularies/core#description": "Version of the API to be used with the client request. The current version is 2019-08-01.",
    "http://www.w3.org/ns/shacl#datatype": "http://www.w3.org/2001/XMLSchema#string",
    "http://www.w3.org/ns/shacl#name": "schema",
    "id": "file:///Users/abettati/sandbox/azure-rest-api-specs/specification/cosmos-db/resource-manager/Microsoft.DocumentDB/stable/2019-12-12/cosmos-db.json#/declarations/parameters/parameter/apiVersionParameter/scalar/schema"
  },
  "id": "file:///Users/abettati/sandbox/azure-rest-api-specs/specification/cosmos-db/resource-manager/Microsoft.DocumentDB/stable/2019-12-12/cosmos-db.json#/declarations/parameters/parameter/apiVersionParameter"
}, {
  "http://a.ml/vocabularies/apiContract#binding": "path",
  "http://a.ml/vocabularies/apiContract#paramName": "databaseRid",
  "http://a.ml/vocabularies/apiContract#required": "true",
  "http://a.ml/vocabularies/core#description": "Cosmos DB database rid.",
  "http://a.ml/vocabularies/core#name": "databaseRidParameter",
  "http://a.ml/vocabularies/document#customDomainProperties": [{
    "http://a.ml/vocabularies/core#extensionName": "ms-parameter-location",
    "http://a.ml/vocabularies/document#definedBy": {
      "http://a.ml/vocabularies/core#name": null,
      "id": "file:///Users/abettati/sandbox/azure-rest-api-specs/specification/cosmos-db/resource-manager/Microsoft.DocumentDB/stable/2019-12-12/cosmos-db.json#/declarations/parameters/parameter/databaseRidParameter/ms-parameter-location"
    },
    "http://a.ml/vocabularies/document#extension": {
      "http://a.ml/vocabularies/core#name": null,
      "http://a.ml/vocabularies/data#value": null,
      "http://www.w3.org/ns/shacl#datatype": null,
      "id": "file:///Users/abettati/sandbox/azure-rest-api-specs/specification/cosmos-db/resource-manager/Microsoft.DocumentDB/stable/2019-12-12/cosmos-db.json#/declarations/parameters/parameter/databaseRidParameter/ms-parameter-location/scalar_1"
    },
    "id": "file:///Users/abettati/sandbox/azure-rest-api-specs/specification/cosmos-db/resource-manager/Microsoft.DocumentDB/stable/2019-12-12/cosmos-db.json#/declarations/parameters/parameter/databaseRidParameter/extension/ms-parameter-location"
  }],
  "http://a.ml/vocabularies/shapes#schema": {
    "http://a.ml/vocabularies/core#description": "Cosmos DB database rid.",
    "http://a.ml/vocabularies/document#customDomainProperties": [{
      "http://a.ml/vocabularies/core#extensionName": null,
      "http://a.ml/vocabularies/document#definedBy": null,
      "http://a.ml/vocabularies/document#extension": null,
      "id": "file:///Users/abettati/sandbox/azure-rest-api-specs/specification/cosmos-db/resource-manager/Microsoft.DocumentDB/stable/2019-12-12/cosmos-db.json#/declarations/parameters/parameter/databaseRidParameter/scalar/schema/extension/ms-parameter-location"
    }],
    "http://www.w3.org/ns/shacl#datatype": "http://www.w3.org/2001/XMLSchema#string",
    "http://www.w3.org/ns/shacl#name": "schema",
    "id": "file:///Users/abettati/sandbox/azure-rest-api-specs/specification/cosmos-db/resource-manager/Microsoft.DocumentDB/stable/2019-12-12/cosmos-db.json#/declarations/parameters/parameter/databaseRidParameter/scalar/schema"
  },
  "id": "file:///Users/abettati/sandbox/azure-rest-api-specs/specification/cosmos-db/resource-manager/Microsoft.DocumentDB/stable/2019-12-12/cosmos-db.json#/declarations/parameters/parameter/databaseRidParameter"
}, {
  "http://a.ml/vocabularies/apiContract#binding": "path",
  "http://a.ml/vocabularies/apiContract#paramName": "partitionKeyRangeId",
  "http://a.ml/vocabularies/apiContract#required": "true",
  "http://a.ml/vocabularies/core#description": "Partition Key Range Id for which to get data.",
  "http://a.ml/vocabularies/core#name": "partitionKeyRangeIdParameter",
  "http://a.ml/vocabularies/document#customDomainProperties": [{
    "http://a.ml/vocabularies/core#extensionName": "ms-parameter-location",
    "http://a.ml/vocabularies/document#definedBy": {
      "http://a.ml/vocabularies/core#name": null,
      "id": "file:///Users/abettati/sandbox/azure-rest-api-specs/specification/cosmos-db/resource-manager/Microsoft.DocumentDB/stable/2019-12-12/cosmos-db.json#/declarations/parameters/parameter/partitionKeyRangeIdParameter/ms-parameter-location"
    },
    "http://a.ml/vocabularies/document#extension": {
      "http://a.ml/vocabularies/core#name": null,
      "http://a.ml/vocabularies/data#value": null,
      "http://www.w3.org/ns/shacl#datatype": null,
      "id": "file:///Users/abettati/sandbox/azure-rest-api-specs/specification/cosmos-db/resource-manager/Microsoft.DocumentDB/stable/2019-12-12/cosmos-db.json#/declarations/parameters/parameter/partitionKeyRangeIdParameter/ms-parameter-location/scalar_1"
    },
    "id": "file:///Users/abettati/sandbox/azure-rest-api-specs/specification/cosmos-db/resource-manager/Microsoft.DocumentDB/stable/2019-12-12/cosmos-db.json#/declarations/parameters/parameter/partitionKeyRangeIdParameter/extension/ms-parameter-location"
  }],
  "http://a.ml/vocabularies/shapes#schema": {
    "http://a.ml/vocabularies/core#description": "Partition Key Range Id for which to get data.",
    "http://a.ml/vocabularies/document#customDomainProperties": [{
      "http://a.ml/vocabularies/core#extensionName": null,
      "http://a.ml/vocabularies/document#definedBy": null,
      "http://a.ml/vocabularies/document#extension": null,
      "id": "file:///Users/abettati/sandbox/azure-rest-api-specs/specification/cosmos-db/resource-manager/Microsoft.DocumentDB/stable/2019-12-12/cosmos-db.json#/declarations/parameters/parameter/partitionKeyRangeIdParameter/scalar/schema/extension/ms-parameter-location"
    }],
    "http://www.w3.org/ns/shacl#datatype": "http://www.w3.org/2001/XMLSchema#string",
    "http://www.w3.org/ns/shacl#name": "schema",
    "id": "file:///Users/abettati/sandbox/azure-rest-api-specs/specification/cosmos-db/resource-manager/Microsoft.DocumentDB/stable/2019-12-12/cosmos-db.json#/declarations/parameters/parameter/partitionKeyRangeIdParameter/scalar/schema"
  },
  "id": "file:///Users/abettati/sandbox/azure-rest-api-specs/specification/cosmos-db/resource-manager/Microsoft.DocumentDB/stable/2019-12-12/cosmos-db.json#/declarations/parameters/parameter/partitionKeyRangeIdParameter"
}, {
  "http://a.ml/vocabularies/apiContract#binding": "path",
  "http://a.ml/vocabularies/apiContract#paramName": "graphName",
  "http://a.ml/vocabularies/apiContract#required": "true",
  "http://a.ml/vocabularies/core#description": "Cosmos DB graph name.",
  "http://a.ml/vocabularies/core#name": "graphNameParameter",
  "http://a.ml/vocabularies/document#customDomainProperties": [{
    "http://a.ml/vocabularies/core#extensionName": "ms-parameter-location",
    "http://a.ml/vocabularies/document#definedBy": {
      "http://a.ml/vocabularies/core#name": null,
      "id": "file:///Users/abettati/sandbox/azure-rest-api-specs/specification/cosmos-db/resource-manager/Microsoft.DocumentDB/stable/2019-12-12/cosmos-db.json#/declarations/parameters/parameter/graphNameParameter/ms-parameter-location"
    },
    "http://a.ml/vocabularies/document#extension": {
      "http://a.ml/vocabularies/core#name": null,
      "http://a.ml/vocabularies/data#value": null,
      "http://www.w3.org/ns/shacl#datatype": null,
      "id": "file:///Users/abettati/sandbox/azure-rest-api-specs/specification/cosmos-db/resource-manager/Microsoft.DocumentDB/stable/2019-12-12/cosmos-db.json#/declarations/parameters/parameter/graphNameParameter/ms-parameter-location/scalar_1"
    },
    "id": "file:///Users/abettati/sandbox/azure-rest-api-specs/specification/cosmos-db/resource-manager/Microsoft.DocumentDB/stable/2019-12-12/cosmos-db.json#/declarations/parameters/parameter/graphNameParameter/extension/ms-parameter-location"
  }],
  "http://a.ml/vocabularies/shapes#schema": {
    "http://a.ml/vocabularies/core#description": "Cosmos DB graph name.",
    "http://a.ml/vocabularies/document#customDomainProperties": [{
      "http://a.ml/vocabularies/core#extensionName": null,
      "http://a.ml/vocabularies/document#definedBy": null,
      "http://a.ml/vocabularies/document#extension": null,
      "id": "file:///Users/abettati/sandbox/azure-rest-api-specs/specification/cosmos-db/resource-manager/Microsoft.DocumentDB/stable/2019-12-12/cosmos-db.json#/declarations/parameters/parameter/graphNameParameter/scalar/schema/extension/ms-parameter-location"
    }],
    "http://www.w3.org/ns/shacl#datatype": "http://www.w3.org/2001/XMLSchema#string",
    "http://www.w3.org/ns/shacl#name": "schema",
    "id": "file:///Users/abettati/sandbox/azure-rest-api-specs/specification/cosmos-db/resource-manager/Microsoft.DocumentDB/stable/2019-12-12/cosmos-db.json#/declarations/parameters/parameter/graphNameParameter/scalar/schema"
  },
  "id": "file:///Users/abettati/sandbox/azure-rest-api-specs/specification/cosmos-db/resource-manager/Microsoft.DocumentDB/stable/2019-12-12/cosmos-db.json#/declarations/parameters/parameter/graphNameParameter"
}, {
  "http://a.ml/vocabularies/apiContract#binding": "path",
  "http://a.ml/vocabularies/apiContract#paramName": "triggerName",
  "http://a.ml/vocabularies/apiContract#required": "true",
  "http://a.ml/vocabularies/core#description": "Cosmos DB trigger name.",
  "http://a.ml/vocabularies/core#name": "triggerNameParameter",
  "http://a.ml/vocabularies/document#customDomainProperties": [{
    "http://a.ml/vocabularies/core#extensionName": "ms-parameter-location",
    "http://a.ml/vocabularies/document#definedBy": {
      "http://a.ml/vocabularies/core#name": null,
      "id": "file:///Users/abettati/sandbox/azure-rest-api-specs/specification/cosmos-db/resource-manager/Microsoft.DocumentDB/stable/2019-12-12/cosmos-db.json#/declarations/parameters/parameter/triggerNameParameter/ms-parameter-location"
    },
    "http://a.ml/vocabularies/document#extension": {
      "http://a.ml/vocabularies/core#name": null,
      "http://a.ml/vocabularies/data#value": null,
      "http://www.w3.org/ns/shacl#datatype": null,
      "id": "file:///Users/abettati/sandbox/azure-rest-api-specs/specification/cosmos-db/resource-manager/Microsoft.DocumentDB/stable/2019-12-12/cosmos-db.json#/declarations/parameters/parameter/triggerNameParameter/ms-parameter-location/scalar_1"
    },
    "id": "file:///Users/abettati/sandbox/azure-rest-api-specs/specification/cosmos-db/resource-manager/Microsoft.DocumentDB/stable/2019-12-12/cosmos-db.json#/declarations/parameters/parameter/triggerNameParameter/extension/ms-parameter-location"
  }],
  "http://a.ml/vocabularies/shapes#schema": {
    "http://a.ml/vocabularies/core#description": "Cosmos DB trigger name.",
    "http://a.ml/vocabularies/document#customDomainProperties": [{
      "http://a.ml/vocabularies/core#extensionName": null,
      "http://a.ml/vocabularies/document#definedBy": null,
      "http://a.ml/vocabularies/document#extension": null,
      "id": "file:///Users/abettati/sandbox/azure-rest-api-specs/specification/cosmos-db/resource-manager/Microsoft.DocumentDB/stable/2019-12-12/cosmos-db.json#/declarations/parameters/parameter/triggerNameParameter/scalar/schema/extension/ms-parameter-location"
    }],
    "http://www.w3.org/ns/shacl#datatype": "http://www.w3.org/2001/XMLSchema#string",
    "http://www.w3.org/ns/shacl#name": "schema",
    "id": "file:///Users/abettati/sandbox/azure-rest-api-specs/specification/cosmos-db/resource-manager/Microsoft.DocumentDB/stable/2019-12-12/cosmos-db.json#/declarations/parameters/parameter/triggerNameParameter/scalar/schema"
  },
  "id": "file:///Users/abettati/sandbox/azure-rest-api-specs/specification/cosmos-db/resource-manager/Microsoft.DocumentDB/stable/2019-12-12/cosmos-db.json#/declarations/parameters/parameter/triggerNameParameter"
}, {
  "http://a.ml/vocabularies/apiContract#binding": "path",
  "http://a.ml/vocabularies/apiContract#paramName": "sourceRegion",
  "http://a.ml/vocabularies/apiContract#required": "true",
  "http://a.ml/vocabularies/core#description": "Source region from which data is written. Cosmos DB region, with spaces between words and each word capitalized.",
  "http://a.ml/vocabularies/core#name": "sourceRegionParameter",
  "http://a.ml/vocabularies/document#customDomainProperties": [{
    "http://a.ml/vocabularies/core#extensionName": "ms-parameter-location",
    "http://a.ml/vocabularies/document#definedBy": {
      "http://a.ml/vocabularies/core#name": null,
      "id": "file:///Users/abettati/sandbox/azure-rest-api-specs/specification/cosmos-db/resource-manager/Microsoft.DocumentDB/stable/2019-12-12/cosmos-db.json#/declarations/parameters/parameter/sourceRegionParameter/ms-parameter-location"
    },
    "http://a.ml/vocabularies/document#extension": {
      "http://a.ml/vocabularies/core#name": null,
      "http://a.ml/vocabularies/data#value": null,
      "http://www.w3.org/ns/shacl#datatype": null,
      "id": "file:///Users/abettati/sandbox/azure-rest-api-specs/specification/cosmos-db/resource-manager/Microsoft.DocumentDB/stable/2019-12-12/cosmos-db.json#/declarations/parameters/parameter/sourceRegionParameter/ms-parameter-location/scalar_1"
    },
    "id": "file:///Users/abettati/sandbox/azure-rest-api-specs/specification/cosmos-db/resource-manager/Microsoft.DocumentDB/stable/2019-12-12/cosmos-db.json#/declarations/parameters/parameter/sourceRegionParameter/extension/ms-parameter-location"
  }],
  "http://a.ml/vocabularies/shapes#schema": {
    "http://a.ml/vocabularies/core#description": "Source region from which data is written. Cosmos DB region, with spaces between words and each word capitalized.",
    "http://a.ml/vocabularies/document#customDomainProperties": [{
      "http://a.ml/vocabularies/core#extensionName": null,
      "http://a.ml/vocabularies/document#definedBy": null,
      "http://a.ml/vocabularies/document#extension": null,
      "id": "file:///Users/abettati/sandbox/azure-rest-api-specs/specification/cosmos-db/resource-manager/Microsoft.DocumentDB/stable/2019-12-12/cosmos-db.json#/declarations/parameters/parameter/sourceRegionParameter/scalar/schema/extension/ms-parameter-location"
    }],
    "http://www.w3.org/ns/shacl#datatype": "http://www.w3.org/2001/XMLSchema#string",
    "http://www.w3.org/ns/shacl#name": "schema",
    "id": "file:///Users/abettati/sandbox/azure-rest-api-specs/specification/cosmos-db/resource-manager/Microsoft.DocumentDB/stable/2019-12-12/cosmos-db.json#/declarations/parameters/parameter/sourceRegionParameter/scalar/schema"
  },
  "id": "file:///Users/abettati/sandbox/azure-rest-api-specs/specification/cosmos-db/resource-manager/Microsoft.DocumentDB/stable/2019-12-12/cosmos-db.json#/declarations/parameters/parameter/sourceRegionParameter"
}, {
  "http://a.ml/vocabularies/apiContract#binding": "path",
  "http://a.ml/vocabularies/apiContract#paramName": "collectionName",
  "http://a.ml/vocabularies/apiContract#required": "true",
  "http://a.ml/vocabularies/core#description": "Cosmos DB collection name.",
  "http://a.ml/vocabularies/core#name": "collectionNameParameter",
  "http://a.ml/vocabularies/document#customDomainProperties": [{
    "http://a.ml/vocabularies/core#extensionName": "ms-parameter-location",
    "http://a.ml/vocabularies/document#definedBy": {
      "http://a.ml/vocabularies/core#name": null,
      "id": "file:///Users/abettati/sandbox/azure-rest-api-specs/specification/cosmos-db/resource-manager/Microsoft.DocumentDB/stable/2019-12-12/cosmos-db.json#/declarations/parameters/parameter/collectionNameParameter/ms-parameter-location"
    },
    "http://a.ml/vocabularies/document#extension": {
      "http://a.ml/vocabularies/core#name": null,
      "http://a.ml/vocabularies/data#value": null,
      "http://www.w3.org/ns/shacl#datatype": null,
      "id": "file:///Users/abettati/sandbox/azure-rest-api-specs/specification/cosmos-db/resource-manager/Microsoft.DocumentDB/stable/2019-12-12/cosmos-db.json#/declarations/parameters/parameter/collectionNameParameter/ms-parameter-location/scalar_1"
    },
    "id": "file:///Users/abettati/sandbox/azure-rest-api-specs/specification/cosmos-db/resource-manager/Microsoft.DocumentDB/stable/2019-12-12/cosmos-db.json#/declarations/parameters/parameter/collectionNameParameter/extension/ms-parameter-location"
  }],
  "http://a.ml/vocabularies/shapes#schema": {
    "http://a.ml/vocabularies/core#description": "Cosmos DB collection name.",
    "http://a.ml/vocabularies/document#customDomainProperties": [{
      "http://a.ml/vocabularies/core#extensionName": null,
      "http://a.ml/vocabularies/document#definedBy": null,
      "http://a.ml/vocabularies/document#extension": null,
      "id": "file:///Users/abettati/sandbox/azure-rest-api-specs/specification/cosmos-db/resource-manager/Microsoft.DocumentDB/stable/2019-12-12/cosmos-db.json#/declarations/parameters/parameter/collectionNameParameter/scalar/schema/extension/ms-parameter-location"
    }],
    "http://www.w3.org/ns/shacl#datatype": "http://www.w3.org/2001/XMLSchema#string",
    "http://www.w3.org/ns/shacl#name": "schema",
    "id": "file:///Users/abettati/sandbox/azure-rest-api-specs/specification/cosmos-db/resource-manager/Microsoft.DocumentDB/stable/2019-12-12/cosmos-db.json#/declarations/parameters/parameter/collectionNameParameter/scalar/schema"
  },
  "id": "file:///Users/abettati/sandbox/azure-rest-api-specs/specification/cosmos-db/resource-manager/Microsoft.DocumentDB/stable/2019-12-12/cosmos-db.json#/declarations/parameters/parameter/collectionNameParameter"
}, {
  "http://a.ml/vocabularies/apiContract#binding": "path",
  "http://a.ml/vocabularies/apiContract#paramName": "collectionRid",
  "http://a.ml/vocabularies/apiContract#required": "true",
  "http://a.ml/vocabularies/core#description": "Cosmos DB collection rid.",
  "http://a.ml/vocabularies/core#name": "collectionRidParameter",
  "http://a.ml/vocabularies/document#customDomainProperties": [{
    "http://a.ml/vocabularies/core#extensionName": "ms-parameter-location",
    "http://a.ml/vocabularies/document#definedBy": {
      "http://a.ml/vocabularies/core#name": null,
      "id": "file:///Users/abettati/sandbox/azure-rest-api-specs/specification/cosmos-db/resource-manager/Microsoft.DocumentDB/stable/2019-12-12/cosmos-db.json#/declarations/parameters/parameter/collectionRidParameter/ms-parameter-location"
    },
    "http://a.ml/vocabularies/document#extension": {
      "http://a.ml/vocabularies/core#name": null,
      "http://a.ml/vocabularies/data#value": null,
      "http://www.w3.org/ns/shacl#datatype": null,
      "id": "file:///Users/abettati/sandbox/azure-rest-api-specs/specification/cosmos-db/resource-manager/Microsoft.DocumentDB/stable/2019-12-12/cosmos-db.json#/declarations/parameters/parameter/collectionRidParameter/ms-parameter-location/scalar_1"
    },
    "id": "file:///Users/abettati/sandbox/azure-rest-api-specs/specification/cosmos-db/resource-manager/Microsoft.DocumentDB/stable/2019-12-12/cosmos-db.json#/declarations/parameters/parameter/collectionRidParameter/extension/ms-parameter-location"
  }],
  "http://a.ml/vocabularies/shapes#schema": {
    "http://a.ml/vocabularies/core#description": "Cosmos DB collection rid.",
    "http://a.ml/vocabularies/document#customDomainProperties": [{
      "http://a.ml/vocabularies/core#extensionName": null,
      "http://a.ml/vocabularies/document#definedBy": null,
      "http://a.ml/vocabularies/document#extension": null,
      "id": "file:///Users/abettati/sandbox/azure-rest-api-specs/specification/cosmos-db/resource-manager/Microsoft.DocumentDB/stable/2019-12-12/cosmos-db.json#/declarations/parameters/parameter/collectionRidParameter/scalar/schema/extension/ms-parameter-location"
    }],
    "http://www.w3.org/ns/shacl#datatype": "http://www.w3.org/2001/XMLSchema#string",
    "http://www.w3.org/ns/shacl#name": "schema",
    "id": "file:///Users/abettati/sandbox/azure-rest-api-specs/specification/cosmos-db/resource-manager/Microsoft.DocumentDB/stable/2019-12-12/cosmos-db.json#/declarations/parameters/parameter/collectionRidParameter/scalar/schema"
  },
  "id": "file:///Users/abettati/sandbox/azure-rest-api-specs/specification/cosmos-db/resource-manager/Microsoft.DocumentDB/stable/2019-12-12/cosmos-db.json#/declarations/parameters/parameter/collectionRidParameter"
}, {
  "http://a.ml/vocabularies/apiContract#binding": "path",
  "http://a.ml/vocabularies/apiContract#paramName": "resourceGroupName",
  "http://a.ml/vocabularies/apiContract#required": "true",
  "http://a.ml/vocabularies/core#description": "Name of an Azure resource group.",
  "http://a.ml/vocabularies/core#name": "resourceGroupNameParameter",
  "http://a.ml/vocabularies/document#customDomainProperties": [{
    "http://a.ml/vocabularies/core#extensionName": "ms-parameter-location",
    "http://a.ml/vocabularies/document#definedBy": {
      "http://a.ml/vocabularies/core#name": null,
      "id": "file:///Users/abettati/sandbox/azure-rest-api-specs/specification/cosmos-db/resource-manager/Microsoft.DocumentDB/stable/2019-12-12/cosmos-db.json#/declarations/parameters/parameter/resourceGroupNameParameter/ms-parameter-location"
    },
    "http://a.ml/vocabularies/document#extension": {
      "http://a.ml/vocabularies/core#name": null,
      "http://a.ml/vocabularies/data#value": null,
      "http://www.w3.org/ns/shacl#datatype": null,
      "id": "file:///Users/abettati/sandbox/azure-rest-api-specs/specification/cosmos-db/resource-manager/Microsoft.DocumentDB/stable/2019-12-12/cosmos-db.json#/declarations/parameters/parameter/resourceGroupNameParameter/ms-parameter-location/scalar_1"
    },
    "id": "file:///Users/abettati/sandbox/azure-rest-api-specs/specification/cosmos-db/resource-manager/Microsoft.DocumentDB/stable/2019-12-12/cosmos-db.json#/declarations/parameters/parameter/resourceGroupNameParameter/extension/ms-parameter-location"
  }],
  "http://a.ml/vocabularies/shapes#schema": {
    "http://a.ml/vocabularies/core#description": "Name of an Azure resource group.",
    "http://a.ml/vocabularies/document#customDomainProperties": [{
      "http://a.ml/vocabularies/core#extensionName": null,
      "http://a.ml/vocabularies/document#definedBy": null,
      "http://a.ml/vocabularies/document#extension": null,
      "id": "file:///Users/abettati/sandbox/azure-rest-api-specs/specification/cosmos-db/resource-manager/Microsoft.DocumentDB/stable/2019-12-12/cosmos-db.json#/declarations/parameters/parameter/resourceGroupNameParameter/scalar/schema/extension/ms-parameter-location"
    }],
    "http://www.w3.org/ns/shacl#datatype": "http://www.w3.org/2001/XMLSchema#string",
    "http://www.w3.org/ns/shacl#maxLength": "90",
    "http://www.w3.org/ns/shacl#minLength": "1",
    "http://www.w3.org/ns/shacl#name": "schema",
    "http://www.w3.org/ns/shacl#pattern": "^[-\\w\\._\\(\\)]+$",
    "id": "file:///Users/abettati/sandbox/azure-rest-api-specs/specification/cosmos-db/resource-manager/Microsoft.DocumentDB/stable/2019-12-12/cosmos-db.json#/declarations/parameters/parameter/resourceGroupNameParameter/scalar/schema"
  },
  "id": "file:///Users/abettati/sandbox/azure-rest-api-specs/specification/cosmos-db/resource-manager/Microsoft.DocumentDB/stable/2019-12-12/cosmos-db.json#/declarations/parameters/parameter/resourceGroupNameParameter"
}]